Date,holding,strategy_wealth,spy_wealth,switched,strategy_return,spy_return,strategy_drawdown,spy_drawdown
2002-08-01,XLP/IEF,0.99908016,0.97689262,False,,,0.00000000,0.00000000
2002-08-02,XLP/IEF,1.00201159,0.95499579,False,0.00293412,-0.02241478,0.00000000,-0.02241478
2002-08-05,XLP/IEF,0.99771818,0.92176480,False,-0.00428479,-0.03479700,-0.00428479,-0.05643181
2002-08-06,XLP/IEF,0.99407275,0.95279495,False,-0.00365376,0.03366384,-0.00792290,-0.02466768
2002-08-07,XLP/IEF,1.00696214,0.96941038,False,0.01296624,0.01743862,0.00000000,-0.00765923
2002-08-08,XLP/IEF,1.01675680,1.00077033,False,0.00972694,0.03234952,0.00000000,0.00000000
2002-08-09,XLP/IEF,1.02286806,1.00451175,False,0.00601054,0.00373853,0.00000000,0.00000000
2002-08-12,XLP/IEF,1.02224756,0.99713949,False,-0.00060663,-0.00733915,-0.00060663,-0.00733915
2002-08-13,XLP/IEF,1.02135371,0.97898322,False,-0.00087440,-0.01820835,-0.00148049,-0.02541386
2002-08-14,XLP/IEF,1.03657747,1.01474467,False,0.01490547,0.03652917,0.00000000,0.00000000
2002-08-15,XLP/IEF,1.02889528,1.02882932,False,-0.00741112,0.01387999,-0.00741112,0.00000000
2002-08-16,XLP/IEF,1.02320811,1.02574876,False,-0.00552745,-0.00299424,-0.01289760,-0.00299424
2002-08-19,XLP/IEF,1.02770005,1.04973606,False,0.00439005,0.02338516,-0.00856417,0.00000000
2002-08-20,XLP/IEF,1.03000411,1.03862297,False,0.00224196,-0.01058656,-0.00634141,-0.01058656
2002-08-21,XLP/IEF,1.02802607,1.05358765,False,-0.00192041,0.01440820,-0.00824965,0.00000000
2002-08-22,XLP/IEF,1.02789462,1.06382064,False,-0.00012787,0.00971252,-0.00837646,0.00000000
2002-08-23,XLP/IEF,1.02194478,1.04093295,False,-0.00578838,-0.02151462,-0.01411635,-0.02151462
2002-08-26,XLP/IEF,1.02336539,1.04819569,False,0.00139010,0.00697714,-0.01274587,-0.01468758
2002-08-27,XLP/IEF,1.02043740,1.03609193,False,-0.00286113,-0.01154723,-0.01557054,-0.02606522
2002-08-28,XLP/IEF,1.01689260,1.01342465,False,-0.00347381,-0.02187767,-0.01899025,-0.04737264
2002-08-29,XLP/IEF,1.01359646,1.01386451,False,-0.00324138,0.00043403,-0.02217008,-0.04695917
2002-08-30,XLP/IEF,1.01833702,1.00990293,False,0.00467696,-0.00390740,-0.01759681,-0.05068308
2002-09-03,XLP/IEF,1.01273112,0.97139094,False,-0.00550495,-0.03813436,-0.02300489,-0.08688467
2002-09-04,XLP/IEF,1.01662371,0.98525575,False,0.00384366,0.01427316,-0.01924965,-0.07385164
2002-09-05,XLP/IEF,1.01841747,0.97689262,False,0.00176442,-0.00848828,-0.01751920,-0.08171304
2002-09-06,XLP/IEF,1.01446998,0.99031745,False,-0.00387610,0.01374238,-0.02132739,-0.06909360
2002-09-09,XLP/IEF,1.02381149,0.99757941,False,0.00920826,0.00733296,-0.01231551,-0.06226730
2002-09-10,XLP/IEF,1.02536609,1.00902296,False,0.00151845,0.01147132,-0.01081576,-0.05151026
2002-09-11,XLP/IEF,1.02255409,1.00275096,False,-0.00274243,-0.00621592,-0.01352854,-0.05740600
2002-09-12,XLP/IEF,1.01847932,0.98426469,False,-0.00398490,-0.01843555,-0.01745952,-0.07478324
2002-09-13,XLP/IEF,1.02374622,0.98668582,False,0.00517134,0.00245984,-0.01237848,-0.07250736
2002-09-16,XLP/IEF,1.03135059,0.98910727,False,0.00742798,0.00245413,-0.00504244,-0.07023117
2002-09-17,XLP/IEF,1.01985243,0.96643980,False,-0.01114864,-0.02291710,-0.01613487,-0.09153878
2002-09-18,XLP/IEF,1.02068990,0.95675639,False,0.00082117,-0.01001967,-0.01532695,-0.10064126
2002-09-19,XLP/IEF,1.00865211,0.93199825,False,-0.01179377,-0.02587716,-0.02693996,-0.12391412
2002-09-20,XLP/IEF,1.00852119,0.93230809,False,-0.00012980,0.00033245,-0.02706627,-0.12362286
2002-09-23,XLP/IEF,1.00952374,0.92468159,False,0.00099408,-0.00818024,-0.02609909,-0.13079183
2002-09-24,XLP/IEF,1.00342268,0.90976016,False,-0.00604350,-0.01613683,-0.03198487,-0.14481810
2002-09-25,XLP/IEF,1.00333216,0.93230809,False,-0.00009021,0.02478448,-0.03207219,-0.12362286
2002-09-26,XLP/IEF,1.01406155,0.94756129,False,0.01069375,0.01636068,-0.02172141,-0.10928474
2002-09-27,XLP/IEF,1.00276692,0.91462336,False,-0.01113802,-0.03476073,-0.03261749,-0.14024665
2002-09-30,XLP/IEF,1.00075475,0.90401269,False,-0.00200661,-0.01160113,-0.03455865,-0.15022077
2002-10-01,XLP/IEF,1.01094255,0.94745079,False,0.01018012,0.04805031,-0.02473034,-0.10938861
2002-10-02,XLP/IEF,1.00984912,0.91904476,False,-0.00108160,-0.02998154,-0.02578519,-0.13609050
2002-10-03,XLP/IEF,1.00830364,0.90976016,False,-0.00153041,-0.01010244,-0.02727614,-0.14481810
2002-10-04,XLP/IEF,1.00329247,0.89306968,False,-0.00496991,-0.01834603,-0.03211048,-0.16050729
2002-10-07,XLP/IEF,1.00424615,0.87461209,False,0.00095055,-0.02066758,-0.03119045,-0.17785757
2002-10-08,XLP/IEF,1.01388158,0.88831756,False,0.00959469,0.01567034,-0.02189503,-0.16497432
2002-10-09,XLP/IEF,1.00988144,0.86322759,False,-0.00394537,-0.02824437,-0.02575401,-0.18855909
2002-10-10,XLP/IEF,1.00926206,0.89119097,False,-0.00061333,0.03239398,-0.02635154,-0.16227329
2002-10-11,XLP/IEF,1.01147102,0.93020825,False,0.00218870,0.04378106,-0.02422052,-0.12559673
2002-10-14,XLP/IEF,1.01961351,0.93540276,False,0.00805014,0.00558424,-0.01636536,-0.12071385
2002-10-15,XLP/IEF,1.01578260,0.98038754,False,-0.00375722,0.04809135,-0.02006109,-0.07842779
2002-10-16,XLP/IEF,1.00472286,0.95662391,False,-0.01088790,-0.02423902,-0.03073056,-0.10076580
2002-10-17,XLP/IEF,1.00439177,0.97563484,False,-0.00032954,0.01987294,-0.03104998,-0.08289537
2002-10-18,XLP/IEF,1.01186552,0.97972480,False,0.00744107,0.00419210,-0.02383995,-0.07905078
2002-10-21,XLP/IEF,1.02119005,0.99663492,False,0.00921518,0.01726007,-0.01484445,-0.06315513
2002-10-22,XLP/IEF,1.01165927,0.98945100,False,-0.00933301,-0.00720817,-0.02403892,-0.06990806
2002-10-23,XLP/IEF,1.01269692,0.99696752,False,0.00102569,0.00759666,-0.02303788,-0.06284247
2002-10-24,XLP/IEF,1.00720986,0.97662941,False,-0.00541827,-0.02039998,-0.02833132,-0.08196046
2002-10-25,XLP/IEF,1.01286092,0.99696752,False,0.00561061,0.02082480,-0.02287967,-0.06284247
2002-10-28,XLP/IEF,1.00187493,0.99044610,False,-0.01084649,-0.00654126,-0.03347800,-0.06897267
2002-10-29,XLP/IEF,1.01360058,0.97895116,False,0.01170370,-0.01160582,-0.02216611,-0.07977800
2002-10-30,XLP/IEF,1.01580528,0.98845676,False,0.00217512,0.00970998,-0.02003921,-0.07084266
2002-10-31,XLP/IEF,1.01356547,0.97839846,False,-0.00220495,-0.01017576,-0.02219998,-0.08029754
2002-11-01,XLP/IEF,1.01692239,0.99774057,False,0.00331198,0.01976915,-0.01896152,-0.06211580
2002-11-04,XLP/IEF,1.00374104,1.00724610,False,-0.01296200,0.00952706,-0.03167774,-0.05318052
2002-11-05,XLP/IEF,1.00731693,1.01520430,False,0.00356256,0.00790095,-0.02822803,-0.04569975
2002-11-06,XLP/IEF,1.00699472,1.02835707,False,-0.00031987,0.01295579,-0.02853887,-0.03333604
2002-11-07,XLP/IEF,1.01065581,1.00315693,False,0.00363567,-0.02450525,-0.02500697,-0.05702438
2002-11-08,XLP/IEF,1.00868822,0.99088771,False,-0.00194685,-0.01223061,-0.02690513,-0.06855755
2002-11-11,XLP/IEF,1.00850638,0.97552460,False,-0.00018027,-0.01550439,-0.02708055,-0.08299900
2002-11-12,XLP/IEF,0.99211978,0.98326134,False,-0.01624839,0.00793085,-0.04288892,-0.07572640
2002-11-13,XLP/IEF,0.99985979,0.98425637,False,0.00780149,0.00101197,-0.03542203,-0.07479106
2002-11-14,XLP/IEF,1.00014954,1.00282536,False,0.00028979,0.01886602,-0.03514250,-0.05733606
2002-11-15,XLP/IEF,1.00395563,1.01023034,False,0.00380552,0.00738412,-0.03147072,-0.05037532
2002-11-18,XLP/IEF,1.00220790,1.00006200,False,-0.00174084,-0.01006537,-0.03315678,-0.05993364
2002-11-19,XLP/IEF,1.00557973,0.99873560,False,0.00336440,-0.00132632,-0.02990393,-0.06118047
2002-11-20,XLP/IEF,1.00231463,1.02095170,False,-0.00324698,0.02224423,-0.03305381,-0.04029715
2002-11-21,XLP/IEF,0.99326163,1.03996264,False,-0.00903209,0.01862080,-0.04178736,-0.02242672
2002-11-22,XLP/IEF,0.99267222,1.03255707,False,-0.00059341,-0.00712099,-0.04235597,-0.02938801
2002-11-25,XLP/IEF,0.98869972,1.03322092,False,-0.00400183,0.00064292,-0.04618830,-0.02876398
2002-11-26,XLP/IEF,0.98997503,1.01354621,False,0.00128989,-0.01904212,-0.04495799,-0.04725838
2002-11-27,XLP/IEF,0.99116037,1.04206339,False,0.00119734,0.02813604,-0.04381448,-0.02045200
2002-11-29,XLP/IEF,0.98890880,1.03874628,False,-0.00227165,-0.00318321,-0.04598660,-0.02357010
2002-12-02,XLP/IEF,0.98481640,1.04040458,False,-0.00413829,0.00159643,-0.04993458,-0.02201129
2002-12-03,XLP/IEF,0.98770651,1.02647824,False,0.00293466,-0.01338550,-0.04714646,-0.03510217
2002-12-04,XLP/IEF,0.99680561,1.02183590,False,0.00921236,-0.00452258,-0.03836844,-0.03946599
2002-12-05,XLP/IEF,0.99325912,1.01056191,False,-0.00355786,-0.01103308,-0.04178978,-0.05006364
2002-12-06,XLP/IEF,0.99921600,1.01719364,False,0.00599731,0.00656242,-0.03604310,-0.04382976
2002-12-09,XLP/IEF,0.99964556,0.98922994,False,0.00042990,-0.02749103,-0.03562870,-0.07011587
2002-12-10,XLP/IEF,1.00586533,1.00249327,False,0.00622197,0.01340774,-0.02962841,-0.05764822
2002-12-11,XLP/IEF,1.00458236,1.00337812,False,-0.00127549,0.00088265,-0.03086611,-0.05681646
2002-12-12,XLP/IEF,1.00180411,1.00326704,False,-0.00276558,-0.00011071,-0.03354632,-0.05692088
2002-12-13,XLP/IEF,1.00020478,0.98746173,False,-0.00159645,-0.01575384,-0.03508922,-0.07177799
2002-12-16,XLP/IEF,1.00057935,1.01299344,False,0.00037450,0.02585590,-0.03472786,-0.04777798
2002-12-17,XLP/IEF,0.99660781,1.00415137,False,-0.00396924,-0.00872866,-0.03855926,-0.05608960
2002-12-18,XLP/IEF,0.99896563,0.99254639,False,0.00236585,-0.01155700,-0.03628464,-0.06699837
2002-12-19,XLP/IEF,0.99519414,0.98547200,False,-0.00377540,-0.00712751,-0.03992305,-0.07364836
2002-12-20,XLP/IEF,1.00347196,0.99953382,False,0.00831780,0.01426912,-0.03193732,-0.06043013
2002-12-23,XLP/IEF,1.00465722,0.99986669,False,0.00118116,0.00033302,-0.03079388,-0.06011724
2002-12-24,XLP/IEF,1.00656183,0.99242529,False,0.00189577,-0.00744239,-0.02895649,-0.06711221
2002-12-26,XLP/IEF,1.00708782,0.99286931,False,0.00052257,0.00044741,-0.02844905,-0.06669483
2002-12-27,XLP/IEF,1.00617054,0.97054433,False,-0.00091083,-0.02248532,-0.02933397,-0.08768049
2002-12-30,XLP/IEF,1.01008802,0.97865250,False,0.00389345,0.00835426,-0.02555473,-0.08005874
2002-12-31,XLP/IEF,1.00796772,0.97998515,False,-0.00209912,0.00136171,-0.02760020,-0.07880605
2003-01-02,XLP/IEF,1.00943335,1.01152916,False,0.00145405,0.03218826,-0.02618629,-0.04915442
2003-01-03,XLP/IEF,1.00975332,1.01463970,False,0.00031698,0.00307509,-0.02587761,-0.04623048
2003-01-06,XLP/IEF,1.01229075,1.03252221,False,0.00251292,0.01762450,-0.02342972,-0.02942078
2003-01-07,XLP/IEF,1.00935181,1.02996730,False,-0.00290326,-0.00247444,-0.02626495,-0.03182242
2003-01-08,XLP/IEF,1.00750959,1.01508352,False,-0.00182516,-0.01445073,-0.02804217,-0.04581329
2003-01-09,XLP/IEF,1.00648380,1.03085586,False,-0.00101814,0.01553797,-0.02903176,-0.03098716
2003-01-10,XLP/IEF,1.00852151,1.03363307,False,0.00202459,0.00269409,-0.02706595,-0.02837656
2003-01-13,XLP/IEF,1.01066146,1.03330001,False,0.00212187,-0.00032223,-0.02500151,-0.02868964
2003-01-14,XLP/IEF,1.01334587,1.03663149,False,0.00265609,0.00322411,-0.02241183,-0.02555803
2003-01-15,XLP/IEF,1.00943335,1.02630205,False,-0.00386099,-0.00996443,-0.02618629,-0.03526779
2003-01-16,XLP/IEF,1.01680165,1.02208117,False,0.00729944,-0.00411271,-0.01907800,-0.03923545
2003-01-17,XLP/IEF,1.01584084,1.00697561,False,-0.00094493,-0.01477921,-0.02000490,-0.05343479
2003-01-21,XLP/IEF,1.01377352,0.99131443,False,-0.00203508,-0.01555269,-0.02199927,-0.06815643
2003-01-22,XLP/IEF,1.00979563,0.97931902,False,-0.00392385,-0.01210051,-0.02583680,-0.07943221
2003-01-23,XLP/IEF,1.00521703,0.98531650,False,-0.00453418,0.00612413,-0.03025383,-0.07379453
2003-01-24,XLP/IEF,0.99515182,0.95943702,False,-0.01001297,-0.02626514,-0.03996387,-0.09812145
2003-01-27,XLP/IEF,0.98708490,0.94633056,False,-0.00810623,-0.01366058,-0.04774614,-0.11044163
2003-01-28,XLP/IEF,0.98865215,0.95332788,False,0.00158776,0.00739416,-0.04623419,-0.10386410
2003-01-29,XLP/IEF,0.98119645,0.96054782,False,-0.00754128,0.00757341,-0.05342681,-0.09707729
2003-01-30,XLP/IEF,0.97433416,0.93777817,False,-0.00699380,-0.02370486,-0.06004695,-0.11848094
2003-01-31,XLP/IEF,0.98689194,0.95588220,False,0.01288857,0.01930524,-0.04793229,-0.10146301
2003-02-03,XLP/IEF,0.98787788,0.95777093,False,0.00099904,0.00197590,-0.04698113,-0.09968759
2003-02-04,XLP/IEF,0.98975737,0.94832985,False,0.00190255,-0.00985735,-0.04516797,-0.10856228
2003-02-05,XLP/IEF,0.98426312,0.94244287,False,-0.00555111,-0.00620773,-0.05046835,-0.11409609
2003-02-06,XLP/IEF,0.98234166,0.93799969,False,-0.00195218,-0.00471454,-0.05232201,-0.11827271
2003-02-07,XLP/IEF,0.97924991,0.92655945,False,-0.00314732,-0.01219642,-0.05530466,-0.12902663
2003-02-10,XLP/IEF,0.98164563,0.93311295,False,0.00244649,0.00707293,-0.05299347,-0.12286629
2003-02-11,XLP/IEF,0.97290399,0.92667093,False,-0.00890508,-0.00690379,-0.06142665,-0.12892184
2003-02-12,XLP/IEF,0.97505074,0.91189772,False,0.00220653,-0.01594224,-0.05935565,-0.14280877
2003-02-13,XLP/IEF,0.97736001,0.91467487,False,0.00236836,0.00304546,-0.05712787,-0.14019823
2003-02-14,XLP/IEF,0.98431456,0.93466809,False,0.00711565,0.02185827,-0.05041872,-0.12140445
2003-02-18,XLP/IEF,0.98763859,0.95110609,False,0.00337700,0.01758700,-0.04721199,-0.10595259
2003-02-19,XLP/IEF,0.98565947,0.94610819,False,-0.00200389,-0.00525483,-0.04912126,-0.11065066
2003-02-20,XLP/IEF,0.98254076,0.93666744,False,-0.00316409,-0.00997851,-0.05212993,-0.11952504
2003-02-21,XLP/IEF,0.98349747,0.94610819,False,0.00097371,0.01007909,-0.05120698,-0.11065066
2003-02-24,XLP/IEF,0.97882120,0.93078072,False,-0.00475473,-0.01620055,-0.05571824,-0.12505860
2003-02-25,XLP/IEF,0.98309725,0.93822206,False,0.00436857,0.00799472,-0.05159308,-0.11806369
2003-02-26,XLP/IEF,0.98204884,0.92455971,False,-0.00106643,-0.01456196,-0.05260449,-0.13090640
2003-02-27,XLP/IEF,0.98302486,0.93677787,False,0.00099386,0.01321512,-0.05166292,-0.11942123
2003-02-28,XLP/IEF,0.98266076,0.94299850,False,-0.00037038,0.00664045,-0.05201416,-0.11357379
2003-03-03,XLP/IEF,0.97966098,0.93400137,False,-0.00305272,-0.00954097,-0.05490809,-0.12203116
2003-03-04,XLP/IEF,0.97642783,0.91911786,False,-0.00330027,-0.01593522,-0.05802715,-0.13602179
2003-03-05,XLP/IEF,0.97366200,0.92689310,False,-0.00283260,0.00845946,-0.06069538,-0.12871300
2003-03-06,XLP/IEF,0.96949283,0.91911786,False,-0.00428195,-0.00838850,-0.06471744,-0.13602179
2003-03-07,XLP/IEF,0.97166245,0.92544892,False,0.00223789,0.00688819,-0.06262438,-0.13007054
2003-03-10,XLP/IEF,0.96543617,0.90323431,False,-0.00640787,-0.02400414,-0.06863096,-0.15095245
2003-03-11,XLP/IEF,0.97004553,0.89434931,False,0.00477439,-0.00983687,-0.06418424,-0.15930442
2003-03-12,XLP/IEF,0.97258426,0.90034692,False,0.00261712,0.00670611,-0.06173510,-0.15366662
2003-03-13,XLP/IEF,0.97757658,0.93144665,False,0.00513304,0.03454195,-0.05691894,-0.12443262
2003-03-14,XLP/IEF,0.97837818,0.93444572,False,0.00081999,0.00321979,-0.05614562,-0.12161348
2003-03-17,XLP/IEF,0.98842588,0.96387988,False,0.01026975,0.03149906,-0.04645248,-0.09394513
2003-03-18,XLP/IEF,0.98208656,0.96954455,False,-0.00641356,0.00587695,-0.05256810,-0.08862029
2003-03-19,XLP/IEF,0.98815664,0.97698615,False,0.00618081,0.00767535,-0.04671221,-0.08162513
2003-03-20,XLP/IEF,0.98744737,0.97909646,False,-0.00071777,0.00216002,-0.04739646,-0.07964142
2003-03-21,XLP/IEF,0.99397141,0.99999553,False,0.00660698,0.02134526,-0.04110263,-0.05999612
2003-03-24,XLP/IEF,0.98490449,0.96676239,False,-0.00912191,-0.03323328,-0.04984961,-0.09123554
2003-03-25,XLP/IEF,0.98522528,0.97601850,False,0.00032570,0.00957434,-0.04954014,-0.08253472
2003-03-26,XLP/IEF,0.98451283,0.97111159,False,-0.00072313,-0.00502747,-0.05022744,-0.08714726
2003-03-27,XLP/IEF,0.98647612,0.97189245,False,0.00199417,0.00080408,-0.04833344,-0.08641325
2003-03-28,XLP/IEF,0.98199379,0.96698567,False,-0.00454378,-0.00504868,-0.05265760,-0.09102566
2003-03-31,XLP/IEF,0.98076199,0.94501619,False,-0.00125439,-0.02271955,-0.05384593,-0.11167714
2003-04-01,XLP/IEF,0.97857520,0.95951390,False,-0.00222968,0.01534122,-0.05595556,-0.09804918
2003-04-02,XLP/IEF,0.98548531,0.98270955,False,0.00706140,0.02417438,-0.04928928,-0.07624508
2003-04-03,XLP/IEF,0.98288087,0.97802631,False,-0.00264280,-0.00476564,-0.05180182,-0.08064737
2003-04-04,XLP/IEF,0.98415755,0.98382522,False,0.00129891,0.00592920,-0.05057019,-0.07519634
2003-04-07,XLP/IEF,0.98037156,0.98192909,False,-0.00384693,-0.00192731,-0.05422258,-0.07697873
2003-04-08,XLP/IEF,0.98802294,0.98349034,False,0.00780457,0.00158999,-0.04684120,-0.07551113
2003-04-09,XLP/IEF,0.98567784,0.97055408,False,-0.00237353,-0.01315342,-0.04910355,-0.08767132
2003-04-10,XLP/IEF,0.98597173,0.97590664,False,0.00029816,0.00551495,-0.04882003,-0.08263988
2003-04-11,XLP/IEF,0.98579082,0.97189245,False,-0.00018348,-0.00411329,-0.04899456,-0.08641325
2003-04-14,XLP/IEF,0.99319877,0.99196598,False,0.00751473,0.02065407,-0.04184801,-0.06754396
2003-04-15,XLP/IEF,0.99675352,1.00122216,False,0.00357910,0.00933114,-0.03841869,-0.05884308
2003-04-16,XLP/IEF,0.98321995,0.98415920,False,-0.01357765,-0.01704213,-0.05147470,-0.07488240
2003-04-17,XLP/IEF,0.99136286,0.99876851,False,0.00828188,0.01484446,-0.04361913,-0.06114953
2003-04-21,XLP/IEF,0.98674027,0.99977258,False,-0.00466287,0.00100531,-0.04807861,-0.06020570
2003-04-22,XLP/IEF,0.99588330,1.01861903,False,0.00926589,0.01885074,-0.03925821,-0.04248988
2003-04-23,XLP/IEF,0.99459510,1.02798661,False,-0.00129352,0.00919636,-0.04050095,-0.03368428
2003-04-24,XLP/IEF,0.99396810,1.01884191,False,-0.00063041,-0.00889574,-0.04110583,-0.04228037
2003-04-25,XLP/IEF,0.98705697,1.00624035,False,-0.00695307,-0.01236852,-0.04777308,-0.05412594
2003-04-28,XLP/IEF,0.99371979,1.02363761,False,0.00675019,0.01728937,-0.04134537,-0.03777238
2003-04-29,XLP/IEF,0.99738709,1.02720654,False,0.00369048,0.00348652,-0.03780748,-0.03441756
2003-04-30,XLP/IEF,0.99607680,1.02497623,False,-0.00131373,-0.00217123,-0.03907153,-0.03651406
2003-05-01,XLK,1.00698206,1.02486411,True,0.01094821,-0.00010939,-0.02855109,-0.03661946
2003-05-02,XLK,1.02806707,1.03947322,True,0.02093881,0.01425469,-0.00821010,-0.02288677
2003-05-05,XLK,1.02551136,1.03746639,True,-0.00248593,-0.00193063,-0.01067562,-0.02477321
2003-05-06,XLK,1.04404083,1.04727975,True,0.01806852,0.00945897,0.00000000,-0.01554857
2003-05-07,XLK,1.03126167,1.04148084,True,-0.01224010,-0.00553712,-0.01224010,-0.02099960
2003-05-08,XLK,1.01464908,1.03099758,True,-0.01610900,-0.01006572,-0.02815192,-0.03085395
2003-05-09,XLK,1.04276294,1.04527207,True,0.02770796,0.01384532,-0.00122399,-0.01743581
2003-05-12,XLK,1.05873679,1.05809692,True,0.01531878,0.01226939,0.00000000,-0.00538035
2003-05-13,XLK,1.05682008,1.05620097,True,-0.00181038,-0.00179184,-0.00181038,-0.00716255
2003-05-14,XLK,1.05298616,1.05397093,True,-0.00362779,-0.00211138,-0.00543160,-0.00925881
2003-05-15,XLK,1.06384811,1.06066159,True,0.01031539,0.00634805,0.00000000,-0.00296954
2003-05-16,XLK,1.05426388,1.05798531,True,-0.00900902,-0.00252321,-0.00900902,-0.00548526
2003-05-19,XLK,1.01592673,1.03322840,True,-0.03636391,-0.02340005,-0.04504533,-0.02875695
2003-05-20,XLK,1.01784401,1.03110905,True,0.00188723,-0.00205119,-0.04324311,-0.03074916
2003-05-21,XLK,1.01912174,1.03322840,True,0.00125533,0.00205541,-0.04204207,-0.02875695
2003-05-22,XLK,1.02998427,1.04348747,True,0.01065872,0.00992914,-0.03183147,-0.01911334
2003-05-23,XLK,1.03126167,1.04560689,True,0.00124021,0.00203109,-0.03063073,-0.01712108
2003-05-27,XLK,1.05809780,1.06389576,True,0.02602262,0.01749116,-0.00540520,0.00000000
2003-05-28,XLK,1.06512584,1.06690640,True,0.00664214,0.00282983,0.00000000,0.00000000
2003-05-29,XLK,1.06768187,1.06411904,True,0.00239974,-0.00261257,0.00000000,-0.00261257
2003-05-30,XLK,1.08301690,1.08118155,True,0.01436292,0.01603440,0.00000000,0.00000000
2003-06-02,XLK,1.07726618,1.08564196,False,-0.00530991,0.00412550,-0.00530991,0.00000000
2003-06-03,XLK,1.08685065,1.09010323,False,0.00889703,0.00410933,0.00000000,0.00000000
2003-06-04,XLK,1.10985238,1.10582743,False,0.02116365,0.01442451,0.00000000,0.00000000
2003-06-05,XLK,1.10985238,1.11129159,False,0.00000000,0.00494124,0.00000000,0.00000000
2003-06-06,XLK,1.09898985,1.10694258,False,-0.00978736,-0.00391347,-0.00978736,-0.00391347
2003-06-09,XLK,1.08301690,1.09567945,False,-0.01453421,-0.01017500,-0.02417932,-0.01404865
2003-06-10,XLK,1.09835119,1.10683124,False,0.01415887,0.01017797,-0.01036281,-0.00401366
2003-06-11,XLK,1.10537971,1.11854067,False,0.00639916,0.01057924,-0.00402996,0.00000000
2003-06-12,XLK,1.11049145,1.12199735,False,0.00462441,0.00309034,0.00000000,0.00000000
2003-06-13,XLK,1.08621134,1.11028869,False,-0.02186429,-0.01043554,-0.02186429,-0.01043554
2003-06-16,XLK,1.11304706,1.13370743,False,0.02470580,0.02109247,0.00000000,0.00000000
2003-06-17,XLK,1.11815855,1.13370743,False,0.00459233,0.00000000,0.00000000,0.00000000
2003-06-18,XLK,1.12902075,1.13270388,False,0.00971437,-0.00088519,0.00000000,-0.00088519
2003-06-19,XLK,1.12071482,1.11541829,False,-0.00735675,-0.01526046,-0.00735675,-0.01613215
2003-06-20,XLK,1.11943734,1.11295580,False,-0.00113988,-0.00220769,-0.00848825,-0.01830422
2003-06-23,XLK,1.09707305,1.10153982,False,-0.01997815,-0.01025735,-0.02829682,-0.02837382
2003-06-24,XLK,1.09260104,1.10265862,False,-0.00407631,0.00101566,-0.03225779,-0.02738697
2003-06-25,XLK,1.08173876,1.09157824,False,-0.00994167,-0.01004878,-0.04187876,-0.03716055
2003-06-26,XLK,1.10218543,1.10579296,False,0.01890168,0.01302217,-0.02376867,-0.02462229
2003-06-27,XLK,1.09387852,1.09303393,False,-0.00753676,-0.01153835,-0.03112629,-0.03587654
2003-06-30,XLK,1.09068441,1.09269794,False,-0.00291999,-0.00030739,-0.03395539,-0.03617290
2003-07-01,XLK,1.10601887,1.10277074,False,0.01405948,0.00921828,-0.02037331,-0.02728807
2003-07-02,XLK,1.12902075,1.11664922,False,0.02079701,0.01258509,0.00000000,-0.01504640
2003-07-03,XLK,1.11560268,1.10512111,False,-0.01188470,-0.01032384,-0.01188470,-0.02521490
2003-07-07,XLK,1.15393992,1.12705787,False,0.03436460,0.01985010,0.00000000,-0.00586532
2003-07-08,XLK,1.16288500,1.13209434,False,0.00775177,0.00446868,0.00000000,-0.00142284
2003-07-09,XLK,1.16160719,1.12571470,False,-0.00109883,-0.00563526,-0.00109883,-0.00705008
2003-07-10,XLK,1.13477114,1.11138928,False,-0.02310252,-0.01272562,-0.02417596,-0.01968599
2003-07-11,XLK,1.15074483,1.12190915,False,0.01407657,0.00946552,-0.01043970,-0.01040681
2003-07-14,XLK,1.15585607,1.12739386,False,0.00444168,0.00488873,-0.00604439,-0.00556895
2003-07-15,XLK,1.15777344,1.12493176,False,0.00165883,-0.00218389,-0.00439559,-0.00774068
2003-07-16,XLK,1.15393992,1.11832786,False,-0.00331111,-0.00587049,-0.00769214,-0.01356573
2003-07-17,XLK,1.11879827,1.10243475,False,-0.03045362,-0.01421149,-0.03791151,-0.02758443
2003-07-18,XLK,1.12135365,1.11373939,False,0.00228403,0.01025424,-0.03571407,-0.01761305
2003-07-21,XLK,1.09643472,1.09997304,False,-0.02222219,-0.01236047,-0.05714261,-0.02975581
2003-07-22,XLK,1.12007551,1.10993345,False,0.02156151,0.00905514,-0.03681318,-0.02097012
2003-07-23,XLK,1.12646472,1.11071717,False,0.00570427,0.00070609,-0.03131890,-0.02027883
2003-07-24,XLK,1.11049145,1.10232354,False,-0.01418001,-0.00755695,-0.04505480,-0.02768253
2003-07-25,XLK,1.13413273,1.12179807,False,0.02128903,0.01766680,-0.02472495,-0.01050479
2003-07-28,XLK,1.13604903,1.11765614,False,0.00168967,-0.00369222,-0.02307706,-0.01415822
2003-07-29,XLK,1.12518732,1.11250807,False,-0.00956095,-0.00460613,-0.03241738,-0.01869914
2003-07-30,XLK,1.11688147,1.10982185,False,-0.00738175,-0.00241457,-0.03955983,-0.02106856
2003-07-31,XLK,1.12454809,1.11239634,False,0.00686430,0.00231973,-0.03296707,-0.01879770
2003-08-01,XLK,1.11879827,1.10254701,False,-0.00511300,-0.00885415,-0.03791151,-0.02748541
2003-08-04,XLK,1.12838193,1.10254701,False,0.00856603,0.00000000,-0.02967024,-0.02748541
2003-08-05,XLK,1.10026807,1.07915553,False,-0.02491520,-0.02121586,-0.05384620,-0.04811815
2003-08-06,XLK,1.09004534,1.08542265,False,-0.00929112,0.00580744,-0.06263703,-0.04259015
2003-08-07,XLK,1.08685065,1.09683896,False,-0.00293078,0.01051784,-0.06538424,-0.03252027
2003-08-08,XLK,1.08557260,1.09997304,False,-0.00117593,0.00285738,-0.06648328,-0.02975581
2003-08-11,XLK,1.09068441,1.10411353,False,0.00470886,0.00376418,-0.06208747,-0.02610365
2003-08-12,XLK,1.10729659,1.11418685,False,0.01523097,0.00912345,-0.04780216,-0.01721835
2003-08-13,XLK,1.10537971,1.10847893,False,-0.00173113,-0.00512295,-0.04945054,-0.02225310
2003-08-14,XLK,1.11496435,1.11150075,False,0.00867090,0.00272610,-0.04120842,-0.01958766
2003-08-15,XLK,1.10985238,1.11497057,False,-0.00458488,0.00312174,-0.04560436,-0.01652707
2003-08-18,XLK,1.14243882,1.12459616,False,0.02936106,0.00863305,-0.01758229,-0.00803670
2003-08-19,XLK,1.15777344,1.12884878,False,0.01342270,0.00378146,-0.00439559,-0.00428563
2003-08-20,XLK,1.15138414,1.12425952,False,-0.00551861,-0.00406543,-0.00988994,-0.00833364
2003-08-21,XLK,1.16224642,1.12784211,False,0.00943411,0.00318662,-0.00054913,-0.00517357
2003-08-22,XLK,1.16032955,1.11664922,False,-0.00164929,-0.00992417,-0.00219751,-0.01504640
2003-08-25,XLK,1.15330045,1.11844012,False,-0.00605785,0.00160382,-0.00824205,-0.01346671
2003-08-26,XLK,1.15968999,1.12045411,False,0.00554022,0.00180071,-0.00274749,-0.01169025
2003-08-27,XLK,1.16735758,1.12079010,False,0.00661176,0.00029987,0.00000000,-0.01139388
2003-08-28,XLK,1.17438635,1.12772959,False,0.00602110,0.00619161,0.00000000,-0.00527282
2003-08-29,XLK,1.17822003,1.13533990,False,0.00326441,0.00674834,0.00000000,0.00000000
2003-09-02,XLK,1.20377811,1.15056181,False,0.02169211,0.01340736,0.00000000,0.00000000
2003-09-03,XLK,1.21655678,1.15682933,False,0.01061547,0.00544735,0.00000000,0.00000000
2003-09-04,XLK,1.22805739,1.15738944,False,0.00945342,0.00048418,0.00000000,0.00000000
2003-09-05,XLK,1.22166843,1.15089806,False,-0.00520250,-0.00560864,-0.00520250,-0.00560864
2003-09-08,XLK,1.24403173,1.16041075,False,0.01830555,0.00826545,0.00000000,0.00000000
2003-09-09,XLK,1.23061375,1.15279992,False,-0.01078589,-0.00655873,-0.01078589,-0.00655873
2003-09-10,XLK,1.19419396,1.14116034,False,-0.02959482,-0.01009679,-0.04006150,-0.01658930
2003-09-11,XLK,1.20825036,1.14451751,False,0.01177062,0.00294189,-0.02876243,-0.01369622
2003-09-12,XLK,1.20952842,1.14664427,False,0.00105777,0.00185822,-0.02773508,-0.01186345
2003-09-15,XLK,1.20250013,1.14261486,False,-0.00581076,-0.00351409,-0.03338468,-0.01533585
2003-09-16,XLK,1.23316921,1.15929208,False,0.02550442,0.01459566,-0.00873171,-0.00096403
2003-09-17,XLK,1.23125282,1.15705280,False,-0.00155403,-0.00193159,-0.01027218,-0.00289376
2003-09-18,XLK,1.24850407,1.17070806,False,0.01401114,0.01180176,0.00000000,0.00000000
2003-09-19,XLK,1.24978172,1.16475351,False,0.00102334,-0.00508628,0.00000000,-0.00508628
2003-09-22,XLK,1.22614076,1.15216957,False,-0.01891607,-0.01080395,-0.01891607,-0.01583528
2003-09-23,XLK,1.23316921,1.15655148,False,0.00573217,0.00380319,-0.01329233,-0.01209232
2003-09-24,XLK,1.19099886,1.13599120,False,-0.03419672,-0.01777723,-0.04703450,-0.02965459
2003-09-25,XLK,1.18205362,1.12666595,False,-0.00751071,-0.00820891,-0.05419194,-0.03762006
2003-09-26,XLK,1.17566433,1.12295771,False,-0.00540525,-0.00329134,-0.05930427,-0.04078758
2003-09-29,XLK,1.19483287,1.13396875,False,0.01630443,0.00980540,-0.04396676,-0.03138212
2003-09-30,XLK,1.16799706,1.12295771,False,-0.02245988,-0.00971019,-0.06543915,-0.04078758
2003-10-01,XLK,1.19355473,1.14688947,False,0.02188162,0.02131136,-0.04498945,-0.02034546
2003-10-02,XLK,1.19099886,1.15104648,False,-0.00214139,0.00362460,-0.04703450,-0.01679461
2003-10-03,XLK,1.22741898,1.16160733,False,0.03057947,0.00917500,-0.01789331,-0.00777370
2003-10-06,XLK,1.23380803,1.16688821,False,0.00520527,0.00454618,-0.01278118,-0.00326286
2003-10-07,XLK,1.24211510,1.17138199,False,0.00673287,0.00385108,-0.00613436,0.00000000
2003-10-08,XLK,1.23316921,1.16846058,False,-0.00720215,-0.00249398,-0.01329233,-0.00249398
2003-10-09,XLK,1.23828061,1.17160676,False,0.00414493,0.00269259,-0.00920249,0.00000000
2003-10-10,XLK,1.24850407,1.17486481,False,0.00825617,0.00278084,-0.00102230,0.00000000
2003-10-13,XLK,1.25233799,1.17857227,False,0.00307081,0.00315565,0.00000000,0.00000000
2003-10-14,XLK,1.24914289,1.18272903,False,-0.00255131,0.00352694,-0.00255131,0.00000000
2003-10-15,XLK,1.25681008,1.17958324,False,0.00613796,-0.00265977,0.00000000,-0.00265977
2003-10-16,XLK,1.26128331,1.18430218,False,0.00355920,0.00400052,0.00000000,0.00000000
2003-10-17,XLK,1.24083696,1.17138199,False,-0.01621075,-0.01090954,-0.01621075,-0.01090954
2003-10-20,XLK,1.25553227,1.18014517,False,0.01184306,0.00748106,-0.00455968,-0.00351009
2003-10-21,XLK,1.26256080,1.17812338,False,0.00559805,-0.00171317,0.00000000,-0.00521725
2003-10-22,XLK,1.24403173,1.16329235,False,-0.01467578,-0.01258869,-0.01467578,-0.01774026
2003-10-23,XLK,1.23444677,1.16115830,False,-0.00770476,-0.00183449,-0.02226746,-0.01954221
2003-10-24,XLK,1.21591755,1.16374294,False,-0.01501014,0.00222591,-0.03694337,-0.01735980
2003-10-27,XLK,1.22230725,1.16430396,False,0.00525505,0.00048209,-0.03188246,-0.01688608
2003-10-28,XLK,1.25169900,1.18014517,False,0.02404612,0.01360573,-0.00860299,-0.00351009
2003-10-29,XLK,1.25361588,1.18171859,False,0.00153142,0.00133324,-0.00708474,-0.00218153
2003-10-30,XLK,1.25233799,1.18419019,False,-0.00101936,0.00209153,-0.00809688,-0.00009457
2003-10-31,XLK,1.25361588,1.18306632,False,0.00102040,-0.00094906,-0.00708474,-0.00104354
2003-11-03,XLE,1.25271150,1.19081893,True,-0.00072141,0.00655298,-0.00780104,0.00000000
2003-11-04,XLE,1.24855764,1.18823468,True,-0.00331590,-0.00217014,-0.01109107,-0.00217014
2003-11-05,XLE,1.25219170,1.18913403,True,0.00291061,0.00075688,-0.00821275,-0.00141490
2003-11-06,XLE,1.25374944,1.19542523,True,0.00124400,0.00529056,-0.00697896,0.00000000
2003-11-07,XLE,1.25686416,1.18654940,True,0.00248433,-0.00742483,-0.00451197,-0.00742483
2003-11-10,XLE,1.25478820,1.18171859,True,-0.00165169,-0.00407131,-0.00615621,-0.01146591
2003-11-11,XLE,1.25426868,1.18138103,True,-0.00041403,-0.00028564,-0.00656770,-0.01174828
2003-11-12,XLE,1.26153615,1.19463865,True,0.00579419,0.01122213,-0.00081156,-0.00065799
2003-11-13,XLE,1.27295841,1.19497581,True,0.00905425,0.00028223,0.00000000,-0.00037595
2003-11-14,XLE,1.27555444,1.18486399,True,0.00203937,-0.00846195,0.00000000,-0.00883471
2003-11-17,XLE,1.26257482,1.17890957,True,-0.01017567,-0.00502540,-0.01017567,-0.01381572
2003-11-18,XLE,1.25374944,1.16666291,True,-0.00698999,-0.01038812,-0.01709453,-0.02406032
2003-11-19,XLE,1.25686416,1.17654944,True,0.00248433,0.00847419,-0.01465268,-0.01579002
2003-11-20,XLE,1.25374944,1.16598950,True,-0.00247817,-0.00897535,-0.01709453,-0.02462364
2003-11-21,XLE,1.24440453,1.17081967,True,-0.00745357,0.00414254,-0.02442069,-0.02058310
2003-11-24,XLE,1.25115424,1.18632475,True,0.00542405,0.01324294,-0.01912910,-0.00761275
2003-11-25,XLE,1.25842189,1.19081893,True,0.00580876,0.00378832,-0.01343145,-0.00385327
2003-11-26,XLE,1.27036293,1.19508806,True,0.00948890,0.00358504,-0.00407001,-0.00028204
2003-11-28,XLE,1.27036293,1.19598664,True,0.00000000,0.00075189,-0.00407001,0.00000000
2003-12-01,XLE,1.28334143,1.20890748,False,0.01021638,0.01080350,0.00000000,0.00000000
2003-12-02,XLE,1.29216691,1.20587382,False,0.00687695,-0.00250943,0.00000000,-0.00250943
2003-12-03,XLE,1.28489814,1.20396337,False,-0.00562526,-0.00158428,-0.00562526,-0.00408973
2003-12-04,XLE,1.31604769,1.20890748,False,0.02424281,0.00410653,0.00000000,0.00000000
2003-12-05,XLE,1.32539279,1.20048120,False,0.00710088,-0.00697016,0.00000000,-0.00697016
2003-12-08,XLE,1.33992884,1.20857045,False,0.01096735,0.00673834,0.00000000,-0.00027879
2003-12-09,XLE,1.34096760,1.19924586,False,0.00077524,-0.00771539,0.00000000,-0.00799203
2003-12-10,XLE,1.34200470,1.19913282,False,0.00077339,-0.00009426,0.00000000,-0.00808553
2003-12-11,XLE,1.34875404,1.21261508,False,0.00502930,0.01124334,0.00000000,0.00000000
2003-12-12,XLE,1.36380980,1.21497455,False,0.01116272,0.00194577,0.00000000,0.00000000
2003-12-15,XLE,1.34667771,1.20890748,False,-0.01256193,-0.00499358,-0.01256193,-0.00499358
2003-12-16,XLE,1.36692359,1.21519893,False,0.01503395,0.00520425,0.00000000,0.00000000
2003-12-17,XLE,1.37990349,1.21901891,False,0.00949570,0.00314350,0.00000000,0.00000000
2003-12-18,XLE,1.41676258,1.23272633,False,0.02671136,0.01124463,0.00000000,0.00000000
2003-12-19,XLE,1.41425961,1.22929450,False,-0.00176668,-0.00278394,-0.00176668,-0.00278394
2003-12-22,XLE,1.41582460,1.23787389,False,0.00110658,0.00697911,-0.00066206,0.00000000
2003-12-23,XLE,1.40591600,1.23866345,False,-0.00699846,0.00063784,-0.00765589,0.00000000
2003-12-24,XLE,1.42103926,1.23742174,False,0.01075687,-0.00100247,0.00000000,-0.00100247
2003-12-26,XLE,1.42677530,1.23832486,False,0.00403651,0.00072985,0.00000000,-0.00027335
2003-12-29,XLE,1.44346299,1.25480631,False,0.01169608,0.01330947,0.00000000,0.00000000
2003-12-30,XLE,1.44659110,1.25503135,False,0.00216709,0.00017934,0.00000000,0.00000000
2003-12-31,XLE,1.43668334,1.25616042,False,-0.00684904,0.00089964,-0.00684904,0.00000000
2004-01-02,XLE,1.43616307,1.25559588,False,-0.00036213,-0.00044941,-0.00720869,-0.00044941
2004-01-05,XLE,1.46380082,1.26925504,False,0.01924415,0.01087863,0.00000000,0.00000000
2004-01-06,XLE,1.46223704,1.27049663,False,-0.00106830,0.00097820,-0.00106830,0.00000000
2004-01-07,XLE,1.44711378,1.27478632,False,-0.01034255,0.00337639,-0.01139980,0.00000000
2004-01-08,XLE,1.45128429,1.27986571,False,0.00288195,0.00398450,-0.00855071,0.00000000
2004-01-09,XLE,1.45858578,1.26869012,False,0.00503106,-0.00873185,-0.00356267,-0.00873185
2004-01-12,XLE,1.46275759,1.27805985,False,0.00286017,0.00738536,-0.00071269,-0.00141098
2004-01-13,XLE,1.46327850,1.27060941,False,0.00035612,-0.00582949,-0.00035682,-0.00723225
2004-01-14,XLE,1.45962901,1.28122112,False,-0.00249405,0.00835167,-0.00284998,0.00000000
2004-01-15,XLE,1.43511845,1.28438122,False,-0.01679232,0.00246647,-0.01959445,0.00000000
2004-01-16,XLE,1.44867728,1.28946048,False,0.00944788,0.00395464,-0.01033169,0.00000000
2004-01-20,XLE,1.48518104,1.28912189,False,0.02519799,-0.00026258,0.00000000,-0.00026258
2004-01-21,XLE,1.49404649,1.29928171,False,0.00596928,0.00788120,0.00000000,0.00000000
2004-01-22,XLE,1.48674612,1.29589514,False,-0.00488631,-0.00260649,-0.00488631,-0.00260649
2004-01-23,XLE,1.49978291,1.29171875,False,0.00876868,-0.00322279,0.00000000,-0.00582088
2004-01-26,XLE,1.50864791,1.30797348,False,0.00591085,0.01258380,0.00000000,0.00000000
2004-01-27,XLE,1.50551914,1.29454104,False,-0.00207388,-0.01026966,-0.00207388,-0.01026966
2004-01-28,XLE,1.48413883,1.27975333,False,-0.01420129,-0.01142313,-0.01624572,-0.02157548
2004-01-29,XLE,1.48309523,1.28099517,False,-0.00070317,0.00097038,-0.01693747,-0.02062603
2004-01-30,XLE,1.46901520,1.28099517,False,-0.00949368,0.00000000,-0.02627035,-0.02062603
2004-02-02,XLE,1.47735881,1.28652554,False,0.00567973,0.00431724,-0.02073983,-0.01639783
2004-02-03,XLE,1.47162286,1.28438122,False,-0.00388257,-0.00166676,-0.02454188,-0.01803726
2004-02-04,XLE,1.46119307,1.27388320,False,-0.00708727,-0.00817360,-0.03145521,-0.02606343
2004-02-05,XLE,1.44815618,1.27760822,False,-0.00892209,0.00292415,-0.04009665,-0.02321550
2004-02-06,XLE,1.45806440,1.29194418,False,0.00684196,0.01122093,-0.03352903,-0.01225507
2004-02-09,XLE,1.47579476,1.29228342,False,0.01216020,0.00026258,-0.02177655,-0.01199570
2004-02-10,XLE,1.49561101,1.29645955,False,0.01342752,0.00323159,-0.00864144,-0.00880287
2004-02-11,XLE,1.51594875,1.31023110,False,0.01359828,0.01062243,0.00000000,0.00000000
2004-02-12,XLE,1.52064259,1.30549043,False,0.00309630,-0.00361819,0.00000000,-0.00361819
2004-02-13,XLE,1.51699282,1.29962043,False,-0.00240015,-0.00449639,-0.00240015,-0.00809832
2004-02-17,XLE,1.53002952,1.31135991,False,0.00859378,0.00903301,0.00000000,0.00000000
2004-02-18,XLE,1.51386247,1.30560347,False,-0.01056649,-0.00438967,-0.01056649,-0.00438967
2004-02-19,XLE,1.51229916,1.30074898,False,-0.00103266,-0.00371819,-0.01158824,-0.00809155
2004-02-20,XLE,1.51177750,1.29679879,False,-0.00034495,-0.00303686,-0.01192919,-0.01110383
2004-02-23,XLE,1.52377107,1.29352422,False,0.00793342,-0.00252512,-0.00409041,-0.01360091
2004-02-24,XLE,1.52637807,1.29126699,False,0.00171089,-0.00174503,-0.00238652,-0.01532220
2004-02-25,XLE,1.53367976,1.29668549,False,0.00478366,0.00419627,0.00000000,-0.01119023
2004-02-26,XLE,1.53889414,1.29747584,False,0.00339992,0.00060952,0.00000000,-0.01058753
2004-02-27,XLE,1.54619480,1.29837858,False,0.00474409,0.00069576,0.00000000,-0.00989913
2004-03-01,XLE,1.57591956,1.31124778,False,0.01922446,0.00991175,0.00000000,-0.00008550
2004-03-02,XLE,1.56236082,1.30357075,False,-0.00860370,-0.00585476,-0.00860370,-0.00593976
2004-03-03,XLE,1.56027492,1.30594167,False,-0.00133510,0.00181879,-0.00992731,-0.00413177
2004-03-04,XLE,1.55558155,1.30932849,False,-0.00300804,0.00259340,-0.01290549,-0.00154909
2004-03-05,XLE,1.56914084,1.31373057,False,0.00871654,0.00336209,-0.00430144,0.00000000
2004-03-08,XLE,1.57591956,1.29770140,False,0.00432002,-0.01220126,0.00000000,-0.01220126
2004-03-09,XLE,1.56548986,1.29250897,False,-0.00661817,-0.00400125,-0.00661817,-0.01615369
2004-03-10,XLE,1.53837257,1.27083522,False,-0.01732192,-0.01676874,-0.02382545,-0.03265155
2004-03-11,XLE,1.50395481,1.25435403,False,-0.02237284,-0.01296879,-0.04566524,-0.04519689
2004-03-12,XLE,1.52585772,1.27083522,False,0.01456354,0.01313919,-0.03176675,-0.03265155
2004-03-15,XLE,1.52898648,1.25525703,False,0.00205049,-0.01225823,-0.02978139,-0.04450954
2004-03-16,XLE,1.52846435,1.26191712,False,-0.00034149,0.00530576,-0.03011271,-0.03943993
2004-03-17,XLE,1.54984550,1.27602804,False,0.01398865,0.01118213,-0.01654530,-0.02869883
2004-03-18,XLE,1.56548986,1.27636624,False,0.01009414,0.00026504,-0.00661817,-0.02844139
2004-03-19,XLE,1.53338662,1.25807164,False,-0.02050684,-0.01433335,-0.02698928,-0.04236708
2004-03-22,XLE,1.51872348,1.24209919,False,-0.00956259,-0.01269598,-0.03629378,-0.05452517
2004-03-23,XLE,1.50825036,1.23994706,False,-0.00689600,-0.00173266,-0.04293950,-0.05616335
2004-03-24,XLE,1.47630368,1.24096777,False,-0.02118128,0.00082319,-0.06321127,-0.05538639
2004-03-25,XLE,1.47054328,1.25739251,False,-0.00390191,0.01323543,-0.06686654,-0.04288403
2004-03-26,XLE,1.48730199,1.25773240,False,0.01139627,0.00027031,-0.05623229,-0.04262531
2004-03-29,XLE,1.49515741,1.27540302,False,0.00528166,0.01404958,-0.05124764,-0.02917459
2004-03-30,XLE,1.52238942,1.27970884,False,0.01821348,0.00337605,-0.03396756,-0.02589704
2004-03-31,XLE,1.53652932,1.28118067,False,0.00928796,0.00115013,-0.02499508,-0.02477670
2004-04-01,XLE,1.51872348,1.28888372,False,-0.01158836,0.00601246,-0.03629378,-0.01891320
2004-04-02,XLE,1.52553148,1.29862573,False,0.00448271,0.00755849,-0.03197376,-0.01149767
2004-04-05,XLE,1.53338662,1.30576242,False,0.00514912,0.00549557,-0.02698928,-0.00606528
2004-04-06,XLE,1.53338662,1.30157107,False,0.00000000,-0.00320989,-0.02698928,-0.00925570
2004-04-07,XLE,1.53338662,1.29851256,False,0.00000000,-0.00234986,-0.02698928,-0.01158381
2004-04-08,XLE,1.54700300,1.29556709,False,0.00887994,-0.00226834,-0.01834901,-0.01382588
2004-04-12,XLE,1.57633105,1.30066482,False,0.01895798,0.00393475,0.00000000,-0.00994553
2004-04-13,XLE,1.56271356,1.28242681,False,-0.00863873,-0.01402207,-0.00863873,-0.02382815
2004-04-14,XLE,1.56585635,1.28446603,False,0.00201112,0.00159013,-0.00664498,-0.02227591
2004-04-15,XLE,1.58680426,1.27959476,False,0.01337792,-0.00379244,0.00000000,-0.02598387
2004-04-16,XLE,1.59937341,1.28945046,False,0.00792105,0.00770220,0.00000000,-0.01848180
2004-04-19,XLE,1.59570681,1.28945046,False,-0.00229252,0.00000000,-0.00229252,-0.01848180
2004-04-20,XLE,1.56323754,1.26781431,False,-0.02034789,-0.01677936,-0.02259377,-0.03495105
2004-04-21,XLE,1.55800038,1.27630966,False,-0.00335020,0.00670079,-0.02586827,-0.02848446
2004-04-22,XLE,1.58889872,1.29420791,False,0.01983205,0.01402344,-0.00654925,-0.01486047
2004-04-23,XLE,1.57633105,1.29545379,False,-0.00790967,0.00096266,-0.01440712,-0.01391212
2004-04-26,XLE,1.58523286,1.29364129,False,0.00564717,-0.00139912,-0.00884131,-0.01529178
2004-04-27,XLE,1.61822574,1.29477466,False,0.02081264,0.00087610,0.00000000,-0.01442907
2004-04-28,XLE,1.59518301,1.27800938,False,-0.01423950,-0.01294841,-0.01423950,-0.02719065
2004-04-29,XLE,1.55695306,1.26679463,False,-0.02396587,-0.00877517,-0.03786411,-0.03572722
2004-04-30,XLE,1.56271356,1.25693906,False,0.00369985,-0.00777993,-0.03430435,-0.04322919
2004-05-03,XLE,1.59884905,1.27041924,False,0.02312356,0.01072461,-0.01197403,-0.03296820
2004-05-04,XLE,1.59989684,1.26939982,False,0.00065534,-0.00080242,-0.01132654,-0.03374417
2004-05-05,XLE,1.60513335,1.27755606,False,0.00327303,0.00642527,-0.00809059,-0.02753571
2004-05-06,XLE,1.59727803,1.26656752,False,-0.00489388,-0.00860122,-0.01294487,-0.03590010
2004-05-07,XLE,1.55852446,1.24561141,False,-0.02426226,-0.01654559,-0.03689305,-0.05185170
2004-05-10,XLE,1.51348650,1.23281127,False,-0.02889782,-0.01027618,-0.06472474,-0.06159505
2004-05-11,XLE,1.53967101,1.24323307,False,0.01730079,0.00845368,-0.04854374,-0.05366207
2004-05-12,XLE,1.54909829,1.25116246,False,0.00612292,0.00637804,-0.04271805,-0.04762629
2004-05-13,XLE,1.54490770,1.24595091,False,-0.00270518,-0.00416537,-0.04530767,-0.05159327
2004-05-14,XLE,1.56323754,1.24651778,False,0.01186468,0.00045498,-0.03398055,-0.05116177
2004-05-17,XLE,1.56323754,1.23586913,False,0.00000000,-0.00854272,-0.03398055,-0.05926743
2004-05-18,XLE,1.54019462,1.24209919,False,-0.01474051,0.00504103,-0.04822017,-0.05452517
2004-05-19,XLE,1.53338662,1.23779493,False,-0.00442022,-0.00346531,-0.05242725,-0.05780153
2004-05-20,XLE,1.53181559,1.24176021,False,-0.00102455,0.00320350,-0.05339808,-0.05478320
2004-05-21,XLE,1.52448397,1.24391247,False,-0.00478623,0.00173323,-0.05792874,-0.05314492
2004-05-24,XLE,1.55904826,1.24912284,False,0.02267278,0.00418870,-0.03656936,-0.04917882
2004-05-25,XLE,1.58523286,1.26702110,False,0.01679525,0.01432866,-0.02038831,-0.03555483
2004-05-26,XLE,1.57213972,1.27143878,False,-0.00825944,0.00348667,-0.02847935,-0.03219213
2004-05-27,XLE,1.55014580,1.27857561,False,-0.01398980,0.00561319,-0.04207073,-0.02675964
2004-05-28,XLE,1.55800038,1.27846192,False,0.00506699,-0.00008892,-0.03721691,-0.02684618
2004-06-01,XLE,1.57947292,1.27676311,False,0.01378212,-0.00132879,-0.02394772,-0.02813930
2004-06-02,XLE,1.57633105,1.28152069,False,-0.00198919,0.00372628,-0.02588928,-0.02451787
2004-06-03,XLE,1.56219068,1.26973971,False,-0.00897043,-0.00919297,-0.03462747,-0.03348545
2004-06-04,XLE,1.55433536,1.27982188,False,-0.00502840,0.00794034,-0.03948175,-0.02581099
2004-06-07,XLE,1.58313840,1.29930564,False,0.01853078,0.01522381,-0.02168260,-0.01098013
2004-06-08,XLE,1.57633105,1.30111801,False,-0.00429991,0.00139487,-0.02588928,-0.00960057
2004-06-09,XLE,1.56376171,1.28899701,False,-0.00797379,-0.00931583,-0.03365663,-0.01882696
2004-06-10,XLE,1.58366202,1.29534049,False,0.01272592,0.00492125,-0.02135903,-0.01399836
2004-06-14,XLE,1.57161704,1.28254062,False,-0.00760578,-0.00988147,-0.02880235,-0.02374151
2004-06-15,XLE,1.59413578,1.29160220,False,0.01432839,0.00706533,-0.01488665,-0.01684392
2004-06-16,XLE,1.62503365,1.29137574,False,0.01938221,-0.00017534,0.00000000,-0.01701630
2004-06-17,XLE,1.63707919,1.28945046,False,0.00741249,-0.00149087,0.00000000,-0.01848180
2004-06-18,XLE,1.64149533,1.29188304,False,0.00269757,0.00188652,0.00000000,-0.01663015
2004-06-21,XLE,1.63781571,1.28699473,False,-0.00224162,-0.00378386,-0.00224162,-0.02035108
2004-06-22,XLE,1.64885660,1.29347493,False,0.00674123,0.00503514,0.00000000,-0.01541842
2004-06-23,XLE,1.67672287,1.30461670,False,0.01690036,0.00861383,0.00000000,-0.00693740
2004-06-24,XLE,1.66673255,1.30052356,False,-0.00595824,-0.00313743,-0.00595824,-0.01005306
2004-06-25,XLE,1.65726938,1.29427048,False,-0.00567768,-0.00480812,-0.01160209,-0.01481285
2004-06-28,XLE,1.63360932,1.28983692,False,-0.01427653,-0.00342553,-0.02571298,-0.01818763
2004-06-29,XLE,1.64254795,1.29517998,False,0.00547170,0.00414243,-0.02038197,-0.01412054
2004-06-30,XLE,1.65516600,1.30211531,False,0.00768200,0.00535473,-0.01285655,-0.00884143
2004-07-01,XLE,1.65726938,1.28403846,False,0.00127080,-0.01388268,-0.01160209,-0.02260137
2004-07-02,XLE,1.66357860,1.28335647,False,0.00380699,-0.00053113,-0.00783926,-0.02312049
2004-07-06,XLE,1.66778499,1.27210088,False,0.00252852,-0.00877043,-0.00533057,-0.03168815
2004-07-07,XLE,1.67777512,1.27585244,False,0.00599006,0.00294911,0.00000000,-0.02883250
2004-07-08,XLE,1.66936215,1.26698493,False,-0.00501436,-0.00695026,-0.00501436,-0.03558236
2004-07-09,XLE,1.67882681,1.27028161,False,0.00566962,0.00260199,0.00000000,-0.03307296
2004-07-12,XLE,1.66936215,1.27085031,False,-0.00563766,0.00044769,-0.00563766,-0.03264007
2004-07-13,XLE,1.66515576,1.27175968,False,-0.00251976,0.00071556,-0.00814321,-0.03194786
2004-07-14,XLE,1.68513621,1.26789483,False,0.01199915,-0.00303898,0.00000000,-0.03488976
2004-07-15,XLE,1.69617728,1.25970841,False,0.00655204,-0.00645670,0.00000000,-0.04112119
2004-07-16,XLE,1.71668246,1.25868509,False,0.01208905,-0.00081235,0.00000000,-0.04190013
2004-07-19,XLE,1.71089946,1.25334216,False,-0.00336871,-0.00424485,-0.00336871,-0.04596712
2004-07-20,XLE,1.70564157,1.26925869,False,-0.00307317,0.01269926,-0.00643153,-0.03385160
2004-07-21,XLE,1.67514645,1.24583800,False,-0.01787897,-0.01845226,-0.02419551,-0.05167922
2004-07-22,XLE,1.68040341,1.24924863,False,0.00313821,0.00273762,-0.02113323,-0.04908308
2004-07-23,XLE,1.67409457,1.23878898,False,-0.00375436,-0.00837275,-0.02480825,-0.05704487
2004-07-26,XLE,1.65937202,1.23640141,False,-0.00879434,-0.00192734,-0.03338441,-0.05886227
2004-07-27,XLE,1.67619739,1.24799780,False,0.01013960,0.00937915,-0.02358332,-0.05003519
2004-07-28,XLE,1.68776450,1.25174963,False,0.00690080,0.00300627,-0.01684526,-0.04717934
2004-07-29,XLE,1.69985783,1.25709359,False,0.00716529,0.00426920,-0.00980067,-0.04311156
2004-07-30,XLE,1.70616723,1.26016329,False,0.00371172,0.00244190,-0.00612532,-0.04077494
2004-08-02,XLE,1.70406347,1.26277784,False,-0.00123303,0.00207477,-0.00735080,-0.03878476
2004-08-03,XLE,1.72456977,1.25300006,False,0.01203376,-0.00774308,0.00000000,-0.04622752
2004-08-04,XLE,1.68461017,1.25288650,False,-0.02317076,-0.00009063,-0.02317076,-0.04631396
2004-08-05,XLE,1.65937202,1.23242169,False,-0.01498160,-0.01633413,-0.03780522,-0.06189159
2004-08-06,XLE,1.62624767,1.21479973,False,-0.01996198,-0.01429865,-0.05701253,-0.07530528
2004-08-09,XLE,1.65253696,1.21650569,False,0.01616561,0.00140432,-0.04176857,-0.07400671
2004-08-10,XLE,1.64622868,1.23219497,False,-0.00381733,0.01289700,-0.04542645,-0.06206417
2004-08-11,XLE,1.63781571,1.22969397,False,-0.00511045,-0.00202971,-0.05030475,-0.06396791
2004-08-12,XLE,1.61678395,1.21627792,False,-0.01284135,-0.01091007,-0.06250012,-0.07418008
2004-08-13,XLE,1.63676402,1.21866562,False,0.01235791,0.00196312,-0.05091458,-0.07236259
2004-08-16,XLE,1.64675322,1.23128534,False,0.00610302,0.01035535,-0.04512230,-0.06275658
2004-08-17,XLE,1.60889738,1.23822054,False,-0.02298817,0.00563249,-0.06707318,-0.05747756
2004-08-18,XLE,1.62992803,1.25095381,False,0.01307147,0.01028352,-0.05487846,-0.04778511
2004-08-19,XLE,1.63518611,1.24731568,False,0.00322596,-0.00290829,-0.05182954,-0.05055442
2004-08-20,XLE,1.65201112,1.25607014,False,0.01028935,0.00701864,-0.04207348,-0.04389060
2004-08-23,XLE,1.63150538,1.25288650,False,-0.01241259,-0.00253461,-0.05396383,-0.04631396
2004-08-24,XLE,1.62729974,1.25459208,False,-0.00257777,0.00136132,-0.05640249,-0.04501569
2004-08-25,XLE,1.63781571,1.26311904,False,0.00646222,0.00679660,-0.05030475,-0.03852505
2004-08-26,XLE,1.64938208,1.26311904,False,0.00706207,0.00000000,-0.04359794,-0.03852505
2004-08-27,XLE,1.65989805,1.26709875,False,0.00637571,0.00315071,-0.03750020,-0.03549572
2004-08-30,XLE,1.65253696,1.25663897,False,-0.00443466,-0.00825490,-0.04176857,-0.04345761
2004-08-31,XLE,1.67987831,1.26323298,False,0.01654508,0.00524734,-0.02591455,-0.03843831
2004-09-01,XLE,1.70932174,1.26562055,False,0.01752712,0.00189005,-0.00884164,-0.03662092
2004-09-02,XLE,1.72299297,1.27994532,False,0.00799805,0.01131837,-0.00091431,-0.02571703
2004-09-03,XLE,1.72667222,1.27471543,False,0.00213538,-0.00408603,0.00000000,-0.02969798
2004-09-07,XLE,1.72456977,1.28312896,False,-0.00121763,0.00660032,-0.00121763,-0.02329367
2004-09-08,XLE,1.72614712,1.27994532,False,0.00091463,-0.00248116,-0.00030411,-0.02571703
2004-09-09,XLE,1.75085887,1.27880910,False,0.01431613,-0.00088771,0.00000000,-0.02658191
2004-09-10,XLE,1.74139458,1.28540181,False,-0.00540551,0.00515535,-0.00540551,-0.02156360
2004-09-13,XLE,1.75348809,1.28960903,False,0.00694473,0.00327308,0.00000000,-0.01836110
2004-09-14,XLE,1.76137466,1.29222397,False,0.00449764,0.00202770,0.00000000,-0.01637063
2004-09-15,XLE,1.75559092,1.28244697,False,-0.00328365,-0.00756603,-0.00328365,-0.02381280
2004-09-16,XLE,1.76084881,1.28631196,False,0.00299494,0.00301376,-0.00029854,-0.02087080
2004-09-17,XLE,1.79056818,1.29178106,False,0.01687786,0.00425177,0.00000000,-0.01670777
2004-09-20,XLE,1.79109514,1.28401713,False,0.00029430,-0.00601025,0.00000000,-0.02261760
2004-09-21,XLE,1.83543758,1.28961202,False,0.02475717,0.00435733,0.00000000,-0.01835883
2004-09-22,XLE,1.82382399,1.27351417,False,-0.00632743,-0.01248271,-0.00632743,-0.03061237
2004-09-23,XLE,1.80693297,1.26666455,False,-0.00926132,-0.00537851,-0.01553014,-0.03582623
2004-09-24,XLE,1.82751941,1.27248656,False,0.01139303,0.00459632,-0.00431405,-0.03139458
2004-09-27,XLE,1.82646381,1.26438066,False,-0.00057761,-0.00637013,-0.00488917,-0.03756471
2004-09-28,XLE,1.85760917,1.27043237,False,0.01705227,0.00478631,0.00000000,-0.03295820
2004-09-29,XLE,1.83279869,1.27682555,False,-0.01335614,0.00503228,-0.01335614,-0.02809178
2004-09-30,XLE,1.84388383,1.27591162,False,0.00604821,-0.00071578,-0.00738871,-0.02878745
2004-10-01,XLE,1.87027743,1.29748937,False,0.01431413,0.01691163,0.00000000,-0.01236265
2004-10-04,XLE,1.86816624,1.29965802,False,-0.00112881,0.00167142,-0.00112881,-0.01071190
2004-10-05,XLE,1.88822627,1.30034301,False,0.01073782,0.00052705,0.00000000,-0.01019049
2004-10-06,XLE,1.92306687,1.30924797,False,0.01845149,0.00684817,0.00000000,-0.00341211
2004-10-07,XLE,1.90828574,1.29520586,False,-0.00768622,-0.01072532,-0.00768622,-0.01410084
2004-10-08,XLE,1.91039693,1.28447422,False,0.00110633,-0.00828566,-0.00658840,-0.02226967
2004-10-11,XLE,1.89403270,1.28972597,False,-0.00856588,0.00408863,-0.01509785,-0.01827209
2004-10-12,XLE,1.87238900,1.28470225,False,-0.01142731,-0.00389518,-0.02635263,-0.02209610
2004-10-13,XLE,1.83332714,1.27340035,False,-0.02086204,-0.00879729,-0.04666490,-0.03069900
2004-10-14,XLE,1.84810714,1.26312554,False,0.00806185,-0.00806880,-0.03897926,-0.03852010
2004-10-15,XLE,1.85602494,1.27020344,False,0.00428428,0.00560348,-0.03486198,-0.03313246
2004-10-18,XLE,1.83121520,1.27499848,False,-0.01336714,0.00377502,-0.04776312,-0.02948252
2004-10-19,XLE,1.82593592,1.26426736,False,-0.00288294,-0.00841658,-0.05050836,-0.03765096
2004-10-20,XLE,1.86605505,1.26175544,False,0.02197182,-0.00198686,-0.02964630,-0.03956301
2004-10-21,XLE,1.87661194,1.26997541,False,0.00565733,0.00651472,-0.02415669,-0.03330604
2004-10-22,XLE,1.87291782,1.25570450,False,-0.00196850,-0.01123716,-0.02607764,-0.04416893
2004-10-25,XLE,1.87450130,1.25422070,False,0.00084546,-0.00118164,-0.02525423,-0.04529838
2004-10-26,XLE,1.89508867,1.27340035,False,0.01098285,0.01529208,-0.01454874,-0.03069900
2004-10-27,XLE,1.86236038,1.28869797,False,-0.01727006,0.01201320,-0.03156754,-0.01905460
2004-10-28,XLE,1.82963116,1.29257973,False,-0.01757405,0.00301216,-0.04858682,-0.01609983
2004-10-29,XLE,1.85496879,1.29235210,False,0.01384849,-0.00017611,-0.03541118,-0.01627310
2004-11-01,XLE,1.84388383,1.29589111,False,-0.00597582,0.00273843,-0.04117539,-0.01357924
2004-11-02,XLE,1.81643445,1.29634742,False,-0.01488672,0.00035212,-0.05544915,-0.01323190
2004-11-03,XLE,1.85285816,1.31267317,False,0.02005231,0.01259365,-0.03650872,-0.00080488
2004-11-04,XLE,1.87502938,1.33059731,False,0.01196596,0.01365468,-0.02497963,0.00000000
2004-11-05,XLE,1.88611434,1.33893097,False,0.00591189,0.00626310,-0.01921542,0.00000000
2004-11-08,XLE,1.85496879,1.33699009,False,-0.01651307,-0.00144958,-0.03541118,-0.00144958
2004-11-09,XLE,1.83807759,1.33436448,False,-0.00910592,-0.00196382,-0.04419465,-0.00341055
2004-11-10,XLE,1.85972055,1.33539183,False,0.01177478,0.00076992,-0.03294026,-0.00264326
2004-11-11,XLE,1.85602494,1.34555321,False,-0.00198718,0.00760929,-0.03486198,0.00000000
2004-11-12,XLE,1.89508867,1.35617038,False,0.02104698,0.00789056,-0.01454874,0.00000000
2004-11-15,XLE,1.85391450,1.35950219,False,-0.02172678,0.00245677,-0.03595942,0.00000000
2004-11-16,XLE,1.85391450,1.34976928,False,0.00000000,-0.00715917,-0.03595942,-0.00715917
2004-11-17,XLE,1.88294737,1.35778451,False,0.01566031,0.00593823,-0.02086225,-0.00126346
2004-11-18,XLE,1.89772737,1.35961717,False,0.00784940,0.00134974,-0.01317661,0.00000000
2004-11-19,XLE,1.92042741,1.34450206,False,0.01196170,-0.01111719,-0.00137252,-0.01111719
2004-11-22,XLE,1.95104265,1.35091448,False,0.01594189,0.00476937,0.00000000,-0.00640084
2004-11-23,XLE,1.96318470,1.35297516,False,0.00622336,0.00152540,0.00000000,-0.00488521
2004-11-24,XLE,1.97954930,1.35618157,False,0.00833575,0.00236989,0.00000000,-0.00252689
2004-11-26,XLE,1.98799593,1.35515136,False,0.00426694,-0.00075964,0.00000000,-0.00328461
2004-11-29,XLE,1.97743774,1.34896709,False,-0.00531097,-0.00456352,-0.00531097,-0.00783315
2004-11-30,XLE,1.98007682,1.34988388,False,0.00133460,0.00067962,-0.00398346,-0.00715885
2004-12-01,XLE,1.93256723,1.36522728,False,-0.02399382,0.01136646,-0.02788170,0.00000000
2004-12-02,XLE,1.88136388,1.36637235,False,-0.02649499,0.00083874,-0.05363796,0.00000000
2004-12-03,XLE,1.89983968,1.36545622,False,0.00982043,-0.00067049,-0.04434428,-0.00067049
2004-12-06,XLE,1.90089490,1.36499795,False,0.00055543,-0.00033561,-0.04381348,-0.00100587
2004-12-07,XLE,1.86130478,1.35228836,False,-0.02082710,-0.00931107,-0.06372807,-0.01030758
2004-12-08,XLE,1.87397415,1.36018951,False,0.00680672,0.00584281,-0.05735513,-0.00452500
2004-12-09,XLE,1.88980995,1.36499795,False,0.00845038,0.00353512,-0.04938943,-0.00100587
2004-12-10,XLE,1.87661194,1.36637235,False,-0.00698378,0.00100689,-0.05602828,0.00000000
2004-12-13,XLE,1.90986942,1.37828106,False,0.01772209,0.00871557,-0.03929913,0.00000000
2004-12-14,XLE,1.91567621,1.38308989,False,0.00304042,0.00348900,-0.03637820,0.00000000
2004-12-15,XLE,1.92992833,1.38412062,False,0.00743973,0.00074524,-0.02920911,0.00000000
2004-12-16,XLE,1.91039693,1.38331896,False,-0.01012027,-0.00057919,-0.03903378,-0.00057919
2004-12-17,XLE,1.90991962,1.37409244,False,-0.00024985,-0.00666984,-0.03927388,-0.00724517
2004-12-20,XLE,1.93323141,1.37443754,False,0.01220564,0.00025114,-0.02754760,-0.00699584
2004-12-21,XLE,1.94965552,1.38502180,False,0.00849568,0.00770080,-0.01928596,0.00000000
2004-12-22,XLE,1.92316579,1.38835828,False,-0.01358688,0.00240898,-0.03261080,0.00000000
2004-12-23,XLE,1.93429110,1.38939292,False,0.00578489,0.00074522,-0.02701456,0.00000000
2004-12-27,XLE,1.90038338,1.38651730,False,-0.01752979,-0.00206970,-0.04407079,-0.00206970
2004-12-28,XLE,1.91362917,1.39411056,False,0.00697007,0.00547650,-0.03740790,0.00000000
2004-12-29,XLE,1.92793354,1.39618061,False,0.00747499,0.00148485,-0.03021253,0.00000000
2004-12-30,XLE,1.91945605,1.39353458,False,-0.00439719,-0.00189519,-0.03447687,-0.00189519
2004-12-31,XLE,1.92422454,1.39054332,False,0.00248429,-0.00214653,-0.03207823,-0.00403765
2005-01-03,XLE,1.85323172,1.38398599,False,-0.03689425,-0.00471566,-0.06778898,-0.00873427
2005-01-04,XLE,1.84369566,1.36707477,False,-0.00514564,-0.01221922,-0.07258580,-0.02084676
2005-01-05,XLE,1.83574885,1.35764169,False,-0.00431026,-0.00690019,-0.07658319,-0.02760311
2005-01-06,XLE,1.86753683,1.36454359,False,0.01731608,0.00508374,-0.06059323,-0.02265969
2005-01-07,XLE,1.85270160,1.36258788,False,-0.00794374,-0.00143324,-0.06805564,-0.02406045
2005-01-10,XLE,1.86647658,1.36903061,False,0.00743508,0.00472830,-0.06112656,-0.01944591
2005-01-11,XLE,1.86912645,1.35959623,False,0.00141972,-0.00689128,-0.05979362,-0.02620319
2005-01-12,XLE,1.90197281,1.36408351,False,0.01757311,0.00330045,-0.04327127,-0.02298922
2005-01-13,XLE,1.91468830,1.35315415,False,0.00668542,-0.00801224,-0.03687514,-0.03081726
2005-01-14,XLE,1.93164179,1.36028720,False,0.00885444,0.00527143,-0.02834721,-0.02570829
2005-01-18,XLE,1.95071502,1.37443754,False,0.00987410,0.01040246,-0.01875301,-0.01557326
2005-01-19,XLE,1.94382697,1.36005670,False,-0.00353104,-0.01046307,-0.02221783,-0.02587338
2005-01-20,XLE,1.92422454,1.35177377,False,-0.01008445,-0.00609014,-0.03207823,-0.03180595
2005-01-21,XLE,1.92846348,1.34349057,False,0.00220293,-0.00612765,-0.02994596,-0.03773870
2005-01-24,XLE,1.94541659,1.34084454,False,0.00879100,-0.00196952,-0.02141822,-0.03963389
2005-01-25,XLE,1.95336303,1.34464085,False,0.00408470,0.00283128,-0.01742101,-0.03691483
2005-01-26,XLE,1.97243626,1.34866739,False,0.00976430,0.00299451,-0.00782681,-0.03403086
2005-01-27,XLE,1.98991932,1.35096807,False,0.00886369,0.00170589,0.00000000,-0.03238302
2005-01-28,XLE,1.96607833,1.35096807,False,-0.01198088,0.00000000,-0.01198088,-0.03238302
2005-01-31,XLE,1.98938975,1.35936690,False,0.01185681,0.00621690,-0.00026612,-0.02636744
2005-02-01,XLE,2.02329636,1.36799493,False,0.01704372,0.00634709,0.00000000,-0.02018770
2005-02-02,XLE,2.05137590,1.37213634,False,0.01387812,0.00302735,0.00000000,-0.01722147
2005-02-03,XLE,2.06144171,1.36856988,False,0.00490686,-0.00259920,0.00000000,-0.01977591
2005-02-04,XLE,2.06885951,1.38318081,False,0.00359836,0.01067606,0.00000000,-0.00931097
2005-02-07,XLE,2.05508434,1.38133996,False,-0.00665834,-0.00133088,-0.00665834,-0.01062947
2005-02-08,XLE,2.06991976,1.38295071,False,0.00721889,0.00116608,0.00000000,-0.00947578
2005-02-09,XLE,2.06621020,1.37259655,False,-0.00179212,-0.00748700,-0.00179212,-0.01689184
2005-02-10,XLE,2.12289885,1.37754339,False,0.02743605,0.00360400,0.00000000,-0.01334872
2005-02-11,XLE,2.14144140,1.38939292,False,0.00873454,0.00860193,0.00000000,-0.00486162
2005-02-14,XLE,2.14409034,1.38835828,False,0.00123699,-0.00074467,0.00000000,-0.00560266
2005-02-15,XLE,2.14885939,1.39353458,False,0.00222428,0.00372836,0.00000000,-0.00189519
2005-02-16,XLE,2.20925648,1.39445566,False,0.02810658,0.00066097,0.00000000,-0.00123548
2005-02-17,XLE,2.17958638,1.38318081,False,-0.01342990,-0.00808548,-0.01342990,-0.00931097
2005-02-18,XLE,2.22779866,1.38502180,False,0.02211992,0.00133098,0.00000000,-0.00799239
2005-02-22,XLE,2.21190448,1.36442912,False,-0.00713447,-0.01486812,-0.00713447,-0.02274168
2005-02-23,XLE,2.23998421,1.37420756,False,0.01269482,0.00716669,0.00000000,-0.01573797
2005-02-24,XLE,2.28395848,1.38329554,False,0.01963151,0.00661325,0.00000000,-0.00922880
2005-02-25,XLE,2.34011589,1.39698618,False,0.02458775,0.00989712,0.00000000,0.00000000
2005-02-28,XLE,2.32316241,1.38778230,False,-0.00724472,-0.00658838,-0.00724472,-0.00658838
2005-03-01,XLE,2.27812919,1.39468524,False,-0.01938445,0.00497408,-0.02648873,-0.00164707
2005-03-02,XLE,2.31150679,1.39399505,False,0.01465132,-0.00049487,-0.01222551,-0.00214113
2005-03-03,XLE,2.34965158,1.39457026,False,0.01650213,0.00041263,0.00000000,-0.00172938
2005-03-04,XLE,2.37985049,1.41194261,False,0.01285251,0.01245713,0.00000000,0.00000000
2005-03-07,XLE,2.36342657,1.41263189,False,-0.00690124,0.00048818,-0.00690124,0.00000000
2005-03-08,XLE,2.36077856,1.40734047,False,-0.00112041,-0.00374579,-0.00801392,-0.00374579
2005-03-09,XLE,2.29561299,1.39169425,False,-0.02760343,-0.01111758,-0.03539613,-0.01482172
2005-03-10,XLE,2.24899089,1.39480010,False,-0.02030921,0.00223171,-0.05498648,-0.01262309
2005-03-11,XLE,2.26753289,1.38502180,False,0.00824458,-0.00701054,-0.04719524,-0.01954514
2005-03-14,XLE,2.28395848,1.39364970,False,0.00724382,0.00622943,-0.04029329,-0.01343746
2005-03-15,XLE,2.25216902,1.38214527,False,-0.01391858,-0.00825489,-0.05365105,-0.02158143
2005-03-16,XLE,2.25958626,1.37041086,False,0.00329338,-0.00849000,-0.05053436,-0.02988820
2005-03-17,XLE,2.29879167,1.37317227,False,0.01735070,0.00201502,-0.03406047,-0.02793340
2005-03-18,XLE,2.32717727,1.36909487,False,0.01234805,-0.00296933,-0.02213300,-0.03081979
2005-03-21,XLE,2.30697704,1.36401288,False,-0.00868014,-0.00371194,-0.03062102,-0.03441732
2005-03-22,XLE,2.27933540,1.35015353,False,-0.01198176,-0.01016072,-0.04223589,-0.04422834
2005-03-23,XLE,2.23574918,1.35130848,False,-0.01912233,0.00085543,-0.06055057,-0.04341075
2005-03-24,XLE,2.23415361,1.35292495,False,-0.00071366,0.00119623,-0.06122102,-0.04226645
2005-03-28,XLE,2.23681166,1.35488925,False,0.00118973,0.00145189,-0.06010413,-0.04087592
2005-03-29,XLE,2.20066538,1.34588036,False,-0.01615973,-0.00664918,-0.07529259,-0.04725331
2005-03-30,XLE,2.23362200,1.36493669,False,0.01497576,0.01415901,-0.06144440,-0.03376336
2005-03-31,XLE,2.27880490,1.36239680,False,0.02022854,-0.00186081,-0.04245880,-0.03556134
2005-04-01,XLE,2.33515123,1.35627445,False,0.02472626,-0.00449381,-0.01878238,-0.03989535
2005-04-04,XLE,2.31495100,1.35858488,False,-0.00865050,0.00170351,-0.02727041,-0.03825979
2005-04-05,XLE,2.28571490,1.36505232,False,-0.01262925,0.00476043,-0.03955526,-0.03368150
2005-04-06,XLE,2.32186025,1.36978857,False,0.01581359,0.00346964,-0.02436718,-0.03032872
2005-04-07,XLE,2.31282642,1.37717957,False,-0.00389077,0.00539572,-0.02816314,-0.02509664
2005-04-08,XLE,2.27083095,1.36285805,False,-0.01815764,-0.01039916,-0.04580941,-0.03523482
2005-04-11,XLE,2.28784096,1.36389750,False,0.00749066,0.00076270,-0.03866190,-0.03449900
2005-04-12,XLE,2.25169542,1.37094275,False,-0.01579897,0.00516553,-0.05385005,-0.02951168
2005-04-13,XLE,2.19641324,1.35477322,False,-0.02455136,-0.01179446,-0.07707932,-0.04095806
2005-04-14,XLE,2.19534984,1.33710274,False,-0.00048415,-0.01304313,-0.07752615,-0.05346697
2005-04-15,XLE,2.11189459,1.31839215,False,-0.03801456,-0.01399338,-0.11259359,-0.06671217
2005-04-18,XLE,2.15016731,1.32243430,False,0.01812246,0.00306597,-0.09651160,-0.06385073
2005-04-19,XLE,2.20066538,1.33294442,False,0.02348564,0.00794755,-0.07529259,-0.05641064
2005-04-20,XLE,2.15548248,1.31434948,False,-0.02053147,-0.01395028,-0.09427820,-0.06957397
2005-04-21,XLE,2.22990074,1.33987403,False,0.03452511,0.01941992,-0.06300806,-0.05150517
2005-04-22,XLE,2.23468578,1.33479256,False,0.00214586,-0.00379250,-0.06099741,-0.05510234
2005-04-25,XLE,2.26604683,1.34357005,False,0.01403376,0.00657592,-0.04781967,-0.04888877
2005-04-26,XLE,2.22883863,1.33051913,False,-0.01641987,-0.00971361,-0.06345435,-0.05812750
2005-04-27,XLE,2.17142927,1.33571650,False,-0.02575752,0.00390627,-0.08757744,-0.05444829
2005-04-28,XLE,2.12784194,1.31896917,False,-0.02007310,-0.01253809,-0.10589260,-0.06630369
2005-04-29,XLE,2.15548248,1.33687159,False,0.01298994,0.01357303,-0.09427820,-0.05363060
2005-05-02,XLE,2.19428681,1.34437848,False,0.01800262,0.00561527,-0.07797283,-0.04831648
2005-05-03,XLE,2.14272478,1.34668879,False,-0.02349831,0.00171849,-0.09963891,-0.04668102
2005-05-04,XLE,2.16770819,1.35708327,False,0.01165965,0.00771855,-0.08914102,-0.03932278
2005-05-05,XLE,2.19109715,1.35662149,False,0.01078972,-0.00034027,-0.07931311,-0.03964967
2005-05-06,XLE,2.18471802,1.35234832,False,-0.00291138,-0.00314986,-0.08199358,-0.04267465
2005-05-09,XLE,2.21395487,1.36077902,False,0.01338243,0.00623412,-0.06970842,-0.03670656
2005-05-10,XLE,2.17674611,1.34668879,False,-0.01680647,-0.01035454,-0.08534334,-0.04668102
2005-05-11,XLE,2.19003430,1.35408056,False,0.00610461,0.00548885,-0.07975971,-0.04144840
2005-05-12,XLE,2.09435371,1.33918176,False,-0.04368908,-0.01100289,-0.11996417,-0.05199523
2005-05-13,XLE,2.06245863,1.33652493,False,-0.01522908,-0.00198392,-0.13336630,-0.05387600
2005-05-16,XLE,2.05342275,1.34899909,False,-0.00438112,0.00933328,-0.13716313,-0.04504556
2005-05-17,XLE,2.09009972,1.35800708,False,0.01786138,0.00667753,-0.12175167,-0.03866882
2005-05-18,XLE,2.08584721,1.37198220,False,-0.00203459,0.01029090,-0.12353855,-0.02877585
2005-05-19,XLE,2.12358925,1.37775685,False,0.01809435,0.00420899,-0.10767955,-0.02468799
2005-05-20,XLE,2.10764246,1.37579372,False,-0.00750936,-0.00142487,-0.11438031,-0.02607768
2005-05-23,XLE,2.14272478,1.38341677,False,0.01664529,0.00554084,-0.09963891,-0.02068133
2005-05-24,XLE,2.15176140,1.38018214,False,0.00421735,-0.00233815,-0.09584178,-0.02297113
2005-05-25,XLE,2.18471802,1.37914308,False,0.01531612,-0.00075284,-0.08199358,-0.02370667
2005-05-26,XLE,2.19588145,1.38653499,False,0.00510978,0.00535978,-0.07730277,-0.01847395
2005-05-27,XLE,2.23255953,1.38884412,False,0.01670312,0.00166540,-0.06189085,-0.01683932
2005-05-31,XLE,2.21554970,1.37995151,False,-0.00761898,-0.00640288,-0.06903828,-0.02313439
2005-06-01,XLK,2.24591456,1.39173236,True,0.01370534,0.00853714,-0.05627914,-0.01479474
2005-06-02,XLK,2.25583297,1.39473493,True,0.00441620,0.00215744,-0.05211148,-0.01266923
2005-06-03,XLK,2.23158816,1.38768969,True,-0.01074761,-0.00505132,-0.06229901,-0.01765655
2005-06-06,XLK,2.22828179,1.38641948,True,-0.00148162,-0.00091534,-0.06368833,-0.01855572
2005-06-07,XLK,2.21946678,1.38745893,True,-0.00395597,0.00074974,-0.06739235,-0.01781990
2005-06-08,XLK,2.22387408,1.38491774,True,0.00198575,-0.00183154,-0.06554043,-0.01961880
2005-06-09,XLK,2.23489425,1.39150108,True,0.00495539,0.00475360,-0.06090981,-0.01495846
2005-06-10,XLK,2.22277205,1.38826710,True,-0.00542406,-0.00232410,-0.06600349,-0.01724780
2005-06-13,XLK,2.23158816,1.39265617,True,0.00396627,0.00316155,-0.06229901,-0.01414078
2005-06-14,XLK,2.21836365,1.39588976,True,-0.00592605,0.00232189,-0.06785588,-0.01185173
2005-06-15,XLK,2.23158816,1.39854672,True,0.00596138,0.00190342,-0.06229901,-0.00997087
2005-06-16,XLK,2.23599642,1.40212684,True,0.00197539,0.00255988,-0.06044669,-0.00743651
2005-06-17,XLK,2.23709955,1.40732135,True,0.00049335,0.00370474,-0.05998316,-0.00375932
2005-06-20,XLK,2.23379195,1.40778572,True,-0.00147852,0.00032997,-0.06137299,-0.00343059
2005-06-21,XLK,2.24371050,1.40859702,True,0.00444023,0.00057629,-0.05720527,-0.00285628
2005-06-22,XLK,2.24811876,1.40975731,True,0.00196472,0.00082372,-0.05535295,-0.00203491
2005-06-23,XLK,2.23048681,1.38992728,True,-0.00784298,-0.01406627,-0.06276179,-0.01607256
2005-06-24,XLK,2.20293659,1.37972271,True,-0.01235166,-0.00734180,-0.07433824,-0.02329636
2005-06-27,XLK,2.18530369,1.38169416,True,-0.00800427,0.00142888,-0.08174749,-0.02190077
2005-06-28,XLK,2.21285473,1.39329121,True,0.01260742,0.00839335,-0.07017069,-0.01369124
2005-06-29,XLK,2.21616014,1.38957997,True,0.00149373,-0.00266365,-0.06878178,-0.01631842
2005-06-30,XLK,2.19522128,1.38204199,True,-0.00944826,-0.00542465,-0.07758017,-0.02165454
2005-07-01,XLE,2.25233610,1.38610053,True,0.02601780,0.00293663,-0.05358084,-0.01878151
2005-07-05,XLE,2.31974664,1.39723320,True,0.02992917,0.00803165,-0.02525531,-0.01090071
2005-07-06,XLE,2.27811015,1.38552117,True,-0.01794872,-0.00838230,-0.04275073,-0.01919164
2005-07-07,XLE,2.30735500,1.39097102,True,0.01283733,0.00393343,-0.03046221,-0.01533370
2005-07-08,XLE,2.29198933,1.40685814,True,-0.00665943,0.01142161,-0.03691877,-0.00408722
2005-07-11,XLE,2.30884235,1.41404765,True,0.00735301,0.00511033,-0.02983723,0.00000000
2005-07-12,XLE,2.32966016,1.41775875,True,0.00901656,0.00262446,-0.02108970,0.00000000
2005-07-13,XLE,2.31627758,1.41972995,True,-0.00574444,0.00139036,-0.02671299,0.00000000
2005-07-14,XLE,2.26076157,1.42529648,True,-0.02396777,0.00392084,-0.05004050,0.00000000
2005-07-15,XLE,2.24886514,1.42448427,True,-0.00526214,-0.00056985,-0.05503932,-0.00056985
2005-07-18,XLE,2.23944873,1.41880275,True,-0.00418718,-0.00398847,-0.05899604,-0.00455605
2005-07-19,XLE,2.28752812,1.42657201,True,0.02146930,0.00547593,-0.03879335,0.00000000
2005-07-20,XLE,2.29000624,1.43144250,True,0.00108332,0.00341412,-0.03775206,0.00000000
2005-07-21,XLE,2.26770159,1.42309284,True,-0.00973999,-0.00583304,-0.04712435,-0.00583304
2005-07-22,XLE,2.34899131,1.43260201,True,0.03584674,0.00668205,-0.01296686,0.00000000
2005-07-25,XLE,2.37080282,1.42854295,True,0.00928548,-0.00283335,-0.00380178,-0.00283335
2005-07-26,XLE,2.36534878,1.43028247,True,-0.00230051,0.00121769,-0.00609354,-0.00161911
2005-07-27,XLE,2.37724539,1.43550117,True,0.00502954,0.00364872,-0.00109465,0.00000000
2005-07-28,XLE,2.38418489,1.44454649,True,0.00291914,0.00630116,0.00000000,0.00000000
2005-07-29,XLE,2.35940004,1.43492142,True,-0.01039552,-0.00666304,-0.01039552,-0.00666304
2005-08-01,XLE,2.38418489,1.43387729,False,0.01050472,-0.00072766,0.00000000,-0.00738585
2005-08-02,XLE,2.42383881,1.44245849,False,0.01663207,0.00598461,0.00000000,-0.00144544
2005-08-03,XLE,2.41194307,1.44628576,False,-0.00490781,0.00265329,-0.00490781,0.00000000
2005-08-04,XLE,2.41689931,1.43468975,False,0.00205488,-0.00801778,-0.00286302,-0.00801778
2005-08-05,XLE,2.39855927,1.42494852,False,-0.00758825,-0.00678978,-0.01042955,-0.01475313
2005-08-08,XLE,2.43325574,1.42228102,False,0.01446555,-0.00187199,0.00000000,-0.01659750
2005-08-09,XLE,2.42780342,1.43086236,False,-0.00224075,0.00603350,-0.00224075,-0.01066414
2005-08-10,XLE,2.46745682,1.43016709,False,0.01633304,-0.00048591,0.00000000,-0.01114487
2005-08-11,XLE,2.49125056,1.43584913,False,0.00964302,0.00397299,0.00000000,-0.00721616
2005-08-12,XLE,2.48678935,1.42703548,False,-0.00179075,-0.00613828,-0.00179075,-0.01331015
2005-08-15,XLE,2.46250162,1.43584913,False,-0.00976670,0.00617620,-0.01153996,-0.00721616
2005-08-16,XLE,2.40847210,1.41717900,False,-0.02194090,-0.01300285,-0.03322767,-0.02012518
2005-08-17,XLE,2.35295731,1.41706323,False,-0.02304980,-0.00008169,-0.05551158,-0.02020522
2005-08-18,XLE,2.34800003,1.41694694,False,-0.00210683,-0.00008206,-0.05750145,-0.02028563
2005-08-19,XLE,2.38814881,1.42019393,False,0.01709914,0.00229154,-0.04138554,-0.01804057
2005-08-22,XLE,2.39409737,1.42019393,False,0.00249087,0.00000000,-0.03899776,-0.01804057
2005-08-23,XLE,2.38963634,1.41752683,False,-0.00186335,-0.00187799,-0.04078844,-0.01988468
2005-08-24,XLE,2.41243879,1.40488695,False,0.00954223,-0.00891685,-0.03163542,-0.02862422
2005-08-25,XLE,2.40599398,1.40998897,False,-0.00267149,0.00363163,-0.03422240,-0.02509655
2005-08-26,XLE,2.37873188,1.40036481,False,-0.01133091,-0.00682570,-0.04516554,-0.03175095
2005-08-29,XLE,2.39806458,1.41114913,False,0.00812731,0.00770108,-0.03740530,-0.02429438
2005-08-30,XLE,2.44267474,1.40372718,False,0.01860257,-0.00525951,-0.01949857,-0.02942612
2005-08-31,XLE,2.51008598,1.42146921,False,0.02759730,0.01263923,0.00000000,-0.01715881
2005-09-01,XLE,2.57551430,1.42042573,False,0.02606617,-0.00073409,0.00000000,-0.01788030
2005-09-02,XLE,2.52545061,1.41787504,False,-0.01943833,-0.00179572,-0.01943833,-0.01964391
2005-09-06,XLE,2.54329491,1.43445769,False,0.00706579,0.01169542,-0.01250988,-0.00817823
2005-09-07,XLE,2.54726022,1.43689235,False,0.00155912,0.00169727,-0.01097027,-0.00649485
2005-09-08,XLE,2.55073049,1.43213815,False,0.00136235,-0.00330867,-0.00962286,-0.00978202
2005-09-09,XLE,2.61715009,1.44489367,False,0.02603944,0.00890662,0.00000000,-0.00096253
2005-09-12,XLE,2.56361907,1.44199476,False,-0.02045394,-0.00200631,-0.02045394,-0.00296690
2005-09-13,XLE,2.54180808,1.43399358,False,-0.00850789,-0.00554869,-0.02878781,-0.00849914
2005-09-14,XLE,2.57353173,1.42877552,False,0.01248074,-0.00363883,-0.01666636,-0.01210703
2005-09-15,XLE,2.57353173,1.42807909,False,0.00000000,-0.00048743,-0.01666636,-0.01258857
2005-09-16,XLE,2.59878361,1.43823436,False,0.00981215,0.00711114,-0.00701774,-0.00556695
2005-09-19,XLE,2.66738110,1.43345987,False,0.02639600,-0.00331969,0.00000000,-0.00886815
2005-09-20,XLE,2.64203173,1.42134811,False,-0.00950347,-0.00844932,-0.00950347,-0.01724255
2005-09-21,XLE,2.67931280,1.40807241,False,0.01411076,-0.00934021,0.00000000,-0.02642171
2005-09-22,XLE,2.65942975,1.41307974,False,-0.00742095,0.00355616,-0.00742095,-0.02295951
2005-09-23,XLE,2.61270133,1.41424471,False,-0.01757084,0.00082442,-0.02486140,-0.02215402
2005-09-26,XLE,2.66042293,1.41587471,False,0.01826523,0.00115256,-0.00705026,-0.02102699
2005-09-27,XLE,2.66241224,1.41552559,False,0.00074774,-0.00024658,-0.00630780,-0.02126839
2005-09-28,XLE,2.68428304,1.41692275,False,0.00821466,0.00098703,0.00000000,-0.02030236
2005-09-29,XLE,2.71013315,1.42845176,False,0.00963017,0.00813666,0.00000000,-0.01233089
2005-09-30,XLE,2.66787959,1.43287725,False,-0.01559095,0.00309810,-0.01559095,-0.00927099
2005-10-03,XLE,2.66092073,1.42775312,False,-0.00260839,-0.00357612,-0.01815867,-0.01281395
2005-10-04,XLE,2.56498181,1.41168232,False,-0.03605479,-0.01125600,-0.05355875,-0.02392572
2005-10-05,XLE,2.46655819,1.39316568,False,-0.03837205,-0.01311672,-0.08987564,-0.03672862
2005-10-06,XLE,2.40790067,1.38815822,False,-0.02378112,-0.00359430,-0.11151942,-0.04019090
2005-10-07,XLE,2.46208367,1.39293297,False,0.02250218,0.00343963,-0.09152667,-0.03688952
2005-10-10,XLE,2.42480244,1.38117164,False,-0.01514215,-0.00844357,-0.10528291,-0.04502161
2005-10-11,XLE,2.48296215,1.37919134,False,0.02398534,-0.00143378,-0.08382282,-0.04639084
2005-10-12,XLE,2.43524090,1.36836084,False,-0.01921948,-0.00785279,-0.10143127,-0.05387933
2005-10-13,XLE,2.36912810,1.36754500,False,-0.02714836,-0.00059622,-0.12582594,-0.05444343
2005-10-14,XLE,2.40293112,1.38198566,False,0.01426812,0.01055955,-0.11335311,-0.04445877
2005-10-17,XLE,2.43275552,1.38711019,False,0.01241168,0.00370809,-0.10234834,-0.04091554
2005-10-18,XLE,2.31991672,1.37208717,False,-0.04638312,-0.01083045,-0.14398423,-0.05130285
2005-10-19,XLE,2.37211128,1.39491249,False,0.02249846,0.01663548,-0.12472519,-0.03552083
2005-10-20,XLE,2.26424221,1.37033997,False,-0.04547387,-0.01761582,-0.16452732,-0.05251091
2005-10-21,XLE,2.28760521,1.37569733,False,0.01031824,0.00390952,-0.15590671,-0.04880669
2005-10-24,XLE,2.36912810,1.39700882,False,0.03563678,0.01549140,-0.12582594,-0.03407137
2005-10-25,XLE,2.41834017,1.39421423,False,0.02077223,-0.00200040,-0.10766740,-0.03600362
2005-10-26,XLE,2.40392413,1.39013748,False,-0.00596113,-0.00292405,-0.11298671,-0.03882239
2005-10-27,XLE,2.33582392,1.37534743,False,-0.02832877,-0.01063927,-0.13811470,-0.04904863
2005-10-28,XLE,2.39945099,1.39514559,False,0.02723967,0.01439503,-0.11463723,-0.03535966
2005-10-31,XLE,2.42679140,1.39898885,False,0.01139444,0.00275474,-0.10454901,-0.03270232
2005-11-01,XLE,2.44170282,1.40318086,False,0.00614450,0.00299645,-0.09904691,-0.02980386
2005-11-02,XLE,2.48942338,1.41785527,False,0.01954397,0.01045796,-0.08143872,-0.01965758
2005-11-03,XLE,2.53664735,1.42391063,False,0.01896984,0.00427079,-0.06401375,-0.01547075
2005-11-04,XLE,2.46059355,1.42204727,False,-0.02998202,-0.00130862,-0.09207651,-0.01675912
2005-11-07,XLE,2.41784358,1.42344430,False,-0.01737385,0.00098241,-0.10785063,-0.01579318
2005-11-08,XLE,2.43822322,1.42344430,False,0.00842885,0.00000000,-0.10033084,-0.01579318
2005-11-09,XLE,2.41585461,1.42530792,False,-0.00917414,0.00130923,-0.10858453,-0.01450463
2005-11-10,XLE,2.34079434,1.43637087,False,-0.03106986,0.00776180,-0.13628069,-0.00685541
2005-11-11,XLE,2.35968369,1.44126191,False,0.00806963,0.00340514,-0.12931079,-0.00347362
2005-11-14,XLE,2.37211128,1.44044697,False,0.00526664,-0.00056543,-0.12472519,-0.00403709
2005-11-15,XLE,2.37608731,1.43520616,False,0.00167615,-0.00363833,-0.12325809,-0.00766073
2005-11-16,XLE,2.43772697,1.43811794,False,0.02594167,0.00202882,-0.10051395,-0.00564744
2005-11-17,XLE,2.43673240,1.45151044,False,-0.00040799,0.00931252,-0.10088093,0.00000000
2005-11-18,XLE,2.43772697,1.45721655,False,0.00040816,0.00393115,-0.10051395,0.00000000
2005-11-21,XLE,2.49837207,1.46455356,False,0.02487772,0.00503495,-0.07813678,0.00000000
2005-11-22,XLE,2.53813972,1.47084241,False,0.01591743,0.00429404,-0.06346309,0.00000000
2005-11-23,XLE,2.52869358,1.47934361,False,-0.00372168,0.00577982,-0.06694858,0.00000000
2005-11-25,XLE,2.53515533,1.48050780,False,0.00255537,0.00078697,-0.06456429,0.00000000
2005-11-28,XLE,2.44965780,1.47002669,False,-0.03372477,-0.00707940,-0.09611164,-0.00707940
2005-11-29,XLE,2.45363244,1.46839708,False,0.00162253,-0.00110856,-0.09464506,-0.00818011
2005-11-30,XLE,2.46307772,1.46047706,False,0.00384951,-0.00539365,-0.09115988,-0.01352964
2005-12-01,XLE,2.54112152,1.47538380,False,0.03168548,0.01020676,-0.06236285,-0.00346098
2005-12-02,XLE,2.54360639,1.47724729,False,0.00097786,0.00126305,-0.06144597,-0.00220230
2005-12-05,XLE,2.56150186,1.47410280,False,0.00703547,-0.00212861,-0.05484280,-0.00432622
2005-12-06,XLE,2.57243760,1.47689829,False,0.00426927,0.00189640,-0.05080767,-0.00243803
2005-12-07,XLE,2.56299371,1.46828053,False,-0.00367119,-0.00583504,-0.05429233,-0.00825884
2005-12-08,XLE,2.60822785,1.46734866,False,0.01764895,-0.00063467,-0.03760158,-0.00888826
2005-12-09,XLE,2.57591721,1.47119180,False,-0.01238797,0.00261910,-0.04952374,-0.00629244
2005-12-12,XLE,2.60922242,1.47258909,False,0.01292946,0.00094977,-0.03723460,-0.00534865
2005-12-13,XLE,2.59828650,1.48260478,False,-0.00419126,0.00680142,-0.04126980,0.00000000
2005-12-14,XLE,2.62960292,1.48842769,False,0.01205272,0.00392749,-0.02971449,0.00000000
2005-12-15,XLE,2.60872531,1.48411849,False,-0.00793946,-0.00289514,-0.03741803,-0.00289514
2005-12-16,XLE,2.54528042,1.47934153,False,-0.02432026,-0.00321872,-0.06082828,-0.00610454
2005-12-19,XLE,2.52434784,1.47173175,False,-0.00822408,-0.00514403,-0.06855210,-0.01121717
2005-12-20,XLE,2.55873715,1.47313658,False,0.01362305,0.00095455,-0.05586294,-0.01027333
2005-12-21,XLE,2.56421972,1.47547784,False,0.00214268,0.00158930,-0.05383995,-0.00870036
2005-12-22,XLE,2.56122962,1.48320496,False,-0.00116609,0.00523703,-0.05494325,-0.00350889
2005-12-23,XLE,2.55425088,1.48402419,False,-0.00272476,0.00055234,-0.05751830,-0.00295850
2005-12-27,XLE,2.47899443,1.46892221,False,-0.02946322,-0.01017637,-0.08528685,-0.01310476
2005-12-28,XLE,2.51637350,1.47219924,False,0.01507832,0.00223091,-0.07149451,-0.01090308
2005-12-29,XLE,2.49693657,1.46564413,False,-0.00772418,-0.00445260,-0.07866646,-0.01530714
2005-12-30,XLE,2.50740165,1.45768287,False,0.00419117,-0.00543191,-0.07480500,-0.02065590
2006-01-03,XLE,2.62651759,1.48332203,False,0.04750573,0.01758898,-0.03085293,-0.00343024
2006-01-04,XLE,2.63399257,1.49034725,False,0.00284597,0.00473614,-0.02809477,0.00000000
2006-01-05,XLE,2.60060215,1.49128263,False,-0.01267674,0.00062763,-0.04041536,0.00000000
2006-01-06,XLE,2.66439498,1.50369305,False,0.02453002,0.00832198,-0.01687672,0.00000000
2006-01-09,XLE,2.66140488,1.50755622,False,-0.00112224,0.00256912,-0.01798003,0.00000000
2006-01-10,XLE,2.69031094,1.50907851,False,0.01086120,0.00100978,-0.00731411,0.00000000
2006-01-11,XLE,2.70177525,1.51387798,False,0.00426133,0.00318039,-0.00308394,0.00000000
2006-01-12,XLE,2.68233642,1.50790730,False,-0.00719484,-0.00394396,-0.01025659,-0.00394396
2006-01-13,XLE,2.71423414,1.50650233,False,0.01189176,-0.00093173,0.00000000,-0.00487202
2006-01-17,XLE,2.77404144,1.50240502,False,0.02203469,-0.00271975,0.00000000,-0.00757852
2006-01-18,XLE,2.75111627,1.49643460,False,-0.00826418,-0.00397391,-0.00826418,-0.01152231
2006-01-19,XLE,2.79896094,1.50217102,False,0.01739100,0.00383339,0.00000000,-0.00773309
2006-01-20,XLE,2.81142103,1.47477569,False,0.00445169,-0.01823716,0.00000000,-0.02582922
2006-01-23,XLE,2.84232089,1.48004343,False,0.01099083,0.00357189,0.00000000,-0.02234959
2006-01-24,XLE,2.82537435,1.48156598,False,-0.00596222,0.00102872,-0.00596222,-0.02134386
2006-01-25,XLE,2.76606796,1.48285401,False,-0.02099063,0.00086937,-0.02682770,-0.02049304
2006-01-26,XLE,2.77503739,1.49104953,False,0.00324266,0.00552686,-0.02367203,-0.01507945
2006-01-27,XLE,2.82338194,1.50486323,False,0.01742122,0.00926441,-0.00666320,-0.00595474
2006-01-30,XLE,2.88817262,1.50369305,False,0.02294790,-0.00077760,0.00000000,-0.00672771
2006-01-31,XLE,2.87371855,1.49268747,False,-0.00500457,-0.00731904,-0.00500457,-0.01399750
2006-02-01,XLE,2.80543980,1.50310705,False,-0.02375972,0.00698042,-0.02864539,-0.00711479
2006-02-02,XLE,2.77753038,1.48566394,False,-0.00994832,-0.01160470,-0.03830874,-0.01863693
2006-02-03,XLE,2.75211256,1.47828803,False,-0.00915123,-0.00496472,-0.04710939,-0.02350912
2006-02-06,XLE,2.80593915,1.48215159,False,0.01955828,0.00261353,-0.02847249,-0.02095703
2006-02-07,XLE,2.68881788,1.46903862,False,-0.04174049,-0.00884725,-0.06902452,-0.02961887
2006-02-08,XLE,2.68931516,1.48238482,False,0.00018495,0.00908499,-0.06885235,-0.02080297
2006-02-09,XLE,2.62801341,1.47992701,False,-0.02279456,-0.00165801,-0.09007744,-0.02242649
2006-02-10,XLE,2.61854411,1.48261922,False,-0.00360322,0.00181915,-0.09335609,-0.02064813
2006-02-13,XLE,2.60807713,1.47992701,False,-0.00399725,-0.00181585,-0.09698018,-0.02242649
2006-02-14,XLE,2.57867344,1.49561473,False,-0.01127409,0.01060033,-0.10716090,-0.01206388
2006-02-15,XLE,2.56471787,1.50088299,False,-0.00541192,0.00352247,-0.11199287,-0.00858391
2006-02-16,XLE,2.62352801,1.51212206,False,0.02293045,0.00748831,-0.09163047,-0.00115988
2006-02-17,XLE,2.64196864,1.50802450,False,0.00702894,-0.00270981,-0.08524559,-0.00386655
2006-02-21,XLE,2.69380057,1.50427814,False,0.01961868,-0.00248428,-0.06729932,-0.00634122
2006-02-22,XLE,2.64346343,1.51340983,False,-0.01868629,0.00607048,-0.08472803,-0.00030924
2006-02-23,XLE,2.64047264,1.51118551,False,-0.00113139,-0.00146974,-0.08576356,-0.00177853
2006-02-24,XLE,2.67286695,1.51504867,False,0.01226837,0.00255638,-0.07454737,0.00000000
2006-02-27,XLE,2.62651759,1.51563454,False,-0.01734069,0.00038670,-0.09059536,0.00000000
2006-02-28,XLE,2.60857597,1.50123446,False,-0.00683095,-0.00950103,-0.09680746,-0.00950103
2006-03-01,XLE,2.65293239,1.51458065,False,0.01700408,0.00889015,-0.08144950,-0.00069534
2006-03-02,XLE,2.69728899,1.51446332,False,0.01671984,-0.00007747,-0.06609149,-0.00077276
2006-03-03,XLE,2.69778765,1.50743928,False,0.00018488,-0.00463798,-0.06591883,-0.00540715
2006-03-06,XLE,2.60408901,1.50053204,False,-0.03473166,-0.00458210,-0.09836102,-0.00996447
2006-03-07,XLE,2.56571416,1.49818987,False,-0.01473638,-0.00156089,-0.11164792,-0.01150981
2006-03-08,XLE,2.56571416,1.50135114,False,0.00000000,0.00211006,-0.11164792,-0.00942404
2006-03-09,XLE,2.54727422,1.49128263,False,-0.00718706,-0.00670630,-0.11803256,-0.01606714
2006-03-10,XLE,2.56122962,1.50544922,False,0.00547856,0.00949960,-0.11320064,-0.00672017
2006-03-13,XLE,2.61156589,1.50825890,False,0.01965317,0.00186633,-0.09577223,-0.00486637
2006-03-14,XLE,2.65990871,1.52406355,False,0.01851105,0.01047874,-0.07903403,0.00000000
2006-03-15,XLE,2.67386497,1.53085385,False,0.00524690,0.00445539,-0.07420181,0.00000000
2006-03-16,XLE,2.71622777,1.53401486,False,0.01584328,0.00206487,-0.05953413,0.00000000
2006-03-17,XLE,2.68178711,1.53529625,False,-0.01267959,0.00083532,-0.07145885,0.00000000
2006-03-20,XLE,2.62230355,1.53282751,False,-0.02218057,-0.00160799,-0.09205442,-0.00160799
2006-03-21,XLE,2.61780536,1.52318982,False,-0.00171536,-0.00628752,-0.09361188,-0.00788540
2006-03-22,XLE,2.63529982,1.53247539,False,0.00668287,0.00609614,-0.08755460,-0.00183734
2006-03-23,XLE,2.67428862,1.52930151,False,0.01479483,-0.00207109,-0.07405513,-0.00390462
2006-03-24,XLE,2.69228400,1.53047702,False,0.00672903,0.00076866,-0.06782442,-0.00313896
2006-03-27,XLE,2.70628140,1.52824333,False,0.00519908,-0.00145947,-0.06297796,-0.00459385
2006-03-28,XLE,2.72727586,1.51883991,False,0.00775768,-0.00615309,-0.05570884,-0.01071868
2006-03-29,XLE,2.75926691,1.52836118,False,0.01173004,0.00626878,-0.04463227,-0.00451709
2006-03-30,XLE,2.75776625,1.52565791,False,-0.00054386,-0.00176874,-0.04515186,-0.00627784
2006-03-31,XLE,2.71927819,1.52601094,False,-0.01395624,0.00023140,-0.05847796,-0.00604790
2006-04-03,XLE,2.73427206,1.52483478,False,0.00551392,-0.00077074,-0.05328648,-0.00681397
2006-04-04,XLE,2.77026350,1.53459071,False,0.01316308,0.00639802,-0.04082482,-0.00045955
2006-04-05,XLE,2.81575173,1.53988005,False,0.01642018,0.00344674,-0.02507499,0.00000000
2006-04-06,XLE,2.82174887,1.53823431,False,0.00212985,-0.00106874,-0.02299854,-0.00106874
2006-04-07,XLE,2.76676437,1.52260213,False,-0.01948596,-0.01016241,-0.04203636,-0.01122030
2006-04-10,XLE,2.81925139,1.52495263,False,0.01897054,0.00154374,-0.02386327,-0.00969388
2006-04-11,XLE,2.79925547,1.51202307,False,-0.00709263,-0.00847866,-0.03078665,-0.01809035
2006-04-12,XLE,2.78076194,1.51484432,False,-0.00660659,0.00186588,-0.03718984,-0.01625823
2006-04-13,XLE,2.78975886,1.51284620,False,0.00323541,-0.00131903,-0.03407475,-0.01755581
2006-04-17,XLE,2.84124456,1.51225838,False,0.01845525,-0.00038855,-0.01624836,-0.01793754
2006-04-18,XLE,2.91072617,1.53623606,False,0.02445464,0.01585554,0.00000000,-0.00236641
2006-04-19,XLE,2.95571470,1.53917490,False,0.01545612,0.00191301,0.00000000,-0.00045792
2006-04-20,XLE,2.92522293,1.54129022,False,-0.01031621,0.00137432,-0.01031621,0.00000000
2006-04-21,XLE,2.98620612,1.54152553,False,0.02084736,0.00015267,0.00000000,0.00000000
2006-04-24,XLE,2.94071806,1.53870454,False,-0.01523273,-0.00183000,-0.01523273,-0.00183000
2006-04-25,XLE,2.90272849,1.53235780,False,-0.01291847,-0.00412473,-0.02795441,-0.00594717
2006-04-26,XLE,2.85674194,1.53271005,False,-0.01584253,0.00022987,-0.04335407,-0.00571867
2006-04-27,XLE,2.82424877,1.54011484,False,-0.01137421,0.00483117,-0.05423515,-0.00091513
2006-04-28,XLE,2.85624068,1.54528671,False,0.01132758,0.00335811,-0.04352192,0.00000000
2006-05-01,XLE,2.90322664,1.53271005,False,0.01645028,-0.00813872,-0.02778759,-0.00813872
2006-05-02,XLE,2.96771138,1.54422918,False,0.02221140,0.00751553,-0.00619339,-0.00068436
2006-05-03,XLE,2.92172345,1.53846949,False,-0.01549609,-0.00372982,-0.02159351,-0.00441162
2006-05-04,XLE,2.90822644,1.54399361,False,-0.00461954,0.00359066,-0.02611329,-0.00083680
2006-05-05,XLE,2.94221873,1.55762884,False,0.01168832,0.00883114,-0.01473019,0.00000000
2006-05-08,XLE,2.92922194,1.55574779,False,-0.00441734,-0.00120764,-0.01908247,-0.00120764
2006-05-09,XLE,2.94671623,1.55880357,False,0.00597233,0.00196419,-0.01322410,0.00000000
2006-05-10,XLE,2.97420943,1.55798109,False,0.00933011,-0.00052763,-0.00401737,-0.00052763
2006-05-11,XLE,2.93571964,1.53917490,False,-0.01294118,-0.01207087,-0.01690656,-0.01259214
2006-05-12,XLE,2.83624615,1.51907587,False,-0.03388385,-0.01305832,-0.05021756,-0.02548602
2006-05-15,XLE,2.77676293,1.52213164,False,-0.02097251,0.00201160,-0.07013688,-0.02352569
2006-05-16,XLE,2.78675960,1.51989835,False,0.00360011,-0.00146722,-0.06678927,-0.02495839
2006-05-17,XLE,2.71577767,1.49098410,False,-0.02547113,-0.01902380,-0.09055920,-0.04350738
2006-05-18,XLE,2.68278756,1.48346121,False,-0.01214757,-0.00504559,-0.10160670,-0.04833345
2006-05-19,XLE,2.70028237,1.49392164,False,0.00652113,0.00705137,-0.09574816,-0.04162290
2006-05-22,XLE,2.68478637,1.48252062,False,-0.00573866,-0.00763160,-0.10093735,-0.04893686
2006-05-23,XLE,2.68528417,1.47123680,False,0.00018542,-0.00761124,-0.10077065,-0.05617563
2006-05-24,XLE,2.65229510,1.48299033,False,-0.01228513,0.00798888,-0.11181781,-0.04863553
2006-05-25,XLE,2.74527072,1.50132733,False,0.03505478,0.01236488,-0.08068278,-0.03687202
2006-05-26,XLE,2.75426850,1.50896717,False,0.00327755,0.00508872,-0.07766966,-0.03197093
2006-05-30,XLE,2.71077942,1.48216824,False,-0.01578970,-0.01775978,-0.09223298,-0.04916291
2006-05-31,XLE,2.77676293,1.49874127,False,0.02434116,0.01118161,-0.07013688,-0.03853103
2006-06-01,XLE,2.78425866,1.51308125,False,0.00269945,0.00956802,-0.06762677,-0.02933167
2006-06-02,XLE,2.82574909,1.51625475,False,0.01490179,0.00209737,-0.05373274,-0.02729582
2006-06-05,XLE,2.73677282,1.49415734,False,-0.03148767,-0.01457368,-0.08352849,-0.04147170
2006-06-06,XLE,2.73427206,1.49051387,False,-0.00091376,-0.00243848,-0.08436593,-0.04380904
2006-06-07,XLE,2.62930148,1.47934777,False,-0.03839069,-0.00749144,-0.11951775,-0.05097229
2006-06-08,XLE,2.66629077,1.47805442,False,0.01406811,-0.00087428,-0.10713103,-0.05180201
2006-06-09,XLE,2.63929866,1.47335303,False,-0.01012347,-0.00318079,-0.11616996,-0.05481803
2006-06-12,XLE,2.58531374,1.45736692,False,-0.02045427,-0.01085016,-0.13424806,-0.06507340
2006-06-13,XLE,2.50883421,1.44044229,False,-0.02958230,-0.01161315,-0.15985899,-0.07593085
2006-06-14,XLE,2.57331584,1.45160852,False,0.02570183,0.00775194,-0.13826583,-0.06876751
2006-06-15,XLE,2.67128919,1.48240355,False,0.03807280,0.02121442,-0.10545720,-0.04901196
2006-06-16,XLE,2.66411548,1.47160037,False,-0.00268549,-0.00728761,-0.10785948,-0.05594239
2006-06-19,XLE,2.56377291,1.46003103,False,-0.03766450,-0.00786174,-0.14146151,-0.06336433
2006-06-20,XLE,2.55173128,1.46498945,False,-0.00469684,0.00339610,-0.14549392,-0.06018341
2006-06-21,XLE,2.60892720,1.47585130,False,0.02241455,0.00741428,-0.12634055,-0.05321535
2006-06-22,XLE,2.61996492,1.46935757,False,0.00423075,-0.00439998,-0.12264431,-0.05738118
2006-06-23,XLE,2.67816284,1.46912122,False,0.02221324,-0.00016085,-0.10315540,-0.05753281
2006-06-26,XLE,2.70776409,1.47561508,False,0.01105282,0.00442023,-0.09324274,-0.05336689
2006-06-27,XLE,2.71278221,1.46286437,False,0.00185323,-0.00864094,-0.09156230,-0.06154669
2006-06-28,XLE,2.75944322,1.47278134,False,0.01720042,0.00677914,-0.07593679,-0.05518478
2006-06-29,XLE,2.83770896,1.50253237,False,0.02836287,0.02020057,-0.04972770,-0.03609897
2006-06-30,XLE,2.84724291,1.50265009,False,0.00335973,0.00007835,-0.04653504,-0.03602345
2006-07-03,XLE,2.87784651,1.50878935,False,0.01074850,0.00408562,-0.03628671,-0.03208500
2006-07-05,XLE,2.89089186,1.50017147,False,0.00453303,-0.00571179,-0.03191818,-0.03761353
2006-07-06,XLE,2.88336606,1.50453998,False,-0.00260328,0.00291201,-0.03443836,-0.03481105
2006-07-07,XLE,2.84423120,1.49474113,False,-0.01357263,-0.00651286,-0.04754357,-0.04109719
2006-07-10,XLE,2.85276039,1.49757421,False,0.00299877,0.00189537,-0.04468738,-0.03927971
2006-07-11,XLE,2.90493853,1.50418539,False,0.01829040,0.00441459,-0.02721433,-0.03503852
2006-07-12,XLE,2.89490401,1.48812865,False,-0.00345430,-0.01067471,-0.03057462,-0.04533921
2006-07-13,XLE,2.86731194,1.46392685,False,-0.00953126,-0.01626324,-0.03981446,-0.06086509
2006-07-14,XLE,2.90092603,1.45826029,False,0.01172321,-0.00387079,-0.02855800,-0.06450029
2006-07-17,XLE,2.80710467,1.45613521,False,-0.03234187,-0.00145727,-0.05997625,-0.06586356
2006-07-18,XLE,2.81061694,1.46357277,False,0.00125121,0.00510774,-0.05880009,-0.06109223
2006-07-19,XLE,2.83971711,1.48387902,False,0.01035366,0.01387443,-0.04905522,-0.04806542
2006-07-20,XLE,2.77098151,1.47372583,False,-0.02420508,-0.00684233,-0.07207292,-0.05457887
2006-07-21,XLE,2.73335268,1.46333655,False,-0.01357960,-0.00704967,-0.08467381,-0.06124377
2006-07-24,XLE,2.81563368,1.49001776,False,0.03010259,0.01823313,-0.05712012,-0.04412731
2006-07-25,XLE,2.86480323,1.49533077,False,0.01746305,0.00356574,-0.04065456,-0.04071892
2006-07-26,XLE,2.92249954,1.49733786,False,0.02013971,0.00134224,-0.02133362,-0.03943134
2006-07-27,XLE,2.89741342,1.49592093,False,-0.00858379,-0.00094630,-0.02973428,-0.04034032
2006-07-28,XLE,2.89841628,1.51091481,False,0.00034612,0.01002318,-0.02939845,-0.03072148
2006-07-31,XLE,2.94256753,1.50938003,False,0.01523289,-0.00101580,-0.01461339,-0.03170607
2006-08-01,XLK,2.90435497,1.50194247,True,-0.01298613,-0.00492756,-0.02740975,-0.03647740
2006-08-02,XLK,2.94006450,1.51209475,True,0.01229517,0.00675943,-0.01545159,-0.02996453
2006-08-03,XLK,2.94899155,1.51610880,True,0.00303635,0.00265463,-0.01246216,-0.02738945
2006-08-04,XLK,2.94006450,1.51351233,True,-0.00302716,-0.00171259,-0.01545159,-0.02905513
2006-08-07,XLK,2.92965045,1.50996993,True,-0.00354211,-0.00234051,-0.01893897,-0.03132764
2006-08-08,XLK,2.91923383,1.50418539,True,-0.00355559,-0.00383090,-0.02242722,-0.03503852
2006-08-09,XLK,2.93708813,1.49910886,True,0.00611609,-0.00337494,-0.01644829,-0.03829521
2006-08-10,XLK,2.94899155,1.50371282,True,0.00405280,0.00307113,-0.01246216,-0.03534169
2006-08-11,XLK,2.93262442,1.49946241,True,-0.00555008,-0.00282661,-0.01794307,-0.03806840
2006-08-14,XLK,2.95791769,1.50064365,True,0.00862479,0.00078777,-0.00947303,-0.03731062
2006-08-15,XLK,3.02636057,1.51858886,True,0.02313887,0.01195834,0.00000000,-0.02579845
2006-08-16,XLK,3.07397296,1.53122080,True,0.01573256,0.00831821,0.00000000,-0.01769483
2006-08-17,XLK,3.08736539,1.53511609,True,0.00435672,0.00254392,0.00000000,-0.01519593
2006-08-18,XLK,3.09926789,1.54290786,True,0.00385523,0.00507568,0.00000000,-0.01019738
2006-08-21,XLK,3.07843649,1.53629707,True,-0.00672139,-0.00428463,-0.00672139,-0.01443832
2006-08-22,XLK,3.07992440,1.53617883,True,0.00048333,-0.00007696,-0.00624131,-0.01451417
2006-08-23,XLK,3.06504664,1.53192868,True,-0.00483056,-0.00276670,-0.01104172,-0.01724072
2006-08-24,XLK,3.07694895,1.53062986,True,0.00388324,-0.00084783,-0.00720136,-0.01807393
2006-08-25,XLK,3.08587712,1.53251910,True,0.00290163,0.00123429,-0.00432062,-0.01686195
2006-08-28,XLK,3.11414731,1.53983868,True,0.00916115,0.00477618,0.00000000,-0.01216631
2006-08-29,XLK,3.14241694,1.54160995,True,0.00907781,0.00115029,0.00000000,-0.01103001
2006-08-30,XLK,3.16473533,1.54255379,True,0.00710230,0.00061224,0.00000000,-0.01042452
2006-08-31,XLK,3.15283209,1.54231822,True,-0.00376121,-0.00015271,-0.00376121,-0.01057564
2006-09-01,XLK,3.16622194,1.55152691,False,0.00424693,0.00597068,0.00000000,-0.00466810
2006-09-05,XLK,3.18259092,1.55447850,False,0.00516988,0.00190237,0.00000000,-0.00277461
2006-09-06,XLK,3.13051150,1.54078304,False,-0.01636384,-0.00881032,-0.01636384,-0.01156048
2006-09-07,XLK,3.11265958,1.53370007,False,-0.00570255,-0.00459699,-0.02197308,-0.01610434
2006-09-08,XLK,3.13795267,1.53806833,False,0.00812588,0.00284818,-0.01402576,-0.01330202
2006-09-11,XLK,3.16473533,1.53960285,False,0.00853507,0.00099769,-0.00561039,-0.01231760
2006-09-12,XLK,3.21978577,1.55471433,False,0.01739496,0.00981518,0.00000000,-0.00262332
2006-09-13,XLK,3.21978577,1.56097183,False,0.00000000,0.00402486,0.00000000,0.00000000
2006-09-14,XLK,3.22722585,1.56108981,False,0.00231074,0.00007558,0.00000000,0.00000000
2006-09-15,XLK,3.23527721,1.56475370,False,0.00249483,0.00234701,0.00000000,0.00000000
2006-09-18,XLK,3.23378581,1.56688762,False,-0.00046098,0.00136374,-0.00046098,0.00000000
2006-09-19,XLK,3.21887693,1.56297515,False,-0.00461035,-0.00249697,-0.00506920,-0.00249697
2006-09-20,XLK,3.27105873,1.57127538,False,0.01621118,0.00531054,0.00000000,0.00000000
2006-09-21,XLK,3.23974958,1.56368602,False,-0.00957156,-0.00483007,-0.00957156,-0.00483007
2006-09-22,XLK,3.22036687,1.55894353,False,-0.00598278,-0.00303289,-0.01549708,-0.00784831
2006-09-25,XLK,3.27851280,1.57092001,False,0.01805569,0.00768243,0.00000000,-0.00022617
2006-09-26,XLK,3.29938508,1.58396339,False,0.00636639,0.00830302,0.00000000,0.00000000
2006-09-27,XLK,3.27404043,1.58586109,False,-0.00768163,0.00119807,-0.00768163,0.00000000
2006-09-28,XLK,3.29044034,1.58526741,False,0.00500907,-0.00037435,-0.00271103,-0.00037435
2006-09-29,XLK,3.28000568,1.58396339,False,-0.00317121,-0.00082259,-0.00587364,-0.00119664
2006-10-02,XLK,3.25615096,1.57803433,False,-0.00727277,-0.00374318,-0.01310369,-0.00493533
2006-10-03,XLK,3.27404043,1.58135443,False,0.00549405,0.00210394,-0.00768163,-0.00284177
2006-10-04,XLK,3.32473156,1.59985260,False,0.01548274,0.01169767,0.00000000,0.00000000
2006-10-05,XLK,3.32324200,1.60293543,False,-0.00044802,0.00192695,-0.00044802,0.00000000
2006-10-06,XLK,3.32473156,1.60091949,False,0.00044823,-0.00125765,0.00000000,-0.00125765
2006-10-09,XLK,3.33367887,1.60186827,False,0.00269114,0.00059265,0.00000000,-0.00066575
2006-10-10,XLK,3.33665873,1.60400297,False,0.00089387,0.00133263,0.00000000,0.00000000
2006-10-11,XLK,3.33516844,1.60210567,False,-0.00044664,-0.00118286,-0.00044664,-0.00118286
2006-10-12,XLK,3.38436853,1.61597959,False,0.01475191,0.00865980,0.00000000,0.00000000
2006-10-13,XLK,3.40076881,1.62012892,False,0.00484589,0.00256769,0.00000000,0.00000000
2006-10-16,XLK,3.39927740,1.62261964,False,-0.00043855,0.00153736,-0.00043855,0.00000000
2006-10-17,XLK,3.37094774,1.61752048,False,-0.00833402,-0.00314255,-0.00876892,-0.00314255
2006-10-18,XLK,3.36200227,1.61965492,False,-0.00265370,0.00131957,-0.01139934,-0.00182712
2006-10-19,XLK,3.37244062,1.62226401,False,0.00310480,0.00161089,-0.00832994,-0.00021917
2006-10-20,XLK,3.39331437,1.62261964,False,0.00618951,0.00021922,-0.00219199,0.00000000
2006-10-23,XLK,3.41418517,1.63008999,False,0.00615057,0.00460388,0.00000000,0.00000000
2006-10-24,XLK,3.39033083,1.63495124,False,-0.00698683,0.00298220,-0.00698683,0.00000000
2006-10-25,XLK,3.42015078,1.64052453,False,0.00879559,0.00340884,0.00000000,0.00000000
2006-10-26,XLK,3.43803989,1.64562356,False,0.00523050,0.00310817,0.00000000,0.00000000
2006-10-27,XLK,3.39331437,1.63530726,False,-0.01300902,-0.00626893,-0.01300902,-0.00626893
2006-10-30,XLK,3.40523970,1.63412212,False,0.00351436,-0.00072472,-0.00954037,-0.00698911
2006-10-31,XLK,3.40971318,1.63388395,False,0.00131370,-0.00014575,-0.00823920,-0.00713384
2006-11-01,XLK,3.39480503,1.62285677,False,-0.00437226,-0.00674906,-0.01257544,-0.01383475
2006-11-02,XLK,3.37393202,1.62190747,False,-0.00614852,-0.00058496,-0.01864663,-0.01441161
2006-11-03,XLK,3.37393202,1.61906151,False,0.00000000,-0.00175470,-0.01864663,-0.01614103
2006-11-06,XLK,3.41418517,1.63732359,False,0.01193063,0.01127942,-0.00693846,-0.00504367
2006-11-07,XLK,3.43207759,1.64360775,False,0.00524061,0.00383807,-0.00173422,-0.00122495
2006-11-08,XLK,3.43505929,1.64716537,False,0.00086878,0.00216452,-0.00086695,0.00000000
2006-11-09,XLK,3.43356973,1.63850859,False,-0.00043364,-0.00525556,-0.00130021,-0.00525556
2006-11-10,XLK,3.44251299,1.63922076,False,0.00260465,0.00043465,0.00000000,-0.00482320
2006-11-13,XLK,3.47233184,1.64325264,False,0.00866194,0.00245963,0.00000000,-0.00237543
2006-11-14,XLK,3.49767685,1.65558358,False,0.00729913,0.00750398,0.00000000,0.00000000
2006-11-15,XLK,3.50513240,1.66032659,False,0.00213157,0.00286486,0.00000000,0.00000000
2006-11-16,XLK,3.51855024,1.66459586,False,0.00382805,0.00257134,0.00000000,0.00000000
2006-11-17,XLK,3.52451437,1.66506973,False,0.00169506,0.00028468,0.00000000,0.00000000
2006-11-20,XLK,3.52451437,1.66601943,False,0.00000000,0.00057036,0.00000000,0.00000000
2006-11-21,XLK,3.52302334,1.66767961,False,-0.00042305,0.00099649,-0.00042305,0.00000000
2006-11-22,XLK,3.54985865,1.67099918,False,0.00761713,0.00199053,0.00000000,0.00000000
2006-11-24,XLK,3.54240458,1.66424023,False,-0.00209982,-0.00404485,-0.00209982,-0.00404485
2006-11-27,XLK,3.45891290,1.64135494,False,-0.02356921,-0.01375119,-0.02561954,-0.01774043
2006-11-28,XLK,3.47680347,1.64846926,False,0.00517231,0.00433442,-0.02057974,-0.01348290
2006-11-29,XLK,3.49916863,1.66566341,False,0.00643268,0.01043037,-0.01427945,-0.00319316
2006-11-30,XLK,3.50662307,1.66637480,False,0.00213035,0.00042709,-0.01217952,-0.00276743
2006-12-01,XLE,3.52061050,1.66269933,True,0.00398886,-0.00220567,-0.00823924,-0.00496700
2006-12-04,XLE,3.51539207,1.67538604,True,-0.00148225,0.00763018,-0.00970928,0.00000000
2006-12-05,XLE,3.52930829,1.68262016,True,0.00395865,0.00431788,-0.00578906,0.00000000
2006-12-06,XLE,3.51944953,1.68119685,True,-0.00279340,-0.00084589,-0.00856629,-0.00084589
2006-12-07,XLE,3.49857897,1.67384475,True,-0.00593006,-0.00437314,-0.01444556,-0.00521532
2006-12-08,XLE,3.49451833,1.67692758,True,-0.00116065,0.00184177,-0.01558944,-0.00338316
2006-12-11,XLE,3.48582134,1.68179014,True,-0.00248875,0.00289968,-0.01803940,-0.00049329
2006-12-12,XLE,3.49393983,1.68048533,True,0.00232900,-0.00077584,-0.01575241,-0.00126875
2006-12-13,XLE,3.52930829,1.68226414,True,0.01012280,0.00105851,-0.00578906,-0.00021159
2006-12-14,XLE,3.58033087,1.69708593,True,0.01445682,0.00881062,0.00000000,0.00000000
2006-12-15,XLE,3.54799823,1.69724150,True,-0.00903063,0.00009167,-0.00903063,0.00000000
2006-12-18,XLE,3.44564413,1.69259176,True,-0.02884841,-0.00273959,-0.03761852,-0.00273959
2006-12-19,XLE,3.50438227,1.69581039,True,0.01704707,0.00190160,-0.02121273,-0.00084320
2006-12-20,XLE,3.45669294,1.69485615,True,-0.01360849,-0.00056271,-0.03453254,-0.00140543
2006-12-21,XLE,3.44041136,1.68865640,True,-0.00471016,-0.00365798,-0.03908005,-0.00505827
2006-12-22,XLE,3.40726492,1.67828208,True,-0.00963444,-0.00614353,-0.04833798,-0.01117073
2006-12-26,XLE,3.41133472,1.68817954,True,0.00119445,0.00589737,-0.04720127,-0.00533923
2006-12-27,XLE,3.45146216,1.69926811,True,0.01176297,0.00656836,-0.03599352,0.00000000
2006-12-28,XLE,3.44390186,1.69569124,True,-0.00219046,-0.00210495,-0.03810514,-0.00210495
2006-12-29,XLE,3.40959126,1.68865640,True,-0.00996271,-0.00414866,-0.04768822,-0.00624487
2007-01-03,XLE,3.29037429,1.68567555,False,-0.03496518,-0.00176522,-0.08098597,-0.00799907
2007-01-04,XLE,3.23047476,1.68925241,False,-0.01820447,0.00212192,-0.09771614,-0.00589412
2007-01-05,XLE,3.25199250,1.67577757,False,0.00666086,-0.00797681,-0.09170615,-0.01382391
2007-01-08,XLE,3.25199250,1.68352914,False,0.00000000,0.00462566,-0.09170615,-0.00926220
2007-01-09,XLE,3.22407743,1.68209855,False,-0.00858399,-0.00084976,-0.09950294,-0.01010409
2007-01-10,XLE,3.16185396,1.68770293,False,-0.01929962,0.00333178,-0.11688219,-0.00680598
2007-01-11,XLE,3.14382334,1.69509536,False,-0.00570255,0.00438017,-0.12191821,-0.00245562
2007-01-12,XLE,3.22407743,1.70797353,False,0.02552754,0.00759732,-0.09950294,0.00000000
2007-01-16,XLE,3.19093000,1.70463432,False,-0.01028122,-0.00195507,-0.10876114,-0.00195507
2007-01-17,XLE,3.22640238,1.70534948,False,0.01111663,0.00041954,-0.09885357,-0.00153635
2007-01-18,XLE,3.20255990,1.69962608,False,-0.00738980,-0.00335615,-0.10551287,-0.00488734
2007-01-19,XLE,3.29037429,1.70296465,False,0.02742006,0.00196429,-0.08098597,-0.00293265
2007-01-22,XLE,3.26769438,1.69771889,False,-0.00689280,-0.00308037,-0.08732056,-0.00600398
2007-01-23,XLE,3.35259936,1.70272660,False,0.02598314,0.00294967,-0.06360628,-0.00307202
2007-01-24,XLE,3.36713788,1.71643832,False,0.00433649,0.00805280,-0.05954561,0.00000000
2007-01-25,XLE,3.29793379,1.69628739,False,-0.02055279,-0.01173997,-0.07887458,-0.01173997
2007-01-26,XLE,3.30607498,1.69473764,False,0.00246857,-0.00091361,-0.07660071,-0.01264285
2007-01-29,XLE,3.28979161,1.69378353,False,-0.00492529,-0.00056299,-0.08114872,-0.01319872
2007-01-30,XLE,3.35666915,1.70260706,False,0.02032881,0.00520936,-0.06246957,-0.00805811
2007-01-31,XLE,3.37818589,1.71405413,False,0.00641015,0.00672326,-0.05645986,-0.00138903
2007-02-01,XLE,3.39039847,1.72430852,False,0.00361513,0.00598253,-0.05304884,0.00000000
2007-02-02,XLE,3.40959126,1.72669349,False,0.00566092,0.00138314,-0.04768822,0.00000000
2007-02-05,XLE,3.40610155,1.72717048,False,-0.00102350,0.00027625,-0.04866291,0.00000000
2007-02-06,XLE,3.39563403,1.72764786,False,-0.00307317,0.00027640,-0.05158653,0.00000000
2007-02-07,XLE,3.37527946,1.73146251,False,-0.00599433,0.00220800,-0.05727164,0.00000000
2007-02-08,XLE,3.40959126,1.72919773,False,0.01016562,-0.00130801,-0.04768822,-0.00130801
2007-02-09,XLE,3.39563403,1.71631917,False,-0.00409352,-0.00744771,-0.05158653,-0.00874598
2007-02-12,XLE,3.34852996,1.71047674,False,-0.01387195,-0.00340404,-0.06474287,-0.01212026
2007-02-13,XLE,3.39737828,1.72490518,False,0.01458799,0.00843533,-0.05109935,-0.00378716
2007-02-14,XLE,3.39795917,1.73623258,False,0.00017098,0.00656697,-0.05093711,0.00000000
2007-02-15,XLE,3.37237144,1.73849800,False,-0.00753032,0.00130479,-0.05808386,0.00000000
2007-02-16,XLE,3.37295273,1.73766330,False,0.00017237,-0.00048013,-0.05792150,-0.00048013
2007-02-20,XLE,3.33515242,1.74135958,False,-0.01120689,0.00212715,-0.06847927,0.00000000
2007-02-21,XLE,3.37178936,1.74064441,False,0.01098509,-0.00041069,-0.05824644,-0.00041069
2007-02-22,XLE,3.40203056,1.73933271,False,0.00896889,-0.00075357,-0.04979995,-0.00116396
2007-02-23,XLE,3.41075383,1.73253682,False,0.00256414,-0.00390718,-0.04736351,-0.00506659
2007-02-26,XLE,3.43110760,1.73098617,False,0.00596753,-0.00089502,-0.04167863,-0.00595707
2007-02-27,XLE,3.29444488,1.66337782,False,-0.03983050,-0.03905771,-0.07984904,-0.04478211
2007-02-28,XLE,3.30898261,1.68042875,False,0.00441280,0.01025079,-0.07578860,-0.03499038
2007-03-01,XLE,3.29851607,1.67542051,False,-0.00316307,-0.00298033,-0.07871194,-0.03786643
2007-03-02,XLE,3.25955041,1.65348062,False,-0.01181309,-0.01309515,-0.08959520,-0.05046571
2007-03-05,XLE,3.22175169,1.63774139,False,-0.01159630,-0.00951885,-0.10015253,-0.05950418
2007-03-06,XLE,3.28281359,1.66576214,False,0.01895301,0.01710938,-0.08309771,-0.04341288
2007-03-07,XLE,3.32352272,1.66409337,False,0.01240068,-0.00100180,-0.07172749,-0.04437119
2007-03-08,XLE,3.35259936,1.67816332,False,0.00874874,0.00845502,-0.06360628,-0.03629133
2007-03-09,XLE,3.33806104,1.67864031,False,-0.00433643,0.00028424,-0.06766688,-0.03601741
2007-03-12,XLE,3.33340776,1.68114430,False,-0.00139400,0.00149168,-0.06896656,-0.03457946
2007-03-13,XLE,3.28863043,1.64847278,False,-0.01343290,-0.01943410,-0.08147304,-0.05334154
2007-03-14,XLE,3.32642994,1.66075416,False,0.01149400,0.00745016,-0.07091549,-0.04628878
2007-03-15,XLE,3.32584866,1.66301959,False,-0.00017475,0.00136410,-0.07107785,-0.04498783
2007-03-16,XLE,3.29008146,1.65836321,False,-0.01075431,-0.00279995,-0.08106776,-0.04766182
2007-03-19,XLE,3.34259288,1.67835492,False,0.01596052,0.01205509,-0.06640112,-0.03618130
2007-03-20,XLE,3.36651439,1.68757311,False,0.00715657,0.00549240,-0.05971975,-0.03088762
2007-03-21,XLE,3.42719308,1.71534567,False,0.01802419,0.01645710,-0.04277197,-0.01493885
2007-03-22,XLE,3.49604003,1.71402864,False,0.02008844,-0.00076779,-0.02354275,-0.01569517
2007-03-23,XLE,3.51354509,1.71654225,False,0.00500711,0.00146650,-0.01865352,-0.01425170
2007-03-26,XLE,3.53805028,1.71426837,False,0.00697449,-0.00132469,-0.01180913,-0.01555750
2007-03-27,XLE,3.54446712,1.71019747,False,0.00181366,-0.00237472,-0.01001688,-0.01789528
2007-03-28,XLE,3.54388424,1.69774868,False,-0.00016445,-0.00727915,-0.01017968,-0.02504417
2007-03-29,XLE,3.56605472,1.69954387,False,0.00625598,0.00105740,-0.00398738,-0.02401325
2007-03-30,XLE,3.51704475,1.69990354,False,-0.01374347,0.00021162,-0.01767605,-0.02380671
2007-04-02,XLE,3.55146803,1.70181841,False,0.00978756,0.00112646,-0.00806150,-0.02270707
2007-04-03,XLE,3.57363812,1.72013421,False,0.00624251,0.01076249,-0.00186931,-0.01218896
2007-04-04,XLE,3.57947447,1.72204933,False,0.00163317,0.00111336,-0.00023920,-0.01108918
2007-04-05,XLE,3.60281230,1.72671833,False,0.00651991,0.00271130,0.00000000,-0.00840794
2007-04-09,XLE,3.58939176,1.72911305,False,-0.00372502,0.00138686,-0.00372502,-0.00703274
2007-04-10,XLE,3.64365441,1.73114798,False,0.01511750,0.00117686,0.00000000,-0.00586415
2007-04-11,XLE,3.62148313,1.72408478,False,-0.00608490,-0.00408007,-0.00608490,-0.00992029
2007-04-12,XLE,3.67691073,1.73174660,False,0.01530522,0.00444399,0.00000000,-0.00552039
2007-04-13,XLE,3.67866016,1.73964698,False,0.00047579,0.00456209,0.00000000,-0.00098348
2007-04-16,XLE,3.70024777,1.75616693,False,0.00586833,0.00949615,0.00000000,0.00000000
2007-04-17,XLE,3.67924503,1.76083593,False,-0.00567604,0.00265863,-0.00567604,0.00000000
2007-04-18,XLE,3.66640777,1.76299092,False,-0.00348910,0.00122385,-0.00914533,0.00000000
2007-04-19,XLE,3.61506390,1.76251249,False,-0.01400386,-0.00027137,-0.02302113,-0.00027137
2007-04-20,XLE,3.68157734,1.77915199,False,0.01839897,0.00944078,-0.00504572,0.00000000
2007-04-23,XLE,3.68566227,1.77244819,False,0.00110956,-0.00376797,-0.00394176,-0.00376797
2007-04-24,XLE,3.67457563,1.77316635,False,-0.00300804,0.00040518,-0.00693795,-0.00336432
2007-04-25,XLE,3.74342497,1.78944722,False,0.01873668,0.00918181,0.00000000,0.00000000
2007-04-26,XLE,3.74225603,1.79148215,False,-0.00031227,0.00113718,-0.00031227,0.00000000
2007-04-27,XLE,3.74167315,1.79004596,False,-0.00015576,-0.00080167,-0.00046797,-0.00080167
2007-04-30,XLE,3.69733178,1.77520154,False,-0.01185068,-0.00829276,-0.01231311,-0.00908779
2007-05-01,XLE,3.71366791,1.77975060,False,0.00441836,0.00256256,-0.00794915,-0.00654851
2007-05-02,XLE,3.74458954,1.79016525,False,0.00832644,0.00585174,0.00000000,-0.00073509
2007-05-03,XLE,3.77493027,1.79986199,False,0.00810255,0.00541668,0.00000000,0.00000000
2007-05-04,XLE,3.77201230,1.80668546,False,-0.00077299,0.00379111,-0.00077299,0.00000000
2007-05-07,XLE,3.78193158,1.80704538,False,0.00262971,0.00019922,0.00000000,0.00000000
2007-05-08,XLE,3.78251526,1.80465092,False,0.00015433,-0.00132507,0.00000000,-0.00132507
2007-05-09,XLE,3.78076623,1.80955887,False,-0.00046240,0.00271961,-0.00046240,0.00000000
2007-05-10,XLE,3.71950307,1.79064523,False,-0.01620390,-0.01045207,-0.01665881,-0.01045207
2007-05-11,XLE,3.80468614,1.80596782,False,0.02290174,0.00855702,0.00000000,-0.00198449
2007-05-14,XLE,3.80585230,1.80201698,False,0.00030651,-0.00218766,0.00000000,-0.00416780
2007-05-15,XLE,3.81868837,1.80249580,False,0.00337272,0.00026571,0.00000000,-0.00390320
2007-05-16,XLE,3.83327506,1.81482583,False,0.00381982,0.00684053,0.00000000,0.00000000
2007-05-17,XLE,3.89453782,1.81123491,False,0.01598183,-0.00197866,0.00000000,-0.00197866
2007-05-18,XLE,3.95755161,1.82703684,False,0.01618004,0.00872439,0.00000000,0.00000000
2007-05-21,XLE,3.99080713,1.82607934,False,0.00840306,-0.00052407,0.00000000,-0.00052407
2007-05-22,XLE,3.95346628,1.82464355,False,-0.00935672,-0.00078627,-0.00935672,-0.00130993
2007-05-23,XLE,3.96163534,1.82488120,False,0.00206630,0.00013025,-0.00730975,-0.00117986
2007-05-24,XLE,3.88928634,1.80836151,False,-0.01826241,-0.00905248,-0.02543866,-0.01022165
2007-05-25,XLE,3.94996543,1.81590326,False,0.01560160,0.00417049,-0.01023395,-0.00609379
2007-05-29,XLE,3.92371002,1.82248777,False,-0.00664700,0.00362603,-0.01681292,-0.00248986
2007-05-30,XLE,4.00597870,1.83733207,False,0.02096707,0.00814507,0.00000000,0.00000000
2007-05-31,XLE,3.98497317,1.83541681,False,-0.00524354,-0.00104241,-0.00524354,-0.00104241
2007-06-01,XLE,4.02114708,1.84451429,False,0.00907758,0.00495663,0.00000000,0.00000000
2007-06-04,XLE,4.08415927,1.84475389,False,0.01567020,0.00012990,0.00000000,0.00000000
2007-06-05,XLE,4.06957297,1.83745070,False,-0.00357143,-0.00395890,-0.00357143,-0.00395890
2007-06-06,XLE,4.01764503,1.81769937,False,-0.01276005,-0.01074931,-0.01628591,-0.01466566
2007-06-07,XLE,3.94646617,1.78489880,False,-0.01771656,-0.01804510,-0.03371394,-0.03244611
2007-06-08,XLE,3.96280110,1.80812190,False,0.00413913,0.01301088,-0.02971436,-0.01985739
2007-06-11,XLE,3.99314144,1.81123491,False,0.00765629,0.00172168,-0.02228557,-0.01816989
2007-06-12,XLE,3.94413147,1.79148215,False,-0.01227354,-0.01090569,-0.03428559,-0.02887743
2007-06-13,XLE,4.02289691,1.81829720,False,0.01997029,0.01496808,-0.01499999,-0.01434158
2007-06-14,XLE,4.09058009,1.82990934,False,0.01682449,0.00638627,0.00000000,-0.00804690
2007-06-15,XLE,4.15336256,1.84032177,False,0.01534806,0.00569014,0.00000000,-0.00240256
2007-06-18,XLE,4.15804549,1.83815728,False,0.00112750,-0.00117615,0.00000000,-0.00357588
2007-06-19,XLE,4.16272604,1.84272599,False,0.00112566,0.00248548,0.00000000,-0.00109928
2007-06-20,XLE,4.04160078,1.81711740,False,-0.02909758,-0.01389712,-0.02909758,-0.01498113
2007-06-21,XLE,4.12235095,1.82721648,False,0.01997975,0.00555774,-0.00969919,-0.00950664
2007-06-22,XLE,4.08139020,1.81002441,False,-0.00993626,-0.00940888,-0.01953908,-0.01882608
2007-06-25,XLE,4.04862199,1.80136829,False,-0.00802869,-0.00478233,-0.02741089,-0.02351837
2007-06-26,XLE,3.96143587,1.78285282,False,-0.02153476,-0.01027856,-0.04835537,-0.03355519
2007-06-27,XLE,4.02287740,1.80822115,False,0.01550991,0.01422907,-0.03359545,-0.01980359
2007-06-28,XLE,4.02287740,1.80798038,False,0.00000000,-0.00013315,-0.03359545,-0.01993410
2007-06-29,XLE,4.03691943,1.80858121,False,0.00349055,0.00033232,-0.03022217,-0.01960841
2007-07-02,XLE,4.10830692,1.82493245,False,0.01768365,0.00904092,-0.01307295,-0.01074476
2007-07-03,XLE,4.13990499,1.83154519,False,0.00769126,0.00362355,-0.00548224,-0.00716014
2007-07-05,XLE,4.12995863,1.82962148,False,-0.00240256,-0.00105032,-0.00787162,-0.00820295
2007-07-06,XLE,4.18613275,1.83923900,False,0.01360162,0.00525657,0.00000000,-0.00298950
2007-07-09,XLE,4.22533651,1.84068234,False,0.00936515,0.00078475,0.00000000,-0.00220710
2007-07-10,XLE,4.18788815,1.81447254,False,-0.00886281,-0.01423918,-0.00886281,-0.01641485
2007-07-11,XLE,4.20368560,1.82733667,False,0.00377217,0.00708973,-0.00512407,-0.00944149
2007-07-12,XLE,4.28502263,1.85619094,False,0.01934898,0.01579035,0.00000000,0.00000000
2007-07-13,XLE,4.32715073,1.86172222,False,0.00983148,0.00297991,0.00000000,0.00000000
2007-07-16,XLE,4.27156307,1.86148171,False,-0.01284625,-0.00012919,-0.01284625,-0.00012919
2007-07-17,XLE,4.21597581,1.86052005,False,-0.01301333,-0.00051661,-0.02569241,-0.00064573
2007-07-18,XLE,4.31135409,1.85715378,False,0.02262306,-0.00180932,-0.00365059,-0.00245388
2007-07-19,XLE,4.35055705,1.86436670,False,0.00909296,0.00388386,0.00000000,0.00000000
2007-07-20,XLE,4.33007866,1.84549065,False,-0.00470707,-0.01012464,-0.00470707,-0.01012464
2007-07-23,XLE,4.34763270,1.85114173,False,0.00405398,0.00306210,-0.00067218,-0.00709354
2007-07-24,XLE,4.22182570,1.81904151,False,-0.02893690,-0.01734077,-0.02958962,-0.02431131
2007-07-25,XLE,4.28911791,1.82276822,False,0.01593913,0.00204873,-0.01412213,-0.02231239
2007-07-26,XLE,4.12761716,1.77960700,False,-0.03765360,-0.02367894,-0.05124399,-0.04546300
2007-07-27,XLE,4.00824731,1.74462061,False,-0.02891980,-0.01965961,-0.07868182,-0.06422882
2007-07-30,XLE,4.07729492,1.77191214,False,0.01722639,0.01564324,-0.06281084,-0.04959033
2007-07-31,XLE,4.03750550,1.75195477,False,-0.00975878,-0.01126319,-0.07195666,-0.06029497
2007-08-01,XLE,4.02697307,1.76049031,False,-0.00260865,0.00487201,-0.07437760,-0.05571671
2007-08-02,XLE,3.99946989,1.77455714,False,-0.00682974,0.00799029,-0.08069936,-0.04817162
2007-08-03,XLE,3.86898274,1.72887046,False,-0.03262611,-0.02574540,-0.11069256,-0.07267682
2007-08-06,XLE,3.89121971,1.75784506,False,0.00574750,0.01675926,-0.10558127,-0.05713556
2007-08-07,XLE,3.98250112,1.77660104,False,0.02345830,0.01066987,-0.08459972,-0.04707532
2007-08-08,XLE,4.05798548,1.80136829,False,0.01895401,0.01394080,-0.06724922,-0.03379078
2007-08-09,XLE,3.94154156,1.74798676,False,-0.02869501,-0.02963388,-0.09401451,-0.06242331
2007-08-10,XLE,3.96260641,1.73981101,False,0.00534432,-0.00467724,-0.08917264,-0.06680858
2007-08-13,XLE,3.96728655,1.74606304,False,0.00118108,0.00359352,-0.08809688,-0.06345514
2007-08-14,XLE,3.94095510,1.71937273,False,-0.00663715,-0.01528599,-0.09414931,-0.07777116
2007-08-15,XLE,3.83270373,1.69568812,False,-0.02746831,-0.01377515,-0.11903150,-0.09047500
2007-08-16,XLE,3.80929741,1.70843180,False,-0.00610700,0.00751534,-0.12441157,-0.08363961
2007-08-17,XLE,3.94973411,1.73981101,False,0.03686682,0.01836726,-0.09213141,-0.06680858
2007-08-20,XLE,3.94095510,1.73896966,False,-0.00222268,-0.00048358,-0.09414931,-0.06725985
2007-08-21,XLE,3.88536704,1.74245613,False,-0.01410522,0.00200490,-0.10692654,-0.06538980
2007-08-22,XLE,3.93217728,1.76313543,False,0.01204783,0.01186791,-0.09616694,-0.05429794
2007-08-23,XLE,3.96728655,1.76157268,False,0.00892871,-0.00088635,-0.08809688,-0.05513615
2007-08-24,XLE,4.05213479,1.78333436,False,0.02138697,0.01235355,-0.06859403,-0.04346373
2007-08-27,XLE,4.00239623,1.76674183,False,-0.01227466,-0.00930422,-0.08002672,-0.05236355
2007-08-28,XLE,3.90584662,1.72790880,False,-0.02412295,-0.02198003,-0.10221919,-0.07319263
2007-08-29,XLE,4.03516562,1.76181242,False,0.03310908,0.01962119,-0.07249449,-0.05500757
2007-08-30,XLE,4.03282416,1.75712326,False,-0.00058027,-0.00266155,-0.07303269,-0.05752272
2007-08-31,XLE,4.08607154,1.77443733,False,0.01320350,0.00985365,-0.06079348,-0.04823588
2007-09-04,XLK,4.12470145,1.79235159,True,0.00945405,0.01009574,-0.05191418,-0.03862712
2007-09-05,XLK,4.08101941,1.77684064,True,-0.01059035,-0.00865396,-0.06195474,-0.04694680
2007-09-06,XLK,4.10129992,1.78092949,True,0.00496947,0.00230119,-0.05729315,-0.04475364
2007-09-07,XLK,4.01705840,1.75616225,True,-0.02054020,-0.01390692,-0.07665654,-0.05803818
2007-09-10,XLK,4.00925891,1.75279533,True,-0.00194159,-0.00191720,-0.07844929,-0.05984411
2007-09-11,XLK,4.06698018,1.77323542,True,0.01439699,0.01166143,-0.06518174,-0.04888055
2007-09-12,XLK,4.05605814,1.77780322,True,-0.00268554,0.00257597,-0.06769223,-0.04643050
2007-09-13,XLK,4.05605814,1.79030703,True,0.00000000,0.00703330,-0.06769223,-0.03972377
2007-09-14,XLK,4.03577955,1.79018593,True,-0.00499958,-0.00006764,-0.07235338,-0.03978872
2007-09-17,XLK,4.03422019,1.78056801,True,-0.00038638,-0.00537258,-0.07271181,-0.04494753
2007-09-18,XLK,4.11378017,1.83298710,True,0.01972128,0.02943953,-0.05442450,-0.01683124
2007-09-19,XLK,4.12937953,1.84380862,True,0.00379198,0.00590376,-0.05083890,-0.01102684
2007-09-20,XLK,4.14498081,1.83082365,True,0.00377812,-0.00704247,-0.04725285,-0.01799166
2007-09-21,XLK,4.17671169,1.83576386,True,0.00765526,0.00269835,-0.03995933,-0.01534185
2007-09-24,XLK,4.16577127,1.83238198,True,-0.00261939,-0.00184222,-0.04247405,-0.01715581
2007-09-25,XLK,4.20797511,1.82875776,True,0.01013110,-0.00197787,-0.03277326,-0.01909975
2007-09-26,XLK,4.23454820,1.83842147,True,0.00631493,0.00528430,-0.02666529,-0.01391638
2007-09-27,XLK,4.23142296,1.84929307,True,-0.00073803,0.00591355,-0.02738364,-0.00808512
2007-09-28,XLK,4.21578991,1.84313261,True,-0.00369451,-0.00333125,-0.03097698,-0.01138944
2007-10-01,XLK,4.26112166,1.86390947,False,0.01075285,0.01127258,-0.02055723,-0.00024524
2007-10-02,XLK,4.27675318,1.86137336,False,0.00366840,-0.00136064,-0.01696423,-0.00160555
2007-10-03,XLK,4.22673416,1.85762869,False,-0.01169556,-0.00201178,-0.02846139,-0.00361410
2007-10-04,XLK,4.23767726,1.86052681,False,0.00258902,0.00156012,-0.02594605,-0.00205962
2007-10-05,XLK,4.28300709,1.88263398,False,0.01069686,0.01188221,-0.01552674,0.00000000
2007-10-08,XLK,4.29082228,1.87260749,False,0.00182470,-0.00532578,-0.01373037,-0.00532578
2007-10-09,XLK,4.32208416,1.89024363,False,0.00728576,0.00941796,-0.00654465,0.00000000
2007-10-10,XLK,4.33615249,1.88710278,False,0.00325499,-0.00166161,-0.00331097,-0.00166161
2007-10-11,XLK,4.28925947,1.87804316,False,-0.01081443,-0.00480081,-0.01408959,-0.00645445
2007-10-12,XLK,4.33146522,1.88843152,False,0.00983987,0.00553148,-0.00438836,-0.00095866
2007-10-15,XLK,4.30020142,1.87248690,False,-0.00721784,-0.00844331,-0.01157452,-0.00939388
2007-10-16,XLK,4.30020142,1.85762869,False,0.00000000,-0.00793502,-0.01157452,-0.01725436
2007-10-17,XLK,4.33615249,1.86330578,False,0.00836032,0.00305610,-0.00331097,-0.01425099
2007-10-18,XLK,4.34709559,1.85654137,False,0.00252369,-0.00363033,-0.00079564,-0.01782958
2007-10-19,XLK,4.24392887,1.80798051,False,-0.02373233,-0.02615663,-0.02450909,-0.04351985
2007-10-22,XLK,4.27050157,1.81849011,False,0.00626135,0.00581289,-0.01840120,-0.03795993
2007-10-23,XLK,4.31739574,1.83322761,False,0.01098095,0.00810425,-0.00762231,-0.03016332
2007-10-24,XLK,4.27362795,1.82984469,False,-0.01013755,-0.00184534,-0.01768259,-0.03195299
2007-10-25,XLK,4.30958056,1.83419343,False,0.00841267,0.00237657,-0.00941868,-0.02965237
2007-10-26,XLK,4.36741553,1.85569574,False,0.01342009,0.01172303,0.00000000,-0.01827695
2007-10-29,XLK,4.37992105,1.86185633,False,0.00286337,0.00331983,0.00000000,-0.01501780
2007-10-30,XLK,4.38773777,1.84893094,False,0.00178467,-0.00694221,0.00000000,-0.02185575
2007-10-31,XLK,4.43932036,1.86813764,False,0.01175608,0.01038800,0.00000000,-0.01169479
2007-11-01,XLE,4.39992273,1.82440954,True,-0.00887470,-0.02340732,-0.00887470,-0.03482836
2007-11-02,XLE,4.48266359,1.82646268,True,0.01880507,0.00112537,0.00000000,-0.03374219
2007-11-05,XLE,4.44661246,1.81257081,True,-0.00804235,-0.00760589,-0.00804235,-0.04109144
2007-11-06,XLE,4.59495153,1.83697189,True,0.03336002,0.01346214,0.00000000,-0.02818248
2007-11-07,XLE,4.40583480,1.78672067,True,-0.04115750,-0.02735546,-0.04115750,-0.05476700
2007-11-08,XLE,4.48266359,1.77766026,True,0.01743796,-0.00507097,-0.02443724,-0.05956024
2007-11-09,XLE,4.39992273,1.75325879,True,-0.01845797,-0.01372673,-0.04244415,-0.07246941
2007-11-12,XLE,4.18716817,1.73586433,True,-0.04835416,-0.00992122,-0.08874596,-0.08167164
2007-11-13,XLE,4.33491608,1.78877433,True,0.03528588,0.03048049,-0.05659156,-0.05368054
2007-11-14,XLE,4.32841525,1.78382176,True,-0.00149964,-0.00276869,-0.05800633,-0.05630061
2007-11-15,XLE,4.18421273,1.75809090,True,-0.03331531,-0.01442457,-0.08938915,-0.06991307
2007-11-16,XLE,4.29413922,1.76111091,True,0.02627173,0.00171778,-0.06546583,-0.06831539
2007-11-19,XLE,4.22262813,1.73658886,True,-0.01665318,-0.01392419,-0.08102880,-0.08128834
2007-11-20,XLE,4.35855552,1.74721930,True,0.03219023,0.00612145,-0.05144690,-0.07566450
2007-11-21,XLE,4.26399775,1.71146286,True,-0.02169475,-0.02046477,-0.07202552,-0.09458081
2007-11-23,XLE,4.37628410,1.74105845,True,0.02633358,0.01729257,-0.04758863,-0.07892379
2007-11-26,XLE,4.22499079,1.70264453,True,-0.03457118,-0.02206354,-0.08051461,-0.09924599
2007-11-27,XLE,4.17830508,1.72221453,True,-0.01104990,0.01149389,-0.09067483,-0.08889283
2007-11-28,XLE,4.28172834,1.77729891,True,0.02475244,0.03198462,-0.06816681,-0.05975141
2007-11-29,XLE,4.32900441,1.77790168,True,0.01104135,0.00033915,-0.05787811,-0.05943252
2007-11-30,XLE,4.34200687,1.79578029,True,0.00300357,0.01005602,-0.05504839,-0.04997416
2007-12-03,XLE,4.35855552,1.78394130,False,0.00381129,-0.00659267,-0.05144690,-0.05623737
2007-12-04,XLE,4.31423247,1.76799642,False,-0.01016921,-0.00893801,-0.06109293,-0.06467273
2007-12-05,XLE,4.40938060,1.79759188,False,0.02205447,0.01673955,-0.04038583,-0.04901577
2007-12-06,XLE,4.52994447,1.82332209,False,0.02734259,0.01431371,-0.01414750,-0.03540366
2007-12-07,XLE,4.50216686,1.82295943,False,-0.00613200,-0.00019890,-0.02019274,-0.03559552
2007-12-10,XLE,4.54767104,1.83709260,False,0.01010717,0.00775287,-0.01028966,-0.02811862
2007-12-11,XLE,4.43538350,1.78672067,False,-0.02469122,-0.02741938,-0.03472681,-0.05476700
2007-12-12,XLE,4.58017718,1.80435707,False,0.03264513,0.00987082,-0.00321534,-0.04543677
2007-12-13,XLE,4.59140654,1.80061176,False,0.00245173,-0.00207571,-0.00077150,-0.04741816
2007-12-14,XLE,4.51812435,1.77778058,False,-0.01596073,-0.01267968,-0.01671991,-0.05949659
2007-12-17,XLE,4.43715660,1.75241394,False,-0.01792066,-0.01426871,-0.03434094,-0.07291636
2007-12-18,XLE,4.47970735,1.76219836,False,0.00958964,0.00558339,-0.02508061,-0.06774009
2007-12-19,XLE,4.52285248,1.76219836,False,0.00963124,0.00000000,-0.01569093,-0.06774009
2007-12-20,XLE,4.58017718,1.77331164,False,0.01267446,0.00630649,-0.00321534,-0.06186080
2007-12-21,XLE,4.69862024,1.79887392,False,0.02585993,0.01441500,0.00000000,-0.04833753
2007-12-24,XLE,4.71995156,1.81223222,False,0.00453991,0.00742592,0.00000000,-0.04127056
2007-12-26,XLE,4.77268530,1.81611919,False,0.01117252,0.00214485,0.00000000,-0.03921423
2007-12-27,XLE,4.72232144,1.79328827,False,-0.01055252,-0.01257126,-0.01055252,-0.05129252
2007-12-28,XLE,4.76201823,1.78879553,False,0.00840620,-0.00250531,-0.00223502,-0.05366933
2007-12-31,XLE,4.70158329,1.77555782,False,-0.01269104,-0.00740035,-0.01489770,-0.06067250
2008-01-02,XLU,4.72566112,1.76001423,True,0.00512122,-0.00875420,-0.00985277,-0.06889557
2008-01-03,XLU,4.71892422,1.75916417,True,-0.00142560,-0.00048298,-0.01126432,-0.06934527
2008-01-04,XLU,4.75485010,1.71605264,True,0.00761315,-0.02450683,-0.00373693,-0.09215267
2008-01-07,XLU,4.85365312,1.71459577,True,0.02077942,-0.00084896,0.00000000,-0.09292340
2008-01-08,XLU,4.85477587,1.68690764,True,0.00023132,-0.01614849,0.00000000,-0.10757131
2008-01-09,XLU,4.90754541,1.70463783,True,0.01086962,0.01051047,0.00000000,-0.09819147
2008-01-10,XLU,4.87723205,1.71581017,True,-0.00617689,0.00655409,-0.00617689,-0.09228094
2008-01-11,XLU,4.87610930,1.70196565,True,-0.00023020,-0.00806880,-0.00640567,-0.09960514
2008-01-14,XLU,4.88284456,1.71568907,True,0.00138128,0.00806328,-0.00503324,-0.09234501
2008-01-15,XLU,4.83119817,1.67792112,True,-0.01057711,-0.02201329,-0.01555711,-0.11232548
2008-01-16,XLU,4.74474578,1.66346978,True,-0.01789461,-0.00861264,-0.03317333,-0.11997070
2008-01-17,XLU,4.56173751,1.62036007,True,-0.03857072,-0.02591554,-0.07046453,-0.14277713
2008-01-18,XLU,4.49437388,1.60372201,True,-0.01476710,-0.01026813,-0.08419108,-0.15157920
2008-01-22,XLU,4.33943266,1.58744933,True,-0.03447448,-0.01014682,-0.11576312,-0.16018798
2008-01-23,XLU,4.45507730,1.62558111,True,0.02664971,0.02402079,-0.09219846,-0.14001503
2008-01-24,XLU,4.33382015,1.63930440,True,-0.02721774,0.00844208,-0.11690677,-0.13275497
2008-01-25,XLU,4.28666516,1.61562304,True,-0.01088070,-0.01444598,-0.12651544,-0.14528317
2008-01-28,XLU,4.35402920,1.64234002,True,0.01571479,0.01653664,-0.11278881,-0.13114903
2008-01-29,XLU,4.36862614,1.65047623,True,0.00335251,0.00495403,-0.10981442,-0.12684471
2008-01-30,XLU,4.34616997,1.63833208,True,-0.00514033,-0.00735797,-0.11439027,-0.13326936
2008-01-31,XLU,4.40343132,1.66820629,True,0.01317513,0.01823453,-0.10272225,-0.11746493
2008-02-01,XLP/IEF,4.44883548,1.69504346,True,0.01031109,0.01608744,-0.09347034,-0.10326720
2008-02-04,XLP/IEF,4.42269703,1.67367123,True,-0.00587535,-0.01260866,-0.09879652,-0.11457380
2008-02-05,XLP/IEF,4.40806650,1.62885997,True,-0.00330805,-0.02677423,-0.10177775,-0.13828041
2008-02-06,XLP/IEF,4.39517549,1.61574467,True,-0.00292442,-0.00805183,-0.10440452,-0.14521883
2008-02-07,XLP/IEF,4.39313202,1.62643091,True,-0.00046493,0.00661382,-0.10482091,-0.13956546
2008-02-08,XLP/IEF,4.38715187,1.61598713,True,-0.00136125,-0.00642129,-0.10603948,-0.14509056
2008-02-11,XLP/IEF,4.41975398,1.62424574,True,0.00743127,0.00511057,-0.09939621,-0.14072149
2008-02-12,XLP/IEF,4.44439255,1.63930440,True,0.00557465,0.00927117,-0.09437566,-0.13275497
2008-02-13,XLP/IEF,4.42446031,1.65606279,True,-0.00448481,0.01022286,-0.09843722,-0.12388924
2008-02-14,XLP/IEF,4.40100887,1.64148944,True,-0.00530041,-0.00880000,-0.10321587,-0.13159901
2008-02-15,XLP/IEF,4.41545207,1.64112510,True,0.00328179,-0.00022196,-0.10027281,-0.13179176
2008-02-19,XLP/IEF,4.43553690,1.64574063,True,0.00454876,0.00281242,-0.09618016,-0.12934999
2008-02-20,XLP/IEF,4.38553129,1.65059746,True,-0.01127386,0.00295115,-0.10636970,-0.12678057
2008-02-21,XLP/IEF,4.41605632,1.63687508,True,0.00696039,-0.00831358,-0.10014968,-0.13404016
2008-02-22,XLP/IEF,4.43433192,1.64695438,True,0.00413844,0.00615765,-0.09642570,-0.12870788
2008-02-25,XLP/IEF,4.42307780,1.66772058,True,-0.00253795,0.01260885,-0.09871893,-0.11772189
2008-02-26,XLP/IEF,4.45617253,1.68022921,True,0.00748229,0.00750043,-0.09197528,-0.11110442
2008-02-27,XLP/IEF,4.43039651,1.67852871,True,-0.00578434,-0.00101207,-0.09722761,-0.11200404
2008-02-28,XLP/IEF,4.46005066,1.66213454,True,0.00669334,-0.00976699,-0.09118505,-0.12067709
2008-02-29,XLP/IEF,4.44132284,1.62509476,True,-0.00419901,-0.02228447,-0.09500117,-0.14027233
2008-03-03,XLU,4.48652683,1.62120895,True,0.01017805,-0.00239112,-0.08579005,-0.14232804
2008-03-04,XLU,4.56408479,1.61501545,True,0.01728686,-0.00382030,-0.06998624,-0.14560461
2008-03-05,XLU,4.55115532,1.62521703,True,-0.00283287,0.00631670,-0.07262084,-0.14020764
2008-03-06,XLU,4.45832413,1.59157851,True,-0.02039728,-0.02069786,-0.09153686,-0.15800351
2008-03-07,XLU,4.43012143,1.57518421,True,-0.00632585,-0.01030065,-0.09728366,-0.16667662
2008-03-10,XLU,4.42424681,1.55441749,True,-0.00132606,-0.01318368,-0.09848072,-0.17766289
2008-03-11,XLU,4.50062711,1.61027960,True,0.01726402,0.03593765,-0.08291687,-0.14811003
2008-03-12,XLU,4.50062711,1.59522171,True,0.00000000,-0.00935110,-0.08291687,-0.15607613
2008-03-13,XLU,4.48652683,1.59874317,True,-0.00313296,0.00220750,-0.08579005,-0.15421317
2008-03-14,XLU,4.45362332,1.57396981,True,-0.00733385,-0.01549552,-0.09249473,-0.16731908
2008-03-17,XLU,4.45597437,1.55806122,True,0.00052789,-0.01010730,-0.09201566,-0.17573524
2008-03-18,XLU,4.53470443,1.62278757,True,0.01766843,0.04154288,-0.07597301,-0.14149290
2008-03-19,XLU,4.44539766,1.58259172,True,-0.01969407,-0.02476963,-0.09417086,-0.16275781
2008-03-20,XLU,4.43249684,1.61190582,True,-0.00290206,0.01852284,-0.09679963,-0.14724970
2008-03-24,XLU,4.44669929,1.64412481,True,0.00320416,0.01998813,-0.09390563,-0.13020481
2008-03-25,XLU,4.43368048,1.64571071,True,-0.00292775,0.00096459,-0.09655844,-0.12936582
2008-03-26,XLU,4.45024936,1.62557487,True,0.00373705,-0.01223535,-0.09318224,-0.14001833
2008-03-27,XLU,4.49522527,1.62044891,True,0.01010638,-0.00315332,-0.08401759,-0.14273013
2008-03-28,XLU,4.45380115,1.60494968,True,-0.00921514,-0.00956478,-0.09245850,-0.15092973
2008-03-31,XLU,4.49049111,1.61056382,True,0.00823790,0.00349802,-0.08498226,-0.14795967
2008-04-01,XLU,4.60648181,1.66719000,False,0.02583029,0.03515923,-0.06134709,-0.11800259
2008-04-02,XLU,4.66566101,1.66828746,False,0.01284694,0.00065827,-0.04928827,-0.11742199
2008-04-03,XLU,4.64080577,1.67243745,False,-0.00532727,0.00248757,-0.05435296,-0.11522652
2008-04-04,XLU,4.63607034,1.67060713,False,-0.00102039,-0.00109440,-0.05531789,-0.11619481
2008-04-07,XLU,4.65619314,1.67146134,False,0.00434049,0.00051132,-0.05121751,-0.11574290
2008-04-08,XLU,4.68696617,1.66975330,False,0.00660905,-0.00102189,-0.04494696,-0.11664652
2008-04-09,XLU,4.67512973,1.65767146,False,-0.00252539,-0.00723571,-0.04735884,-0.12303820
2008-04-10,XLU,4.64199027,1.65998930,False,-0.00708846,0.00139826,-0.05411160,-0.12181198
2008-04-11,XLU,4.64790763,1.62777097,False,0.00127475,-0.01940876,-0.05290583,-0.13885653
2008-04-14,XLU,4.64080577,1.62227975,False,-0.00152797,-0.00337346,-0.05435296,-0.14176156
2008-04-15,XLU,4.69169904,1.62606318,False,0.01096647,0.00233217,-0.04398255,-0.13976000
2008-04-16,XLU,4.78993721,1.67011934,False,0.02093872,0.02709375,-0.02396477,-0.11645287
2008-04-17,XLU,4.79940380,1.67256037,False,0.00197635,0.00146159,-0.02203579,-0.11516149
2008-04-18,XLU,4.81479245,1.69001180,False,0.00320637,0.01043397,-0.01890007,-0.10592911
2008-04-21,XLU,4.77099976,1.69086615,False,-0.00909545,0.00050553,-0.02782361,-0.10547713
2008-04-22,XLU,4.75679646,1.68342170,False,-0.00297701,-0.00440275,-0.03071779,-0.10941549
2008-04-23,XLU,4.76389619,1.68073677,False,0.00149254,-0.00159492,-0.02927109,-0.11083590
2008-04-24,XLU,4.75916461,1.68805869,False,-0.00099322,0.00435638,-0.03023524,-0.10696237
2008-04-25,XLU,4.77455198,1.70368020,False,0.00323321,0.00925413,-0.02709979,-0.09869809
2008-04-28,XLU,4.72839157,1.70404585,False,-0.00966801,0.00021462,-0.03650579,-0.09850465
2008-04-29,XLU,4.75087782,1.69733425,False,0.00475558,-0.00393863,-0.03192382,-0.10205530
2008-04-30,XLU,4.72010735,1.68732662,False,-0.00647680,-0.00589609,-0.03819385,-0.10734966
2008-05-01,XLU,4.77573391,1.72223040,False,0.01178502,0.02068585,-0.02685895,-0.08888443
2008-05-02,XLU,4.85503421,1.72698928,False,0.01660484,0.00276321,-0.01070010,-0.08636683
2008-05-05,XLU,4.78520392,1.71869087,False,-0.01438307,-0.00480513,-0.02492926,-0.09075696
2008-05-06,XLU,4.78401814,1.73357939,False,-0.00024780,0.00866271,-0.02517089,-0.08288045
2008-05-07,XLU,4.71182141,1.70270345,False,-0.01509123,-0.01781051,-0.03988226,-0.09921482
2008-05-08,XLU,4.72365785,1.69831022,False,0.00251207,-0.00258015,-0.03747037,-0.10153898
2008-05-09,XLU,4.73904351,1.69513750,False,0.00325715,-0.00186816,-0.03433527,-0.10321745
2008-05-12,XLU,4.78520392,1.71417575,False,0.00974045,0.01123109,-0.02492926,-0.09314560
2008-05-13,XLU,4.77809949,1.71441939,False,-0.00148467,0.00014213,-0.02637692,-0.09301671
2008-05-14,XLU,4.79585458,1.71795905,False,0.00371593,0.00206464,-0.02275900,-0.09114411
2008-05-15,XLU,4.79111915,1.73943781,False,-0.00098740,0.01250249,-0.02372393,-0.07978115
2008-05-16,XLU,4.82662590,1.74102424,False,0.00741095,0.00091203,-0.01648880,-0.07894189
2008-05-19,XLU,4.88107266,1.74578416,False,0.01128050,0.00273398,-0.00539430,-0.07642373
2008-05-20,XLU,4.91421255,1.73162719,False,0.00678947,-0.00810923,0.00000000,-0.08391323
2008-05-21,XLU,4.88935689,1.70233845,False,-0.00505791,-0.01691400,-0.00505791,-0.09940791
2008-05-22,XLU,4.91776434,1.70258118,False,0.00581006,0.00014258,0.00000000,-0.09927951
2008-05-23,XLU,4.84201541,1.67976002,False,-0.01540312,-0.01340386,-0.01540312,-0.11135264
2008-05-27,XLU,4.86686936,1.69220842,False,0.00513298,0.00741082,-0.01034921,-0.10476703
2008-05-28,XLU,4.87041987,1.70001918,False,0.00072953,0.00461572,-0.00962723,-0.10063489
2008-05-29,XLU,4.92249806,1.70856161,False,0.01069275,0.00502491,0.00000000,-0.09611566
2008-05-30,XLU,4.88935689,1.71283309,False,-0.00673259,0.00250004,-0.00673259,-0.09385591
2008-06-02,XLU,4.85384928,1.69513750,False,-0.00726222,-0.01033118,-0.01394592,-0.10321745
2008-06-03,XLU,4.81124238,1.68525188,False,-0.00877796,-0.00583175,-0.02260147,-0.10844726
2008-06-04,XLU,4.86923750,1.68439741,False,0.01205409,-0.00050703,-0.01081982,-0.10889931
2008-06-05,XLU,4.92723350,1.71808041,False,0.01191069,0.01999707,0.00000000,-0.09107991
2008-06-06,XLU,4.79822101,1.66328455,False,-0.02618355,-0.03189365,-0.02618355,-0.12006869
2008-06-09,XLU,4.87278716,1.66731240,False,0.01554037,0.00242162,-0.01105008,-0.11793783
2008-06-10,XLU,4.86805215,1.65901346,False,-0.00097172,-0.00497743,-0.01201107,-0.12232824
2008-06-11,XLU,4.86332014,1.63460523,False,-0.00097205,-0.01471250,-0.01297145,-0.13524098
2008-06-12,XLU,4.84319777,1.64082943,False,-0.00413758,0.00380777,-0.01705536,-0.13194818
2008-06-13,XLU,4.88699003,1.66157612,False,0.00904201,0.01264402,-0.00816756,-0.12097251
2008-06-16,XLU,4.89172460,1.66255235,False,0.00096881,0.00058753,-0.00720666,-0.12045605
2008-06-17,XLU,4.91894671,1.65449835,False,0.00556493,-0.00484436,-0.00168183,-0.12471688
2008-06-18,XLU,4.90000883,1.63838866,False,-0.00384999,-0.00973690,-0.00552535,-0.13323942
2008-06-19,XLU,4.90592748,1.64046300,False,0.00120789,0.00126609,-0.00432413,-0.13214203
2008-06-20,XLU,4.84929125,1.61383591,False,-0.01154445,-0.01623145,-0.01581866,-0.14622862
2008-06-23,XLU,4.90771598,1.61224168,False,0.01204810,-0.00098785,-0.00396115,-0.14707202
2008-06-24,XLU,4.86717457,1.60905284,False,-0.00826075,-0.00197790,-0.01218918,-0.14875902
2008-06-25,XLU,4.92440839,1.61665677,False,0.01175915,0.00472572,-0.00057336,-0.14473630
2008-06-26,XLU,4.77775111,1.57274747,False,-0.02978171,-0.02716056,-0.03033800,-0.16796574
2008-06-27,XLU,4.73721098,1.56416237,False,-0.00848519,-0.00545867,-0.03856576,-0.17250753
2008-06-30,XLU,4.85286697,1.56968168,False,0.02441436,0.00352861,-0.01509296,-0.16958764
2008-07-01,XLU,4.87790816,1.57458741,False,0.00516008,0.00312531,-0.01001076,-0.16699235
2008-07-02,XLU,4.86479232,1.54760430,False,-0.00268882,-0.01713663,-0.01267266,-0.18126729
2008-07-03,XLU,4.81471337,1.54919853,False,-0.01029416,0.00103013,-0.02283637,-0.18042389
2008-07-07,XLU,4.76701795,1.53337709,False,-0.00990618,-0.01021266,-0.03251633,-0.18879394
2008-07-08,XLU,4.79205785,1.56060592,False,0.00525274,0.01775743,-0.02743439,-0.17438901
2008-07-09,XLU,4.84929125,1.53055571,False,0.01194339,-0.01925547,-0.01581866,-0.19028654
2008-07-10,XLU,4.86121404,1.53681178,False,0.00245867,0.00408745,-0.01339889,-0.18697688
2008-07-11,XLU,4.82425134,1.51890390,False,-0.00760359,-0.01165262,-0.02090060,-0.19645072
2008-07-14,XLU,4.79086651,1.50516735,False,-0.00692021,-0.00904373,-0.02767618,-0.20371781
2008-07-15,XLU,4.75747998,1.48394835,False,-0.00696879,-0.01409743,-0.03445210,-0.21494334
2008-07-16,XLU,4.66328389,1.52037612,False,-0.01979958,0.02454787,-0.05356953,-0.19567187
2008-07-17,XLU,4.58935808,1.53558450,False,-0.01585274,0.01000304,-0.06857305,-0.18762615
2008-07-18,XLU,4.59412857,1.54515130,False,0.00103947,0.00623007,-0.06760486,-0.18256500
2008-07-21,XLU,4.67520753,1.54600994,False,0.01764839,0.00055570,-0.05114959,-0.18211075
2008-07-22,XLU,4.65970731,1.56354905,False,-0.00331541,0.01134476,-0.05429541,-0.17283200
2008-07-23,XLU,4.54643314,1.57201214,False,-0.02430929,0.00541274,-0.07728482,-0.16835475
2008-07-24,XLU,4.53927913,1.53938692,False,-0.00157354,-0.02075380,-0.07873675,-0.18561454
2008-07-25,XLU,4.48443141,1.53901867,False,-0.01208292,-0.00023922,-0.08986830,-0.18580936
2008-07-28,XLU,4.49516328,1.51645143,False,0.00239314,-0.01466340,-0.08769023,-0.19774816
2008-07-29,XLU,4.50112296,1.54883106,False,0.00132580,0.02135224,-0.08648069,-0.18061829
2008-07-30,XLU,4.58935808,1.57642749,False,0.01960291,0.01781758,-0.06857305,-0.16601889
2008-07-31,XLU,4.54047175,1.55557661,False,-0.01065211,-0.01322666,-0.07849471,-0.17704968
2008-08-01,XLP/IEF,4.56438076,1.54735975,True,0.00526576,-0.00528219,-0.07364228,-0.18139666
2008-08-04,XLP/IEF,4.58358551,1.53300975,True,0.00420752,-0.00927386,-0.06974461,-0.18898827
2008-08-05,XLP/IEF,4.61174435,1.57434209,True,0.00614341,0.02696156,-0.06402967,-0.16712213
2008-08-06,XLP/IEF,4.63744463,1.58133375,True,0.00557279,0.00444100,-0.05881371,-0.16342332
2008-08-07,XLP/IEF,4.61310108,1.55778467,True,-0.00524935,-0.01489191,-0.06375432,-0.17588154
2008-08-08,XLP/IEF,4.66023707,1.58673013,True,0.01021785,0.01858117,-0.05418790,-0.16056845
2008-08-11,XLP/IEF,4.66980960,1.60316502,True,0.00205409,0.01035770,-0.05224512,-0.15187387
2008-08-12,XLP/IEF,4.70229935,1.58648507,True,0.00695740,-0.01040439,-0.04565120,-0.16069810
2008-08-13,XLP/IEF,4.67326798,1.57691788,True,-0.00617387,-0.00603043,-0.05154323,-0.16575945
2008-08-14,XLP/IEF,4.69109398,1.58881488,True,0.00381446,0.00754447,-0.04792538,-0.15946555
2008-08-15,XLP/IEF,4.72294200,1.59654213,True,0.00678904,0.00486353,-0.04146170,-0.15537759
2008-08-18,XLP/IEF,4.71869916,1.57471034,True,-0.00089835,-0.01367442,-0.04232280,-0.16692732
2008-08-19,XLP/IEF,4.68292152,1.55753909,True,-0.00758210,-0.01090439,-0.04958401,-0.17601146
2008-08-20,XLP/IEF,4.69051816,1.56477542,True,0.00162220,0.00464600,-0.04804224,-0.17218321
2008-08-21,XLP/IEF,4.65982104,1.56747413,True,-0.00654451,0.00172467,-0.05427233,-0.17075550
2008-08-22,XLP/IEF,4.69542002,1.59016431,True,0.00763956,0.01447563,-0.04704739,-0.15875167
2008-08-25,XLP/IEF,4.67256544,1.55790695,True,-0.00486742,-0.02028555,-0.05168581,-0.17581685
2008-08-26,XLP/IEF,4.66420966,1.56244560,True,-0.00178826,0.00291331,-0.05338165,-0.17341576
2008-08-27,XLP/IEF,4.67839398,1.57765334,True,0.00304110,0.00973329,-0.05050289,-0.16537037
2008-08-28,XLP/IEF,4.68996042,1.59678745,True,0.00247231,0.01212821,-0.04815544,-0.15524781
2008-08-29,XLP/IEF,4.66383863,1.57961581,True,-0.00556972,-0.01075387,-0.05345695,-0.16433216
2008-09-02,XLP/IEF,4.70239206,1.56980382,False,0.00826646,-0.00621163,-0.04563239,-0.16952302
2008-09-03,XLP/IEF,4.69090005,1.56845492,False,-0.00244386,-0.00085928,-0.04796473,-0.17023663
2008-09-04,XLP/IEF,4.68793827,1.52123450,False,-0.00063139,-0.03010633,-0.04856584,-0.19521776
2008-09-05,XLP/IEF,4.70407520,1.52601757,False,0.00344222,0.00314421,-0.04529079,-0.19268736
2008-09-08,XLP/IEF,4.75373592,1.55753909,False,0.01055696,0.02065606,-0.03521197,-0.17601146
2008-09-09,XLP/IEF,4.75218854,1.51130036,False,-0.00032551,-0.02968704,-0.03552601,-0.20047324
2008-09-10,XLP/IEF,4.76259465,1.51743273,False,0.00218975,0.00405768,-0.03341405,-0.19722902
2008-09-11,XLP/IEF,4.76825771,1.53938692,False,0.00118907,0.01446798,-0.03226472,-0.18561454
2008-09-12,XLP/IEF,4.76133969,1.54650007,False,-0.00145085,0.00462077,-0.03366875,-0.18185146
2008-09-15,XLP/IEF,4.77784556,1.47291038,False,0.00346664,-0.04758467,-0.03031883,-0.22078279
2008-09-16,XLP/IEF,4.77099410,1.49756329,False,-0.00143401,0.01673755,-0.03170935,-0.20774060
2008-09-17,XLP/IEF,4.70780496,1.43022797,False,-0.01324444,-0.04496325,-0.04453382,-0.24336316
2008-09-18,XLP/IEF,4.69416668,1.47266466,False,-0.00289695,0.02967128,-0.04730176,-0.22091278
2008-09-19,XLP/IEF,4.64642247,1.53115056,False,-0.01017096,0.03971433,-0.05699162,-0.18997185
2008-09-22,XLP/IEF,4.62898180,1.49648559,False,-0.00375357,-0.02263981,-0.06053127,-0.20831073
2008-09-23,XLP/IEF,4.59831376,1.46243824,False,-0.00662522,-0.02275154,-0.06675546,-0.22632288
2008-09-24,XLP/IEF,4.60023220,1.46712597,False,0.00041721,0.00320542,-0.06636610,-0.22384293
2008-09-25,XLP/IEF,4.64865022,1.49007096,False,0.01052512,0.01563942,-0.05653949,-0.21170428
2008-09-26,XLP/IEF,4.63878154,1.49081097,False,-0.00212291,0.00049663,-0.05854237,-0.21131279
2008-09-29,XLP/IEF,4.58525258,1.37398864,False,-0.01153944,-0.07836160,-0.06940627,-0.27311558
2008-09-30,XLP/IEF,4.63181224,1.43085871,False,0.01015422,0.04139050,-0.05995682,-0.24302948
2008-10-01,XLP/IEF,4.66518474,1.43172178,False,0.00720506,0.00060318,-0.05318375,-0.24257289
2008-10-02,XLP/IEF,4.64870775,1.37978697,False,-0.00353191,-0.03627437,-0.05652782,-0.27004808
2008-10-03,XLP/IEF,4.63901883,1.36115911,False,-0.00208422,-0.01350053,-0.05849422,-0.27990282
2008-10-06,XLP/IEF,4.59145436,1.29183075,False,-0.01025313,-0.05093333,-0.06814760,-0.31657976
2008-10-07,XLP/IEF,4.51886434,1.23397495,False,-0.01580981,-0.04478590,-0.08288001,-0.34718735
2008-10-08,XLP/IEF,4.42970699,1.20288815,False,-0.01973004,-0.02519240,-0.10097482,-0.36363327
2008-10-09,XLP/IEF,4.27991346,1.11887978,False,-0.03381567,-0.06983889,-0.13137596,-0.40807642
2008-10-10,XLP/IEF,4.26970530,1.09174018,False,-0.00238513,-0.02425604,-0.13344774,-0.42243414
2008-10-13,XLP/IEF,4.34676622,1.25025855,False,0.01804830,0.14519788,-0.11780795,-0.33857280
2008-10-14,XLP/IEF,4.34031029,1.23175401,False,-0.00148523,-0.01480057,-0.11911821,-0.34836230
2008-10-15,XLP/IEF,4.28717103,1.11049122,False,-0.01224319,-0.09844724,-0.12990301,-0.41251424
2008-10-16,XLP/IEF,4.30707074,1.15675141,False,0.00464169,0.04165741,-0.12586429,-0.38804110
2008-10-17,XLP/IEF,4.33654653,1.14984300,False,0.00684358,-0.00597225,-0.11988207,-0.39169587
2008-10-20,XLP/IEF,4.35573832,1.21892487,False,0.00442559,0.06007939,-0.11598703,-0.35514933
2008-10-21,XLP/IEF,4.36055795,1.18253378,False,0.00110650,-0.02985507,-0.11500887,-0.37440139
2008-10-22,XLP/IEF,4.34623866,1.11813951,False,-0.00328382,-0.05445449,-0.11791502,-0.40846804
2008-10-23,XLP/IEF,4.35778443,1.13109209,False,0.00265650,0.01158405,-0.11557176,-0.40161571
2008-10-24,XLP/IEF,4.24679700,1.07372948,False,-0.02546878,-0.05071436,-0.13809707,-0.43196239
2008-10-27,XLP/IEF,4.19663169,1.03561129,False,-0.01181250,-0.03550074,-0.14827830,-0.45212814
2008-10-28,XLP/IEF,4.30679963,1.15662784,False,0.02625151,0.11685518,-0.12591931,-0.38810648
2008-10-29,XLP/IEF,4.27142687,1.14823915,False,-0.00821324,-0.00725271,-0.13309835,-0.39254436
2008-10-30,XLP/IEF,4.33629841,1.18796139,False,0.01518732,0.03459405,-0.11993243,-0.37153001
2008-10-31,XLP/IEF,4.31897891,1.19449907,False,-0.00399407,0.00550328,-0.12344748,-0.36807137
2008-11-03,XLP/IEF,4.35328371,1.19795393,False,0.00794280,0.00289230,-0.11648520,-0.36624364
2008-11-04,XLP/IEF,4.41132418,1.23866228,False,0.01333257,0.03398157,-0.10470568,-0.34470760
2008-11-05,XLP/IEF,4.38397843,1.18660455,False,-0.00619899,-0.04202738,-0.11025560,-0.37224783
2008-11-06,XLP/IEF,4.35420211,1.12085358,False,-0.00679208,-0.05541103,-0.11629881,-0.40703222
2008-11-07,XLP/IEF,4.35600259,1.15786162,False,0.00041350,0.03301773,-0.11593339,-0.38745376
2008-11-10,XLP/IEF,4.36444856,1.14268797,False,0.00193893,-0.01310489,-0.11421925,-0.39548112
2008-11-11,XLP/IEF,4.32386428,1.10740709,False,-0.00929883,-0.03087534,-0.12245598,-0.41414584
2008-11-12,XLP/IEF,4.29229623,1.05867940,False,-0.00730089,-0.04400160,-0.12886283,-0.43992437
2008-11-13,XLP/IEF,4.35863668,1.12467785,False,0.01545570,0.06234035,-0.11539880,-0.40500905
2008-11-14,XLP/IEF,4.31664240,1.06854863,False,-0.00963473,-0.04990693,-0.12392169,-0.43470322
2008-11-17,XLP/IEF,4.29859095,1.05436233,False,-0.00418183,-0.01327623,-0.12758530,-0.44220824
2008-11-18,XLP/IEF,4.33018803,1.07422358,False,0.00735057,0.01883721,-0.12117255,-0.43170099
2008-11-19,XLP/IEF,4.30132902,1.00538782,False,-0.00666461,-0.06407955,-0.12702960,-0.46811734
2008-11-20,XLP/IEF,4.27724530,0.93075516,False,-0.00559913,-0.07423270,-0.13191747,-0.50760042
2008-11-21,XLP/IEF,4.34900926,0.98096294,False,0.01677808,0.05394305,-0.11735272,-0.48103889
2008-11-24,XLP/IEF,4.35310420,1.04893440,False,0.00094158,0.06929055,-0.11652163,-0.44507979
2008-11-25,XLP/IEF,4.40391919,1.05670639,False,0.01167328,0.00740942,-0.10620855,-0.44096815
2008-11-26,XLP/IEF,4.44470526,1.09753877,False,0.00926131,0.03864118,-0.09793086,-0.41936650
2008-11-28,XLP/IEF,4.48136493,1.11135455,False,0.00824794,0.01258796,-0.09049065,-0.41205751
2008-12-01,XLP/IEF,4.38958786,1.01291299,False,-0.02047971,-0.08857800,-0.10911714,-0.46413628
2008-12-02,XLP/IEF,4.43254780,1.05189476,False,0.00978678,0.03848482,-0.10039826,-0.44351366
2008-12-03,XLP/IEF,4.46255930,1.07718368,False,0.00677071,0.02404130,-0.09430732,-0.43013500
2008-12-04,XLP/IEF,4.44826936,1.05226457,False,-0.00320219,-0.02313358,-0.09720752,-0.44331802
2008-12-05,XLP/IEF,4.48581212,1.08470918,False,0.00843986,0.03083313,-0.08958808,-0.42615377
2008-12-08,XLP/IEF,4.49060470,1.12258035,False,0.00106839,0.03491367,-0.08861541,-0.40611870
2008-12-09,XLP/IEF,4.46610496,1.10407659,False,-0.00545578,-0.01648324,-0.09358772,-0.41590779
2008-12-10,XLP/IEF,4.46304407,1.11160143,False,-0.00068536,0.00681551,-0.09420894,-0.41192690
2008-12-11,XLP/IEF,4.45206366,1.08483217,False,-0.00246030,-0.02408171,-0.09643745,-0.42608871
2008-12-12,XLP/IEF,4.46124264,1.09778475,False,0.00206174,0.01193971,-0.09457454,-0.41923637
2008-12-15,XLP/IEF,4.46428256,1.08248817,False,0.00068141,-0.01393404,-0.09395758,-0.42732876
2008-12-16,XLP/IEF,4.55153238,1.13343635,False,0.01954397,0.04706580,-0.07624991,-0.40037552
2008-12-17,XLP/IEF,4.55591185,1.12245691,False,0.00096220,-0.00968686,-0.07536108,-0.40618400
2008-12-18,XLP/IEF,4.57921090,1.10148519,False,0.00511403,-0.01868376,-0.07063245,-0.41727872
2008-12-19,XLP/IEF,4.55333209,1.09674686,False,-0.00565137,-0.00430176,-0.07588465,-0.41978545
2008-12-22,XLP/IEF,4.55295304,1.08269448,False,-0.00008325,-0.01281279,-0.07596158,-0.42721961
2008-12-23,XLP/IEF,4.53365093,1.07150191,False,-0.00423947,-0.01033770,-0.07987902,-0.43314085
2008-12-24,XLP/IEF,4.55038520,1.07772012,False,0.00369113,0.00580327,-0.07648273,-0.42985121
2008-12-26,XLP/IEF,4.56473788,1.08393860,False,0.00315417,0.00577003,-0.07356981,-0.42656143
2008-12-29,XLP/IEF,4.56512726,1.08082910,False,0.00008530,-0.00286870,-0.07349078,-0.42820646
2008-12-30,XLP/IEF,4.60373269,1.10644816,False,0.00845659,0.02370315,-0.06565567,-0.41465315
2008-12-31,XLP/IEF,4.59975265,1.12224137,False,-0.00086452,0.01427379,-0.06646343,-0.40629803
2009-01-02,XLP/IEF,4.59955954,1.15606798,False,-0.00004198,0.03014201,-0.06650262,-0.38840266
2009-01-05,XLP/IEF,4.60522176,1.15470022,False,0.00123104,-0.00118312,-0.06535346,-0.38912625
2009-01-06,XLP/IEF,4.56914163,1.16241056,False,-0.00783461,0.00667735,-0.07267605,-0.38504723
2009-01-07,XLP/IEF,4.54648924,1.12758924,False,-0.00495769,-0.02995612,-0.07727343,-0.40346883
2009-01-08,XLP/IEF,4.52269694,1.13219047,False,-0.00523312,0.00408059,-0.08210217,-0.40103464
2009-01-09,XLP/IEF,4.49467121,1.10794015,False,-0.00619669,-0.02141894,-0.08779009,-0.41386384
2009-01-12,XLP/IEF,4.50987581,1.08132671,False,0.00338281,-0.02402064,-0.08470426,-0.42794321
2009-01-13,XLP/IEF,4.52499724,1.08331670,False,0.00335296,0.00184032,-0.08163531,-0.42689044
2009-01-14,XLP/IEF,4.48870932,1.04924119,False,-0.00801944,-0.03145481,-0.08900008,-0.44491749
2009-01-15,XLP/IEF,4.49647292,1.04961418,False,0.00172958,0.00035549,-0.08742443,-0.44472016
2009-01-16,XLP/IEF,4.49545718,1.05782200,False,-0.00022590,0.00781984,-0.08763058,-0.44037796
2009-01-20,XLP/IEF,4.46594418,1.00198363,False,-0.00656507,-0.05278616,-0.09362035,-0.46991826
2009-01-21,XLP/IEF,4.45623178,1.04526147,False,-0.00217477,0.04319216,-0.09559151,-0.44702289
2009-01-22,XLP/IEF,4.43936222,1.02909461,False,-0.00378561,-0.01546681,-0.09901525,-0.45557568
2009-01-23,XLP/IEF,4.41863701,1.03357135,False,-0.00466851,0.00435018,-0.10322151,-0.45320734
2009-01-26,XLP/IEF,4.42748329,1.04066076,False,0.00200204,0.00685914,-0.10142613,-0.44945681
2009-01-27,XLP/IEF,4.45375304,1.05123104,False,0.00593334,0.01015728,-0.09609458,-0.44386479
2009-01-28,XLP/IEF,4.46143160,1.08679874,False,0.00172407,0.03383433,-0.09453619,-0.42504833
2009-01-29,XLP/IEF,4.41298367,1.05147956,False,-0.01085928,-0.03249837,-0.10436888,-0.44373332
2009-01-30,XLP/IEF,4.34461794,1.03008957,False,-0.01549195,-0.02034275,-0.11824395,-0.45504931
2009-02-02,XLP/IEF,4.34408816,1.02698033,False,-0.00012194,-0.00301842,-0.11835147,-0.45669420
2009-02-03,XLP/IEF,4.37279282,1.04140656,False,0.00660775,0.01404723,-0.11252576,-0.44906226
2009-02-04,XLP/IEF,4.30155296,1.03630733,False,-0.01629162,-0.00489648,-0.12698415,-0.45175991
2009-02-05,XLP/IEF,4.33721186,1.05172833,False,0.00828977,0.01488072,-0.11974704,-0.44360171
2009-02-06,XLP/IEF,4.36174337,1.08169990,False,0.00565606,0.02849745,-0.11476828,-0.42774577
2009-02-09,XLP/IEF,4.33566378,1.08319235,False,-0.00597917,0.00137972,-0.12006123,-0.42695622
2009-02-10,XLP/IEF,4.29306677,1.03357135,False,-0.00982480,-0.04580996,-0.12870645,-0.45320734
2009-02-11,XLP/IEF,4.32159342,1.03966535,False,0.00664482,0.00589605,-0.12291686,-0.44998342
2009-02-12,XLP/IEF,4.34067202,1.04041095,False,0.00441471,0.00071716,-0.11904479,-0.44958897
2009-02-13,XLP/IEF,4.28994726,1.02921896,False,-0.01168592,-0.01075727,-0.12933956,-0.45550989
2009-02-17,XLP/IEF,4.29562732,0.98519474,False,0.00132404,-0.04277440,-0.12818678,-0.47880013
2009-02-18,XLP/IEF,4.29050908,0.98283163,False,-0.00119150,-0.00239863,-0.12922554,-0.48005029
2009-02-19,XLP/IEF,4.30508569,0.97226154,False,0.00339741,-0.01075473,-0.12626717,-0.48564221
2009-02-20,XLP/IEF,4.27864448,0.96280947,False,-0.00614185,-0.00972174,-0.13163351,-0.49064266
2009-02-23,XLP/IEF,4.22634853,0.92836155,False,-0.01222255,-0.03577855,-0.14224716,-0.50886673
2009-02-24,XLP/IEF,4.25765509,0.96355573,False,0.00740747,0.03790999,-0.13589338,-0.49024787
2009-02-25,XLP/IEF,4.21825104,0.95596955,False,-0.00925487,-0.00787311,-0.14389057,-0.49426120
2009-02-26,XLP/IEF,4.16731754,0.94042479,False,-0.01207456,-0.01626073,-0.15422771,-0.50248488
2009-02-27,XLP/IEF,4.15264252,0.91940728,False,-0.00352145,-0.02234895,-0.15720606,-0.51360382
2009-03-02,XLP/IEF,4.13442765,0.87799508,False,-0.00438633,-0.04504228,-0.16090284,-0.53551222
2009-03-03,XLP/IEF,4.10710534,0.87140347,False,-0.00660849,-0.00750756,-0.16644800,-0.53899939
2009-03-04,XLP/IEF,4.13559979,0.89204798,False,0.00693784,0.02369110,-0.16066495,-0.52807777
2009-03-05,XLP/IEF,4.11254236,0.85560981,False,-0.00557535,-0.04084778,-0.16534454,-0.54735475
2009-03-06,XLP/IEF,4.10879411,0.85710225,False,-0.00091142,0.00174430,-0.16610526,-0.54656520
2009-03-09,XLP/IEF,4.07882888,0.84702906,False,-0.00729295,-0.01175261,-0.17218681,-0.55189424
2009-03-10,XLP/IEF,4.10063999,0.89752008,False,0.00534740,0.05960954,-0.16776016,-0.52518286
2009-03-11,XLP/IEF,4.11334691,0.90336478,False,0.00309876,0.00651206,-0.16518125,-0.52209082
2009-03-12,XLP/IEF,4.17173957,0.93893261,False,0.01419590,0.03937261,-0.15333025,-0.50327429
2009-03-13,XLP/IEF,4.20104378,0.94626962,False,0.00702446,0.00781421,-0.14738285,-0.49939278
2009-03-16,XLP/IEF,4.22204729,0.94340928,False,0.00499960,-0.00302275,-0.14312011,-0.50090599
2009-03-17,XLP/IEF,4.25818304,0.97226154,False,0.00855882,0.03058297,-0.13578623,-0.48564221
2009-03-18,XLP/IEF,4.31783355,0.99402446,False,0.01400844,0.02238381,-0.12367994,-0.47412892
2009-03-19,XLP/IEF,4.28279696,0.98171238,False,-0.00811439,-0.01238609,-0.13079075,-0.48064241
2009-03-20,XLP/IEF,4.26242118,0.96080804,False,-0.00475759,-0.02129375,-0.13492608,-0.49170148
2009-03-23,XLP/IEF,4.34823864,1.02982194,False,0.02013350,0.07182902,-0.11750912,-0.45519090
2009-03-24,XLP/IEF,4.33481130,1.00953085,False,-0.00308800,-0.01970349,-0.12023424,-0.46592554
2009-03-25,XLP/IEF,4.34375140,1.02017755,False,0.00206240,0.01054619,-0.11841982,-0.46029309
2009-03-26,XLP/IEF,4.37408306,1.04096898,False,0.00698282,0.02038021,-0.11226390,-0.44929375
2009-03-27,XLP/IEF,4.35103968,1.02218139,False,-0.00526816,-0.01804818,-0.11694064,-0.45923299
2009-03-30,XLP/IEF,4.31146188,0.98686077,False,-0.00909617,-0.03455416,-0.12497309,-0.47791874
2009-03-31,XLP/IEF,4.31107046,0.99600417,False,-0.00009079,0.00926513,-0.12505253,-0.47308159
2009-04-01,XLP/IEF,4.35308943,1.01529282,False,0.00974676,0.01936603,-0.11652463,-0.46287727
2009-04-02,XLP/IEF,4.38519507,1.04497764,False,0.00737537,0.02923769,-0.11000867,-0.44717304
2009-04-03,XLP/IEF,4.35144447,1.05537349,False,-0.00769649,0.00994839,-0.11685848,-0.44167330
2009-04-06,XLP/IEF,4.35269328,1.04710668,False,0.00028699,-0.00783306,-0.11660503,-0.44604671
2009-04-07,XLP/IEF,4.31702122,1.02268277,False,-0.00819540,-0.02332514,-0.12384481,-0.45896775
2009-04-08,XLP/IEF,4.34595799,1.03370449,False,0.00670295,0.01077726,-0.11797198,-0.45313690
2009-04-09,XLP/IEF,4.33450107,1.07478733,False,-0.00263622,0.03974332,-0.12029721,-0.43140275
2009-04-13,XLP/IEF,4.34083067,1.07503767,False,0.00146028,0.00023291,-0.11901259,-0.43127031
2009-04-14,XLP/IEF,4.32098625,1.05650048,False,-0.00457157,-0.01724330,-0.12304009,-0.44107709
2009-04-15,XLP/IEF,4.36196574,1.06777317,False,0.00948383,0.01066985,-0.11472315,-0.43511347
2009-04-16,XLP/IEF,4.38323490,1.08342961,False,0.00487605,0.01466270,-0.11040650,-0.42683071
2009-04-17,XLP/IEF,4.37735090,1.09069469,False,-0.00134239,0.00670563,-0.11160068,-0.42298724
2009-04-20,XLP/IEF,4.34796442,1.04497764,False,-0.00671330,-0.04191553,-0.11756477,-0.44717304
2009-04-21,XLP/IEF,4.36227860,1.06539354,False,0.00329216,0.01953716,-0.11465965,-0.43637237
2009-04-22,XLP/IEF,4.32740912,1.05888070,False,-0.00799341,-0.00611309,-0.12173654,-0.43981787
2009-04-23,XLP/IEF,4.32696457,1.06927661,False,-0.00010273,0.00981783,-0.12182677,-0.43431810
2009-04-24,XLP/IEF,4.30948946,1.08543371,False,-0.00403865,0.01511031,-0.12537340,-0.42577047
2009-04-27,XLP/IEF,4.33151163,1.07516326,False,0.00511016,-0.00946207,-0.12090392,-0.43120387
2009-04-28,XLP/IEF,4.33151494,1.07178151,False,0.00000077,-0.00314534,-0.12090325,-0.43299293
2009-04-29,XLP/IEF,4.35706638,1.09457717,False,0.00589896,0.02126895,-0.11571750,-0.42093328
2009-04-30,XLP/IEF,4.34426987,1.09495257,False,-0.00293696,0.00034297,-0.11831459,-0.42073468
2009-05-01,XLP/IEF,4.34655206,1.10084001,False,0.00052533,0.00537688,-0.11785141,-0.41762004
2009-05-04,XLP/IEF,4.38212899,1.13829005,False,0.00818509,0.03401952,-0.11063095,-0.39780776
2009-05-05,XLP/IEF,4.36295669,1.13440776,False,-0.00437511,-0.00341063,-0.11452203,-0.39986161
2009-05-06,XLP/IEF,4.37767317,1.15407221,False,0.00337305,0.01733454,-0.11153527,-0.38945849
2009-05-07,XLP/IEF,4.36834082,1.13803991,False,-0.00213181,-0.01389193,-0.11342931,-0.39794009
2009-05-08,XLP/IEF,4.39946022,1.16459312,False,0.00712385,0.02333241,-0.10711351,-0.38389258
2009-05-11,XLP/IEF,4.40892469,1.14279918,False,0.00215128,-0.01871378,-0.10519266,-0.39542228
2009-05-12,XLP/IEF,4.43411041,1.13941743,False,0.00571244,-0.00295918,-0.10008113,-0.39721134
2009-05-13,XLP/IEF,4.40278613,1.11073525,False,-0.00706439,-0.02517267,-0.10643850,-0.41238514
2009-05-14,XLP/IEF,4.41089423,1.12025405,False,0.00184159,0.00856982,-0.10479294,-0.40734939
2009-05-15,XLP/IEF,4.38485308,1.11111065,False,-0.00590383,-0.00816190,-0.11007808,-0.41218654
2009-05-18,XLP/IEF,4.41830016,1.14267353,False,0.00762787,0.02840660,-0.10328988,-0.39548876
2009-05-19,XLP/IEF,4.42807006,1.14129640,False,0.00221124,-0.00120518,-0.10130704,-0.39621730
2009-05-20,XLP/IEF,4.43778807,1.13365592,False,0.00219464,-0.00669457,-0.09933473,-0.40025936
2009-05-21,XLP/IEF,4.39331788,1.11737323,False,-0.01002080,-0.01436299,-0.10836012,-0.40887343
2009-05-22,XLP/IEF,4.39450675,1.11499333,False,0.00027061,-0.00212990,-0.10811884,-0.41013248
2009-05-26,XLP/IEF,4.40883270,1.14355051,False,0.00325997,0.02561197,-0.10521133,-0.39502480
2009-05-27,XLP/IEF,4.32671143,1.12313474,False,-0.01862653,-0.01785297,-0.12187814,-0.40582541
2009-05-28,XLP/IEF,4.36130573,1.13879176,False,0.00799552,0.01394046,-0.11485710,-0.39754234
2009-05-29,XLP/IEF,4.40971553,1.15895713,False,0.01109984,0.01770769,-0.10503216,-0.38687420
2009-06-01,XLK,4.46951518,1.18701299,True,0.01356088,0.02420785,-0.09289560,-0.37203175
2009-06-02,XLK,4.45966564,1.18801524,True,-0.00220372,0.00084434,-0.09489460,-0.37150153
2009-06-03,XLK,4.41041443,1.17298480,True,-0.01104370,-0.01265172,-0.10489031,-0.37945311
2009-06-04,XLK,4.47197852,1.18400717,True,0.01395880,0.00939685,-0.09239566,-0.37362193
2009-06-05,XLK,4.51630305,1.18425704,True,0.00991161,0.00021104,-0.08339983,-0.37348973
2009-06-08,XLK,4.48921513,1.17937303,True,-0.00599781,-0.00412412,-0.08889742,-0.37607353
2009-06-09,XLK,4.50891508,1.18538469,True,0.00438829,0.00509733,-0.08489925,-0.37289317
2009-06-10,XLK,4.52122855,1.18237886,True,0.00273092,-0.00253574,-0.08240018,-0.37448335
2009-06-11,XLK,4.53846486,1.18763932,True,0.00381231,0.00444905,-0.07890201,-0.37170040
2009-06-12,XLK,4.52615169,1.19089658,True,-0.00271307,0.00274264,-0.08140101,-0.36997720
2009-06-15,XLK,4.47936500,1.16359127,True,-0.01033697,-0.02292837,-0.09089654,-0.38442260
2009-06-16,XLK,4.42272760,1.14780950,True,-0.01264407,-0.01356298,-0.10239131,-0.39277166
2009-06-17,XLK,4.44735247,1.14668199,True,0.00556780,-0.00098231,-0.09739360,-0.39336815
2009-06-18,XLK,4.42765074,1.15507393,True,-0.00442999,0.00731845,-0.10139214,-0.38892854
2009-06-19,XLK,4.48232096,1.15933149,True,0.01234745,0.00368596,-0.09029662,-0.38667615
2009-06-22,XLK,4.37100271,1.12456689,True,-0.02483496,-0.02998676,-0.11288907,-0.40506775
2009-06-23,XLK,4.37347963,1.12544869,True,0.00056667,0.00078412,-0.11238637,-0.40460125
2009-06-24,XLK,4.43532028,1.13514686,True,0.01413992,0.00861716,-0.09983558,-0.39947061
2009-06-25,XLK,4.49963608,1.15983528,True,0.01450082,0.02174910,-0.08678245,-0.38640963
2009-06-26,XLK,4.49221624,1.15681242,True,-0.00164899,-0.00260629,-0.08828834,-0.38800883
2009-06-29,XLK,4.53921632,1.16764474,True,0.01046256,0.00936394,-0.07874950,-0.38227818
2009-06-30,XLK,4.50458372,1.15819774,True,-0.00762964,-0.00809064,-0.08577831,-0.38727595
2009-07-01,XLK,4.52437192,1.16298407,False,0.00439290,0.00413256,-0.08176222,-0.38474383
2009-07-02,XLK,4.41058148,1.13124246,False,-0.02515055,-0.02729324,-0.10485641,-0.40153616
2009-07-06,XLK,4.39821606,1.13111681,False,-0.00280358,-0.00011108,-0.10736602,-0.40160264
2009-07-07,XLK,4.28937150,1.10919956,False,-0.02474744,-0.01937665,-0.12945642,-0.41319757
2009-07-08,XLK,4.29184635,1.10844394,False,0.00057697,-0.00068123,-0.12895414,-0.41359732
2009-07-09,XLK,4.31905645,1.11058514,False,0.00633995,0.00193172,-0.12343175,-0.41246455
2009-07-10,XLK,4.33637128,1.10794041,False,0.00400894,-0.00238139,-0.11991764,-0.41386370
2009-07-13,XLK,4.41800486,1.13489555,False,0.01882532,0.02432906,-0.10334981,-0.39960356
2009-07-14,XLK,4.42295250,1.14131916,False,0.00111988,0.00566009,-0.10234567,-0.39620526
2009-07-15,XLK,4.58868979,1.17469844,False,0.03747209,0.02924623,-0.06870868,-0.37854654
2009-07-16,XLK,4.65547897,1.17280881,False,0.01455517,-0.00160861,-0.05515357,-0.37954622
2009-07-17,XLK,4.70000449,1.18565733,False,0.00956411,0.01095534,-0.04611695,-0.37274894
2009-07-20,XLK,4.74205724,1.19825337,False,0.00894738,0.01062368,-0.03758220,-0.36608522
2009-07-21,XLK,4.76926882,1.20379544,False,0.00573835,0.00462513,-0.03205951,-0.36315329
2009-07-22,XLK,4.79647982,1.20354322,False,0.00570549,-0.00020952,-0.02653694,-0.36328672
2009-07-23,XLK,4.89047851,1.23012089,False,0.01959743,0.02208285,-0.00745956,-0.34922628
2009-07-24,XLK,4.86079414,1.23515943,False,-0.00606983,0.00409598,-0.01348411,-0.34656072
2009-07-27,XLK,4.86079414,1.23881174,False,0.00000000,0.00295696,-0.01348411,-0.34462853
2009-07-28,XLK,4.87069001,1.23301797,False,0.00203585,-0.00467688,-0.01147571,-0.34769363
2009-07-29,XLK,4.86574090,1.22999497,False,-0.00101610,-0.00245171,-0.01248015,-0.34929289
2009-07-30,XLK,4.89047851,1.24284258,False,0.00508404,0.01044525,-0.00745956,-0.34249609
2009-07-31,XLK,4.87316191,1.24460617,False,-0.00354088,0.00141900,-0.01097402,-0.34156309
2009-08-03,XLK,4.93995168,1.26513719,False,0.01370563,0.01649600,0.00000000,-0.33070152
2009-08-04,XLK,4.92511348,1.26841279,False,-0.00300371,0.00258913,-0.00300371,-0.32896862
2009-08-05,XLK,4.88058264,1.26475983,False,-0.00904159,-0.00287995,-0.01201814,-0.33090115
2009-08-06,XLK,4.84595387,1.25820979,False,-0.00709521,-0.00517888,-0.01902808,-0.33436634
2009-08-07,XLK,4.89542763,1.27471062,False,0.01020929,0.01311453,-0.00901305,-0.32563687
2009-08-10,XLK,4.87316191,1.27206537,False,-0.00454827,-0.00207518,-0.01352033,-0.32703629
2009-08-11,XLK,4.80390025,1.25619476,False,-0.01421288,-0.01247625,-0.02754105,-0.33543236
2009-08-12,XLK,4.90037144,1.26967233,False,0.02008185,0.01072889,-0.00801227,-0.32830228
2009-08-13,XLK,4.92263833,1.27937103,False,0.00454392,0.00763874,-0.00350476,-0.32317136
2009-08-14,XLK,4.87563618,1.26954577,False,-0.00954816,-0.00767976,-0.01301946,-0.32836924
2009-08-17,XLK,4.75937118,1.23830769,False,-0.02384612,-0.02460571,-0.03655512,-0.34489519
2009-08-18,XLK,4.83111036,1.24813283,False,0.01507325,0.00793432,-0.02203287,-0.33969738
2009-08-19,XLK,4.84347607,1.25909119,False,0.00255960,0.00877981,-0.01952967,-0.33390005
2009-08-20,XLK,4.89789924,1.27206537,False,0.01123639,0.01030440,-0.00851272,-0.32703629
2009-08-21,XLK,4.96963694,1.29700574,False,0.01464663,0.01960621,0.00000000,-0.31384202
2009-08-24,XLK,4.95479549,1.29687957,False,-0.00298643,-0.00009728,-0.00298643,-0.31390877
2009-08-25,XLK,4.96716238,1.29939852,False,0.00249594,0.00194231,-0.00049794,-0.31257617
2009-08-26,XLK,4.98942337,1.29952456,False,0.00448163,0.00009700,0.00000000,-0.31250949
2009-08-27,XLK,4.99932161,1.30242204,False,0.00198384,0.00222964,0.00000000,-0.31097663
2009-08-28,XLK,5.01663526,1.30216917,False,0.00346320,-0.00019415,0.00000000,-0.31111041
2009-08-31,XLK,4.95232035,1.29058122,False,-0.01282033,-0.00889895,-0.01282033,-0.31724080
2009-09-01,XLK,4.85089885,1.26211484,False,-0.02047959,-0.02205703,-0.03303736,-0.33230044
2009-09-02,XLK,4.86079414,1.25732760,False,0.00203989,-0.00379303,-0.03106487,-0.33483304
2009-09-03,XLK,4.88305602,1.26778270,False,0.00457988,0.00831533,-0.02662726,-0.32930196
2009-09-04,XLK,4.96963694,1.28554307,False,0.01773089,0.01400900,-0.00936849,-0.31990615
2009-09-08,XLK,5.00673997,1.29662787,False,0.00746594,0.00862266,-0.00197249,-0.31404193
2009-09-09,XLK,5.04384477,1.30657814,False,0.00741097,0.00767396,0.00000000,-0.30877792
2009-09-10,XLK,5.11310999,1.31992993,False,0.01373262,0.01021890,0.00000000,-0.30171439
2009-09-11,XLK,5.11805792,1.31967810,False,0.00096770,-0.00019079,0.00000000,-0.30184762
2009-09-14,XLK,5.10074251,1.32610158,False,-0.00338320,0.00486746,-0.00338320,-0.29844939
2009-09-15,XLK,5.13537393,1.33164391,False,0.00678949,0.00417942,0.00000000,-0.29551731
2009-09-16,XLK,5.17495271,1.35179744,False,0.00770709,0.01513433,0.00000000,-0.28485544
2009-09-17,XLK,5.15516273,1.34978255,False,-0.00382418,-0.00149053,-0.00382418,-0.28592139
2009-09-18,XLK,5.18669387,1.35064301,False,0.00611642,0.00063748,0.00000000,-0.28546618
2009-09-21,XLK,5.16435142,1.34722614,False,-0.00430765,-0.00252981,-0.00430765,-0.28727381
2009-09-22,XLK,5.19165952,1.35507253,False,0.00528781,0.00582411,0.00000000,-0.28312282
2009-09-23,XLK,5.19165952,1.34380887,False,0.00000000,-0.00831222,0.00000000,-0.28908166
2009-09-24,XLK,5.14200483,1.32900087,False,-0.00956432,-0.01101943,-0.00956432,-0.29691557
2009-09-25,XLK,5.10972813,1.32191334,False,-0.00627706,-0.00533297,-0.01578135,-0.30066510
2009-09-28,XLK,5.19414411,1.34558027,False,0.01652064,0.01790354,0.00000000,-0.28814453
2009-09-29,XLK,5.16683129,1.34153070,False,-0.00525839,-0.00300953,-0.00525839,-0.29028688
2009-09-30,XLK,5.18172941,1.33634113,False,0.00288341,-0.00386839,-0.00239013,-0.29303233
2009-10-01,XLK,5.02779261,1.30318351,False,-0.02970761,-0.02481225,-0.03202674,-0.31057379
2009-10-02,XLK,5.02779261,1.29710838,False,0.00000000,-0.00466176,-0.03202674,-0.31378773
2009-10-05,XLK,5.07000178,1.31647195,False,0.00839517,0.01492826,-0.02390044,-0.30354377
2009-10-06,XLK,5.16186564,1.33532913,False,0.01811910,0.01432403,-0.00621440,-0.29356771
2009-10-07,XLK,5.15193435,1.33899991,False,-0.00192397,0.00274897,-0.00812641,-0.29162575
2009-10-08,XLK,5.18421164,1.34925079,False,0.00626508,0.00765562,-0.00191224,-0.28620271
2009-10-09,XLK,5.21897175,1.35747675,False,0.00670499,0.00609669,0.00000000,-0.28185091
2009-10-12,XLK,5.22145516,1.36279223,False,0.00047584,0.00391571,0.00000000,-0.27903885
2009-10-13,XLK,5.24132011,1.36000819,False,0.00380448,-0.00204290,0.00000000,-0.28051170
2009-10-14,XLK,5.30339009,1.38342133,False,0.01184243,0.01721544,0.00000000,-0.26812539
2009-10-15,XLK,5.29345762,1.38848394,False,-0.00187285,0.00365949,-0.00187285,-0.26544710
2009-10-16,XLK,5.24380116,1.37810663,False,-0.00938072,-0.00747384,-0.01123601,-0.27093703
2009-10-19,XLK,5.30090668,1.38949685,False,0.01089010,0.00826512,-0.00046827,-0.26491124
2009-10-20,XLK,5.28352869,1.38215633,False,-0.00327831,-0.00528287,-0.00374504,-0.26879461
2009-10-21,XLK,5.28601092,1.36975358,False,0.00046981,-0.00897347,-0.00327699,-0.27535607
2009-10-22,XLK,5.31084033,1.38367524,False,0.00469719,0.01016362,0.00000000,-0.26799106
2009-10-23,XLK,5.29594221,1.36785510,False,-0.00280523,-0.01143342,-0.00280523,-0.27636042
2009-10-26,XLK,5.26118151,1.35304762,False,-0.00656365,-0.01082533,-0.00935046,-0.28419406
2009-10-27,XLK,5.23386928,1.34684566,False,-0.00519127,-0.00458370,-0.01449320,-0.28747510
2009-10-28,XLK,5.15690177,1.32140773,False,-0.01470566,-0.01888704,-0.02898573,-0.30093258
2009-10-29,XLK,5.25621646,1.34975666,False,0.01925860,0.02145358,-0.01028535,-0.28593508
2009-10-30,XLK,5.11717601,1.31064969,False,-0.02645257,-0.02897335,-0.03646585,-0.30662394
2009-11-02,XLK,5.14696870,1.32026891,False,0.00582210,0.00733928,-0.03085606,-0.30153506
2009-11-03,XLK,5.12710494,1.32444517,False,-0.00385931,0.00316319,-0.03459629,-0.29932568
2009-11-04,XLK,5.15690177,1.32786204,False,0.00581163,0.00257985,-0.02898573,-0.29751805
2009-11-05,XLK,5.26863116,1.35228784,False,0.02166599,0.01839483,-0.00794774,-0.28459601
2009-11-06,XLK,5.27607963,1.35583166,False,0.00141374,0.00262062,-0.00654524,-0.28272121
2009-11-09,XLK,5.39773736,1.38671228,False,0.02305836,0.02277615,0.00000000,-0.26638436
2009-11-10,XLK,5.39525631,1.38696567,False,-0.00045965,0.00018273,-0.00045965,-0.26625031
2009-11-11,XLK,5.42753242,1.39405307,False,0.00598231,0.00511000,0.00000000,-0.26250085
2009-11-12,XLK,5.38780666,1.37987815,False,-0.00731930,-0.01016813,-0.00731930,-0.26999984
2009-11-13,XLK,5.43746607,1.38734550,False,0.00921700,0.00541160,0.00000000,-0.26604937
2009-11-16,XLK,5.49705205,1.40746808,False,0.01095841,0.01450437,0.00000000,-0.25540388
2009-11-17,XLK,5.52188382,1.40911342,False,0.00451729,0.00116901,0.00000000,-0.25453344
2009-11-18,XLK,5.49208758,1.40822773,False,-0.00539603,-0.00062855,-0.00539603,-0.25500200
2009-11-19,XLK,5.41263489,1.38987668,False,-0.01446676,-0.01303131,-0.01978472,-0.26471030
2009-11-20,XLK,5.38532324,1.38494037,False,-0.00504591,-0.00355161,-0.02473080,-0.26732176
2009-11-23,XLK,5.47967347,1.40253242,False,0.01751988,0.01270239,-0.00764419,-0.25801500
2009-11-24,XLK,5.46974395,1.40468377,False,-0.00181206,0.00153390,-0.00944241,-0.25687687
2009-11-25,XLK,5.47967347,1.40961955,False,0.00181535,0.00351381,-0.00764419,-0.25426568
2009-11-27,XLK,5.39028712,1.38671228,False,-0.01631235,-0.01625068,-0.02383185,-0.26638436
2009-11-30,XLK,5.40021960,1.39139520,False,0.00184266,0.00337699,-0.02203310,-0.26390695
2009-12-01,XLK,5.48712135,1.40860742,False,0.01609226,0.01237048,-0.00629540,-0.25480113
2009-12-02,XLK,5.47967347,1.40797421,False,-0.00135734,-0.00044953,-0.00764419,-0.25513612
2009-12-03,XLK,5.48215511,1.39696316,False,0.00045288,-0.00782049,-0.00719477,-0.26096132
2009-12-04,XLK,5.51691464,1.40493677,False,0.00634048,0.00570782,-0.00089991,-0.25674302
2009-12-07,XLK,5.50698216,1.40278516,False,-0.00180037,-0.00153146,-0.00269866,-0.25788129
2009-12-08,XLK,5.45732806,1.38721828,False,-0.00901657,-0.01109712,-0.01169089,-0.26611667
2009-12-09,XLK,5.50946853,1.39240759,False,0.00955421,0.00374080,-0.00224838,-0.26337136
2009-12-10,XLK,5.53429440,1.40025477,False,0.00450604,0.00563569,0.00000000,-0.25921995
2009-12-11,XLK,5.52188382,1.40620242,False,-0.00224249,0.00424755,-0.00224249,-0.25607345
2009-12-14,XLK,5.56657286,1.41582099,False,0.00809308,0.00684010,0.00000000,-0.25098492
2009-12-15,XLK,5.53181275,1.40924012,False,-0.00624444,-0.00464810,-0.00624444,-0.25446641
2009-12-16,XLK,5.54919310,1.41139147,False,0.00314189,0.00152660,-0.00312217,-0.25332828
2009-12-17,XLK,5.48215511,1.39443263,False,-0.01208067,-0.01201568,-0.01516512,-0.26230005
2009-12-18,XLK,5.56413431,1.40232157,False,0.01495383,0.00565745,-0.00043807,-0.25812655
2009-12-21,XLK,5.61397082,1.41657232,False,0.00895674,0.01016226,0.00000000,-0.25058744
2009-12-22,XLK,5.65882160,1.42166198,False,0.00798914,0.00359294,0.00000000,-0.24789484
2009-12-23,XLK,5.68124788,1.42446125,False,0.00396306,0.00196901,0.00000000,-0.24641394
2009-12-24,XLK,5.73357488,1.43120537,False,0.00921048,0.00473451,0.00000000,-0.24284608
2009-12-28,XLK,5.75102016,1.43425894,False,0.00304265,0.00213356,0.00000000,-0.24123065
2009-12-29,XLK,5.74354100,1.43222270,False,-0.00130049,-0.00141971,-0.00130049,-0.24230788
2009-12-30,XLK,5.76347619,1.43171410,False,0.00347089,-0.00035511,0.00000000,-0.24257695
2009-12-31,XLK,5.71364264,1.41797221,False,-0.00864644,-0.00959821,-0.00864644,-0.24984685
2010-01-04,XLE,5.84871385,1.44202052,True,0.02364012,0.01695965,0.00000000,-0.23712452
2010-01-05,XLE,5.89645240,1.44583790,True,0.00816223,0.00264724,0.00000000,-0.23510500
2010-01-06,XLE,5.96706145,1.44685563,True,0.01197484,0.00070390,0.00000000,-0.23456659
2010-01-07,XLE,5.95811144,1.45296354,True,-0.00149990,0.00422151,-0.00149990,-0.23133531
2010-01-08,XLE,5.99689544,1.45779851,True,0.00650944,0.00332766,0.00000000,-0.22877745
2010-01-11,XLE,5.98894097,1.45983474,True,-0.00132643,0.00139678,-0.00132643,-0.22770022
2010-01-12,XLE,5.90241647,1.44621955,True,-0.01444738,-0.00932653,-0.01575465,-0.23490310
2010-01-13,XLE,5.92429793,1.45843433,True,0.00370721,0.00844601,-0.01210585,-0.22844108
2010-01-14,XLE,5.94120306,1.46237919,True,0.00285352,0.00270486,-0.00928687,-0.22635413
2010-01-15,XLE,5.89346841,1.44596525,True,-0.00803451,-0.01122413,-0.01724676,-0.23503763
2010-01-19,XLE,5.94717103,1.46403299,True,0.00911223,0.01249528,-0.00829169,-0.22547921
2010-01-20,XLE,5.85468312,1.44914603,True,-0.01555158,-0.01016846,-0.02371432,-0.23335490
2010-01-21,XLE,5.73534064,1.42128047,True,-0.02038411,-0.01922895,-0.04361503,-0.24809668
2010-01-22,XLE,5.59909108,1.38959740,True,-0.02375614,-0.02229192,-0.06633505,-0.26485804
2010-01-25,XLE,5.63588923,1.39672304,True,0.00657216,0.00512784,-0.06019885,-0.26108835
2010-01-26,XLE,5.60008661,1.39086969,True,-0.00635261,-0.00419077,-0.06616904,-0.26418496
2010-01-27,XLE,5.57820774,1.39748672,True,-0.00390688,0.00475748,-0.06981741,-0.26068434
2010-01-28,XLE,5.51953138,1.38145378,True,-0.01051886,-0.01147270,-0.07960186,-0.26916628
2010-01-29,XLE,5.42007932,1.36643973,True,-0.01801821,-0.01086830,-0.09618579,-0.27710920
2010-02-01,XLK,5.51566246,1.38768825,True,0.01763501,0.01555028,-0.08024702,-0.26586804
2010-02-02,XLK,5.57030277,1.40448410,True,0.00990639,0.01210347,-0.07113558,-0.25698250
2010-02-03,XLK,5.58330905,1.39748672,True,0.00233493,-0.00498217,-0.06896675,-0.26068434
2010-02-04,XLK,5.42720594,1.35435138,True,-0.02795889,-0.03086637,-0.09499740,-0.28350433
2010-02-05,XLK,5.48184132,1.35715052,True,0.01006695,0.00206677,-0.08588679,-0.28202349
2010-02-08,XLK,5.45842607,1.34735335,True,-0.00427142,-0.00721892,-0.08979135,-0.28720651
2010-02-09,XLK,5.50525657,1.36427667,True,0.00857949,0.01256042,-0.08198223,-0.27825353
2010-02-10,XLK,5.48964497,1.36160423,True,-0.00283576,-0.00195887,-0.08458551,-0.27966733
2010-02-11,XLK,5.54688629,1.37585525,True,0.01042714,0.01046634,-0.07504035,-0.27212809
2010-02-12,XLK,5.55729279,1.37471018,True,0.00187610,-0.00083226,-0.07330504,-0.27273387
2010-02-16,XLK,5.64054791,1.39634139,True,0.01498124,0.01573511,-0.05942200,-0.26129026
2010-02-17,XLK,5.65615643,1.40295777,True,0.00276720,0.00473837,-0.05681923,-0.25778997
2010-02-18,XLK,5.69258105,1.41122861,True,0.00643982,0.00589529,-0.05074532,-0.25341443
2010-02-19,XLK,5.67697438,1.41415457,True,-0.00274158,0.00207334,-0.05334778,-0.25186651
2010-02-22,XLK,5.66656479,1.41440926,True,-0.00183365,0.00018010,-0.05508361,-0.25173177
2010-02-23,XLK,5.59631657,1.39723203,True,-0.01239697,-0.01214446,-0.06679771,-0.26081908
2010-02-24,XLK,5.65095380,1.41008315,True,0.00976307,0.00919756,-0.05768679,-0.25402042
2010-02-25,XLK,5.63534219,1.40817453,True,-0.00276265,-0.00135355,-0.06029007,-0.25503014
2010-02-26,XLK,5.64314831,1.40906477,True,0.00138521,0.00063220,-0.05898838,-0.25455917
2010-03-01,XLK,5.71599753,1.42369770,False,0.01290932,0.01038485,-0.04684055,-0.24681789
2010-03-02,XLK,5.70819327,1.42764229,False,-0.00136534,0.00277067,-0.04814194,-0.24473107
2010-03-03,XLK,5.71079428,1.42891484,False,0.00045566,0.00089136,-0.04770821,-0.24405785
2010-03-04,XLK,5.73420892,1.43324069,False,0.00410007,0.00302737,-0.04380375,-0.24176933
2010-03-05,XLK,5.80445713,1.45372683,False,0.01225072,0.01429358,-0.03208965,-0.23093150
2010-03-08,XLK,5.83567849,1.45398100,False,0.00537886,0.00017484,-0.02688340,-0.23079704
2010-03-09,XLK,5.86169476,1.45639901,False,0.00445814,0.00166303,-0.02254511,-0.22951783
2010-03-10,XLK,5.90072038,1.46288792,False,0.00665774,0.00445545,-0.01603747,-0.22608499
2010-03-11,XLK,5.92413502,1.46899557,False,0.00396810,0.00417506,-0.01213301,-0.22285385
2010-03-12,XLK,5.91893177,1.46912305,False,-0.00087831,0.00008678,-0.01300067,-0.22278641
2010-03-15,XLK,5.91372975,1.46950430,False,-0.00087888,0.00025951,-0.01386812,-0.22258471
2010-03-16,XLK,5.95795739,1.48121048,False,0.00747881,0.00796607,-0.00649303,-0.21639176
2010-03-17,XLK,5.97617124,1.48999005,False,0.00305706,0.00592729,-0.00345582,-0.21174709
2010-03-18,XLK,5.98397489,1.48922663,False,0.00130579,-0.00051237,-0.00215454,-0.21215096
2010-03-19,XLK,5.94822025,1.48168904,False,-0.00597507,-0.00506141,-0.00811673,-0.21613859
2010-03-22,XLK,5.99258595,1.48960984,False,0.00745865,0.00534579,-0.00071862,-0.21194823
2010-03-23,XLK,6.05000848,1.50008692,False,0.00958226,0.00703344,0.00000000,-0.20640552
2010-03-24,XLK,6.02129814,1.49280454,False,-0.00474550,-0.00485464,-0.00474550,-0.21025813
2010-03-25,XLK,6.03173916,1.49037677,False,0.00173402,-0.00162631,-0.00301972,-0.21154250
2010-03-26,XLK,6.00302759,1.48948249,False,-0.00476008,-0.00060004,-0.00776543,-0.21201560
2010-03-29,XLK,6.02129814,1.49893729,False,0.00304356,0.00634771,-0.00474550,-0.20701371
2010-03-30,XLK,6.04739884,1.49995970,False,0.00433473,0.00068209,-0.00043134,-0.20647282
2010-03-31,XLK,6.02912829,1.49484896,False,-0.00302123,-0.00340725,-0.00345127,-0.20917657
2010-04-01,XLK,6.01868850,1.50506966,False,-0.00173156,0.00683728,-0.00517685,-0.20376949
2010-04-05,XLK,6.08915923,1.51733530,False,0.01170865,0.00814955,0.00000000,-0.19728056
2010-04-06,XLK,6.09437665,1.52091295,False,0.00085684,0.00235785,0.00000000,-0.19538787
2010-04-07,XLK,6.07088867,1.51222417,False,-0.00385404,-0.00571287,-0.00385404,-0.19998452
2010-04-08,XLK,6.08132846,1.51746291,False,0.00171965,0.00346426,-0.00214102,-0.19721306
2010-04-09,XLK,6.12830997,1.52742878,False,0.00772553,0.00656746,0.00000000,-0.19194079
2010-04-12,XLK,6.14136001,1.52985629,False,0.00212947,0.00158927,0.00000000,-0.19065656
2010-04-13,XLK,6.15962748,1.53100591,False,0.00297450,0.00075146,0.00000000,-0.19004837
2010-04-14,XLK,6.24837122,1.54838151,False,0.01440732,0.01134914,0.00000000,-0.18085612
2010-04-15,XLK,6.27707848,1.54965965,False,0.00459436,0.00082547,0.00000000,-0.18017994
2010-04-16,XLK,6.19356141,1.52500128,False,-0.01330509,-0.01591212,-0.01330509,-0.19322501
2010-04-19,XLK,6.20660961,1.53075083,False,0.00210674,0.00377019,-0.01122638,-0.19018332
2010-04-20,XLK,6.24054046,1.54442131,False,0.00546689,0.00893057,-0.00582086,-0.18295119
2010-04-21,XLK,6.25358865,1.54161073,False,0.00209088,-0.00181983,-0.00374216,-0.18443808
2010-04-22,XLK,6.26924895,1.54621026,False,0.00250421,0.00298359,-0.00124732,-0.18200478
2010-04-23,XLK,6.28490801,1.55630322,False,0.00249776,0.00652755,0.00000000,-0.17666527
2010-04-26,XLK,6.27707848,1.55042659,False,-0.00124577,-0.00377602,-0.00124577,-0.17977420
2010-04-27,XLK,6.15440944,1.51375831,False,-0.01954238,-0.02365045,-0.02076380,-0.19917291
2010-04-28,XLK,6.17267814,1.52525662,False,0.00296839,0.00759587,-0.01785704,-0.19308993
2010-04-29,XLK,6.23531933,1.54416610,False,0.01014814,0.01239757,-0.00789012,-0.18308621
2010-04-30,XLK,6.10481890,1.51797372,False,-0.02092923,-0.01696215,-0.02865422,-0.19694282
2010-05-03,XLE,6.15966364,1.53764948,True,0.00898384,0.01296186,-0.01992780,-0.18653371
2010-05-04,XLE,5.99497108,1.50149214,True,-0.02673727,-0.02351468,-0.04613225,-0.20566211
2010-05-05,XLE,5.90042605,1.49254854,True,-0.01577072,-0.00595647,-0.06117543,-0.21039356
2010-05-06,XLE,5.69913624,1.44297672,True,-0.03411445,-0.03321287,-0.09320292,-0.23661866
2010-05-07,XLE,5.59036193,1.42151162,True,-0.01908610,-0.01487557,-0.11051014,-0.24797439
2010-05-10,XLE,5.82926375,1.48411680,True,0.04273459,0.04404128,-0.07249816,-0.21485423
2010-05-11,XLE,5.79063100,1.47989982,True,-0.00662738,-0.00284141,-0.07864507,-0.21708514
2010-05-12,XLE,5.87094278,1.50059812,True,0.01386926,0.01398628,-0.06586655,-0.20613507
2010-05-13,XLE,5.83333011,1.48194399,True,-0.00640658,-0.01243113,-0.07185116,-0.21600371
2010-05-14,XLE,5.71743586,1.45511372,True,-0.01986760,-0.01810478,-0.09029124,-0.23019780
2010-05-17,XLE,5.65847264,1.45587961,True,-0.01031288,0.00052635,-0.09967296,-0.22979261
2010-05-18,XLE,5.61475545,1.43607638,True,-0.00772597,-0.01360225,-0.10662886,-0.24026916
2010-05-19,XLE,5.55071144,1.42789971,True,-0.01140638,-0.00569375,-0.11681899,-0.24459488
2010-05-20,XLE,5.30265650,1.37398292,True,-0.04468886,-0.03775951,-0.15628733,-0.27311861
2010-05-21,XLE,5.39517001,1.39404162,True,0.01744663,0.01459895,-0.14156739,-0.26250691
2010-05-24,XLE,5.27216211,1.37615469,True,-0.02279963,-0.01283099,-0.16113934,-0.27196967
2010-05-25,XLE,5.28435953,1.37756030,True,0.00231355,0.00102141,-0.15919859,-0.27122606
2010-05-26,XLE,5.27317555,1.36925590,True,-0.00211643,-0.00602834,-0.16097809,-0.27561935
2010-05-27,XLE,5.49683233,1.41512339,True,0.04241406,0.03349811,-0.12539176,-0.25135397
2010-05-28,XLE,5.39313484,1.39736419,True,-0.01886495,-0.01254958,-0.14189121,-0.26074916
2010-06-01,XLP/IEF,5.29571015,1.37385544,True,-0.01806457,-0.01682364,-0.15739258,-0.27318605
2010-06-02,XLP/IEF,5.32603750,1.40962957,True,0.00572678,0.02603923,-0.15256715,-0.25426038
2010-06-03,XLP/IEF,5.32637815,1.41448458,True,0.00006396,0.00344417,-0.15251295,-0.25169192
2010-06-04,XLP/IEF,5.29114695,1.36478411,True,-0.00661448,-0.03513681,-0.15811863,-0.27798508
2010-06-07,XLP/IEF,5.28177913,1.34779106,True,-0.00177047,-0.01245109,-0.15960916,-0.28697495
2010-06-08,XLP/IEF,5.31590293,1.36222861,True,0.00646066,0.01071200,-0.15417968,-0.27933702
2010-06-09,XLP/IEF,5.31114321,1.35494623,True,-0.00089537,-0.00534593,-0.15493700,-0.28318964
2010-06-10,XLP/IEF,5.33179813,1.39455361,True,0.00388898,0.02923170,-0.15165057,-0.26223605
2010-06-11,XLP/IEF,5.32638446,1.40132478,True,-0.00101536,0.00485544,-0.15251195,-0.25865388
2010-06-14,XLP/IEF,5.33924136,1.39915262,True,0.00241381,-0.00155008,-0.15046627,-0.25980302
2010-06-15,XLP/IEF,5.35823130,1.43096642,True,0.00355667,0.02273790,-0.14744475,-0.24297250
2010-06-16,XLP/IEF,5.34746628,1.43045534,True,-0.00200906,-0.00035715,-0.14915759,-0.24324287
2010-06-17,XLP/IEF,5.38419285,1.43275524,True,0.00686803,0.00160781,-0.14331398,-0.24202615
2010-06-18,XLP/IEF,5.36883057,1.43430849,True,-0.00285322,0.00108410,-0.14575829,-0.24120443
2010-06-21,XLP/IEF,5.35972690,1.43020000,True,-0.00169565,-0.00286444,-0.14720679,-0.24337796
2010-06-22,XLP/IEF,5.34618634,1.40657952,True,-0.00252635,-0.01651551,-0.14936124,-0.25587396
2010-06-23,XLP/IEF,5.37341165,1.40221477,True,0.00509247,-0.00310309,-0.14502939,-0.25818305
2010-06-24,XLP/IEF,5.33862404,1.37897932,True,-0.00647403,-0.01657054,-0.15056449,-0.27047535
2010-06-25,XLP/IEF,5.31545366,1.38475657,True,-0.00434014,0.00418952,-0.15425116,-0.26741900
2010-06-28,XLP/IEF,5.35686075,1.38039157,True,0.00778994,-0.00315218,-0.14766282,-0.26972823
2010-06-29,XLP/IEF,5.32584379,1.33777185,True,-0.00579014,-0.03087509,-0.15259797,-0.29227543
2010-06-30,XLP/IEF,5.31153675,1.32506343,True,-0.00268634,-0.00949970,-0.15487438,-0.29899860
2010-07-01,XLP/IEF,5.31544054,1.31915792,False,0.00073496,-0.00445678,-0.15425325,-0.30212281
2010-07-02,XLP/IEF,5.30029793,1.31196906,False,-0.00284880,-0.00544958,-0.15666261,-0.30592595
2010-07-06,XLP/IEF,5.32231687,1.32057043,False,0.00415428,0.00655607,-0.15315915,-0.30137555
2010-07-07,XLP/IEF,5.36496623,1.36216266,False,0.00801331,0.03149566,-0.14637315,-0.27937191
2010-07-08,XLP/IEF,5.39915383,1.37564192,False,0.00637238,0.00989549,-0.14093352,-0.27224094
2010-07-09,XLP/IEF,5.39219224,1.38591192,False,-0.00128939,0.00746560,-0.14204118,-0.26680778
2010-07-12,XLP/IEF,5.40601334,1.38681036,False,0.00256317,0.00064827,-0.13984209,-0.26633248
2010-07-13,XLP/IEF,5.41790860,1.40773538,False,0.00220038,0.01508860,-0.13794942,-0.25526246
2010-07-14,XLP/IEF,5.43203646,1.40760687,False,0.00260762,-0.00009129,-0.13570152,-0.25533045
2010-07-15,XLP/IEF,5.45401023,1.40799190,False,0.00404522,0.00027353,-0.13220524,-0.25512676
2010-07-16,XLP/IEF,5.42977089,1.36922313,False,-0.00444431,-0.02753480,-0.13606199,-0.27563669
2010-07-19,XLP/IEF,5.42801374,1.37731055,False,-0.00032361,0.00590658,-0.13634158,-0.27135818
2010-07-20,XLP/IEF,5.46410606,1.39258723,False,0.00664927,0.01109167,-0.13059888,-0.26327633
2010-07-21,XLP/IEF,5.45090796,1.37448670,False,-0.00241542,-0.01299777,-0.13269885,-0.27285209
2010-07-22,XLP/IEF,5.46737714,1.40516740,False,0.00302137,0.02232156,-0.13007842,-0.25662101
2010-07-23,XLP/IEF,5.48476524,1.41736319,False,0.00318034,0.00867924,-0.12731177,-0.25016904
2010-07-26,XLP/IEF,5.49850169,1.43212606,False,0.00250447,0.01041573,-0.12512615,-0.24235901
2010-07-27,XLP/IEF,5.49972172,1.43199754,False,0.00022188,-0.00008974,-0.12493203,-0.24242700
2010-07-28,XLP/IEF,5.49552574,1.42275502,False,-0.00076295,-0.00645428,-0.12559965,-0.24731659
2010-07-29,XLP/IEF,5.46674448,1.41582268,False,-0.00523722,-0.00487248,-0.13017908,-0.25098402
2010-07-30,XLP/IEF,5.48962737,1.41556591,False,0.00418583,-0.00018136,-0.12653815,-0.25111986
2010-08-02,XLP/IEF,5.51338566,1.44753021,False,0.00432785,0.02258058,-0.12275794,-0.23420972
2010-08-03,XLP/IEF,5.50207251,1.44059851,False,-0.00205194,-0.00478863,-0.12455799,-0.23787681
2010-08-04,XLP/IEF,5.50067178,1.45022684,False,-0.00025458,0.00668356,-0.12478086,-0.23278311
2010-08-05,XLP/IEF,5.50177493,1.44868607,False,0.00020055,-0.00106243,-0.12460534,-0.23359823
2010-08-06,XLP/IEF,5.52596607,1.44278056,False,0.00439697,-0.00407646,-0.12075625,-0.23672243
2010-08-09,XLP/IEF,5.53954434,1.45048348,False,0.00245718,0.00533894,-0.11859580,-0.23264734
2010-08-10,XLP/IEF,5.55970805,1.44265257,False,0.00363996,-0.00539883,-0.11538752,-0.23679015
2010-08-11,XLP/IEF,5.53003834,1.40311400,False,-0.00533656,-0.02740685,-0.12010831,-0.25770733
2010-08-12,XLP/IEF,5.51981326,1.39451263,False,-0.00184901,-0.00613020,-0.12173523,-0.26225773
2010-08-13,XLP/IEF,5.53088606,1.39040479,False,0.00200601,-0.00294572,-0.11997343,-0.26443091
2010-08-16,XLP/IEF,5.54827850,1.38976286,False,0.00314460,-0.00046169,-0.11720609,-0.26477051
2010-08-17,XLP/IEF,5.56017818,1.40683655,False,0.00214475,0.01228533,-0.11531272,-0.25573798
2010-08-18,XLP/IEF,5.55932365,1.40940389,False,-0.00015369,0.00182490,-0.11544868,-0.25437977
2010-08-19,XLP/IEF,5.53963197,1.38488509,False,-0.00354210,-0.01739657,-0.11858185,-0.26735101
2010-08-20,XLP/IEF,5.53042510,1.38039157,False,-0.00166200,-0.00324469,-0.12004677,-0.26972823
2010-08-23,XLP/IEF,5.54022986,1.37512838,False,0.00177288,-0.00381282,-0.11848672,-0.27251263
2010-08-24,XLP/IEF,5.54952965,1.35471703,False,0.00167859,-0.01484323,-0.11700702,-0.28331089
2010-08-25,XLP/IEF,5.54265003,1.35998061,False,-0.00123968,0.00388537,-0.11810165,-0.28052628
2010-08-26,XLP/IEF,5.53537683,1.35086622,False,-0.00131223,-0.00670185,-0.11925890,-0.28534809
2010-08-27,XLP/IEF,5.51976520,1.37179046,False,-0.00282034,0.01548950,-0.12174288,-0.27427849
2010-08-30,XLP/IEF,5.51808841,1.35189318,False,-0.00030378,-0.01450461,-0.12200968,-0.28480480
2010-08-31,XLP/IEF,5.53277017,1.35189318,False,0.00266066,0.00000000,-0.11967364,-0.28480480
2010-09-01,XLP/IEF,5.56035890,1.39233019,False,0.00498642,0.02991140,-0.11528396,-0.26341231
2010-09-02,XLP/IEF,5.56644589,1.40529617,False,0.00109471,0.00931243,-0.11431545,-0.25655289
2010-09-03,XLP/IEF,5.56831437,1.42352469,False,0.00033567,0.01297130,-0.11401816,-0.24690941
2010-09-07,XLP/IEF,5.57857697,1.40747861,False,0.00184304,-0.01127208,-0.11238526,-0.25539831
2010-09-08,XLP/IEF,5.58342244,1.41736319,False,0.00086859,0.00702290,-0.11161429,-0.25016904
2010-09-09,XLP/IEF,5.57108701,1.42390998,False,-0.00220930,0.00461899,-0.11357700,-0.24670558
2010-09-10,XLP/IEF,5.57668482,1.43109910,False,0.00100480,0.00504885,-0.11268633,-0.24290231
2010-09-13,XLP/IEF,5.59274047,1.44701705,False,0.00287907,0.01112289,-0.11013169,-0.23448119
2010-09-14,XLP/IEF,5.61170982,1.44611822,False,0.00339178,-0.00062116,-0.10711345,-0.23495670
2010-09-15,XLP/IEF,5.62184500,1.45163922,False,0.00180608,0.00381781,-0.10550083,-0.23203592
2010-09-16,XLP/IEF,5.61539073,1.45125380,False,-0.00114807,-0.00026551,-0.10652778,-0.23223982
2010-09-17,XLP/IEF,5.61395581,1.45179544,False,-0.00025553,0.00037322,-0.10675609,-0.23195327
2010-09-20,XLP/IEF,5.65372542,1.47399405,False,0.00708406,0.01529045,-0.10042829,-0.22020949
2010-09-21,XLP/IEF,5.67411334,1.47102530,False,0.00360610,-0.00201409,-0.09718435,-0.22178005
2010-09-22,XLP/IEF,5.68355416,1.46379781,False,0.00166384,-0.00491323,-0.09568220,-0.22560363
2010-09-23,XLP/IEF,5.66869759,1.45192487,False,-0.00261396,-0.00811105,-0.09804605,-0.23188480
2010-09-24,XLP/IEF,5.69354497,1.48186659,False,0.00438326,0.02062209,-0.09409255,-0.21604466
2010-09-27,XLP/IEF,5.69822391,1.47476801,False,0.00082180,-0.00479030,-0.09334808,-0.21980004
2010-09-28,XLP/IEF,5.72630450,1.47993052,False,0.00492796,0.00350056,-0.08888014,-0.21706890
2010-09-29,XLP/IEF,5.71119667,1.47734927,False,-0.00263832,-0.00174417,-0.09128397,-0.21843447
2010-09-30,XLP/IEF,5.69737904,1.47296111,False,-0.00241939,-0.00297029,-0.09348251,-0.22075595
2010-10-01,XLK,5.65048382,1.47915643,True,-0.00823102,0.00420603,-0.10094407,-0.21747842
2010-10-04,XLK,5.60386730,1.46805706,True,-0.00825001,-0.00750385,-0.10836129,-0.22335035
2010-10-05,XLK,5.71427356,1.49761193,True,0.01970180,0.02013196,-0.09079440,-0.20771486
2010-10-06,XLK,5.68728495,1.49748277,True,-0.00472302,-0.00008625,-0.09508859,-0.20778320
2010-10-07,XLK,5.68728495,1.49567586,True,0.00000000,-0.00120663,-0.09508859,-0.20873911
2010-10-08,XLK,5.71918356,1.50406507,True,0.00560876,0.00560897,-0.09001316,-0.20430095
2010-10-11,XLK,5.72899435,1.50548435,True,0.00171542,0.00094363,-0.08845216,-0.20355010
2010-10-12,XLK,5.76334652,1.51013058,True,0.00599620,0.00308620,-0.08298634,-0.20109210
2010-10-13,XLK,5.80996419,1.52187474,True,0.00808865,0.00777692,-0.07556894,-0.19487905
2010-10-14,XLK,5.81241602,1.51593840,True,0.00042201,-0.00390068,-0.07517882,-0.19801957
2010-10-15,XLK,5.91055965,1.51903580,True,0.01688517,0.00204322,-0.05956306,-0.19638094
2010-10-18,XLK,5.94981549,1.52652084,True,0.00664165,0.00492749,-0.05331701,-0.19242112
2010-10-19,XLK,5.84431175,1.50651716,True,-0.01773227,-0.01310410,-0.07010385,-0.20300371
2010-10-20,XLK,5.89338299,1.52122969,True,0.00839641,0.00976592,-0.06229606,-0.19522031
2010-10-21,XLK,5.89829126,1.52458490,True,0.00083285,0.00220559,-0.06151510,-0.19344529
2010-10-22,XLK,5.91546505,1.52742475,True,0.00291165,0.00186270,-0.05878256,-0.19194292
2010-10-25,XLK,5.93263998,1.53194195,True,0.00290340,0.00295739,-0.05604983,-0.18955318
2010-10-26,XLK,5.94735847,1.53220002,True,0.00248093,0.00016846,-0.05370795,-0.18941665
2010-10-27,XLK,5.96453628,1.52781147,True,0.00288831,-0.00286421,-0.05097477,-0.19173833
2010-10-28,XLK,5.96453628,1.52806954,True,0.00000000,0.00016892,-0.05097477,-0.19160180
2010-10-29,XLK,5.97434995,1.52923153,True,0.00164534,0.00076042,-0.04941330,-0.19098708
2010-11-01,XLK,5.97925650,1.52974754,False,0.00082127,0.00033744,-0.04863261,-0.19071409
2010-11-02,XLK,6.03814141,1.54187895,False,0.00984820,0.00793033,-0.03926336,-0.18429618
2010-11-03,XLK,6.07249070,1.54807427,False,0.00568872,0.00401804,-0.03379800,-0.18101866
2010-11-04,XLK,6.16327249,1.57788657,False,0.01494968,0.01925767,-0.01935359,-0.16524699
2010-11-05,XLK,6.15836594,1.58382369,False,-0.00079609,0.00376270,-0.02013428,-0.16210606
2010-11-08,XLK,6.16327249,1.58085519,False,0.00079673,-0.00187426,-0.01935359,-0.16367649
2010-11-09,XLK,6.14609813,1.56949775,False,-0.00278656,-0.00718437,-0.02208622,-0.16968494
2010-11-10,XLK,6.15100698,1.57582211,False,0.00079869,0.00402954,-0.02130517,-0.16633915
2010-11-11,XLK,6.05776933,1.56988499,False,-0.01515811,-0.00376763,-0.03614034,-0.16948008
2010-11-12,XLK,5.97189582,1.55130084,False,-0.01417576,-0.01183791,-0.04980378,-0.17931170
2010-11-15,XLK,5.95472376,1.54910682,False,-0.00287548,-0.00141431,-0.05253605,-0.18047240
2010-11-16,XLK,5.84676704,1.52497214,False,-0.01812959,-0.01557974,-0.06971319,-0.19324043
2010-11-17,XLK,5.84921887,1.52574662,False,0.00041935,0.00050787,-0.06932307,-0.19283070
2010-11-18,XLK,5.94735847,1.54820344,False,0.01677824,0.01471857,-0.05370795,-0.18095032
2010-11-19,XLK,5.96453628,1.55246256,False,0.00288831,0.00275101,-0.05097477,-0.17869711
2010-11-22,XLK,5.99888385,1.55117167,False,0.00575863,-0.00083151,-0.04550968,-0.17938003
2010-11-23,XLK,5.91055965,1.52871486,False,-0.01472344,-0.01447732,-0.05956306,-0.19126041
2010-11-24,XLK,6.00869924,1.55130084,False,0.01660411,0.01477449,-0.04394794,-0.17931170
2010-11-26,XLK,5.94981549,1.53323257,False,-0.00979975,-0.01164717,-0.05331701,-0.18887039
2010-11-29,XLK,5.93509182,1.53787855,False,-0.00247464,0.00303018,-0.05565972,-0.18641252
2010-11-30,XLK,5.87620863,1.52923153,False,-0.00992119,-0.00562269,-0.06502870,-0.19098708
2010-12-01,XLK,6.00133798,1.56175450,False,0.02129423,0.02126753,-0.04511920,-0.17378137
2010-12-02,XLK,6.07249070,1.58175897,False,0.01185614,0.01280897,-0.03379800,-0.16319836
2010-12-03,XLK,6.08721207,1.58601796,False,0.00242427,0.00269257,-0.03145566,-0.16094522
2010-12-06,XLK,6.08721207,1.58433996,False,0.00000000,-0.00105799,-0.03145566,-0.16183293
2010-12-07,XLK,6.09457333,1.58524322,False,0.00120930,0.00057012,-0.03028440,-0.16135508
2010-12-08,XLK,6.14609813,1.59105091,False,0.00845421,0.00366360,-0.02208622,-0.15828262
2010-12-09,XLK,6.15100698,1.59724611,False,0.00079869,0.00389377,-0.02130517,-0.15500516
2010-12-10,XLK,6.18044742,1.60653857,False,0.00478628,0.00581780,-0.01662086,-0.15008915
2010-12-13,XLK,6.16817904,1.60757126,False,-0.00198503,0.00064280,-0.01857290,-0.14954283
2010-12-14,XLK,6.17799213,1.60899040,False,0.00159092,0.00088279,-0.01701153,-0.14879205
2010-12-15,XLK,6.15345767,1.60163427,False,-0.00397127,-0.00457189,-0.02091524,-0.15268369
2010-12-16,XLK,6.16327249,1.61092621,False,0.00159501,0.00580154,-0.01935359,-0.14776795
2010-12-17,XLK,6.17558230,1.61265221,False,0.00199728,0.00107143,-0.01739496,-0.14685484
2010-12-20,XLK,6.18050955,1.61654399,False,0.00079786,0.00241328,-0.01661098,-0.14479596
2010-12-21,XLK,6.21744184,1.62679370,False,0.00597561,0.00634050,-0.01073463,-0.13937353
2010-12-22,XLK,6.21005700,1.63185357,False,-0.00118776,0.00311034,-0.01190964,-0.13669670
2010-12-23,XLK,6.20759423,1.62951830,False,-0.00039658,-0.00143106,-0.01230150,-0.13793213
2010-12-27,XLK,6.21990576,1.63016660,False,0.00198330,0.00039785,-0.01034259,-0.13758916
2010-12-28,XLK,6.21251861,1.63250149,False,-0.00118766,0.00143230,-0.01151797,-0.13635393
2010-12-29,XLK,6.22483417,1.63366984,False,0.00198238,0.00071568,-0.00955843,-0.13573583
2010-12-30,XLK,6.21005700,1.63107532,False,-0.00237391,-0.00158816,-0.01190964,-0.13710842
2010-12-31,XLK,6.20266927,1.63146373,False,-0.00118964,0.00023813,-0.01308511,-0.13690293
2011-01-03,XLK,6.27161637,1.64832956,False,0.01111571,0.01033785,-0.00211485,-0.12798037
2011-01-04,XLK,6.29623828,1.64742175,False,0.00392593,-0.00055075,0.00000000,-0.12846063
2011-01-05,XLK,6.33317230,1.65598487,False,0.00586604,0.00519789,0.00000000,-0.12393046
2011-01-06,XLK,6.37010861,1.65274113,False,0.00583220,-0.00195880,0.00000000,-0.12564650
2011-01-07,XLK,6.34056232,1.64949779,False,-0.00463827,-0.00196241,-0.00463827,-0.12736234
2011-01-10,XLK,6.34548498,1.64742175,False,0.00077638,-0.00125859,-0.00386550,-0.12846063
2011-01-11,XLK,6.33563736,1.65325988,False,-0.00155191,0.00354380,-0.00541141,-0.12537207
2011-01-12,XLK,6.39226776,1.66818014,False,0.00893839,0.00902475,0.00000000,-0.11747877
2011-01-13,XLK,6.38734567,1.66545567,False,-0.00077001,-0.00163320,-0.00077001,-0.11892010
2011-01-14,XLK,6.44398125,1.67752139,False,0.00886684,0.00724469,0.00000000,-0.11253695
2011-01-18,XLK,6.45136782,1.68037581,False,0.00114627,0.00170157,0.00000000,-0.11102687
2011-01-19,XLK,6.40458216,1.66389891,False,-0.00725205,-0.00980548,-0.00725205,-0.11974368
2011-01-20,XLK,6.37010861,1.66169280,False,-0.00538264,-0.00132587,-0.01259565,-0.12091078
2011-01-21,XLK,6.33317230,1.66545567,False,-0.00579838,0.00226448,-0.01832100,-0.11892010
2011-01-24,XLK,6.42181923,1.67492700,False,0.01399724,0.00568693,-0.00458021,-0.11390946
2011-01-25,XLK,6.45136782,1.67583507,False,0.00460128,0.00054215,0.00000000,-0.11342906
2011-01-26,XLK,6.48830126,1.68232176,False,0.00572490,0.00387073,0.00000000,-0.10999739
2011-01-27,XLK,6.51046500,1.68647279,False,0.00341596,0.00246744,0.00000000,-0.10780136
2011-01-28,XLK,6.36026042,1.65702250,False,-0.02307125,-0.01746265,-0.02307125,-0.12338152
2011-01-31,XLK,6.39965721,1.66947754,False,0.00619421,0.00751652,-0.01701995,-0.11679240
2011-02-01,XLK,6.50800109,1.69620375,False,0.01692964,0.01600873,-0.00037846,-0.10265337
2011-02-02,XLK,6.52031492,1.69296001,False,0.00189211,-0.00191235,0.00000000,-0.10436942
2011-02-03,XLK,6.53016195,1.69672236,False,0.00151021,0.00222235,0.00000000,-0.10237901
2011-02-04,XLK,6.57202495,1.70152235,False,0.00641071,0.00282897,0.00000000,-0.09983966
2011-02-07,XLK,6.60403229,1.71216190,False,0.00487024,0.00625296,0.00000000,-0.09421100
2011-02-08,XLK,6.63111926,1.71994572,False,0.00410158,0.00454620,0.00000000,-0.09009310
2011-02-09,XLK,6.61880658,1.71605342,False,-0.00185680,-0.00226304,-0.00185680,-0.09215225
2011-02-10,XLK,6.58926029,1.71670277,False,-0.00446399,0.00037839,-0.00631250,-0.09180873
2011-02-11,XLK,6.62373039,1.72695130,False,0.00523125,0.00596989,-0.00111427,-0.08638692
2011-02-14,XLK,6.63358318,1.73110337,False,0.00148750,0.00240428,0.00000000,-0.08419035
2011-02-15,XLK,6.60895840,1.72565456,False,-0.00371214,-0.00314759,-0.00371214,-0.08707294
2011-02-16,XLK,6.64589241,1.73655283,False,0.00558848,0.00631544,0.00000000,-0.08130740
2011-02-17,XLK,6.65820567,1.74174200,False,0.00185276,0.00298820,0.00000000,-0.07856216
2011-02-18,XLK,6.64835633,1.74537415,False,-0.00147928,0.00208535,-0.00147928,-0.07664064
2011-02-22,XLK,6.48583907,1.71034563,False,-0.02444473,-0.02006935,-0.02588785,-0.09517186
2011-02-23,XLK,6.40950597,1.69983642,False,-0.01176919,-0.00614449,-0.03735236,-0.10073157
2011-02-24,XLK,6.43166626,1.69866897,False,0.00345741,-0.00068680,-0.03402409,-0.10134919
2011-02-25,XLK,6.51292547,1.71683206,False,0.01263424,0.01069254,-0.02181972,-0.09174033
2011-02-28,XLK,6.54001129,1.72747031,False,0.00415878,0.00619644,-0.01775169,-0.08611235
2011-03-01,XLE,6.38585505,1.69866897,True,-0.02357125,-0.01667255,-0.04090451,-0.10134919
2011-03-02,XLE,6.42231201,1.70230164,True,0.00570902,0.00213854,-0.03542901,-0.09942739
2011-03-03,XLE,6.53251214,1.73162160,True,0.01715895,0.01722371,-0.01887799,-0.08391619
2011-03-04,XLE,6.49108610,1.71864859,True,-0.00634152,-0.00749182,-0.02509979,-0.09077932
2011-03-07,XLE,6.44551117,1.70515541,True,-0.00702116,-0.00785104,-0.03194472,-0.09791765
2011-03-08,XLE,6.39248315,1.72007606,True,-0.00822712,0.00875032,-0.03990903,-0.09002415
2011-03-09,XLE,6.34856778,1.71761018,True,-0.00686985,-0.00143359,-0.04650470,-0.09132868
2011-03-10,XLE,6.11739425,1.68582462,True,-0.03641349,-0.01850569,-0.08122480,-0.10814427
2011-03-11,XLE,6.22345455,1.69750075,True,0.01733750,0.00692607,-0.06529554,-0.10196722
2011-03-14,XLE,6.25742537,1.68725182,True,0.00545852,-0.00603766,-0.06019344,-0.10738923
2011-03-15,XLE,6.21019568,1.66792051,True,-0.00754778,-0.01145728,-0.06728689,-0.11761612
2011-03-16,XLE,6.11076455,1.63704288,True,-0.01601095,-0.01851265,-0.08222052,-0.13395138
2011-03-17,XLE,6.29719772,1.65870895,True,0.03050898,0.01323488,-0.05422001,-0.12248933
2011-03-18,XLE,6.26768222,1.66474207,True,-0.00468708,0.00363724,-0.05865296,-0.11929762
2011-03-21,XLE,6.45806603,1.69054200,True,0.03037547,0.01549785,-0.03005909,-0.10564862
2011-03-22,XLE,6.44393368,1.68467837,True,-0.00218833,-0.00346849,-0.03218164,-0.10875067
2011-03-23,XLE,6.46056176,1.68949943,True,0.00258042,0.00286171,-0.02968426,-0.10620017
2011-03-24,XLE,6.48383766,1.70565699,True,0.00360277,0.00956352,-0.02618844,-0.09765230
2011-03-25,XLE,6.54203514,1.71086919,True,0.00897578,0.00305583,-0.01744772,-0.09489488
2011-03-28,XLE,6.52623791,1.70669930,True,-0.00241473,-0.00243729,-0.01982032,-0.09710089
2011-03-29,XLE,6.60605013,1.71816588,True,0.01222944,0.00671857,-0.00783327,-0.09103470
2011-03-30,XLE,6.65177428,1.73002347,True,0.00692156,0.00690131,-0.00096593,-0.08476165
2011-03-31,XLE,6.63015954,1.72767882,True,-0.00324947,-0.00135527,-0.00421227,-0.08600204
2011-04-01,XLE,6.65010886,1.73497460,False,0.00300888,0.00422288,-0.00121606,-0.08214234
2011-04-04,XLE,6.65426948,1.73640831,False,0.00062565,0.00082636,-0.00059118,-0.08138386
2011-04-05,XLE,6.67422147,1.73614790,False,0.00299837,-0.00014997,0.00000000,-0.08152163
2011-04-06,XLE,6.60438684,1.74162051,False,-0.01046334,0.00315216,-0.01046334,-0.07862644
2011-04-07,XLE,6.60438684,1.73719099,False,0.00000000,-0.00254333,-0.01046334,-0.08096980
2011-04-08,XLE,6.62766487,1.73119637,False,0.00352463,-0.00345075,-0.00697558,-0.08414114
2011-04-11,XLE,6.49713917,1.72598430,False,-0.01969407,-0.00301067,-0.02653228,-0.08689850
2011-04-12,XLE,6.29594959,1.71308440,False,-0.03096587,-0.00747394,-0.05667656,-0.09372296
2011-04-13,XLE,6.32172282,1.71295407,False,0.00409362,-0.00007608,-0.05281495,-0.09379191
2011-04-14,XLE,6.36495071,1.71425757,False,0.00683799,0.00076097,-0.04633810,-0.09310232
2011-04-15,XLE,6.41732908,1.72051169,False,0.00822919,0.00364830,-0.03849024,-0.08979369
2011-04-18,XLE,6.32172282,1.70122681,False,-0.01489814,-0.01120880,-0.05281495,-0.09999601
2011-04-19,XLE,6.38573727,1.71099991,False,0.01012611,0.00574474,-0.04322365,-0.09482572
2011-04-20,XLE,6.53621390,1.73432330,False,0.02356449,0.01363144,-0.02067770,-0.08248690
2011-04-21,XLE,6.56614295,1.74318430,False,0.00457896,0.00510920,-0.01619343,-0.07779914
2011-04-25,XLE,6.53205808,1.74135984,False,-0.00519100,-0.00104663,-0.02130037,-0.07876434
2011-04-26,XLE,6.59690445,1.75634488,False,0.00992740,0.00860537,-0.01158443,-0.07083677
2011-04-27,XLE,6.59358000,1.76781080,False,-0.00050394,0.00652829,-0.01208253,-0.06477092
2011-04-28,XLE,6.59274489,1.77354461,False,-0.00012665,0.00324345,-0.01220765,-0.06173755
2011-04-29,XLE,6.69084902,1.77771411,False,0.01488062,0.00235094,0.00000000,-0.05953175
2011-05-02,XLE,6.60189538,1.77497794,False,-0.01329482,-0.00153915,-0.01329482,-0.06097928
2011-05-03,XLE,6.43645075,1.76859296,False,-0.02506017,-0.00359721,-0.03802182,-0.06435714
2011-05-04,XLE,6.32255686,1.75686610,False,-0.01769514,-0.00663062,-0.05504416,-0.07056103
2011-05-05,XLE,6.19119711,1.74096869,False,-0.02077636,-0.00904873,-0.07467691,-0.07897127
2011-05-06,XLE,6.21863096,1.74865665,False,0.00443111,0.00441591,-0.07057670,-0.07490409
2011-05-09,XLE,6.32754193,1.75543342,False,0.01751366,0.00387541,-0.05429910,-0.07131896
2011-05-10,XLE,6.35747044,1.77041742,False,0.00472988,0.00853578,-0.04982605,-0.06339194
2011-05-11,XLE,6.17373819,1.75178436,False,-0.02890021,-0.01052467,-0.07728628,-0.07324943
2011-05-12,XLE,6.16459250,1.76012336,False,-0.00148139,0.00476029,-0.07865317,-0.06883783
2011-05-13,XLE,6.13466239,1.74657178,False,-0.00485517,-0.00769923,-0.08312647,-0.07600706
2011-05-16,XLE,6.08810792,1.73549569,False,-0.00758876,-0.00634161,-0.09008440,-0.08186667
2011-05-17,XLE,6.08810792,1.73523566,False,0.00000000,-0.00014983,-0.09008440,-0.08200423
2011-05-18,XLE,6.21115123,1.75074153,False,0.02021044,0.00893589,-0.07169461,-0.07380112
2011-05-19,XLE,6.21198261,1.75491155,False,0.00013385,0.00238186,-0.07157035,-0.07159505
2011-05-20,XLE,6.20449808,1.74096869,False,-0.00120485,-0.00794505,-0.07268897,-0.07897127
2011-05-23,XLE,6.10805938,1.72077236,False,-0.01554335,-0.01160063,-0.08710249,-0.08965578
2011-05-24,XLE,6.19452422,1.71933878,False,0.01415586,-0.00083310,-0.07417964,-0.09041419
2011-05-25,XLE,6.29927456,1.72507207,False,0.01691015,0.00333459,-0.05852388,-0.08738110
2011-05-26,XLE,6.33086850,1.73302097,False,0.00501549,0.00460786,-0.05380192,-0.08317587
2011-05-27,XLE,6.34666414,1.73966623,False,0.00249502,0.00383450,-0.05144114,-0.07966031
2011-05-31,XLE,6.41067486,1.75777833,False,0.01008573,0.01041125,-0.04187423,-0.07007843
2011-06-01,XLK,6.27229003,1.71829647,True,-0.02158662,-0.02246123,-0.06255693,-0.09096561
2011-06-02,XLK,6.27713191,1.71647279,True,0.00077195,-0.00106133,-0.06183328,-0.09193039
2011-06-03,XLK,6.18272254,1.69940248,True,-0.01504021,-0.00994499,-0.07594350,-0.10096114
2011-06-06,XLK,6.13672579,1.68142072,True,-0.00743956,-0.01058123,-0.08281807,-0.11047407
2011-06-07,XLK,6.11735939,1.68037880,True,-0.00315582,-0.00061967,-0.08571253,-0.11102528
2011-06-08,XLK,6.07620621,1.67334213,True,-0.00672728,-0.00418755,-0.09186320,-0.11474791
2011-06-09,XLK,6.08104753,1.68611170,True,0.00079677,0.00763117,-0.09113963,-0.10799239
2011-06-10,XLK,5.99631854,1.66265745,True,-0.01393329,-0.01391026,-0.10380304,-0.12040045
2011-06-13,XLK,6.00116098,1.66396082,True,0.00080757,0.00078391,-0.10307930,-0.11971092
2011-06-14,XLK,6.07620621,1.68506926,True,0.01250512,0.01268565,-0.09186320,-0.10854388
2011-06-15,XLK,5.96242649,1.65509983,True,-0.01872545,-0.01778528,-0.10886847,-0.12439868
2011-06-16,XLK,5.94790198,1.65874837,True,-0.00243601,0.00220442,-0.11103928,-0.12246848
2011-06-17,XLK,5.94255618,1.66369820,True,-0.00089877,0.00298408,-0.11183825,-0.11984986
2011-06-20,XLK,5.96442976,1.67221007,True,0.00368084,0.00511624,-0.10856907,-0.11534680
2011-06-21,XLK,6.07137335,1.69512502,True,0.01793023,0.01370339,-0.09258551,-0.10322406
2011-06-22,XLK,6.02762280,1.68491186,True,-0.00720604,-0.00602501,-0.09912437,-0.10862715
2011-06-23,XLK,6.06894226,1.68006622,True,0.00685502,-0.00287590,-0.09294886,-0.11119065
2011-06-24,XLK,5.96442976,1.66055553,True,-0.01722088,-0.01161305,-0.10856907,-0.12151243
2011-06-27,XLK,6.04463646,1.67535287,True,0.01344751,0.00891108,-0.09658155,-0.11368416
2011-06-28,XLK,6.11998269,1.69722121,True,0.01246497,0.01305298,-0.08532046,-0.10211510
2011-06-29,XLK,6.16859202,1.71175631,True,0.00794272,0.00856406,-0.07805541,-0.09442556
2011-06-30,XLK,6.24636821,1.72812486,True,0.01260842,0.00956243,-0.06643115,-0.08576607
2011-07-01,XLK,6.34844680,1.75365982,False,0.01634207,0.01477611,-0.05117470,-0.07225725
2011-07-05,XLK,6.35816946,1.75221908,False,0.00153150,-0.00082156,-0.04972158,-0.07301945
2011-07-06,XLK,6.38733687,1.75431398,False,0.00458739,0.00119557,-0.04536228,-0.07191118
2011-07-07,XLK,6.46511192,1.77251596,False,0.01217644,0.01037556,-0.03373818,-0.06228174
2011-07-08,XLK,6.43351512,1.75994516,False,-0.00488728,-0.00709207,-0.03846057,-0.06893211
2011-07-11,XLK,6.32657435,1.72812486,False,-0.01662245,-0.01808028,-0.05444371,-0.08576607
2011-07-12,XLK,6.27067288,1.72066050,False,-0.00883598,-0.00431934,-0.06279863,-0.08971496
2011-07-13,XLK,6.28525601,1.72642266,False,0.00232561,0.00334881,-0.06061906,-0.08666659
2011-07-14,XLK,6.23178337,1.71450615,False,-0.00850763,-0.00690243,-0.06861097,-0.09297081
2011-07-15,XLK,6.29984028,1.72445798,False,0.01092094,0.00580449,-0.05843933,-0.08770597
2011-07-18,XLK,6.27796614,1.71031545,False,-0.00347217,-0.00820114,-0.06170859,-0.09518783
2011-07-19,XLK,6.42865407,1.73807655,False,0.02400267,0.01623157,-0.03918710,-0.08050130
2011-07-20,XLK,6.40921271,1.73702943,False,-0.00302417,-0.00060246,-0.04209276,-0.08105527
2011-07-21,XLK,6.43837560,1.76112405,False,0.00455015,0.01387116,-0.03773414,-0.06830843
2011-07-22,XLK,6.49427707,1.76230190,False,0.00868254,0.00066881,-0.02937922,-0.06768531
2011-07-25,XLK,6.47726398,1.75248132,False,-0.00261971,-0.00557259,-0.03192196,-0.07288072
2011-07-26,XLK,6.50643025,1.74593427,False,0.00450287,-0.00373588,-0.02756283,-0.07634432
2011-07-27,XLK,6.33386367,1.71018524,False,-0.02652247,-0.02047559,-0.05335427,-0.09525671
2011-07-28,XLK,6.32414552,1.70520861,False,-0.00153432,-0.00290999,-0.05480672,-0.09788951
2011-07-29,XLK,6.27310227,1.69355446,False,-0.00807117,-0.00683444,-0.06243554,-0.10405493
2011-08-01,XLE,6.22784855,1.68635195,True,-0.00721393,-0.00425290,-0.06919906,-0.10786529
2011-08-02,XLE,6.05408100,1.64327033,True,-0.02790170,-0.02554723,-0.09516999,-0.13065686
2011-08-03,XLE,6.01981612,1.65217426,True,-0.00565980,0.00541842,-0.10029114,-0.12594640
2011-08-04,XLE,5.60702128,1.57478435,True,-0.06857267,-0.04684125,-0.16198658,-0.16688816
2011-08-05,XLE,5.55317587,1.57242683,True,-0.00960321,-0.00149704,-0.17003420,-0.16813536
2011-08-08,XLE,5.08082819,1.47002591,True,-0.08505902,-0.06512285,-0.24063027,-0.22230876
2011-08-09,XLE,5.33943810,1.53838065,True,0.05089916,0.04649900,-0.20197899,-0.18614690
2011-08-10,XLE,5.15506538,1.47041836,True,-0.03453036,-0.04417781,-0.22953494,-0.22210115
2011-08-11,XLE,5.42265013,1.53641648,True,0.05190715,0.04488391,-0.18954230,-0.18718601
2011-08-12,XLE,5.46262452,1.54676179,True,0.00737175,0.00673340,-0.18356781,-0.18171300
2011-08-15,XLE,5.64699619,1.57949874,True,0.03375148,0.02116483,-0.15601201,-0.16439409
2011-08-16,XLE,5.55317587,1.56601102,True,-0.01661420,-0.00853924,-0.17003420,-0.17152953
2011-08-17,XLE,5.57520475,1.56705828,True,0.00396690,0.00066874,-0.16674181,-0.17097550
2011-08-18,XLE,5.25214583,1.49948869,True,-0.05794566,-0.04311875,-0.21502550,-0.20672200
2011-08-19,XLE,5.15914405,1.47500189,True,-0.01770739,-0.01633010,-0.22892535,-0.21967631
2011-08-22,XLE,5.11753882,1.47618065,True,-0.00806437,0.00079916,-0.23514358,-0.21905270
2011-08-23,XLE,5.34840981,1.52476207,True,0.04511368,0.03291021,-0.20063810,-0.19335156
2011-08-24,XLE,5.38022635,1.54623745,True,0.00594878,0.01408441,-0.19588286,-0.18199039
2011-08-25,XLE,5.26683175,1.52266691,True,-0.02107618,-0.01524380,-0.21283058,-0.19445997
2011-08-26,XLE,5.36880732,1.54479736,True,0.01936184,0.01453401,-0.19758953,-0.18275225
2011-08-29,XLE,5.52544061,1.58918886,True,0.02917469,0.02873613,-0.17417945,-0.15926771
2011-08-30,XLE,5.55807361,1.59337917,True,0.00590595,0.00263676,-0.16930219,-0.15705090
2011-08-31,XLE,5.59967780,1.60045017,True,0.00748536,0.00443774,-0.16308412,-0.15331011
2011-09-01,XLP/IEF,5.60684355,1.58368841,True,0.00127967,-0.01047316,-0.16201314,-0.16217763
2011-09-02,XLP/IEF,5.59277791,1.54322551,True,-0.00250865,-0.02554979,-0.16411536,-0.18358381
2011-09-06,XLP/IEF,5.58570619,1.53196432,True,-0.00126444,-0.00729717,-0.16517229,-0.18954134
2011-09-07,XLP/IEF,5.61944087,1.57517705,True,0.00603947,0.02820740,-0.16013037,-0.16668041
2011-09-08,XLP/IEF,5.62605099,1.55880825,True,0.00117630,-0.01039172,-0.15914244,-0.17534003
2011-09-09,XLP/IEF,5.57826529,1.51795252,True,-0.00849365,-0.02620959,-0.16628439,-0.19695404
2011-09-12,XLP/IEF,5.57228466,1.52777362,True,-0.00107213,0.00646996,-0.16717824,-0.19175836
2011-09-13,XLP/IEF,5.57383151,1.54178516,True,0.00027760,0.00917122,-0.16694705,-0.18434580
2011-09-14,XLP/IEF,5.60809982,1.56313033,True,0.00614807,0.01384445,-0.16182538,-0.17305351
2011-09-15,XLP/IEF,5.61953614,1.59010499,True,0.00203925,0.01725682,-0.16011613,-0.15878305
2011-09-16,XLP/IEF,5.64314368,1.59951661,True,0.00420098,0.00591886,-0.15658780,-0.15380400
2011-09-19,XLP/IEF,5.64251125,1.58358955,True,-0.00011207,-0.00995742,-0.15668232,-0.16222993
2011-09-20,XLP/IEF,5.65179581,1.58174713,True,0.00164546,-0.00116344,-0.15529467,-0.16320462
2011-09-21,XLP/IEF,5.60650201,1.53515135,True,-0.00801405,-0.02945843,-0.16206419,-0.18785530
2011-09-22,XLP/IEF,5.58109616,1.48552879,True,-0.00453150,-0.03232421,-0.16586129,-0.21410724
2011-09-23,XLP/IEF,5.56265250,1.49447915,True,-0.00330467,0.00602503,-0.16861784,-0.20937221
2011-09-26,XLP/IEF,5.60273863,1.53001823,True,0.00720630,0.02378025,-0.16262665,-0.19057088
2011-09-27,XLP/IEF,5.60014346,1.54712913,True,-0.00046320,0.01118346,-0.16301452,-0.18151867
2011-09-28,XLP/IEF,5.54863827,1.51553945,True,-0.00919712,-0.02041825,-0.17071238,-0.19823063
2011-09-29,XLP/IEF,5.57511933,1.52751737,True,0.00477253,0.00790340,-0.16675458,-0.19189392
2011-09-30,XLP/IEF,5.56475375,1.48934565,True,-0.00185926,-0.02498938,-0.16830379,-0.21208800
2011-10-03,XLP/IEF,5.55052548,1.44696203,False,-0.00255685,-0.02845788,-0.17043032,-0.23451030
2011-10-04,XLP/IEF,5.56262889,1.47868373,False,0.00218059,0.02192297,-0.16862137,-0.21772850
2011-10-05,XLP/IEF,5.55476971,1.50606215,False,-0.00141285,0.01851540,-0.16979599,-0.20324443
2011-10-06,XLP/IEF,5.56844939,1.53330841,False,0.00246269,0.01809106,-0.16775145,-0.18883027
2011-10-07,XLP/IEF,5.57019306,1.52304153,False,0.00031313,-0.00669590,-0.16749085,-0.19426178
2011-10-10,XLP/IEF,5.58566204,1.57398099,False,0.00277710,0.03344588,-0.16517888,-0.16731316
2011-10-11,XLP/IEF,5.58899428,1.57556013,False,0.00059657,0.00100328,-0.16468085,-0.16647775
2011-10-12,XLP/IEF,5.60235288,1.58938176,False,0.00239016,0.00877252,-0.16268431,-0.15916566
2011-10-13,XLP/IEF,5.60471167,1.58622231,False,0.00042103,-0.00198785,-0.16233177,-0.16083711
2011-10-14,XLP/IEF,5.61384045,1.61333706,False,0.00162877,0.01709392,-0.16096740,-0.14649253
2011-10-17,XLP/IEF,5.61176525,1.58253670,False,-0.00036966,-0.01909109,-0.16127756,-0.16278692
2011-10-18,XLP/IEF,5.63052300,1.61346870,False,0.00334258,0.01954584,-0.15847406,-0.14642289
2011-10-19,XLP/IEF,5.62627550,1.59438271,False,-0.00075437,-0.01182917,-0.15910888,-0.15651999
2011-10-20,XLP/IEF,5.63674097,1.60135889,False,0.00186011,0.00437547,-0.15754474,-0.15282937
2011-10-21,XLP/IEF,5.67882021,1.63176486,False,0.00746517,0.01898760,-0.15125566,-0.13674363
2011-10-24,XLP/IEF,5.65677260,1.65177193,False,-0.00388243,0.01226100,-0.15455085,-0.12615924
2011-10-25,XLP/IEF,5.64517713,1.61965505,False,-0.00204984,-0.01944389,-0.15628389,-0.14315011
2011-10-26,XLP/IEF,5.65429243,1.63610814,False,0.00161471,0.01015839,-0.15492153,-0.13444589
2011-10-27,XLP/IEF,5.65920388,1.69310257,False,0.00086862,0.03483537,-0.15418748,-0.10429399
2011-10-28,XLP/IEF,5.66778752,1.69270766,False,0.00151676,-0.00023325,-0.15290459,-0.10450292
2011-10-31,XLP/IEF,5.65972070,1.65190370,False,-0.00142328,-0.02410573,-0.15411024,-0.12608953
2011-11-01,XLP/IEF,5.64183352,1.60583459,False,-0.00316044,-0.02788849,-0.15678362,-0.15046158
2011-11-02,XLP/IEF,5.66184179,1.63202762,False,0.00354641,0.01631116,-0.15379322,-0.13660462
2011-11-03,XLP/IEF,5.68367007,1.66177488,False,0.00385533,0.01822718,-0.15053081,-0.12086736
2011-11-04,XLP/IEF,5.67543693,1.65164029,False,-0.00144856,-0.00609865,-0.15176132,-0.12622888
2011-11-07,XLP/IEF,5.70267963,1.66190716,False,0.00480011,0.00621617,-0.14768969,-0.12079737
2011-11-08,XLP/IEF,5.71858606,1.68323061,False,0.00278929,0.01283071,-0.14531235,-0.10951658
2011-11-09,XLP/IEF,5.67515688,1.62110307,False,-0.00759439,-0.03690970,-0.15180318,-0.14238406
2011-11-10,XLP/IEF,5.68905957,1.63637181,False,0.00244974,0.00941873,-0.14972531,-0.13430640
2011-11-11,XLP/IEF,5.70930924,1.66717217,False,0.00355941,0.01882235,-0.14669884,-0.11801201
2011-11-14,XLP/IEF,5.70196209,1.65137740,False,-0.00128687,-0.00947399,-0.14779693,-0.12636796
2011-11-15,XLP/IEF,5.71202293,1.65953846,False,0.00176445,0.00494197,-0.14629326,-0.12205050
2011-11-16,XLP/IEF,5.69644992,1.63321275,False,-0.00272636,-0.01586327,-0.14862076,-0.13597765
2011-11-17,XLP/IEF,5.69197614,1.60728248,False,-0.00078536,-0.01587685,-0.14928941,-0.14969560
2011-11-18,XLP/IEF,5.68973872,1.60557132,False,-0.00039308,-0.00106463,-0.14962381,-0.15060086
2011-11-21,XLP/IEF,5.65142596,1.57503449,False,-0.00673366,-0.01901929,-0.15534995,-0.16675583
2011-11-22,XLP/IEF,5.66284774,1.56884788,False,0.00202104,-0.00392792,-0.15364287,-0.17002874
2011-11-23,XLP/IEF,5.64211895,1.53423014,False,-0.00366049,-0.02206571,-0.15674096,-0.18834265
2011-11-25,XLP/IEF,5.63415971,1.53133436,False,-0.00141068,-0.00188745,-0.15793053,-0.18987461
2011-11-28,XLP/IEF,5.67873585,1.57569216,False,0.00791176,0.02896677,-0.15126827,-0.16640790
2011-11-29,XLP/IEF,5.70286770,1.58016747,False,0.00424951,0.00284022,-0.14766158,-0.16404031
2011-11-30,XLP/IEF,5.75375651,1.64519040,False,0.00892337,0.04114939,-0.14005584,-0.12964108
2011-12-01,XLP/IEF,5.74862843,1.64492700,False,-0.00089126,-0.00016011,-0.14082228,-0.12978043
2011-12-02,XLP/IEF,5.75151072,1.64347937,False,0.00050139,-0.00088006,-0.14039150,-0.13054628
2011-12-05,XLP/IEF,5.76694580,1.66138061,False,0.00268366,0.01089228,-0.13808460,-0.12107594
2011-12-06,XLP/IEF,5.76304270,1.66190716,False,-0.00067681,0.00031694,-0.13866795,-0.12079737
2011-12-07,XLP/IEF,5.78330785,1.66809299,False,0.00351640,0.00372213,-0.13563916,-0.11752487
2011-12-08,XLP/IEF,5.76473459,1.63150132,False,-0.00321153,-0.02193623,-0.13841508,-0.13688305
2011-12-09,XLP/IEF,5.77442561,1.65914315,False,0.00168109,0.01694257,-0.13696668,-0.12225963
2011-12-12,XLP/IEF,5.75832890,1.63492392,False,-0.00278759,-0.01459743,-0.13937246,-0.13507238
2011-12-13,XLP/IEF,5.76537023,1.61965505,False,0.00122281,-0.00933919,-0.13832008,-0.14315011
2011-12-14,XLP/IEF,5.76319829,1.60241239,False,-0.00037672,-0.01064589,-0.13864470,-0.15227203
2011-12-15,XLP/IEF,5.78950123,1.60820356,False,0.00456395,0.00361403,-0.13471352,-0.14920832
2011-12-16,XLP/IEF,5.80049892,1.61058788,False,0.00189959,0.00148260,-0.13306982,-0.14794694
2011-12-19,XLP/IEF,5.79869688,1.59336824,False,-0.00031067,-0.01069152,-0.13333915,-0.15705668
2011-12-20,XLP/IEF,5.83105036,1.64158362,False,0.00557944,0.03026003,-0.12850367,-0.13154919
2011-12-21,XLP/IEF,5.85248391,1.64476271,False,0.00367576,0.00193660,-0.12530026,-0.12986735
2011-12-22,XLP/IEF,5.85518764,1.65933319,False,0.00046198,0.00885871,-0.12489616,-0.12215909
2011-12-23,XLP/IEF,5.86412673,1.67416877,False,0.00152670,0.00894069,-0.12356015,-0.11431059
2011-12-27,XLP/IEF,5.87121909,1.67549387,False,0.00120945,0.00079150,-0.12250014,-0.11360957
2011-12-28,XLP/IEF,5.87506644,1.65350508,False,0.00065529,-0.01312377,-0.12192512,-0.12524235
2011-12-29,XLP/IEF,5.89412686,1.67059269,False,0.00324429,0.01033417,-0.11907639,-0.11620245
2011-12-30,XLP/IEF,5.89080671,1.66238052,False,-0.00056330,-0.00491572,-0.11957261,-0.12054696
2012-01-03,XLK,5.87077475,1.68887246,True,-0.00340055,0.01593615,-0.12256655,-0.10653186
2012-01-04,XLK,5.88669858,1.69152187,True,0.00271239,0.00156875,-0.12018661,-0.10513024
2012-01-05,XLK,5.90489269,1.69602502,True,0.00309071,0.00266219,-0.11746735,-0.10274793
2012-01-06,XLK,5.90716820,1.69165403,True,0.00038536,-0.00257720,-0.11712726,-0.10506032
2012-01-09,XLK,5.89807036,1.69575992,True,-0.00154014,0.00242715,-0.11848701,-0.10288817
2012-01-10,XLK,5.91854468,1.71046361,True,0.00347136,0.00867085,-0.11542696,-0.09510945
2012-01-11,XLK,5.93673827,1.71139028,True,0.00307400,0.00054177,-0.11270778,-0.09461921
2012-01-12,XLK,5.96630782,1.71549617,True,0.00498077,0.00239916,-0.10828838,-0.09244706
2012-01-13,XLK,5.93218778,1.70662190,True,-0.00571879,-0.00517300,-0.11338789,-0.09714183
2012-01-17,XLK,5.95948391,1.71324505,True,0.00460136,0.00388085,-0.10930827,-0.09363797
2012-01-18,XLK,6.04592071,1.73218717,True,0.01450407,0.01105628,-0.09638961,-0.08361698
2012-01-19,XLK,6.08913702,1.74132641,True,0.00714801,0.00527612,-0.08993059,-0.07878203
2012-01-20,XLK,6.09596144,1.74781675,True,0.00112075,0.00372724,-0.08891063,-0.07534843
2012-01-23,XLK,6.11643158,1.74331373,True,0.00335798,-0.00257637,-0.08585120,-0.07773067
2012-01-24,XLK,6.11188318,1.74132641,True,-0.00074364,-0.00113997,-0.08653100,-0.07878203
2012-01-25,XLK,6.15965155,1.75589702,True,0.00781565,0.00836754,-0.07939164,-0.07107370
2012-01-26,XLK,6.11870656,1.74689020,True,-0.00664729,-0.00512947,-0.08551119,-0.07583860
2012-01-27,XLK,6.11870656,1.74609543,True,0.00000000,-0.00045496,-0.08551119,-0.07625906
2012-01-30,XLK,6.13690172,1.74013451,True,0.00297369,-0.00341386,-0.08279178,-0.07941258
2012-01-31,XLK,6.14827716,1.73947215,True,0.00185361,-0.00038063,-0.08109163,-0.07976299
2012-02-01,XLK,6.20969071,1.75470525,False,0.00998874,0.00875731,-0.07191289,-0.07170419
2012-02-02,XLK,6.22561507,1.75748709,False,0.00256444,0.00158536,-0.06953287,-0.07023251
2012-02-03,XLK,6.30522692,1.78212412,False,0.01278779,0.01401833,-0.05763426,-0.05719872
2012-02-06,XLK,6.30750033,1.78093223,False,0.00036056,-0.00066881,-0.05729448,-0.05782927
2012-02-07,XLK,6.32342312,1.78543576,False,0.00252442,0.00252875,-0.05491469,-0.05544675
2012-02-08,XLK,6.36208894,1.79073420,False,0.00611470,0.00296759,-0.04913578,-0.05264370
2012-02-09,XLK,6.42350563,1.79298571,False,0.00965354,0.00125731,-0.03995657,-0.05145258
2012-02-10,XLK,6.37573883,1.77974046,False,-0.00743625,-0.00738726,-0.04709570,-0.05845975
2012-02-13,XLK,6.41668225,1.79298571,False,0.00642175,0.00744224,-0.04097638,-0.05145258
2012-02-14,XLK,6.42805559,1.79073420,False,0.00177247,-0.00125573,-0.03927654,-0.05264370
2012-02-15,XLK,6.39393503,1.78238987,False,-0.00530807,-0.00465973,-0.04437613,-0.05705813
2012-02-16,XLK,6.48719365,1.80212573,False,0.01458548,0.01107269,-0.03043790,-0.04661722
2012-02-17,XLK,6.48719365,1.80689397,False,0.00000000,0.00264590,-0.03043790,-0.04409466
2012-02-21,XLK,6.51448978,1.80768927,False,0.00420769,0.00044014,-0.02635828,-0.04367393
2012-02-22,XLK,6.49174361,1.80186076,False,-0.00349163,-0.00322429,-0.02975787,-0.04675740
2012-02-23,XLK,6.51676319,1.80980888,False,0.00385406,0.00441106,-0.02601850,-0.04255259
2012-02-24,XLK,6.55543215,1.81378248,False,0.00593377,0.00219559,-0.02023912,-0.04045042
2012-02-27,XLK,6.56680445,1.81682980,False,0.00173479,0.00168009,-0.01853944,-0.03883829
2012-02-28,XLK,6.61457124,1.82212772,False,0.00727398,0.00291602,-0.01140031,-0.03603552
2012-02-29,XLK,6.58500274,1.81497490,False,-0.00447021,-0.00392553,-0.01581956,-0.03981959
2012-03-01,XLK,6.62367274,1.82437910,False,0.00587244,0.00518145,-0.01004002,-0.03484447
2012-03-02,XLK,6.61457124,1.81881621,False,-0.00137409,-0.00304919,-0.01140031,-0.03778741
2012-03-05,XLK,6.55770870,1.81139790,False,-0.00859656,-0.00407865,-0.01989887,-0.04171194
2012-03-06,XLK,6.49401650,1.78490622,False,-0.00971257,-0.01462499,-0.02941817,-0.05572690
2012-03-07,XLK,6.54178591,1.79735826,False,0.00735591,0.00697630,-0.02227865,-0.04913936
2012-03-08,XLK,6.60775100,1.81523986,False,0.01008365,0.00994882,-0.01241965,-0.03967942
2012-03-09,XLK,6.63731793,1.82225975,False,0.00447458,0.00386719,-0.00800064,-0.03596567
2012-03-12,XLK,6.64641891,1.82239178,False,0.00137118,0.00007245,-0.00664043,-0.03589582
2012-03-13,XLK,6.77834491,1.85524281,False,0.01984918,0.01802633,0.00000000,-0.01851657
2012-03-14,XLK,6.80336710,1.85325601,False,0.00369149,-0.00107091,0.00000000,-0.01956765
2012-03-15,XLK,6.82156226,1.86398453,False,0.00267443,0.00578901,0.00000000,-0.01389191
2012-03-16,XLK,6.81836640,1.86656630,False,-0.00046849,0.00138508,-0.00046849,-0.01252607
2012-03-19,XLK,6.86857299,1.87388367,False,0.00736343,0.00392023,0.00000000,-0.00865495
2012-03-20,XLK,6.86172502,1.86842875,False,-0.00099700,-0.00291103,-0.00099700,-0.01154078
2012-03-21,XLK,6.85944114,1.86536894,False,-0.00033284,-0.00163764,-0.00132951,-0.01315952
2012-03-22,XLK,6.84346917,1.85193273,False,-0.00232847,-0.00720298,-0.00365488,-0.02026770
2012-03-23,XLK,6.84346917,1.85791850,False,0.00000000,0.00323217,-0.00365488,-0.01710104
2012-03-26,XLK,6.94387294,1.88399446,False,0.01467147,0.01403504,0.00000000,-0.00330602
2012-03-27,XLK,6.94159220,1.87814059,False,-0.00032845,-0.00310716,-0.00032845,-0.00640290
2012-03-28,XLK,6.91648891,1.86882796,False,-0.00361636,-0.00495843,-0.00394363,-0.01132958
2012-03-29,XLK,6.90279976,1.86563469,False,-0.00197920,-0.00170870,-0.00591502,-0.01301893
2012-03-30,XLK,6.88226370,1.87335075,False,-0.00297503,0.00413589,-0.00887246,-0.00893688
2012-04-02,XLE,6.95760973,1.88705414,True,0.01094786,0.00731491,0.00000000,-0.00168735
2012-04-03,XLE,6.89710931,1.87933795,True,-0.00869558,-0.00408901,-0.00869558,-0.00576946
2012-04-04,XLE,6.80875765,1.86071230,True,-0.01280996,-0.00991075,-0.02139414,-0.01562303
2012-04-05,XLE,6.77034455,1.85978082,True,-0.00564172,-0.00050061,-0.02691516,-0.01611581
2012-04-09,XLE,6.68487637,1.83889378,True,-0.01262390,-0.01123091,-0.03919929,-0.02716573
2012-04-10,XLE,6.55330943,1.80802877,True,-0.01968128,-0.01678455,-0.05810908,-0.04349432
2012-04-11,XLE,6.55523357,1.82266221,True,0.00029361,0.00809359,-0.05783253,-0.03575276
2012-04-12,XLE,6.69832111,1.84647703,True,0.02182798,0.01306595,-0.03726691,-0.02315395
2012-04-13,XLE,6.59748587,1.82452531,True,-0.01505381,-0.01188844,-0.05175971,-0.03476712
2012-04-16,XLE,6.55330943,1.82332781,True,-0.00669595,-0.00065633,-0.05810908,-0.03540063
2012-04-17,XLE,6.65990679,1.85033460,True,0.01626619,0.01481181,-0.04278811,-0.02111317
2012-04-18,XLE,6.64646084,1.84408204,True,-0.00201894,-0.00337915,-0.04472066,-0.02442097
2012-04-19,XLE,6.63781827,1.83224162,True,-0.00130033,-0.00642077,-0.04596283,-0.03068494
2012-04-20,XLE,6.62245302,1.83530169,True,-0.00231480,0.00167012,-0.04817124,-0.02906606
2012-04-23,XLE,6.61573035,1.81986919,True,-0.00101513,-0.00840870,-0.04913748,-0.03723036
2012-04-24,XLE,6.66470896,1.82678709,True,0.00740336,0.00380132,-0.04209790,-0.03357056
2012-04-25,XLE,6.73097149,1.85179849,True,0.00994230,0.01369147,-0.03257415,-0.02033872
2012-04-26,XLE,6.80203559,1.86470360,True,0.01055778,0.00696896,-0.02236029,-0.01351150
2012-04-27,XLE,6.79915392,1.86776354,True,-0.00042365,0.00164098,-0.02277446,-0.01189270
2012-04-30,XLE,6.84140986,1.86084550,True,0.00621488,-0.00370391,-0.01670112,-0.01555256
2012-05-01,XLE,6.93936283,1.87242004,False,0.01431766,0.00622004,-0.00262258,-0.00942925
2012-05-02,XLE,6.82604461,1.86683231,False,-0.01632977,-0.00298423,-0.01890953,-0.01238535
2012-05-03,XLE,6.71272337,1.85259626,False,-0.01660130,-0.00762578,-0.03519691,-0.01991668
2012-05-04,XLE,6.55907155,1.82266221,False,-0.02288964,-0.01615789,-0.05728091,-0.03575276
2012-05-07,XLE,6.53986469,1.82399277,False,-0.00292829,0.00073001,-0.06004146,-0.03504885
2012-05-08,XLE,6.51873672,1.81667644,False,-0.00323064,-0.00401116,-0.06307813,-0.03891942
2012-05-09,XLE,6.48704811,1.80589940,False,-0.00486116,-0.00593228,-0.06763266,-0.04462083
2012-05-10,XLE,6.51489572,1.80962469,False,0.00429280,0.00206284,-0.06363019,-0.04265003
2012-05-11,XLE,6.46687949,1.80416976,False,-0.00737022,-0.00301439,-0.07053144,-0.04553586
2012-05-14,XLE,6.35932278,1.78421330,False,-0.01663193,-0.01106130,-0.08599030,-0.05609348
2012-05-15,XLE,6.25368598,1.77396984,False,-0.01661133,-0.00574116,-0.10117322,-0.06151260
2012-05-16,XLE,6.21815211,1.76718448,False,-0.00568207,-0.00382495,-0.10628041,-0.06510227
2012-05-17,XLE,6.17877845,1.74097559,False,-0.00633205,-0.01483088,-0.11193949,-0.07896762
2012-05-18,XLE,6.14036656,1.72607471,False,-0.00621675,-0.00855893,-0.11746034,-0.08685067
2012-05-21,XLE,6.28153601,1.75574288,False,0.02299040,0.01718823,-0.09717040,-0.07115525
2012-05-22,XLE,6.26617319,1.75880282,False,-0.00244571,0.00174282,-0.09937846,-0.06953644
2012-05-23,XLE,6.28921864,1.75973404,False,0.00367775,0.00052946,-0.09606620,-0.06904379
2012-05-24,XLE,6.28441586,1.76319345,False,-0.00076365,0.00196587,-0.09675649,-0.06721366
2012-05-25,XLE,6.25464714,1.75747252,False,-0.00473691,-0.00324464,-0.10103507,-0.07024021
2012-05-29,XLE,6.35932278,1.77875915,False,0.01673566,0.01211207,-0.08599030,-0.05897889
2012-05-30,XLE,6.16437679,1.75294882,False,-0.03065515,-0.01451030,-0.11400940,-0.07263340
2012-05-31,XLE,6.11059784,1.74909072,False,-0.00872415,-0.00220092,-0.12173892,-0.07467445
2012-06-01,XLK,5.92720853,1.70505460,True,-0.03001168,-0.02517658,-0.14809701,-0.09797099
2012-06-04,XLK,5.96207645,1.70425605,True,0.00588269,-0.00046834,-0.14308553,-0.09839344
2012-06-05,XLK,5.99911986,1.71716051,True,0.00621317,0.00757190,-0.13776137,-0.09156657
2012-06-06,XLK,6.13640504,1.75574288,True,0.02288422,0.02246870,-0.11802972,-0.07115525
2012-06-07,XLK,6.10589661,1.75680717,True,-0.00497171,0.00060618,-0.12241462,-0.07059220
2012-06-08,XLK,6.17345045,1.77077631,True,0.01106371,0.00795143,-0.11270527,-0.06320208
2012-06-11,XLK,6.08628516,1.74829296,True,-0.01411938,-0.01269689,-0.12523332,-0.07509650
2012-06-12,XLK,6.14730001,1.76838210,True,0.01002497,0.01149072,-0.11646381,-0.06446869
2012-06-13,XLK,6.11025560,1.75707357,True,-0.00602613,-0.00639485,-0.12178811,-0.07045127
2012-06-14,XLK,6.14076203,1.77569830,True,0.00499266,0.01059986,-0.11740350,-0.06059818
2012-06-15,XLK,6.20617335,1.79385983,True,0.01065199,0.01022782,-0.10800209,-0.05099015
2012-06-18,XLK,6.25211162,1.79733706,True,0.00740203,0.00193841,-0.10139949,-0.04915058
2012-06-19,XLK,6.30023588,1.81472112,True,0.00769728,0.00967212,-0.09448271,-0.03995385
2012-06-20,XLK,6.31117832,1.81177942,True,0.00173683,-0.00162102,-0.09290998,-0.04151011
2012-06-21,XLK,6.16241957,1.77112556,True,-0.02357068,-0.02243863,-0.11429071,-0.06301731
2012-06-22,XLK,6.23023673,1.78476613,True,0.01100496,0.00770163,-0.10454352,-0.05580101
2012-06-25,XLK,6.10335437,1.75614794,True,-0.02036558,-0.01603470,-0.12278001,-0.07094096
2012-06-26,XLK,6.12742024,1.76497408,True,0.00394306,0.00502585,-0.11932108,-0.06627164
2012-06-27,XLK,6.16460506,1.78088787,True,0.00606859,0.00901645,-0.11397660,-0.05785273
2012-06-28,XLK,6.11429331,1.77580575,True,-0.00816139,-0.00285370,-0.12120778,-0.06054134
2012-06-29,XLK,6.28492496,1.82007016,True,0.02790701,0.02492638,-0.09668332,-0.03712404
2012-07-02,XLK,6.31992828,1.82555383,False,0.00556941,0.00301289,-0.09165237,-0.03422300
2012-07-03,XLK,6.37024053,1.83758949,False,0.00796089,0.00659288,-0.08442112,-0.02785574
2012-07-05,XLK,6.37024053,1.82929875,False,0.00000000,-0.00451175,-0.08442112,-0.03224181
2012-07-06,XLK,6.27617500,1.81191340,False,-0.01476640,-0.00950384,-0.09794093,-0.04143923
2012-07-09,XLK,6.26304907,1.80964004,False,-0.00209139,-0.00125467,-0.09982748,-0.04264191
2012-07-10,XLK,6.19304841,1.79385983,False,-0.01117677,-0.00872008,-0.10988850,-0.05099015
2012-07-11,XLK,6.16460506,1.79412740,False,-0.00459279,0.00014916,-0.11397660,-0.05084859
2012-07-12,XLK,6.10335437,1.78543459,False,-0.00993587,-0.00484515,-0.12278001,-0.05544737
2012-07-13,XLK,6.18429596,1.81538997,False,0.01326182,0.01677764,-0.11114647,-0.03960001
2012-07-16,XLK,6.17773199,1.81111030,False,-0.00106139,-0.00235744,-0.11208989,-0.04186409
2012-07-17,XLK,6.20179538,1.82354816,False,0.00389518,0.00686754,-0.10863132,-0.03528406
2012-07-18,XLK,6.30898683,1.83705384,False,0.01728394,0.00740626,-0.09322496,-0.02813912
2012-07-19,XLK,6.36367806,1.84186852,False,0.00866878,0.00262087,-0.08536433,-0.02559200
2012-07-20,XLK,6.29148792,1.82501869,False,-0.01134409,-0.00914823,-0.09574004,-0.03450610
2012-07-23,XLK,6.23023673,1.80656397,False,-0.00973557,-0.01011207,-0.10454352,-0.04426925
2012-07-24,XLK,6.16679505,1.79105055,False,-0.01018287,-0.00858725,-0.11366183,-0.05247635
2012-07-25,XLK,6.14273167,1.79145288,False,-0.00390209,0.00022463,-0.11712040,-0.05226350
2012-07-26,XLK,6.23679820,1.82100684,False,0.01531347,0.01649720,-0.10360046,-0.03662850
2012-07-27,XLK,6.37242751,1.85457382,False,0.02174663,0.01843320,-0.08410679,-0.01887048
2012-07-30,XLK,6.37461650,1.85457382,False,0.00034351,0.00000000,-0.08379217,-0.01887048
2012-07-31,XLK,6.40086687,1.84160186,False,0.00411795,-0.00699458,-0.08001927,-0.02573307
2012-08-01,XLK,6.37899198,1.83999697,False,-0.00341749,-0.00087147,-0.08316329,-0.02658211
2012-08-02,XLK,6.33742519,1.82729231,False,-0.00651620,-0.00690471,-0.08913759,-0.03330328
2012-08-03,XLK,6.46212107,1.86353381,False,0.01967611,0.01983344,-0.07121536,-0.01413036
2012-08-06,XLK,6.50805783,1.86714437,False,0.00710862,0.00193748,-0.06461298,-0.01222026
2012-08-07,XLK,6.55181011,1.87650525,False,0.00672279,0.00501348,-0.05832457,-0.00726805
2012-08-08,XLK,6.55399760,1.87877914,False,0.00033388,0.00121176,-0.05801017,-0.00606509
2012-08-09,XLK,6.57587499,1.88038338,False,0.00333802,0.00085388,-0.05486579,-0.00521639
2012-08-10,XLK,6.59118592,1.88345893,False,0.00232835,0.00163560,-0.05266519,-0.00358933
2012-08-13,XLK,6.61087632,1.88252354,False,0.00298738,-0.00049663,-0.04983513,-0.00408418
2012-08-14,XLK,6.59774839,1.88279007,False,-0.00198581,0.00014158,-0.05172198,-0.00394318
2012-08-15,XLK,6.59993637,1.88492997,False,0.00033163,0.00113656,-0.05140751,-0.00281110
2012-08-16,XLK,6.68962693,1.89883810,False,0.01358961,0.00737859,-0.03851650,0.00000000
2012-08-17,XLK,6.72681574,1.90137929,False,0.00555918,0.00133829,-0.03317145,0.00000000
2012-08-20,XLK,6.73338021,1.90151249,False,0.00097587,0.00007005,-0.03222795,0.00000000
2012-08-21,XLK,6.68962693,1.89576216,False,-0.00649797,-0.00302408,-0.03851650,-0.00302408
2012-08-22,XLK,6.70056487,1.89656487,False,0.00163506,0.00042342,-0.03694442,-0.00260194
2012-08-23,XLK,6.64587414,1.88105237,False,-0.00816211,-0.00817926,-0.04480498,-0.01075992
2012-08-24,XLK,6.68743943,1.89241853,False,0.00625430,0.00604245,-0.03883091,-0.00478249
2012-08-27,XLK,6.69400440,1.89282007,False,0.00098169,0.00021219,-0.03788734,-0.00457132
2012-08-28,XLK,6.67868898,1.89094787,False,-0.00228793,-0.00098911,-0.04008859,-0.00555590
2012-08-29,XLK,6.69181441,1.89241853,False,0.00196527,0.00077773,-0.03820210,-0.00478249
2012-08-30,XLK,6.61743729,1.87877914,False,-0.01111464,-0.00720739,-0.04889214,-0.01195541
2012-08-31,XLK,6.66994002,1.88773847,False,0.00793400,0.00476870,-0.04134605,-0.00724372
2012-09-04,XLK,6.66994002,1.88599999,False,0.00000000,-0.00092093,-0.04134605,-0.00815798
2012-09-05,XLK,6.66337606,1.88439483,False,-0.00098411,-0.00085109,-0.04228948,-0.00900213
2012-09-06,XLK,6.81213131,1.92264226,False,0.02232431,0.02029693,-0.02090925,0.00000000
2012-09-07,XLK,6.80119137,1.93013107,False,-0.00160595,0.00389506,-0.02248162,0.00000000
2012-09-10,XLK,6.72900372,1.91916477,False,-0.01061397,-0.00568164,-0.03285697,-0.00568164
2012-09-11,XLK,6.74650663,1.92451394,False,0.00260111,0.00278724,-0.03034133,-0.00291023
2012-09-12,XLK,6.78369045,1.93093313,False,0.00551157,0.00333548,-0.02499699,0.00000000
2012-09-13,XLK,6.87557049,1.96035389,False,0.01354426,0.01523655,-0.01179130,0.00000000
2012-09-14,XLK,6.90838532,1.96904670,False,0.00477267,0.00443431,-0.00707490,0.00000000
2012-09-17,XLK,6.91494829,1.96236020,False,0.00095000,-0.00339580,-0.00613162,-0.00339580
2012-09-18,XLK,6.91932427,1.96075505,False,0.00063283,-0.00081797,-0.00550268,-0.00421100
2012-09-19,XLK,6.92588724,1.96182519,False,0.00094850,0.00054578,-0.00455940,-0.00366751
2012-09-20,XLK,6.91276030,1.96195956,False,-0.00189534,0.00006849,-0.00644610,-0.00359927
2012-09-21,XLK,6.92154574,1.96113878,False,0.00127090,-0.00041835,-0.00518339,-0.00401612
2012-09-24,XLK,6.87761558,1.95818121,False,-0.00634687,-0.00150809,-0.01149736,-0.00551815
2012-09-25,XLK,6.78096434,1.93734256,False,-0.01405302,-0.01064184,-0.02538880,-0.01610126
2012-09-26,XLK,6.73263772,1.92645196,False,-0.00712681,-0.00562141,-0.03233467,-0.02163216
2012-09-27,XLK,6.82050153,1.94460217,False,0.01305043,0.00942158,-0.01970622,-0.01241440
2012-09-28,XLK,6.77217591,1.93559406,False,-0.00708535,-0.00463237,-0.02665194,-0.01698926
2012-10-01,XLE,6.77887927,1.94070310,True,0.00098984,0.00263952,-0.02568849,-0.01439458
2012-10-02,XLE,6.79081900,1.94271982,True,0.00176131,0.00103917,-0.02397242,-0.01337037
2012-10-03,XLE,6.70723228,1.95065233,True,-0.01230878,0.00408320,-0.03598613,-0.00934176
2012-10-04,XLE,6.77428658,1.96463408,True,0.00999731,0.00716773,-0.02634858,-0.00224099
2012-10-05,XLE,6.75867017,1.96476806,True,-0.00230525,0.00006820,-0.02859309,-0.00217295
2012-10-08,XLE,6.76969274,1.95804580,True,0.00163088,-0.00342140,-0.02700884,-0.00558692
2012-10-09,XLE,6.77887927,1.93868652,True,0.00135701,-0.00988704,-0.02568849,-0.01541872
2012-10-10,XLE,6.65211943,1.92631772,True,-0.01869923,-0.00637999,-0.04390736,-0.02170034
2012-10-11,XLE,6.70172071,1.92739307,True,0.00745646,0.00055824,-0.03677830,-0.02115421
2012-10-12,XLE,6.66497804,1.92107391,True,-0.00548257,-0.00327860,-0.04205923,-0.02436346
2012-10-15,XLE,6.69896636,1.93707369,True,0.00509954,0.00832856,-0.03717417,-0.01623781
2012-10-16,XLE,6.80551710,1.95670249,True,0.01590555,0.01013322,-0.02185990,-0.00626913
2012-10-17,XLE,6.89094331,1.96557545,True,0.01255249,0.00453465,-0.00958180,-0.00176291
2012-10-18,XLE,6.89002098,1.96046667,True,-0.00013385,-0.00259913,-0.00971436,-0.00435745
2012-10-19,XLE,6.78163592,1.92779644,True,-0.01573073,-0.01666451,-0.02529228,-0.02094935
2012-10-22,XLE,6.74764646,1.92806492,True,-0.00501199,0.00013927,-0.03017750,-0.02081300
2012-10-23,XLE,6.59057785,1.90131113,True,-0.02327754,-0.01387598,-0.05275258,-0.03440018
2012-10-24,XLE,6.54005654,1.89593334,True,-0.00766569,-0.00282846,-0.06001389,-0.03713135
2012-10-25,XLE,6.60159870,1.90144576,True,0.00941003,0.00290750,-0.05116858,-0.03433181
2012-10-26,XLE,6.60986405,1.90036963,True,0.00125202,-0.00056595,-0.04998063,-0.03487833
2012-10-31,XLE,6.60802858,1.90036963,True,-0.00027769,0.00000000,-0.05024443,-0.03487833
2012-11-01,XLE,6.63650302,1.92026769,False,0.00430907,0.01047063,-0.04615187,-0.02477290
2012-11-02,XLE,6.52719851,1.90319374,False,-0.01647020,-0.00889144,-0.06186194,-0.03344408
2012-11-05,XLE,6.57679748,1.90709294,False,0.00759882,0.00204877,-0.05473320,-0.03146383
2012-11-06,XLE,6.68243107,1.92201515,False,0.01606155,0.00782459,-0.03955075,-0.02388544
2012-11-07,XLE,6.50790771,1.87845576,False,-0.02611675,-0.02266340,-0.06463456,-0.04600751
2012-11-08,XLE,6.39033153,1.85586926,False,-0.01806666,-0.01202397,-0.08153349,-0.05747829
2012-11-09,XLE,6.38849721,1.85748222,False,-0.00028705,0.00086911,-0.08179713,-0.05665913
2012-11-12,XLE,6.40135468,1.85896133,False,0.00201260,0.00079630,-0.07994916,-0.05590795
2012-11-13,XLE,6.37471742,1.85250780,False,-0.00416119,-0.00347158,-0.08377767,-0.05918544
2012-11-14,XLE,6.29756001,1.82750096,False,-0.01210366,-0.01349892,-0.09486731,-0.07188542
2012-11-15,XLE,6.30582708,1.82440928,False,0.00131274,-0.00169175,-0.09367911,-0.07345556
2012-11-16,XLE,6.33062657,1.83341661,False,0.00393279,0.00493712,-0.09011474,-0.06888109
2012-11-19,XLE,6.47667605,1.87052352,False,0.02307030,0.02023921,-0.06912341,-0.05003598
2012-11-20,XLE,6.45095940,1.87133013,False,-0.00397066,0.00043122,-0.07281960,-0.04962634
2012-11-21,XLE,6.48586258,1.87482491,False,0.00541054,0.00186754,-0.06780305,-0.04785147
2012-11-23,XLE,6.57771694,1.90036963,False,0.01416224,0.01362512,-0.05460105,-0.03487833
2012-11-26,XLE,6.51341757,1.89633619,False,-0.00977533,-0.00212245,-0.06384264,-0.03692675
2012-11-27,XLE,6.45922360,1.88665688,False,-0.00832036,-0.00510422,-0.07163180,-0.04184249
2012-11-28,XLE,6.51801140,1.90184952,False,0.00910137,0.00805268,-0.06318238,-0.03412676
2012-11-29,XLE,6.53270663,1.91072210,False,0.00225456,0.00466524,-0.06107027,-0.02962073
2012-11-30,XLE,6.52719851,1.91112547,False,-0.00084316,0.00021111,-0.06186194,-0.02941587
2012-12-03,XLE,6.49137300,1.90171437,False,-0.00548865,-0.00492437,-0.06701105,-0.03419539
2012-12-04,XLE,6.46749182,1.89902541,False,-0.00367891,-0.00141397,-0.07044343,-0.03556101
2012-12-05,XLE,6.51250040,1.90238635,False,0.00695920,0.00176982,-0.06397446,-0.03385412
2012-12-06,XLE,6.53362609,1.90883988,False,0.00324387,0.00339233,-0.06093812,-0.03057663
2012-12-07,XLE,6.57312540,1.91462156,False,0.00604554,0.00302890,-0.05526098,-0.02764035
2012-12-10,XLE,6.56577721,1.91542817,False,-0.00111791,0.00042129,-0.05631712,-0.02723071
2012-12-11,XLE,6.60435649,1.92846881,False,0.00587581,0.00680821,-0.05077221,-0.02060788
2012-12-12,XLE,6.62823767,1.92940992,False,0.00361597,0.00048801,-0.04733983,-0.02012993
2012-12-13,XLE,6.56669322,1.91757887,False,-0.00928519,-0.00613195,-0.05618546,-0.02613845
2012-12-14,XLE,6.54189488,1.91045336,False,-0.00377638,-0.00371589,-0.05974967,-0.02975721
2012-12-17,XLE,6.60159870,1.93290575,False,0.00912638,0.01175239,-0.05116858,-0.01835454
2012-12-18,XLE,6.72284926,1.95441638,False,0.01836685,0.01112865,-0.03374154,-0.00743015
2012-12-19,XLE,6.67692064,1.93989624,False,-0.00683172,-0.00742940,-0.04034275,-0.01480435
2012-12-20,XLE,6.72192980,1.95105505,False,0.00674101,0.00575227,-0.03387369,-0.00913724
2012-12-21,XLE,6.65370106,1.93334541,False,-0.01015017,-0.00907696,-0.04368004,-0.01813126
2012-12-24,XLE,6.60292476,1.92738826,False,-0.00763129,-0.00308127,-0.05097799,-0.02115665
2012-12-26,XLE,6.57338384,1.91926389,False,-0.00447391,-0.00421522,-0.05522384,-0.02528270
2012-12-27,XLE,6.56137749,1.91669148,False,-0.00182651,-0.00134031,-0.05694948,-0.02658912
2012-12-28,XLE,6.44689851,1.89597575,False,-0.01744740,-0.01080807,-0.07340326,-0.03710981
2012-12-31,XLE,6.59369114,1.92820111,False,0.02276950,0.01699672,-0.05230512,-0.02074384
2013-01-02,XLE,6.73956201,1.97762049,False,0.02212279,0.02562978,-0.03133946,0.00000000
2013-01-03,XLE,6.73771621,1.97315194,False,-0.00027388,-0.00225956,-0.03160475,-0.00225956
2013-01-04,XLE,6.81249716,1.98181808,False,0.01109886,0.00439203,-0.02085667,0.00000000
2013-01-07,XLE,6.75987333,1.97640218,False,-0.00772460,-0.00273279,-0.02842016,-0.00273279
2013-01-08,XLE,6.73771621,1.97071507,False,-0.00327774,-0.00287751,-0.03160475,-0.00560244
2013-01-09,XLE,6.72663736,1.97572487,False,-0.00164430,0.00254212,-0.03319709,-0.00307456
2013-01-10,XLE,6.78756788,1.99143132,False,0.00905810,0.00794971,-0.02443969,0.00000000
2013-01-11,XLE,6.79587975,1.99129617,False,0.00122457,-0.00006787,-0.02324505,-0.00006787
2013-01-14,XLE,6.79680265,1.98994128,False,0.00013580,-0.00068040,-0.02311240,-0.00074822
2013-01-15,XLE,6.82726705,1.99129617,False,0.00448217,0.00068087,-0.01873383,-0.00006787
2013-01-16,XLE,6.85773432,1.99102509,False,0.00446259,-0.00013613,-0.01435485,-0.00020399
2013-01-17,XLE,6.90112453,2.00388843,False,0.00632719,0.00646067,-0.00811848,0.00000000
2013-01-18,XLE,6.96944459,2.00835555,False,0.00989984,0.00222922,0.00000000,0.00000000
2013-01-22,XLE,7.03591597,2.01918748,False,0.00953754,0.00539343,0.00000000,0.00000000
2013-01-23,XLE,7.01191304,2.02243694,False,-0.00341149,0.00160929,-0.00341149,0.00000000
2013-01-24,XLE,7.03222494,2.02297872,False,0.00289677,0.00026788,-0.00052460,0.00000000
2013-01-25,XLE,7.09869632,2.03435255,False,0.00945240,0.00562232,0.00000000,0.00000000
2013-01-28,XLE,7.08669744,2.03191503,False,-0.00169029,-0.00119818,-0.00169029,-0.00119818
2013-01-29,XLE,7.20117756,2.03990399,False,0.01615423,0.00393174,0.00000000,0.00000000
2013-01-30,XLE,7.16517058,2.03191503,False,-0.00500015,-0.00391634,-0.00500015,-0.00391634
2013-01-31,XLE,7.14116248,2.02690458,False,-0.00335067,-0.00246588,-0.00833407,-0.00637256
2013-02-01,XLE,7.20763788,2.04775715,False,0.00930877,0.01028789,0.00000000,0.00000000
2013-02-04,XLE,7.13932012,2.02473957,False,-0.00947852,-0.01124038,-0.00947852,-0.01124038
2013-02-05,XLE,7.20117756,2.04518487,False,0.00866433,0.01009774,-0.00089632,-0.00125614
2013-02-06,XLE,7.20579093,2.04667360,False,0.00064064,0.00072792,-0.00025625,-0.00052914
2013-02-07,XLE,7.18732885,2.04396565,False,-0.00256212,-0.00132310,-0.00281771,-0.00185154
2013-02-08,XLE,7.25472372,2.05533871,False,0.00937690,0.00556421,0.00000000,0.00000000
2013-02-11,XLE,7.21871960,2.05493248,False,-0.00496285,-0.00019765,-0.00496285,-0.00019765
2013-02-12,XLE,7.23810515,2.05831826,False,0.00268546,0.00164764,-0.00229072,0.00000000
2013-02-13,XLE,7.26395676,2.06007820,False,0.00357160,0.00085504,0.00000000,0.00000000
2013-02-14,XLE,7.32673367,2.06197265,False,0.00864225,0.00091960,0.00000000,0.00000000
2013-02-15,XLE,7.24272139,2.05953539,False,-0.01146654,-0.00118200,-0.01146654,-0.00118200
2013-02-19,XLE,7.32673367,2.07497128,False,0.01159955,0.00749484,0.00000000,0.00000000
2013-02-20,XLE,7.17347900,2.04910995,False,-0.02091719,-0.01246346,-0.02091719,-0.01246346
2013-02-21,XLE,7.12362560,2.03665414,False,-0.00694968,-0.00607865,-0.02772150,-0.01846635
2013-02-22,XLE,7.19840713,2.05655688,False,0.01049768,0.00977227,-0.01751484,-0.00887453
2013-02-25,XLE,7.01006609,2.01742727,False,-0.02616427,-0.01902676,-0.04322084,-0.02773243
2013-02-26,XLE,7.07930905,2.03123785,False,0.00987765,0.00684564,-0.03377011,-0.02107665
2013-02-27,XLE,7.18732885,2.05682848,False,0.01525852,0.01259854,-0.01902687,-0.00874364
2013-02-28,XLE,7.17255667,2.05276656,False,-0.00205531,-0.00197485,-0.02104307,-0.01070122
2013-03-01,XLE,7.18178914,2.05953539,False,0.00128719,0.00329742,-0.01978297,-0.00743909
2013-03-04,XLE,7.16609176,2.07050351,False,-0.00218572,0.00532553,-0.02192545,-0.00215317
2013-03-05,XLE,7.21225871,2.08905332,False,0.00644242,0.00895908,-0.01562428,0.00000000
2013-03-06,XLE,7.22056483,2.09189681,False,0.00115167,0.00136114,-0.01449061,0.00000000
2013-03-07,XLE,7.25749415,2.09568740,False,0.00511446,0.00181203,-0.00945026,0.00000000
2013-03-08,XLE,7.29257421,2.10462397,False,0.00483363,0.00426427,-0.00466230,0.00000000
2013-03-11,XLE,7.29626984,2.11261163,False,0.00050677,0.00379529,-0.00415790,0.00000000
2013-03-12,XLE,7.30457884,2.10787252,False,0.00113880,-0.00224325,-0.00302383,-0.00224325
2013-03-13,XLE,7.28795912,2.11085181,False,-0.00227525,0.00141341,-0.00529220,-0.00083301
2013-03-14,XLE,7.38766879,2.12209063,False,0.01368142,0.00532430,0.00000000,0.00000000
2013-03-15,XLE,7.38182814,2.11928889,False,-0.00079059,-0.00132027,-0.00079059,-0.00132027
2013-03-18,XLE,7.32247579,2.10759273,False,-0.00804033,-0.00551891,-0.00882457,-0.00683190
2013-03-19,XLE,7.24179217,2.10269662,False,-0.01101863,-0.00232308,-0.01974596,-0.00913911
2013-03-20,XLE,7.28259802,2.11738365,False,0.00563477,0.00698486,-0.01422245,-0.00221809
2013-03-21,XLE,7.24550273,2.09929626,False,-0.00509369,-0.00854233,-0.01924370,-0.01074147
2013-03-22,XLE,7.30299893,2.11616040,False,0.00793543,0.00803323,-0.01146097,-0.00279452
2013-03-25,XLE,7.27517804,2.10732074,False,-0.00380952,-0.00417722,-0.01522683,-0.00696007
2013-03-26,XLE,7.35214881,2.12418435,False,0.01057992,0.00800240,-0.00480801,0.00000000
2013-03-27,XLE,7.37626373,2.12418435,False,0.00327998,0.00000000,-0.00154380,0.00000000
2013-03-28,XLE,7.35493130,2.13071280,False,-0.00289204,0.00307339,-0.00443137,0.00000000
2013-04-01,XLE,7.34009249,2.12228106,False,-0.00201753,-0.00395724,-0.00643996,-0.00395724
2013-04-02,XLE,7.29836432,2.13275190,False,-0.00568497,0.00493376,-0.01208831,0.00000000
2013-04-03,XLE,7.16204063,2.11112875,False,-0.01867866,-0.01013861,-0.03054118,-0.01013861
2013-04-04,XLE,7.15276739,2.11969642,False,-0.00129478,0.00405834,-0.03179642,-0.00612142
2013-04-05,XLE,7.16853254,2.11017580,False,0.00220406,-0.00449150,-0.02966244,-0.01058543
2013-04-08,XLE,7.21675607,2.12445647,False,0.00672711,0.00676753,-0.02313486,-0.00388954
2013-04-09,XLE,7.27796226,2.13180064,False,0.00848112,0.00345696,-0.01484995,-0.00044602
2013-04-10,XLE,7.31691139,2.15791185,False,0.00535165,0.01224843,-0.00957777,0.00000000
2013-04-11,XLE,7.34844112,2.16498415,False,0.00430916,0.00327738,-0.00530988,0.00000000
2013-04-12,XLE,7.23344757,2.15967986,False,-0.01564870,-0.00245004,-0.02087549,-0.00245004
2013-04-15,XLE,6.93854602,2.10963221,False,-0.04076916,-0.02317364,-0.06079357,-0.02556690
2013-04-16,XLE,7.02386368,2.14077624,False,0.01229619,0.01476278,-0.04924491,-0.01118157
2013-04-17,XLE,6.86991985,2.10949563,False,-0.02191726,-0.01461181,-0.07008286,-0.02562999
2013-04-18,XLE,6.92834412,2.09630422,False,0.00850436,-0.00625334,-0.06217451,-0.03172306
2013-04-19,XLE,6.91443454,2.11452858,False,-0.00200763,0.00869356,-0.06405732,-0.02330528
2013-04-22,XLE,6.98862511,2.12391223,False,0.01072981,0.00443770,-0.05401483,-0.01897100
2013-04-23,XLE,7.06930357,2.14580698,False,0.01154425,0.01030869,-0.04309414,-0.00885788
2013-04-24,XLE,7.16389448,2.14716863,False,0.01338051,0.00063456,-0.03029025,-0.00822894
2013-04-25,XLE,7.16946061,2.15587236,False,0.00077697,0.00405359,-0.02953681,-0.00420871
2013-04-26,XLE,7.15740143,2.15206500,False,-0.00168202,-0.00176604,-0.03116915,-0.00596732
2013-04-29,XLE,7.22973701,2.16648108,False,0.01010640,0.00669872,-0.02137776,0.00000000
2013-04-30,XLE,7.25848654,2.17164788,False,0.00397657,0.00238488,-0.01748620,0.00000000
2013-05-01,XLK,7.13540304,2.15260846,True,-0.01695718,-0.00876727,-0.03414687,-0.00876727
2013-05-02,XLK,7.22655238,2.17260005,True,0.01277424,0.00928715,-0.02180883,0.00000000
2013-05-03,XLK,7.29433070,2.19463216,True,0.00937907,0.01014090,-0.01263431,0.00000000
2013-05-06,XLK,7.32938960,2.20020701,True,0.00480632,0.00254022,-0.00788871,0.00000000
2013-05-07,XLK,7.32471487,2.21136063,True,-0.00063781,0.00506935,-0.00852149,0.00000000
2013-05-08,XLK,7.38314478,2.22142445,True,0.00797709,0.00455096,-0.00061237,0.00000000
2013-05-09,XLK,7.36210902,2.21516851,True,-0.00284916,-0.00281618,-0.00345979,-0.00281618
2013-05-10,XLK,7.38314478,2.22237688,True,0.00285730,0.00325409,-0.00061237,0.00000000
2013-05-13,XLK,7.36444639,2.22414385,True,-0.00253258,0.00079508,-0.00314340,0.00000000
2013-05-14,XLK,7.38782004,2.24712825,True,0.00317385,0.01033405,0.00000000,0.00000000
2013-05-15,XLK,7.41119000,2.25923247,True,0.00316331,0.00538653,0.00000000,0.00000000
2013-05-16,XLK,7.45092205,2.24862414,True,0.00536109,-0.00469554,0.00000000,-0.00469554
2013-05-17,XLK,7.52571246,2.27038530,True,0.01003774,0.00967754,0.00000000,0.00000000
2013-05-20,XLK,7.52571246,2.27024872,True,0.00000000,-0.00006016,0.00000000,-0.00006016
2013-05-21,XLK,7.50233987,2.27351262,True,-0.00310570,0.00143768,-0.00310570,0.00000000
2013-05-22,XLK,7.42053788,2.25664731,True,-0.01090353,-0.00741817,-0.01397537,-0.00741817
2013-05-23,XLK,7.41820210,2.25011977,True,-0.00031477,-0.00289258,-0.01428574,-0.01028930
2013-05-24,XLK,7.40651738,2.24821700,True,-0.00157514,-0.00084563,-0.01583838,-0.01112623
2013-05-28,XLK,7.44157364,2.26168079,True,0.00473316,0.00598865,-0.01118018,-0.00520421
2013-05-29,XLK,7.42287420,2.24699219,True,-0.00251283,-0.00649455,-0.01366492,-0.01166496
2013-05-30,XLK,7.46961991,2.25528879,True,0.00629752,0.00369231,-0.00745345,-0.00801572
2013-05-31,XLK,7.39950265,2.22292034,True,-0.00938699,-0.01435224,-0.01677048,-0.02225291
2013-06-03,XLK,7.43689944,2.23516036,False,0.00505396,0.00550628,-0.01180128,-0.01686917
2013-06-04,XLK,7.40417790,2.22441545,False,-0.00439989,-0.00480722,-0.01614924,-0.02159529
2013-06-05,XLK,7.33172644,2.19327233,False,-0.00978521,-0.01400059,-0.02577643,-0.03529353
2013-06-06,XLK,7.34808588,2.21312890,False,0.00223132,0.00905340,-0.02360263,-0.02655966
2013-06-07,XLK,7.41586473,2.24128024,False,0.00922401,0.01272015,-0.01459632,-0.01417735
2013-06-10,XLK,7.43222523,2.24128024,False,0.00220615,0.00000000,-0.01242238,-0.01417735
2013-06-11,XLK,7.35509798,2.21816055,False,-0.01037741,-0.01031539,-0.02267087,-0.02434650
2013-06-12,XLK,7.30601647,2.19980091,False,-0.00667313,-0.00827696,-0.02919272,-0.03242195
2013-06-13,XLK,7.39015687,2.23325603,False,0.01151659,0.01520825,-0.01801233,-0.01770678
2013-06-14,XLK,7.33406170,2.21924878,False,-0.00759053,-0.00627212,-0.02546613,-0.02386784
2013-06-17,XLK,7.40184212,2.23638439,False,0.00924187,0.00772136,-0.01645962,-0.01633078
2013-06-18,XLK,7.46026940,2.25406450,False,0.00789361,0.00790567,-0.00869593,-0.00855422
2013-06-19,XLK,7.37379532,2.22292034,False,-0.01159128,-0.01381689,-0.02018641,-0.02225291
2013-06-20,XLK,7.21019451,2.16784104,False,-0.02218678,-0.02477790,-0.04192533,-0.04647943
2013-06-21,XLK,7.16673637,2.17479953,False,-0.00602732,0.00320987,-0.04769995,-0.04341876
2013-06-24,XLK,7.07982377,2.14731900,False,-0.01212722,-0.01263589,-0.05924870,-0.05550601
2013-06-25,XLK,7.13854796,2.16796318,False,0.00829458,0.00961393,-0.05144556,-0.04642571
2013-06-26,XLK,7.18083163,2.18942855,False,0.00592329,0.00990117,-0.04582700,-0.03698421
2013-06-27,XLK,7.21606740,2.20228019,False,0.00490692,0.00586986,-0.04114495,-0.03133144
2013-06-28,XLK,7.18552847,2.19325672,False,-0.00423207,-0.00409733,-0.04520290,-0.03530040
2013-07-01,XLK,7.22311108,2.20610836,False,0.00523032,0.00585962,-0.04020900,-0.02964763
2013-07-02,XLK,7.23485740,2.20405730,False,0.00162621,-0.00092972,-0.03864818,-0.03054978
2013-07-03,XLK,7.27713896,2.20501441,False,0.00584415,0.00043425,-0.03302990,-0.03012880
2013-07-05,XLK,7.32411684,2.22880296,False,0.00645554,0.01078839,-0.02678758,-0.01966546
2013-07-08,XLK,7.31942053,2.24151802,False,-0.00064121,0.00570488,-0.02741162,-0.01407276
2013-07-09,XLK,7.34760841,2.25765151,False,0.00385111,0.00719757,-0.02366607,-0.00697648
2013-07-10,XLK,7.37109840,2.25847152,False,0.00319696,0.00036321,-0.02054477,-0.00661580
2013-07-11,XLK,7.49559520,2.28923247,False,0.01688986,0.01362025,-0.00400192,0.00000000
2013-07-12,XLK,7.50029309,2.29018984,False,0.00062675,0.00041821,-0.00337767,0.00000000
2013-07-15,XLK,7.52143308,2.29894092,False,0.00281856,0.00382112,-0.00056863,0.00000000
2013-07-16,XLK,7.52613255,2.29032746,False,0.00062481,-0.00374671,0.00000000,-0.00374671
2013-07-17,XLK,7.53317676,2.29620644,False,0.00093597,0.00256687,0.00000000,-0.00118945
2013-07-18,XLK,7.51438572,2.30878492,False,-0.00249444,0.00547794,-0.00249444,0.00000000
2013-07-19,XLK,7.38754155,2.31288573,False,-0.01688018,0.00177618,-0.01933251,0.00000000
2013-07-22,XLK,7.40868155,2.31739838,False,0.00286157,0.00195109,-0.01652626,0.00000000
2013-07-23,XLK,7.37814682,2.31247573,False,-0.00412148,-0.00212421,-0.02057962,-0.00212421
2013-07-24,XLK,7.42747259,2.30399937,False,0.00668539,-0.00366549,-0.01403182,-0.00578192
2013-07-25,XLK,7.43217154,2.30960414,False,0.00063264,0.00243263,-0.01340805,-0.00336336
2013-07-26,XLK,7.45331205,2.31206703,False,0.00284446,0.00106637,-0.01060173,-0.00230058
2013-07-29,XLK,7.44156732,2.30495674,False,-0.00157577,-0.00307529,-0.01216080,-0.00536880
2013-07-30,XLK,7.47915257,2.30495674,False,0.00505072,0.00000000,-0.00717150,-0.00536880
2013-07-31,XLK,7.45331205,2.30659779,False,-0.00345501,0.00071197,-0.01060173,-0.00466065
2013-08-01,XLK,7.53317676,2.33325689,False,0.01071533,0.01155775,0.00000000,0.00000000
2013-08-02,XLK,7.56606412,2.33722216,False,0.00436567,0.00169946,0.00000000,0.00000000
2013-08-05,XLK,7.58250569,2.33380451,False,0.00217307,-0.00146227,0.00000000,-0.00146227
2013-08-06,XLK,7.54257308,2.32054261,False,-0.00526641,-0.00568253,-0.00526641,-0.00713649
2013-08-07,XLK,7.52378150,2.31302231,False,-0.00249140,-0.00324075,-0.00774469,-0.01035411
2013-08-08,XLK,7.54727149,2.32149998,False,0.00312210,0.00366519,-0.00464678,-0.00672687
2013-08-09,XLK,7.50968888,2.31480099,False,-0.00497963,-0.00288563,-0.00960327,-0.00959309
2013-08-12,XLK,7.55901623,2.31206703,False,0.00656849,-0.00118108,-0.00309785,-0.01076284
2013-08-13,XLK,7.61069410,2.31890181,False,0.00683659,0.00295614,0.00000000,-0.00783852
2013-08-14,XLK,7.60364674,2.30700754,False,-0.00092598,-0.00512927,-0.00092598,-0.01292758
2013-08-15,XLK,7.48150152,2.27474133,False,-0.01606403,-0.01398617,-0.01697514,-0.02673294
2013-08-16,XLK,7.47445468,2.26722234,False,-0.00094190,-0.00330543,-0.01790105,-0.02995001
2013-08-19,XLK,7.45096416,2.25272938,False,-0.00314277,-0.00639238,-0.02098757,-0.03615094
2013-08-20,XLK,7.46270942,2.26380469,False,0.00157634,0.00491639,-0.01944431,-0.03141228
2013-08-21,XLK,7.44626574,2.24985754,False,-0.00220345,-0.00616093,-0.02160491,-0.03737968
2013-08-22,XLK,7.47915257,2.27036579,False,0.00441655,0.00911536,-0.01728378,-0.02860506
2013-08-23,XLK,7.53317676,2.27802292,False,0.00722330,0.00337264,-0.01018532,-0.02532889
2013-08-26,XLK,7.49794415,2.26954552,False,-0.00467699,-0.00372139,-0.01481467,-0.02895602
2013-08-27,XLK,7.36640051,2.23304270,False,-0.01754396,-0.01608376,-0.03209873,-0.04457405
2013-08-28,XLK,7.37109840,2.24097195,False,0.00063775,0.00355087,-0.03148145,-0.04118146
2013-08-29,XLK,7.41103155,2.24452593,False,0.00541753,0.00158591,-0.02623447,-0.03966086
2013-08-30,XLK,7.37579629,2.23741668,False,-0.00475443,-0.00316737,-0.03086418,-0.04270261
2013-09-03,XLK,7.38284313,2.24753462,False,0.00095540,0.00452215,-0.02993826,-0.03837357
2013-09-04,XLK,7.45331205,2.26612709,False,0.00954496,0.00827239,-0.02067907,-0.03041862
2013-09-05,XLK,7.45801100,2.26899920,False,0.00063045,0.00126741,-0.02006165,-0.02918976
2013-09-06,XLK,7.46270942,2.27009367,False,0.00062998,0.00048236,-0.01944431,-0.02872149
2013-09-09,XLK,7.55196939,2.29183167,False,0.01196080,0.00957582,-0.00771608,-0.01942070
2013-09-10,XLK,7.59894937,2.30878492,False,0.00622089,0.00739724,-0.00154319,-0.01216711
2013-09-11,XLK,7.56371254,2.31603074,False,-0.00463707,0.00313837,-0.00617310,-0.00906693
2013-09-12,XLK,7.57076043,2.30987835,False,0.00093180,-0.00265644,-0.00524705,-0.01169928
2013-09-13,XLK,7.57780833,2.31507389,False,0.00093094,0.00224927,-0.00432100,-0.00947632
2013-09-16,XLK,7.56606412,2.32847186,False,-0.00154982,0.00578727,-0.00586411,-0.00374389
2013-09-17,XLK,7.60364674,2.33886270,False,0.00496726,0.00446251,-0.00092598,0.00000000
2013-09-18,XLK,7.69995565,2.36593414,False,0.01266615,0.01157462,0.00000000,0.00000000
2013-09-19,XLK,7.70465354,2.36196938,False,0.00061012,-0.00167577,0.00000000,-0.00167577
2013-09-20,XLK,7.64989340,2.34545372,False,-0.00710741,-0.00699233,-0.00710741,-0.00865638
2013-09-23,XLK,7.67349710,2.33460137,False,0.00308549,-0.00462697,-0.00404385,-0.01324330
2013-09-24,XLK,7.64045181,2.32910638,False,-0.00430642,-0.00235372,-0.00833285,-0.01556584
2013-09-25,XLK,7.62864970,2.32237331,False,-0.00154469,-0.00289084,-0.00986467,-0.01841168
2013-09-26,XLK,7.65697446,2.33130469,False,0.00371295,0.00384579,-0.00618835,-0.01463669
2013-09-27,XLK,7.60977021,2.32058761,False,-0.00616487,-0.00459703,-0.01231507,-0.01916644
2013-09-30,XLK,7.56256123,2.30822428,False,-0.00620373,-0.00532767,-0.01844240,-0.02439200
2013-10-01,XLK,7.62864970,2.32649521,False,0.00873890,0.00791558,-0.00986467,-0.01666950
2013-10-02,XLK,7.63101233,2.32429716,False,0.00030971,-0.00094479,-0.00955802,-0.01759854
2013-10-03,XLK,7.56492123,2.30286484,False,-0.00866086,-0.00922099,-0.01813609,-0.02665725
2013-10-04,XLK,7.59560494,2.32031341,False,0.00405605,0.00757690,-0.01415360,-0.01928233
2013-10-07,XLK,7.56256123,2.30025496,False,-0.00435037,-0.00864471,-0.01844240,-0.02776036
2013-10-08,XLK,7.44218114,2.27346423,False,-0.01591790,-0.01164685,-0.03406674,-0.03908389
2013-10-09,XLK,7.47050801,2.27511335,False,0.00380626,0.00072538,-0.03039014,-0.03838686
2013-10-10,XLK,7.59560494,2.32415928,False,0.01674544,0.02155757,-0.01415360,-0.01765681
2013-10-11,XLK,7.65933604,2.33913560,False,0.00839052,0.00644376,-0.00588184,-0.01132683
2013-10-14,XLK,7.68529869,2.34847672,False,0.00338967,0.00399340,-0.00251210,-0.00737866
2013-10-15,XLK,7.63809234,2.33144101,False,-0.00614242,-0.00725394,-0.00863909,-0.01457907
2013-10-16,XLK,7.71126081,2.36400223,False,0.00957942,0.01396614,0.00000000,-0.00081655
2013-10-17,XLK,7.71362134,2.37980064,False,0.00030611,0.00668291,0.00000000,0.00000000
2013-10-18,XLK,7.84580302,2.39587534,False,0.01713614,0.00675464,0.00000000,0.00000000
2013-10-21,XLK,7.88828936,2.39601270,False,0.00541517,0.00005733,0.00000000,0.00000000
2013-10-22,XLK,7.88592778,2.40988909,False,-0.00029938,0.00579145,-0.00029938,0.00000000
2013-10-23,XLK,7.84816091,2.39834785,False,-0.00478915,-0.00478912,-0.00508709,-0.00478912
2013-10-24,XLK,7.86704513,2.40631691,False,0.00240620,0.00332273,-0.00269313,-0.00148230
2013-10-25,XLK,7.90717095,2.41730792,False,0.00510049,0.00456757,0.00000000,0.00000000
2013-10-28,XLK,7.93313729,2.42115483,False,0.00328390,0.00159140,0.00000000,0.00000000
2013-10-29,XLK,7.98506417,2.43406865,False,0.00654557,0.00533374,0.00000000,0.00000000
2013-10-30,XLK,7.96853836,2.42197848,False,-0.00206959,-0.00496706,-0.00206959,-0.00496706
2013-10-31,XLK,7.94257571,2.41511040,False,-0.00325814,-0.00283573,-0.00532099,-0.00778871
2013-11-01,XLK,7.94493835,2.42087959,False,0.00029747,0.00238879,-0.00502511,-0.00541853
2013-11-04,XLK,7.97562206,2.42939705,False,0.00386204,0.00351833,-0.00118247,-0.00191925
2013-11-05,XLK,7.95437941,2.42170402,False,-0.00266345,-0.00316664,-0.00384277,-0.00507982
2013-11-06,XLK,8.03463315,2.43406865,False,0.01008925,0.00510576,0.00000000,-0.00000000
2013-11-07,XLK,7.93077465,2.40329443,False,-0.01292635,-0.01264312,-0.01292635,-0.01264312
2013-11-08,XLK,8.00158629,2.43571751,False,0.00892872,0.01349110,-0.00411305,0.00000000
2013-11-11,XLK,8.01102629,2.43612933,False,0.00117977,0.00016908,-0.00293814,0.00000000
2013-11-12,XLK,8.03226894,2.43118379,False,0.00265168,-0.00203008,-0.00029425,-0.00203008
2013-11-13,XLK,8.10072057,2.45069305,False,0.00852208,0.00802459,0.00000000,0.00000000
2013-11-14,XLK,8.07947739,2.46292084,False,-0.00262238,0.00498952,-0.00262238,0.00000000
2013-11-15,XLK,8.09599898,2.47363557,False,0.00204488,0.00435042,-0.00058286,0.00000000
2013-11-18,XLK,8.06531370,2.46498023,False,-0.00379018,-0.00349904,-0.00437083,-0.00349904
2013-11-19,XLK,8.03699105,2.45962260,False,-0.00351166,-0.00217350,-0.00786714,-0.00566493
2013-11-20,XLK,8.01102629,2.45192879,False,-0.00323066,-0.00312805,-0.01107238,-0.00877526
2013-11-21,XLK,8.07947739,2.47171303,False,0.00854461,0.00806885,-0.00262238,-0.00077721
2013-11-22,XLK,8.06295475,2.48407714,False,-0.00204501,0.00500224,-0.00466203,0.00000000
2013-11-25,XLK,8.06295475,2.48160411,False,0.00000000,-0.00099555,-0.00466203,-0.00099555
2013-11-26,XLK,8.09127898,2.48229066,False,0.00351288,0.00027665,-0.00116552,-0.00071917
2013-11-27,XLK,8.15500955,2.48833588,False,0.00787645,0.00243534,0.00000000,0.00000000
2013-11-29,XLK,8.18805063,2.48668858,False,0.00405163,-0.00066201,0.00000000,-0.00066201
2013-12-02,XLK,8.16209113,2.48023050,False,-0.00317041,-0.00259706,-0.00317041,-0.00325735
2013-12-03,XLK,8.18097010,2.46951446,False,0.00231301,-0.00432058,-0.00086474,-0.00756385
2013-12-04,XLK,8.18805063,2.46923922,False,0.00086549,-0.00011146,0.00000000,-0.00767447
2013-12-05,XLK,8.16209113,2.45838557,False,-0.00317041,-0.00439555,-0.00317041,-0.01203628
2013-12-06,XLK,8.21873697,2.48586284,False,0.00694011,0.01117696,0.00000000,-0.00099385
2013-12-09,XLK,8.24470277,2.49218330,False,0.00315934,0.00254256,0.00000000,0.00000000
2013-12-10,XLK,8.22817908,2.48325375,False,-0.00200416,-0.00358302,-0.00200416,-0.00358302
2013-12-11,XLK,8.15264639,2.45536335,False,-0.00917976,-0.01123139,-0.01116552,-0.01477418
2013-12-12,XLK,8.09836004,2.44725797,False,-0.00665874,-0.00330109,-0.01774991,-0.01802650
2013-12-13,XLK,8.07239844,2.44698377,False,-0.00320578,-0.00011204,-0.02089879,-0.01813652
2013-12-16,XLK,8.15264639,2.46223299,False,0.00994103,0.00623185,-0.01116552,-0.01201770
2013-12-17,XLK,8.15028639,2.45440156,False,-0.00028948,-0.00318062,-0.01145176,-0.01516010
2013-12-18,XLK,8.21401749,2.49630571,False,0.00781949,0.01707306,-0.00372182,0.00000000
2013-12-19,XLK,8.22817908,2.49342034,False,0.00172408,-0.00115586,-0.00200416,-0.00115586
2013-12-20,XLK,8.29245925,2.50792448,False,0.00781220,0.00581697,0.00000000,0.00000000
2013-12-23,XLK,8.40157103,2.52132245,False,0.01315795,0.00534225,0.00000000,0.00000000
2013-12-24,XLK,8.42529317,2.52684787,False,0.00282354,0.00219148,0.00000000,0.00000000
2013-12-26,XLK,8.44663795,2.53969483,False,0.00253342,0.00508418,0.00000000,0.00000000
2013-12-27,XLK,8.43952320,2.53955617,False,-0.00084232,-0.00005460,-0.00084232,-0.00005460
2013-12-30,XLK,8.42291580,2.53914174,False,-0.00196781,-0.00016319,-0.00280847,-0.00021778
2013-12-31,XLK,8.47747590,2.55115855,False,0.00647758,0.00473262,0.00000000,0.00000000
2014-01-02,XLK,8.39445575,2.52670947,False,-0.00979303,-0.00958352,-0.00979303,-0.00958352
2014-01-03,XLK,8.35413305,2.52629557,False,-0.00480349,-0.00016381,-0.01454948,-0.00974576
2014-01-06,XLK,8.33989933,2.51897455,False,-0.00170379,-0.00289792,-0.01622848,-0.01261544
2014-01-07,XLK,8.41580368,2.53444569,False,0.00910135,0.00614184,-0.00727483,-0.00655109
2014-01-08,XLK,8.41580368,2.53499696,False,0.00000000,0.00021751,-0.00727483,-0.00633500
2014-01-09,XLK,8.36124621,2.53665441,False,-0.00648274,0.00065383,-0.01371041,-0.00568532
2014-01-10,XLK,8.37785046,2.54356229,False,0.00198586,0.00272323,-0.01175178,-0.00297757
2014-01-13,XLK,8.28771608,2.50971929,False,-0.01075865,-0.01330536,-0.02238400,-0.01624331
2014-01-14,XLK,8.42766318,2.53706883,False,0.01688609,0.01089745,-0.00587589,-0.00552287
2014-01-15,XLK,8.52965757,2.55074490,False,0.01210233,0.00539050,0.00000000,-0.00016214
2014-01-16,XLK,8.52728388,2.54742923,False,-0.00027829,-0.00129988,-0.00027829,-0.00146181
2014-01-17,XLK,8.47984748,2.53665441,False,-0.00556290,-0.00422969,-0.00583963,-0.00568532
2014-01-21,XLK,8.52254177,2.54411382,False,0.00503479,0.00294065,-0.00083424,-0.00276138
2014-01-22,XLK,8.51305438,2.54577231,False,-0.00111321,0.00065189,-0.00194652,-0.00211129
2014-01-23,XLK,8.49645067,2.52491388,False,-0.00195038,-0.00819336,-0.00389311,-0.01028735
2014-01-24,XLK,8.33278458,2.47104261,False,-0.01926288,-0.02133588,-0.02308100,-0.03140375
2014-01-27,XLK,8.25450813,2.45888715,False,-0.00939379,-0.00491917,-0.03225797,-0.03616843
2014-01-28,XLK,8.20469751,2.47352891,False,-0.00603435,0.00595463,-0.03809767,-0.03042917
2014-01-29,XLK,8.14065318,2.44976976,False,-0.00780581,-0.00960536,-0.04560610,-0.03974225
2014-01-30,XLK,8.24028073,2.47573971,False,0.01223828,0.01060097,-0.03392596,-0.02956259
2014-01-31,XLK,8.25924919,2.46123400,False,0.00230192,-0.00585914,-0.03170214,-0.03524851
2014-02-03,XLK,8.08609624,2.40584499,False,-0.02096473,-0.02250457,-0.05200224,-0.05695983
2014-02-04,XLK,8.11693524,2.42269599,False,0.00381383,0.00700419,-0.04838674,-0.05035460
2014-02-05,XLK,8.12404947,2.41965686,False,0.00087647,-0.00125444,-0.04755268,-0.05154587
2014-02-06,XLK,8.21418332,2.45156561,False,0.01109469,0.01318730,-0.03698557,-0.03903832
2014-02-07,XLK,8.32566720,2.48195376,False,0.01357212,0.01239540,-0.02391542,-0.02712681
2014-02-10,XLK,8.34227302,2.48651219,False,0.00199453,0.00183663,-0.02196859,-0.02534000
2014-02-11,XLK,8.44426636,2.51372567,False,0.01222608,0.01094444,-0.01001109,-0.01467289
2014-02-12,XLK,8.47747590,2.51496869,False,0.00393279,0.00049449,-0.00611767,-0.01418566
2014-02-13,XLK,8.53914391,2.52795249,False,0.00727434,0.00516261,0.00000000,-0.00909628
2014-02-14,XLK,8.55575183,2.54190459,False,0.00194492,0.00551913,0.00000000,-0.00362736
2014-02-18,XLK,8.56049500,2.54494267,False,0.00055438,0.00119520,0.00000000,-0.00243649
2014-02-19,XLK,8.53203021,2.52809115,False,-0.00332513,-0.00662157,-0.00332513,-0.00904193
2014-02-20,XLK,8.56049500,2.54300868,False,0.00333623,0.00590071,0.00000000,-0.00319457
2014-02-21,XLK,8.52728388,2.54010926,False,-0.00387958,-0.00114015,-0.00387958,-0.00433109
2014-02-24,XLK,8.56049500,2.55419768,False,0.00389469,0.00554638,0.00000000,0.00000000
2014-02-25,XLK,8.53677548,2.55323094,False,-0.00277081,-0.00037849,-0.00277081,-0.00037849
2014-02-26,XLK,8.54389181,2.55336986,False,0.00083361,0.00005441,-0.00193951,-0.00032410
2014-02-27,XLK,8.61267877,2.56676757,False,0.00805101,0.00524707,0.00000000,0.00000000
2014-02-28,XLK,8.62216458,2.57325921,False,0.00110138,0.00252911,0.00000000,0.00000000
2014-03-03,XLK,8.52965757,2.55516493,False,-0.01072898,-0.00703166,-0.01072898,-0.00703166
2014-03-04,XLK,8.64114040,2.59107955,False,0.01307002,0.01405569,0.00000000,0.00000000
2014-03-05,XLK,8.65300200,2.59342718,False,0.00137269,0.00090605,0.00000000,0.00000000
2014-03-06,XLK,8.66486150,2.59936599,False,0.00137056,0.00228995,0.00000000,0.00000000
2014-03-07,XLK,8.63876777,2.60047139,False,-0.00301144,0.00042526,-0.00301144,0.00000000
2014-03-10,XLK,8.62453722,2.59908971,False,-0.00164729,-0.00053132,-0.00465377,-0.00053132
2014-03-11,XLK,8.60556402,2.58624457,False,-0.00219991,-0.00494217,-0.00684344,-0.00547086
2014-03-12,XLK,8.61978931,2.58693554,False,0.00165303,0.00026717,-0.00520172,-0.00520515
2014-03-13,XLK,8.50356647,2.55792699,False,-0.01348326,-0.01121348,-0.01861484,-0.01636026
2014-03-14,XLK,8.45138532,2.55074490,False,-0.00613638,-0.00280778,-0.02463700,-0.01912211
2014-03-17,XLK,8.55100761,2.57381308,False,0.01178769,0.00904370,-0.01313972,-0.01025134
2014-03-18,XLK,8.66248834,2.59218442,False,0.01303715,0.00713779,-0.00027388,-0.00318672
2014-03-19,XLK,8.62690933,2.57837047,False,-0.00410725,-0.00532908,-0.00438001,-0.00849881
2014-03-20,XLK,8.69332892,2.59342718,False,0.00769912,0.00583962,0.00000000,-0.00270882
2014-03-21,XLK,8.64973390,2.58336856,False,-0.00501477,-0.00387851,-0.00501477,-0.00657682
2014-03-24,XLK,8.64258599,2.57268531,False,-0.00082637,-0.00413540,-0.00583700,-0.01068502
2014-03-25,XLK,8.69499245,2.58489463,False,0.00606375,0.00474575,0.00000000,-0.00598998
2014-03-26,XLK,8.59017690,2.56630371,False,-0.01205470,-0.00719214,-0.01205470,-0.01313903
2014-03-27,XLK,8.55920997,2.56089250,False,-0.00360492,-0.00210856,-0.01561617,-0.01521989
2014-03-28,XLK,8.59255954,2.57351780,False,0.00389634,0.00493004,-0.01178068,-0.01036488
2014-03-31,XLK,8.65926130,2.59460594,False,0.00776273,0.00819429,-0.00410939,-0.00225553
2014-04-01,XLK,8.76169422,2.61181049,False,0.01182929,0.00663089,0.00000000,0.00000000
2014-04-02,XLK,8.76646054,2.62055039,False,0.00054400,0.00334630,0.00000000,0.00000000
2014-04-03,XLK,8.72357516,2.61708331,False,-0.00489198,-0.00132304,-0.00489198,-0.00132304
2014-04-04,XLK,8.55682628,2.58614441,False,-0.01911474,-0.01182190,-0.02391322,-0.01312929
2014-04-07,XLK,8.49012715,2.55756278,False,-0.00779484,-0.01105183,-0.03152166,-0.02403602
2014-04-08,XLK,8.56635315,2.56810763,False,0.00897819,0.00412301,-0.02282647,-0.02001212
2014-04-09,XLK,8.68070347,2.59571680,False,0.01334877,0.01075079,-0.00978241,-0.00947648
2014-04-10,XLK,8.48059607,2.54119072,False,-0.02305198,-0.02100617,-0.03260888,-0.03028359
2014-04-11,XLK,8.38530949,2.51829815,False,-0.01123583,-0.00900860,-0.04347833,-0.03901938
2014-04-14,XLK,8.46868446,2.53813885,False,0.00994298,0.00787861,-0.03396765,-0.03144818
2014-04-15,XLK,8.51156405,2.55561968,False,0.00506331,0.00688726,-0.02907633,-0.02477751
2014-04-16,XLK,8.59494112,2.58239714,False,0.00979574,0.01047787,-0.01956541,-0.01455925
2014-04-17,XLK,8.58303109,2.58600393,False,-0.00138570,0.00139668,-0.02092400,-0.01318290
2014-04-21,XLK,8.61637750,2.59502297,False,0.00388516,0.00348764,-0.01712014,-0.00974124
2014-04-22,XLK,8.65211444,2.60681578,False,0.00414756,0.00454440,-0.01304359,-0.00524112
2014-04-23,XLK,8.55920997,2.60071047,False,-0.01073778,-0.00234206,-0.02364131,-0.00757090
2014-04-24,XLK,8.62590911,2.60598355,False,0.00779267,0.00202755,-0.01603286,-0.00555870
2014-04-25,XLK,8.51632880,2.58461652,False,-0.01270362,-0.00819922,-0.02853281,-0.01371234
2014-04-28,XLK,8.59732376,2.59280333,False,0.00951055,0.00316751,-0.01929362,-0.01058826
2014-04-29,XLK,8.65687550,2.60487295,False,0.00692678,0.00465505,-0.01250049,-0.00598250
2014-04-30,XLK,8.68308031,2.61264299,False,0.00302705,0.00298289,-0.00951128,-0.00301746
2014-05-01,XLK,8.69261034,2.61292031,False,0.00109754,0.00010615,-0.00842418,-0.00291163
2014-05-02,XLK,8.66879133,2.60917487,False,-0.00274015,-0.00143343,-0.01114124,-0.00434089
2014-05-05,XLK,8.71404988,2.61416880,False,0.00522086,0.00191399,-0.00597854,-0.00243521
2014-05-06,XLK,8.61637750,2.59141463,False,-0.01120861,-0.00870417,-0.01712014,-0.01111818
2014-05-07,XLK,8.62114383,2.60667686,False,0.00055317,0.00588954,-0.01657644,-0.00529413
2014-05-08,XLK,8.64496495,2.60390179,False,0.00276310,-0.00106460,-0.01385914,-0.00635309
2014-05-09,XLK,8.65449602,2.60778668,False,0.00110250,0.00149195,-0.01277192,-0.00487062
2014-05-12,XLK,8.77122214,2.63317700,False,0.01348734,0.00973635,0.00000000,0.00000000
2014-05-13,XLK,8.77599005,2.63553504,False,0.00054359,0.00089551,0.00000000,0.00000000
2014-05-14,XLK,8.73549046,2.62304787,False,-0.00461482,-0.00473800,-0.00461482,-0.00473800
2014-05-15,XLK,8.68308031,2.60001768,False,-0.00599968,-0.00877994,-0.01058681,-0.01347634
2014-05-16,XLK,8.73787099,2.60903568,False,0.00631005,0.00346844,-0.00434356,-0.01005464
2014-05-19,XLK,8.79504273,2.61860938,False,0.00654298,0.00366944,0.00000000,-0.00642210
2014-05-20,XLK,8.74502154,2.60209944,False,-0.00568743,-0.00630485,-0.00568743,-0.01268646
2014-05-21,XLK,8.80457328,2.62401955,False,0.00680979,0.00842401,0.00000000,-0.00436932
2014-05-22,XLK,8.82124964,2.63040193,False,0.00189406,0.00243229,0.00000000,-0.00194765
2014-05-23,XLK,8.89509616,2.64094600,False,0.00837144,0.00400854,0.00000000,0.00000000
2014-05-27,XLK,8.97132585,2.65717913,False,0.00856986,0.00614671,0.00000000,0.00000000
2014-05-28,XLK,8.94750683,2.65523707,False,-0.00265502,-0.00073087,-0.00265502,-0.00073087
2014-05-29,XLK,8.99991435,2.66897194,False,0.00585722,0.00517275,0.00000000,0.00000000
2014-05-30,XLK,9.00944175,2.67327282,False,0.00105861,0.00161144,0.00000000,0.00000000
2014-06-02,XLK,8.99514907,2.67632469,False,-0.00158641,0.00114162,-0.00158641,0.00000000
2014-06-03,XLK,8.98085430,2.67493781,False,-0.00158916,-0.00051820,-0.00317305,-0.00051820
2014-06-04,XLK,8.99752960,2.68034825,False,0.00185676,0.00202264,-0.00132218,0.00000000
2014-06-05,XLK,9.05708609,2.69782986,False,0.00661920,0.00652214,0.00000000,0.00000000
2014-06-06,XLK,9.09758462,2.71073379,False,0.00447147,0.00478308,0.00000000,0.00000000
2014-06-09,XLK,9.12617207,2.71350912,False,0.00314231,0.00102383,0.00000000,0.00000000
2014-06-10,XLK,9.13093840,2.71378515,False,0.00052227,0.00010172,0.00000000,0.00000000
2014-06-11,XLK,9.10949360,2.70435064,False,-0.00234859,-0.00347651,-0.00234859,-0.00347651
2014-06-12,XLK,9.03088338,2.68520533,False,-0.00862948,-0.00707945,-0.01095780,-0.01053135
2014-06-13,XLK,9.08329300,2.69339084,False,0.00580338,0.00304837,-0.00521802,-0.00751508
2014-06-16,XLK,9.08329300,2.69560970,False,0.00000000,0.00082382,-0.00521802,-0.00669745
2014-06-17,XLK,9.10472727,2.70310215,False,0.00235975,0.00277950,-0.00287058,-0.00393657
2014-06-18,XLK,9.15237477,2.72294233,False,0.00523327,0.00733978,0.00000000,0.00000000
2014-06-19,XLK,9.13570052,2.72599473,False,-0.00182185,0.00112099,-0.00182185,0.00000000
2014-06-20,XLK,9.11559496,2.73152926,False,-0.00220077,0.00203028,-0.00401861,0.00000000
2014-06-23,XLK,9.14191980,2.73069260,False,0.00288789,-0.00030630,-0.00114232,-0.00030630
2014-06-24,XLK,9.09405962,2.71424250,False,-0.00523524,-0.00602415,-0.00637159,-0.00632860
2014-06-25,XLK,9.12995397,2.72651165,False,0.00394701,0.00452029,-0.00244973,-0.00183692
2014-06-26,XLK,9.12038446,2.72455841,False,-0.00104814,-0.00071639,-0.00349530,-0.00255199
2014-06-27,XLK,9.17542413,2.72985620,False,0.00603480,0.00194446,0.00000000,-0.00061250
2014-06-30,XLK,9.17781941,2.72846203,False,0.00026105,-0.00051071,0.00000000,-0.00112290
2014-07-01,XLK,9.27114871,2.74672385,False,0.01016901,0.00669308,0.00000000,0.00000000
2014-07-02,XLK,9.28072348,2.74951297,False,0.00103275,0.00101543,0.00000000,0.00000000
2014-07-03,XLK,9.32140943,2.76303555,False,0.00438392,0.00491817,0.00000000,0.00000000
2014-07-07,XLK,9.33098525,2.75341633,False,0.00102729,-0.00348140,0.00000000,-0.00348140
2014-07-08,XLK,9.24722020,2.73571150,False,-0.00897709,-0.00643013,-0.00897709,-0.00988914
2014-07-09,XLK,9.29269564,2.74797884,False,0.00491774,0.00448415,-0.00410349,-0.00544934
2014-07-10,XLK,9.26636553,2.73710567,False,-0.00283342,-0.00395679,-0.00692528,-0.00938456
2014-07-11,XLK,9.31422676,2.74086881,False,0.00516505,0.00137486,-0.00179600,-0.00802260
2014-07-14,XLK,9.38123965,2.75467106,False,0.00719468,0.00503572,0.00000000,-0.00302728
2014-07-15,XLK,9.36448538,2.74951297,False,-0.00178593,-0.00187249,-0.00178593,-0.00489410
2014-07-16,XLK,9.45063728,2.75968918,False,0.00919985,0.00370110,0.00000000,-0.00121112
2014-07-17,XLK,9.32858366,2.72832207,False,-0.01291486,-0.01136618,-0.01291486,-0.01256353
2014-07-18,XLK,9.44106777,2.75620363,False,0.01205801,0.01021931,-0.00101258,-0.00247261
2014-07-21,XLK,9.42909983,2.75104606,False,-0.00126765,-0.00187126,-0.00227894,-0.00433925
2014-07-22,XLK,9.50807645,2.76303555,False,0.00837584,0.00435816,0.00000000,0.00000000
2014-07-23,XLK,9.52482967,2.76917000,False,0.00176200,0.00222018,0.00000000,0.00000000
2014-07-24,XLK,9.51764701,2.76930866,False,-0.00075410,0.00005007,-0.00075410,0.00000000
2014-07-25,XLK,9.50568222,2.75634359,False,-0.00125712,-0.00468170,-0.00201027,-0.00468170
2014-07-28,XLK,9.52243229,2.75745835,False,0.00176211,0.00040444,-0.00025170,-0.00427916
2014-07-29,XLK,9.50329011,2.74560883,False,-0.00201022,-0.00429726,-0.00226141,-0.00855803
2014-07-30,XLK,9.51286383,2.74602846,False,0.00100741,0.00015284,-0.00125628,-0.00840650
2014-07-31,XLK,9.33337526,2.69179843,False,-0.01886799,-0.01974853,-0.02010056,-0.02798902
2014-08-01,XLK,9.28311454,2.68357312,False,-0.00538505,-0.00305569,-0.02537737,-0.03095918
2014-08-04,XLK,9.35012743,2.70295074,False,0.00721879,0.00722083,-0.01834177,-0.02396191
2014-08-05,XLK,9.26157920,2.67674146,False,-0.00947027,-0.00969655,-0.02763834,-0.03342610
2014-08-06,XLK,9.23286225,2.67757890,False,-0.00310065,0.00031286,-0.03065330,-0.03312370
2014-08-07,XLK,9.19457263,2.66308074,False,-0.00414710,-0.00541465,-0.03467328,-0.03835900
2014-08-08,XLK,9.25439970,2.69388956,False,0.00650678,0.01156886,-0.02839211,-0.02723391
2014-08-11,XLK,9.29986987,2.70169576,False,0.00491336,0.00289774,-0.02361825,-0.02441508
2014-08-12,XLK,9.29508143,2.69793288,False,-0.00051489,-0.00139278,-0.02412098,-0.02577386
2014-08-13,XLK,9.38602388,2.71619418,False,0.00978393,0.00676863,-0.01457305,-0.01917969
2014-08-14,XLK,9.40277710,2.72902033,False,0.00178491,0.00472210,-0.01281415,-0.01454816
2014-08-15,XLK,9.40277710,2.72846203,False,0.00000000,-0.00020458,-0.01281415,-0.01474976
2014-08-18,XLK,9.49132006,2.75132495,False,0.00941668,0.00837941,-0.00351813,-0.00649394
2014-08-19,XLK,9.55115134,2.76568497,False,0.00630379,0.00521931,0.00000000,-0.00130852
2014-08-20,XLK,9.55115134,2.77307206,False,0.00000000,0.00267098,0.00000000,0.00000000
2014-08-21,XLK,9.59662257,2.78115767,False,0.00476081,0.00291576,0.00000000,0.00000000
2014-08-22,XLK,9.59901784,2.77683598,False,0.00024959,-0.00155392,0.00000000,-0.00155392
2014-08-25,XLK,9.60858946,2.79091659,False,0.00099715,0.00507074,0.00000000,0.00000000
2014-08-26,XLK,9.61337684,2.79272805,False,0.00049824,0.00064905,0.00000000,0.00000000
2014-08-27,XLK,9.61098262,2.79161354,False,-0.00024905,-0.00039907,-0.00024905,-0.00039907
2014-08-28,XLK,9.59662257,2.79007993,False,-0.00149413,-0.00054936,-0.00174281,-0.00094822
2014-08-29,XLK,9.63969958,2.79802662,False,0.00448877,0.00284819,0.00000000,0.00000000
2014-09-02,XLK,9.64209064,2.79663193,False,0.00024804,-0.00049845,0.00000000,-0.00049845
2014-09-03,XLK,9.58944623,2.79509858,False,-0.00545985,-0.00054829,-0.00545985,-0.00104647
2014-09-04,XLK,9.58465674,2.79105655,False,-0.00049945,-0.00144611,-0.00595658,-0.00249106
2014-09-05,XLK,9.64209064,2.80360199,False,0.00599228,0.00449487,0.00000000,0.00000000
2014-09-08,XLK,9.65644964,2.79635330,False,0.00148920,-0.00258549,0.00000000,-0.00258549
2014-09-09,XLK,9.58704885,2.77864795,False,-0.00718699,-0.00633158,-0.00718699,-0.00890071
2014-09-10,XLK,9.64448591,2.78910357,False,0.00599111,0.00376284,-0.00123894,-0.00517135
2014-09-11,XLK,9.66602652,2.79231050,False,0.00223346,0.00114981,0.00000000,-0.00402750
2014-09-12,XLK,9.62534373,2.77599984,False,-0.00420884,-0.00584128,-0.00420884,-0.00984525
2014-09-15,XLK,9.56790352,2.77390898,False,-0.00596760,-0.00075319,-0.01015133,-0.01059102
2014-09-16,XLK,9.63969958,2.79481917,False,0.00750384,0.00753817,-0.00272366,-0.00313269
2014-09-17,XLK,9.65884807,2.79858335,False,0.00198642,0.00134684,-0.00074265,-0.00179007
2014-09-18,XLK,9.71628197,2.81349984,False,0.00594625,0.00533001,0.00000000,0.00000000
2014-09-19,XLK,9.69560998,2.81096567,False,-0.00212756,-0.00090072,-0.00212756,-0.00090072
2014-09-22,XLK,9.63071862,2.78925550,False,-0.00669286,-0.00772338,-0.00880618,-0.00861714
2014-09-23,XLK,9.60908536,2.77329033,False,-0.00224628,-0.00572381,-0.01103268,-0.01429163
2014-09-24,XLK,9.67157828,2.79499816,False,0.00650353,0.00782746,-0.00460090,-0.00657604
2014-09-25,XLK,9.46007308,2.74989982,False,-0.02186874,-0.01613537,-0.02636903,-0.02260530
2014-09-26,XLK,9.56341830,2.77174813,False,0.01092436,0.00794513,-0.01573273,-0.01483978
2014-09-29,XLK,9.56101566,2.76670633,False,-0.00025123,-0.00181900,-0.01598001,-0.01663178
2014-09-30,XLK,9.58986106,2.75942356,False,0.00301698,-0.00263229,-0.01301124,-0.01922029
2014-10-01,XLK,9.44084246,2.72202737,False,-0.01553918,-0.01355218,-0.02834824,-0.03251199
2014-10-02,XLK,9.43603822,2.72244856,False,-0.00050888,0.00015473,-0.02884269,-0.03236228
2014-10-03,XLK,9.51294806,2.75242046,False,0.00815065,0.01100917,-0.02092713,-0.02170939
2014-10-06,XLK,9.51535071,2.74919922,False,0.00025257,-0.00117033,-0.02067985,-0.02285432
2014-10-07,XLK,9.36633211,2.70676227,False,-0.01566086,-0.01543611,-0.03601685,-0.03793765
2014-10-08,XLK,9.54419400,2.75410158,False,0.01898949,0.01748927,-0.01771130,-0.02111188
2014-10-09,XLK,9.38556272,2.69947924,False,-0.01662071,-0.01983309,-0.03403763,-0.04052625
2014-10-10,XLK,9.14521843,2.66866600,False,-0.02560787,-0.01141451,-0.05877387,-0.05147818
2014-10-13,XLK,9.04427059,2.62482837,False,-0.01103832,-0.01642679,-0.06916343,-0.06705935
2014-10-14,XLK,9.05869171,2.62888991,False,0.00159450,0.00154735,-0.06767921,-0.06561576
2014-10-15,XLK,8.99620194,2.61110235,False,-0.00689832,-0.00676619,-0.07411066,-0.07193798
2014-10-16,XLK,8.94331958,2.60886164,False,-0.00587830,-0.00085815,-0.07955331,-0.07273439
2014-10-17,XLK,9.04907587,2.63967436,False,0.01182517,0.01181079,-0.06866887,-0.06178265
2014-10-20,XLK,9.11397460,2.66530428,False,0.00717186,0.00970950,-0.06198949,-0.05267303
2014-10-21,XLK,9.29182807,2.71810606,False,0.01951437,0.01981079,-0.04368481,-0.03390574
2014-10-22,XLK,9.24856787,2.69877838,False,-0.00465573,-0.00711071,-0.04813715,-0.04077535
2014-10-23,XLK,9.35191520,2.73015174,False,0.01117441,0.01162502,-0.03750064,-0.02962435
2014-10-24,XLK,9.43363032,2.75116053,False,0.00873780,0.00769510,-0.02909052,-0.02215721
2014-10-27,XLK,9.44324721,2.74737840,False,0.00101943,-0.00137474,-0.02810075,-0.02350149
2014-10-28,XLK,9.57303308,2.77889224,False,0.01374378,0.01147051,-0.01474318,-0.01230055
2014-10-29,XLK,9.56341830,2.77469048,False,-0.00100436,-0.00151203,-0.01573273,-0.01379398
2014-10-30,XLK,9.59466529,2.79247700,False,0.00326735,0.00641027,-0.01251679,-0.00747213
2014-10-31,XLK,9.74367862,2.82441072,False,0.01553085,0.01143563,0.00000000,0.00000000
2014-11-03,XLK,9.78454356,2.82595136,False,0.00419399,0.00054547,0.00000000,0.00000000
2014-11-04,XLK,9.78213775,2.81614821,False,-0.00024588,-0.00346897,-0.00024588,-0.00346897
2014-11-05,XLK,9.80857419,2.83393395,False,0.00270252,0.00631562,0.00000000,0.00000000
2014-11-06,XLK,9.80376575,2.84527825,False,-0.00049023,0.00400302,-0.00049023,0.00000000
2014-11-07,XLK,9.81578739,2.84794041,False,0.00122623,0.00093564,0.00000000,0.00000000
2014-11-10,XLK,9.84222593,2.85690404,False,0.00269347,0.00314741,0.00000000,0.00000000
2014-11-11,XLK,9.84702911,2.85970617,False,0.00048802,0.00098083,0.00000000,0.00000000
2014-11-12,XLK,9.87827610,2.85662464,False,0.00317324,-0.00107757,0.00000000,-0.00107757
2014-11-13,XLK,9.93115214,2.85984587,False,0.00535276,0.00112764,0.00000000,0.00000000
2014-11-14,XLK,10.00085300,2.86054595,False,0.00701841,0.00024480,0.00000000,0.00000000
2014-11-17,XLK,9.98162659,2.86236625,False,-0.00192248,0.00063635,-0.00192248,0.00000000
2014-11-18,XLK,10.01527201,2.87889336,False,0.00337074,0.00577393,0.00000000,0.00000000
2014-11-19,XLK,9.95037960,2.87427093,False,-0.00647935,-0.00160563,-0.00647935,-0.00160563
2014-11-20,XLK,10.00085300,2.87931325,False,0.00507251,0.00175429,-0.00143970,0.00000000
2014-11-21,XLK,10.01527201,2.89472039,False,0.00144178,0.00535098,0.00000000,0.00000000
2014-11-24,XLK,10.06814910,2.90284294,False,0.00527965,0.00280599,0.00000000,0.00000000
2014-11-25,XLK,10.07295966,2.90074245,False,0.00047780,-0.00072360,0.00000000,-0.00072360
2014-11-26,XLK,10.16428640,2.90816622,False,0.00906653,0.00255927,0.00000000,0.00000000
2014-11-28,XLK,10.21235926,2.90200290,False,0.00472959,-0.00211932,0.00000000,-0.00211932
2014-12-01,XLK,10.09698924,2.88183415,False,-0.01129710,-0.00694994,-0.01129710,-0.00905453
2014-12-02,XLK,10.09939609,2.90046252,False,0.00023837,0.00646407,-0.01106142,-0.00264899
2014-12-03,XLK,10.13544416,2.91166791,False,0.00356933,0.00386331,-0.00753157,0.00000000
2014-12-04,XLK,10.13544416,2.90844589,False,0.00000000,-0.00110659,-0.00753157,-0.00110659
2014-12-05,XLK,10.12342989,2.91320854,False,-0.00118537,0.00163752,-0.00870801,0.00000000
2014-12-08,XLK,10.02008256,2.89373987,False,-0.01020873,-0.00668290,-0.01882784,-0.00668290
2014-12-09,XLK,10.01767570,2.89177804,False,-0.00024020,-0.00067796,-0.01906352,-0.00735632
2014-12-10,XLK,9.86626078,2.84541978,False,-0.01511478,-0.01603106,-0.03389016,-0.02326945
2014-12-11,XLK,9.90951994,2.85984587,False,0.00438455,0.00506994,-0.02965420,-0.01831749
2014-12-12,XLK,9.76290924,2.81362575,False,-0.01479493,-0.01616175,-0.04401040,-0.03418320
2014-12-15,XLK,9.70282106,2.79429756,False,-0.00615474,-0.00686950,-0.04989427,-0.04081788
2014-12-16,XLK,9.57303308,2.77188887,False,-0.01337631,-0.00801943,-0.06260318,-0.04850997
2014-12-17,XLK,9.75329656,2.82623129,False,0.01883034,0.01960483,-0.04495168,-0.02985617
2014-12-18,XLK,10.03209893,2.89612054,False,0.02858545,0.02472878,-0.01765119,-0.00586570
2014-12-19,XLK,10.04321089,2.90844407,False,0.00110764,0.00425518,-0.01656310,-0.00163547
2014-12-22,XLK,10.16401055,2.92182279,False,0.01202799,0.00459996,-0.00473433,0.00000000
2014-12-23,XLK,10.19058491,2.92576595,False,0.00261456,0.00134956,-0.00213216,0.00000000
2014-12-24,XLK,10.18092065,2.92604666,False,-0.00094835,0.00009594,-0.00307849,0.00000000
2014-12-26,XLK,10.22441038,2.93548247,False,0.00427169,0.00322476,0.00000000,0.00000000
2014-12-29,XLK,10.17367481,2.93942615,False,-0.00496220,0.00134345,-0.00496220,0.00000000
2014-12-30,XLK,10.10119544,2.92365401,False,-0.00712421,-0.00536572,-0.01205106,-0.00536572
2014-12-31,XLK,9.99006006,2.89464156,False,-0.01100220,-0.00992335,-0.02292067,-0.01523583
2015-01-02,XLK,9.97073047,2.89309312,False,-0.00193488,-0.00053493,-0.02481120,-0.01576261
2015-01-05,XLK,9.81852484,2.84084444,False,-0.01526524,-0.01805980,-0.03969770,-0.03353774
2015-01-06,XLK,9.70014467,2.81408701,False,-0.01205682,-0.00941883,-0.05127589,-0.04264069
2015-01-07,XLK,9.78228621,2.84915352,False,0.00846807,0.01246106,-0.04324202,-0.03071097
2015-01-08,XLK,9.99730694,2.89971146,False,0.02198062,0.01774490,-0.02221189,-0.01351104
2015-01-09,XLK,9.96589886,2.87647470,False,-0.00314165,-0.00801347,-0.02528376,-0.02141624
2015-01-12,XLK,9.84993503,2.85394192,False,-0.01163606,-0.00783347,-0.03662562,-0.02908194
2015-01-13,XLK,9.84268814,2.84591407,False,-0.00073573,-0.00281290,-0.03733440,-0.03181304
2015-01-14,XLK,9.78711676,2.82873215,False,-0.00564595,-0.00603740,-0.04276957,-0.03765837
2015-01-15,XLK,9.66148550,2.80281971,False,-0.01283639,-0.00916045,-0.05505695,-0.04647385
2015-01-16,XLK,9.75571184,2.83957696,False,0.00975278,0.01311438,-0.04584113,-0.03396894
2015-01-20,XLK,9.83785338,2.84563180,False,0.00841984,0.00213230,-0.03780727,-0.03190907
2015-01-21,XLK,9.85476663,2.85999702,False,0.00171920,0.00504817,-0.03615306,-0.02702198
2015-01-22,XLK,10.01663337,2.90252893,False,0.01642522,0.01487131,-0.02032166,-0.01255252
2015-01-23,XLK,10.01421704,2.88661423,False,-0.00024123,-0.00548305,-0.02055799,-0.01796675
2015-01-26,XLK,9.97314574,2.89337461,False,-0.00410130,0.00234198,-0.02457498,-0.01566685
2015-01-27,XLK,9.68564985,2.85520966,False,-0.02882700,-0.01319046,-0.05269355,-0.02865066
2015-01-28,XLK,9.66873660,2.81859262,False,-0.00174622,-0.01282464,-0.05434776,-0.04110786
2015-01-29,XLK,9.76054134,2.84464686,False,0.00949501,0.00924370,-0.04536878,-0.03224415
2015-01-30,XLK,9.63974590,2.80887533,False,-0.01237590,-0.01257503,-0.05718320,-0.04441371
2015-02-02,XLK,9.73879753,2.84366165,False,0.01027534,0.01238443,-0.04749544,-0.03257932
2015-02-03,XLK,9.84993503,2.88478274,False,0.01141183,0.01446061,-0.03662562,-0.01858982
2015-02-04,XLK,9.86925829,2.87379849,False,0.00196177,-0.00380765,-0.03473570,-0.02232669
2015-02-05,XLK,9.96106831,2.90280964,False,0.00930263,0.01009505,-0.02575621,-0.01245703
2015-02-06,XLK,9.92965602,2.89478257,False,-0.00315351,-0.00276528,-0.02882849,-0.01518786
2015-02-09,XLK,9.91516330,2.88182686,False,-0.00145954,-0.00447554,-0.03024596,-0.01959542
2015-02-10,XLK,10.06253732,2.91252720,False,0.01486350,0.01065308,-0.01583202,-0.00915109
2015-02-11,XLK,10.10119544,2.91421716,False,0.00384179,0.00058024,-0.01205106,-0.00857616
2015-02-12,XLK,10.23890414,2.94224155,False,0.01363291,0.00961644,0.00000000,0.00000000
2015-02-13,XLK,10.30413663,2.95435487,False,0.00637104,0.00411704,0.00000000,0.00000000
2015-02-17,XLK,10.30896613,2.95900071,False,0.00046870,0.00157254,0.00000000,0.00000000
2015-02-18,XLK,10.31863040,2.95928298,False,0.00093746,0.00009539,0.00000000,0.00000000
2015-02-19,XLK,10.35486903,2.95717026,False,0.00351196,-0.00071393,0.00000000,-0.00071393
2015-02-20,XLK,10.40802513,2.97491567,False,0.00513344,0.00600081,0.00000000,0.00000000
2015-02-23,XLK,10.41527097,2.97449370,False,0.00069618,-0.00014184,0.00000000,-0.00014184
2015-02-24,XLK,10.44667904,2.98294327,False,0.00301558,0.00284067,0.00000000,0.00000000
2015-02-25,XLK,10.38144761,2.98040754,False,-0.00624423,-0.00085008,-0.00624423,-0.00085008
2015-02-26,XLK,10.44667904,2.97688635,False,0.00628346,-0.00118145,0.00000000,-0.00203052
2015-02-27,XLK,10.41043936,2.96674656,False,-0.00346901,-0.00340617,-0.00346901,-0.00542977
2015-03-02,XLK,10.49258195,2.98547717,False,0.00789041,0.00631352,0.00000000,0.00000000
2015-03-03,XLK,10.42252101,2.97322623,False,-0.00667719,-0.00410351,-0.00667719,-0.00410351
2015-03-04,XLK,10.38144761,2.96069146,False,-0.00394083,-0.00421588,-0.01059171,-0.00830210
2015-03-05,XLK,10.36936701,2.96393064,False,-0.00116367,0.00109406,-0.01174305,-0.00721711
2015-03-06,XLK,10.24132363,2.92224502,False,-0.01234823,-0.01406431,-0.02394628,-0.02117992
2015-03-09,XLK,10.28964181,2.93435600,False,0.00471796,0.00414441,-0.01934130,-0.01712329
2015-03-10,XLK,10.07944637,2.88675523,False,-0.02042787,-0.01622188,-0.03937406,-0.03306739
2015-03-11,XLK,10.01421704,2.87999459,False,-0.00647152,-0.00234195,-0.04559077,-0.03533190
2015-03-12,XLK,10.07944637,2.91661111,False,0.00651367,0.01271409,-0.03937406,-0.02306702
2015-03-13,XLK,10.02388341,2.89872495,False,-0.00551250,-0.00613251,-0.04466951,-0.02905808
2015-03-16,XLK,10.14226990,2.93745392,False,0.01181044,0.01336069,-0.03338664,-0.01608562
2015-03-17,XLK,10.14468412,2.92872313,False,0.00023804,-0.00297223,-0.03315655,-0.01901004
2015-03-18,XLK,10.28239177,2.96393064,False,0.01357437,0.01202146,-0.02003226,-0.00721711
2015-03-19,XLK,10.25339897,2.95041092,False,-0.00281966,-0.00456142,-0.02279544,-0.01174561
2015-03-20,XLK,10.31962641,2.97645371,False,0.00645907,0.00882683,-0.01648360,-0.00302245
2015-03-23,XLK,10.31962641,2.97065330,False,0.00000000,-0.00194877,-0.01648360,-0.00496533
2015-03-24,XLK,10.28566618,2.95396203,False,-0.00329084,-0.00561872,-0.01972020,-0.01055615
2015-03-25,XLK,10.02124493,2.91067464,False,-0.02570774,-0.01465401,-0.04492098,-0.02505547
2015-03-26,XLK,10.02852656,2.90374386,False,0.00072662,-0.00238116,-0.04422700,-0.02737697
2015-03-27,XLK,10.03579871,2.91039211,False,0.00072515,0.00228955,-0.04353392,-0.02515011
2015-03-30,XLK,10.15709531,2.94589880,False,0.01208639,0.01219997,-0.03197370,-0.01325697
2015-03-31,XLK,10.05278040,2.92015207,False,-0.01027015,-0.00873986,-0.04191547,-0.02188096
2015-04-01,XLK,10.03822662,2.90982653,False,-0.00144774,-0.00353596,-0.04330253,-0.02533955
2015-04-02,XLK,10.03579871,2.92029412,False,-0.00024187,0.00359732,-0.04353392,-0.02183338
2015-04-06,XLK,10.13283410,2.93995687,False,0.00966893,0.00673314,-0.03428592,-0.01524725
2015-04-07,XLK,10.11100290,2.93217694,False,-0.00215450,-0.00264627,-0.03636655,-0.01785317
2015-04-08,XLK,10.14254048,2.94207895,False,0.00311914,0.00337702,-0.03336085,-0.01453644
2015-04-09,XLK,10.16922013,2.95509345,False,0.00263047,0.00442357,-0.03081814,-0.01017718
2015-04-10,XLK,10.20803724,2.97121966,False,0.00381712,0.00545709,-0.02711865,-0.00477562
2015-04-13,XLK,10.17892336,2.95778111,False,-0.00285205,-0.00452291,-0.02989337,-0.00927693
2015-04-14,XLK,10.14739525,2.96343869,False,-0.00309739,0.00191278,-0.03289817,-0.00738190
2015-04-15,XLK,10.23714480,2.97673624,False,0.00884459,0.00448720,-0.02434455,-0.00292782
2015-04-16,XLK,10.20076193,2.97588709,False,-0.00355401,-0.00028526,-0.02781203,-0.00321224
2015-04-17,XLK,10.06006203,2.94165438,False,-0.01379308,-0.01150336,-0.04122149,-0.01467866
2015-04-20,XLK,10.23229635,2.96853226,False,0.01712060,0.00913700,-0.02480663,-0.00567578
2015-04-21,XLK,10.22744579,2.96499650,False,-0.00047404,-0.00119108,-0.02526891,-0.00686010
2015-04-22,XLK,10.33175755,2.97956594,False,0.01019920,0.00491381,-0.01532744,-0.00198000
2015-04-23,XLK,10.37299414,2.98706256,False,0.00399125,0.00251601,-0.01139737,0.00000000
2015-04-24,XLK,10.46275212,2.99399516,False,0.00865304,0.00232088,-0.00284294,0.00000000
2015-04-27,XLK,10.49186599,2.98154624,False,0.00278262,-0.00415796,-0.00006823,-0.00415796
2015-04-28,XLK,10.52582517,2.99102419,False,0.00323671,0.00317887,0.00000000,-0.00099231
2015-04-29,XLK,10.47488219,2.97871705,False,-0.00483981,-0.00411469,-0.00483981,-0.00510292
2015-04-30,XLK,10.32932858,2.94886925,False,-0.01389549,-0.01002036,-0.01866805,-0.01507214
2015-05-01,XLK,10.45547365,2.98083888,False,0.01221232,0.01084132,-0.00668371,-0.00439422
2015-05-04,XLK,10.46518108,2.98932616,False,0.00092845,0.00284728,-0.00576146,-0.00155945
2015-05-05,XLK,10.30264788,2.95509345,False,-0.01553085,-0.01145165,-0.02120283,-0.01299324
2015-05-06,XLK,10.21531571,2.94292757,False,-0.00847667,-0.00411692,-0.02949977,-0.01705667
2015-05-07,XLK,10.29051569,2.95466862,False,0.00736149,0.00398958,-0.02235544,-0.01313514
2015-05-08,XLK,10.43849511,2.99357033,False,0.01438018,0.01316618,-0.00829674,-0.00014189
2015-05-11,XLK,10.38512949,2.97928315,False,-0.00511239,-0.00477262,-0.01336671,-0.00491384
2015-05-12,XLK,10.32932858,2.97037051,False,-0.00537315,-0.00299154,-0.01866805,-0.00789068
2015-05-13,XLK,10.37299414,2.97093713,False,0.00422734,0.00019076,-0.01451962,-0.00770143
2015-05-14,XLK,10.54038106,3.00191635,False,0.01613680,0.01042742,0.00000000,0.00000000
2015-05-15,XLK,10.50641978,3.00516984,False,-0.00322202,0.00108381,-0.00322202,0.00000000
2015-05-18,XLK,10.55736591,3.01450575,False,0.00484905,0.00310662,0.00000000,0.00000000
2015-05-19,XLK,10.53067573,3.01351587,False,-0.00252811,-0.00032838,-0.00252811,-0.00032838
2015-05-20,XLK,10.53795736,3.01139352,False,0.00069147,-0.00070427,-0.00183839,-0.00103242
2015-05-21,XLK,10.58404346,3.02016438,False,0.00437334,0.00291256,0.00000000,0.00000000
2015-05-22,XLK,10.57676604,3.01295055,False,-0.00068758,-0.00238856,-0.00068758,-0.00238856
2015-05-26,XLK,10.42393817,2.98055583,False,-0.01444939,-0.01075183,-0.01512704,-0.01311470
2015-05-27,XLK,10.62043370,3.00884791,False,0.01885041,0.00949222,0.00000000,-0.00374697
2015-05-28,XLK,10.59860250,3.00545263,False,-0.00205558,-0.00112843,-0.00205558,-0.00487117
2015-05-29,XLK,10.52097777,2.98678081,False,-0.00732405,-0.00621265,-0.00936458,-0.01105356
2015-06-01,XLK,10.55008639,2.99286375,False,0.00276672,0.00203662,-0.00662377,-0.00903945
2015-06-02,XLK,10.52825414,2.98989200,False,-0.00206939,-0.00099294,-0.00867945,-0.01002342
2015-06-03,XLK,10.55008639,2.99781423,False,0.00207368,0.00264967,-0.00662377,-0.00740031
2015-06-04,XLK,10.45304994,2.97249233,False,-0.00919769,-0.00844679,-0.01576054,-0.01578459
2015-06-05,XLK,10.41908761,2.96740007,False,-0.00324904,-0.00171313,-0.01895837,-0.01747068
2015-06-08,XLK,10.30264788,2.94915203,False,-0.01117562,-0.00614950,-0.02992211,-0.02351274
2015-06-09,XLK,10.27838877,2.94872720,False,-0.00235465,-0.00014405,-0.03220631,-0.02365341
2015-06-10,XLK,10.43849511,2.98409263,False,0.01557699,0.01199346,-0.01713100,-0.01194364
2015-06-11,XLK,10.44334672,2.99371159,False,0.00046478,0.00322341,-0.01667418,-0.00875872
2015-06-12,XLK,10.35116294,2.97079508,False,-0.00882703,-0.00765488,-0.02535403,-0.01634656
2015-06-15,XLK,10.28808883,2.95806441,False,-0.00609343,-0.00428527,-0.03129297,-0.02056178
2015-06-16,XLK,10.35601350,2.97419088,False,0.00660226,0.00545170,-0.02489731,-0.01522218
2015-06-17,XLK,10.36086511,2.97899932,False,0.00046848,0.00161672,-0.02444049,-0.01363007
2015-06-18,XLK,10.45304994,3.00997932,False,0.00889741,0.01039947,-0.01576054,-0.00337235
2015-06-19,XLK,10.36605574,2.99661804,False,-0.00832237,-0.00443900,-0.02395175,-0.00779638
2015-06-22,XLK,10.45134535,3.01196951,False,0.00822778,0.00512293,-0.01592104,-0.00271339
2015-06-23,XLK,10.45865541,3.01410251,False,0.00069944,0.00070818,-0.01523274,-0.00200713
2015-06-24,XLK,10.40991714,2.99221076,False,-0.00466009,-0.00726311,-0.01982184,-0.00925566
2015-06-25,XLK,10.38555063,2.98311341,False,-0.00234070,-0.00304034,-0.02211615,-0.01226787
2015-06-26,XLK,10.29782575,2.98254497,False,-0.00844682,-0.00019055,-0.03037616,-0.01245608
2015-06-29,XLK,10.07852090,2.92000014,False,-0.02129623,-0.02097029,-0.05102549,-0.03316516
2015-06-30,XLK,10.08826518,2.92611248,False,0.00096684,0.00209327,-0.05010798,-0.03114132
2015-07-01,XLK,10.15649518,2.94956672,False,0.00676330,0.00801550,-0.04368358,-0.02337544
2015-07-02,XLK,10.17111530,2.94686554,False,0.00143948,-0.00091579,-0.04230697,-0.02426982
2015-07-06,XLK,10.12968919,2.93847919,False,-0.00407292,-0.00284585,-0.04620758,-0.02704660
2015-07-07,XLK,10.14430719,2.95695798,False,0.00144309,0.00628855,-0.04483117,-0.02092813
2015-07-08,XLK,9.97861223,2.90734908,False,-0.01633379,-0.01677700,-0.06043270,-0.03735403
2015-07-09,XLK,9.93961719,2.91260811,False,-0.00390786,0.00180887,-0.06410440,-0.03561272
2015-07-10,XLK,10.09801052,2.94928263,False,0.01593556,0.01259164,-0.04919038,-0.02346950
2015-07-13,XLK,10.25152802,2.98183423,False,0.01520275,0.01103712,-0.03473546,-0.01269141
2015-07-14,XLK,10.29051569,2.99476990,False,0.00380311,0.00433816,-0.03106446,-0.00840831
2015-07-15,XLK,10.29295308,2.99377481,False,0.00023686,-0.00033228,-0.03083496,-0.00873779
2015-07-16,XLK,10.42453830,3.01779827,False,0.01278401,0.00802447,-0.01844514,-0.00078344
2015-07-17,XLK,10.58536691,3.02035689,False,0.01542789,0.00084784,-0.00330182,0.00000000
2015-07-20,XLK,10.64141418,3.02191912,False,0.00529479,0.00051723,0.00000000,0.00000000
2015-07-21,XLK,10.57074574,3.00998010,False,-0.00664089,-0.00395081,-0.00664089,-0.00395081
2015-07-22,XLK,10.40017180,3.00457825,False,-0.01613642,-0.00179465,-0.02267014,-0.00573836
2015-07-23,XLK,10.37823952,2.98766195,False,-0.00210884,-0.00563017,-0.02473117,-0.01133623
2015-07-24,XLK,10.32219541,2.95667467,False,-0.00540016,-0.01037175,-0.02999778,-0.02159040
2015-07-27,XLK,10.22959890,2.93947350,False,-0.00897062,-0.00581774,-0.03869930,-0.02728254
2015-07-28,XLK,10.32219541,2.97557933,False,0.00905182,0.01228309,-0.02999778,-0.01533456
2015-07-29,XLK,10.39042646,2.99604908,False,0.00661013,0.00687925,-0.02358594,-0.00856080
2015-07-30,XLK,10.40991714,2.99676008,False,0.00187583,0.00023731,-0.02175435,-0.00832552
2015-07-31,XLK,10.37580424,2.99221076,False,-0.00327696,-0.00151808,-0.02496002,-0.00983096
2015-08-03,XLK,10.31976013,2.98211884,False,-0.00540142,-0.00337273,-0.03022663,-0.01317053
2015-08-04,XLK,10.25884018,2.97629085,False,-0.00590323,-0.00195431,-0.03595142,-0.01509910
2015-08-05,XLK,10.35875096,2.98609868,False,0.00973899,0.00329532,-0.02656256,-0.01185354
2015-08-06,XLK,10.25640279,2.96164935,False,-0.00988036,-0.00818772,-0.03618047,-0.01994421
2015-08-07,XLK,10.26371285,2.95596314,False,0.00071273,-0.00191994,-0.03549353,-0.02182586
2015-08-10,XLK,10.42453830,2.99320637,False,0.01566932,0.01259935,-0.02038036,-0.00950150
2015-08-11,XLK,10.26858341,2.96619711,False,-0.01496036,-0.00902352,-0.03503583,-0.01843928
2015-08-12,XLK,10.31488535,2.96975160,False,0.00450909,0.00119833,-0.03068472,-0.01726304
2015-08-13,XLK,10.28564723,2.96605611,False,-0.00283456,-0.00124438,-0.03343230,-0.01848594
2015-08-14,XLK,10.33681447,2.97685903,False,0.00497462,0.00364218,-0.02862399,-0.01491108
2015-08-17,XLK,10.39529808,2.99348968,False,0.00565780,0.00558664,-0.02312814,-0.00940774
2015-08-18,XLK,10.34168714,2.98481898,False,-0.00515723,-0.00289652,-0.02816609,-0.01227701
2015-08-19,XLK,10.27346135,2.96122321,False,-0.00659716,-0.00790526,-0.03457744,-0.02008522
2015-08-20,XLK,10.02247046,2.89938861,False,-0.02443100,-0.02088144,-0.05816367,-0.04054725
2015-08-21,XLK,9.63989541,2.81210983,False,-0.03817173,-0.03010248,-0.09411520,-0.06942916
2015-08-24,XLK,9.25976300,2.69370068,False,-0.03943325,-0.04210687,-0.12983718,-0.10861258
2015-08-25,XLK,9.18665191,2.66200162,False,-0.00789557,-0.01176785,-0.13670761,-0.11910230
2015-08-26,XLK,9.64964285,2.76420599,False,0.05039822,0.03839380,-0.09319920,-0.08528128
2015-08-27,XLK,9.87382774,2.83257932,False,0.02323245,0.02473525,-0.07213200,-0.06265548
2015-08-28,XLK,9.89332157,2.83272111,False,0.00197429,0.00005005,-0.07030011,-0.06260856
2015-08-31,XLK,9.80316140,2.80983556,False,-0.00911324,-0.00807900,-0.07877269,-0.07018175
2015-09-01,XLP/IEF,9.59144022,2.72596845,True,-0.02159724,-0.02984769,-0.09866865,-0.09793468
2015-09-02,XLP/IEF,9.64351084,2.77771010,True,0.00542886,0.01898101,-0.09377544,-0.08081256
2015-09-03,XLP/IEF,9.68829266,2.77970106,True,0.00464373,0.00071676,-0.08956719,-0.08015372
2015-09-04,XLP/IEF,9.62355236,2.73762468,True,-0.00668232,-0.01513702,-0.09565099,-0.09407745
2015-09-08,XLP/IEF,9.70266480,2.80642311,True,0.00822071,0.02513070,-0.08821660,-0.07131098
2015-09-09,XLP/IEF,9.62383701,2.76889684,True,-0.00812434,-0.01337157,-0.09562424,-0.08372901
2015-09-10,XLP/IEF,9.62130472,2.78396448,True,-0.00026313,0.00544175,-0.09586221,-0.07874289
2015-09-11,XLP/IEF,9.66595396,2.79661528,True,0.00464066,0.00454417,-0.09166641,-0.07455654
2015-09-14,XLP/IEF,9.65494698,2.78623849,True,-0.00113874,-0.00371048,-0.09270076,-0.07799038
2015-09-15,XLP/IEF,9.67502460,2.82106461,True,0.00207952,0.01249933,-0.09081402,-0.06646588
2015-09-16,XLP/IEF,9.72949377,2.84551369,True,0.00562987,0.00866661,-0.08569542,-0.05837530
2015-09-17,XLP/IEF,9.76910434,2.83911857,True,0.00407119,-0.00224744,-0.08197311,-0.06049154
2015-09-18,XLP/IEF,9.73418103,2.79272232,True,-0.00357487,-0.01634178,-0.08525494,-0.07584478
2015-09-21,XLP/IEF,9.74313789,2.80715466,True,0.00092015,0.00516784,-0.08441324,-0.07106890
2015-09-22,XLP/IEF,9.71289607,2.77071818,True,-0.00310391,-0.01297986,-0.08725514,-0.08312630
2015-09-23,XLP/IEF,9.71581438,2.76628826,True,0.00030046,-0.00159883,-0.08698090,-0.08459222
2015-09-24,XLP/IEF,9.73134077,2.75628584,True,0.00159805,-0.00361583,-0.08552185,-0.08790218
2015-09-25,XLP/IEF,9.74994985,2.75557223,True,0.00191228,-0.00025890,-0.08377311,-0.08813832
2015-09-28,XLP/IEF,9.70457785,2.68641453,True,-0.00465356,-0.02509740,-0.08803683,-0.11102368
2015-09-29,XLP/IEF,9.71915102,2.68798665,True,0.00150168,0.00058521,-0.08666735,-0.11050345
2015-09-30,XLP/IEF,9.76478906,2.73814005,True,0.00469568,0.01865835,-0.08237863,-0.09390691
2015-10-01,XLP/IEF,9.76854152,2.74528442,False,0.00038429,0.00260920,-0.08202600,-0.09154272
2015-10-02,XLP/IEF,9.85939036,2.78629208,False,0.00930014,0.01493749,-0.07348871,-0.07797265
2015-10-05,XLP/IEF,9.91709568,2.83587470,False,0.00585283,0.01779520,-0.06806600,-0.06156499
2015-10-06,XLP/IEF,9.89289835,2.82615766,False,-0.00243996,-0.00342647,-0.07033988,-0.06478051
2015-10-07,XLP/IEF,9.92621602,2.84930571,False,0.00336784,0.00819064,-0.06720894,-0.05712046
2015-10-08,XLP/IEF,9.97357300,2.87502538,False,0.00477090,0.00902665,-0.06275869,-0.04860942
2015-10-09,XLP/IEF,9.98767924,2.87674058,False,0.00141436,0.00059659,-0.06143309,-0.04804184
2015-10-12,XLP/IEF,10.01744878,2.87945529,False,0.00298063,0.00094368,-0.05863557,-0.04714349
2015-10-13,XLP/IEF,9.99092306,2.86130820,False,-0.00264795,-0.00630226,-0.06112826,-0.05314865
2015-10-14,XLP/IEF,9.95863999,2.84759103,False,-0.00323124,-0.00479402,-0.06416198,-0.05768788
2015-10-15,XLP/IEF,9.98742929,2.89131497,False,0.00289089,0.01535471,-0.06145658,-0.04321895
2015-10-16,XLP/IEF,10.03200572,2.90446032,False,0.00446325,0.00454650,-0.05726762,-0.03886894
2015-10-19,XLP/IEF,10.05251816,2.90588857,False,0.00204470,0.00049174,-0.05534002,-0.03839631
2015-10-20,XLP/IEF,10.03265036,2.90217356,False,-0.00197640,-0.00127844,-0.05720704,-0.03962567
2015-10-21,XLP/IEF,10.05044943,2.88416982,False,0.00177411,-0.00620354,-0.05553442,-0.04558339
2015-10-22,XLP/IEF,10.15791684,2.93289419,False,0.01069280,0.01689372,-0.04543544,-0.02945973
2015-10-23,XLP/IEF,10.12199947,2.96504436,False,-0.00353590,0.01096193,-0.04881068,-0.01882074
2015-10-26,XLP/IEF,10.12433375,2.95775639,False,0.00023061,-0.00245796,-0.04859133,-0.02123244
2015-10-27,XLP/IEF,10.14381162,2.95204131,False,0.00192387,-0.00193223,-0.04676094,-0.02312365
2015-10-28,XLP/IEF,10.08842159,2.98561896,False,-0.00546048,0.01137438,-0.05196608,-0.01201229
2015-10-29,XLP/IEF,10.06058962,2.98390480,False,-0.00275880,-0.00057414,-0.05458152,-0.01257953
2015-10-30,XLP/IEF,10.01213168,2.97104561,False,-0.00481661,-0.00430952,-0.05913523,-0.01683483
2015-11-02,XLK,10.06578619,3.00619615,True,0.00535895,0.01183103,-0.05409319,-0.00520297
2015-11-03,XLK,10.11835234,3.01491186,True,0.00522226,0.00289925,-0.04915341,-0.00231881
2015-11-04,XLK,10.12978301,3.00576768,True,0.00112970,-0.00303298,-0.04807925,-0.00534476
2015-11-05,XLK,10.10006936,3.00276523,True,-0.00293330,-0.00099889,-0.05087151,-0.00633832
2015-11-06,XLK,10.13435252,3.00119390,True,0.00339435,-0.00052330,-0.04764984,-0.00685830
2015-11-09,XLK,10.03607156,2.97318851,True,-0.00969780,-0.00933142,-0.05688554,-0.01612572
2015-11-10,XLK,9.96978998,2.98004723,True,-0.00660433,0.00230686,-0.06311419,-0.01385606
2015-11-11,XLK,9.96522243,2.96833064,True,-0.00045814,-0.00393168,-0.06354341,-0.01773326
2015-11-12,XLK,9.87836624,2.92689294,True,-0.00871593,-0.01395993,-0.07170550,-0.03144564
2015-11-13,XLK,9.68409005,2.89402968,True,-0.01966683,-0.01122804,-0.08996212,-0.04232060
2015-11-16,XLK,9.83265634,2.93803849,True,0.01534127,0.01520676,-0.07600097,-0.02775741
2015-11-17,XLK,9.83494306,2.93589455,True,0.00023256,-0.00072972,-0.07578609,-0.02846687
2015-11-18,XLK,9.98350640,2.98247629,True,0.01510566,0.01586628,-0.06182522,-0.01305225
2015-11-19,XLK,10.02921728,2.97990440,True,0.00457864,-0.00086233,-0.05752966,-0.01390332
2015-11-20,XLK,10.10235707,2.99076352,True,0.00729267,0.00364412,-0.05065653,-0.01030987
2015-11-23,XLK,10.04292780,2.98733442,True,-0.00588271,-0.00114656,-0.05624125,-0.01144462
2015-11-24,XLK,10.04521059,2.99133560,True,0.00022730,0.00133938,-0.05602673,-0.01012056
2015-11-25,XLK,10.01321808,2.99090608,True,-0.00318485,-0.00014359,-0.05903314,-0.01026270
2015-11-27,XLK,10.03607156,2.99433492,True,0.00228233,0.00114642,-0.05688554,-0.00912804
2015-11-30,XLK,10.04750322,2.98190525,True,0.00113906,-0.00415106,-0.05581128,-0.01324121
2015-12-01,XLK,10.13663728,3.01033912,False,0.00887127,0.00953547,-0.04743513,-0.00383200
2015-12-02,XLK,10.07264243,2.97961849,False,-0.00631322,-0.01020504,-0.05344889,-0.01399794
2015-12-03,XLK,9.94236207,2.93789514,False,-0.01293408,-0.01400292,-0.06569166,-0.02780484
2015-12-04,XLK,10.18692162,2.99519369,False,0.02459773,0.01950327,-0.04270979,-0.00884386
2015-12-07,XLK,10.13663728,2.97704660,False,-0.00493617,-0.00605874,-0.04743513,-0.01484901
2015-12-08,XLK,10.11150003,2.95704279,False,-0.00247984,-0.00671935,-0.04979734,-0.02146859
2015-12-09,XLK,9.96293866,2.93403783,False,-0.01469232,-0.00777972,-0.06375802,-0.02908129
2015-12-10,XLK,9.99036067,2.94161067,False,0.00275240,0.00258103,-0.06118111,-0.02657531
2015-12-11,XLK,9.78237495,2.88459959,False,-0.02081864,-0.01938091,-0.08072604,-0.04544117
2015-12-14,XLK,9.85779850,2.89917268,False,0.00771015,0.00505203,-0.07363830,-0.04061871
2015-12-15,XLK,9.90122365,2.92960817,False,0.00440516,0.01049799,-0.06955753,-0.03054713
2015-12-16,XLK,10.03607156,2.97247464,False,0.01361932,0.01463215,-0.05688554,-0.01636195
2015-12-17,XLK,9.87836624,2.92717885,False,-0.01571385,-0.01523841,-0.07170550,-0.03135103
2015-12-18,XLK,9.68678673,2.87503110,False,-0.01939385,-0.01781502,-0.08970870,-0.04860753
2015-12-21,XLK,9.78556319,2.89874706,False,0.01019703,0.00824894,-0.08042643,-0.04075955
2015-12-22,XLK,9.85677606,2.92505182,False,0.00727734,0.00907453,-0.07373438,-0.03205489
2015-12-23,XLK,9.93946779,2.96127420,False,0.00838933,0.01238350,-0.06596364,-0.02006835
2015-12-24,XLK,9.93487468,2.95638642,False,-0.00046211,-0.00165057,-0.06639526,-0.02168579
2015-12-28,XLK,9.92798304,2.94963072,False,-0.00069368,-0.00228512,-0.06704289,-0.02392136
2015-12-29,XLK,10.06351127,2.98110918,False,0.01365113,0.01067200,-0.05430697,-0.01350465
2015-12-30,XLK,9.97851906,2.95997967,False,-0.00844558,-0.00708780,-0.06229389,-0.02049673
2015-12-31,XLK,9.83839871,2.93036939,False,-0.01404220,-0.01000354,-0.07546135,-0.03029523
2016-01-04,XLP/IEF,9.65152254,2.88940543,True,-0.01899457,-0.01397911,-0.09302257,-0.04385084
2016-01-05,XLP/IEF,9.68114856,2.89429244,True,0.00306957,0.00169135,-0.09023853,-0.04223365
2016-01-06,XLP/IEF,9.69379984,2.85778285,True,0.00130680,-0.01261434,-0.08904966,-0.05431524
2016-01-07,XLP/IEF,9.64615245,2.78922064,True,-0.00491524,-0.02399140,-0.09352721,-0.07700354
2016-01-08,XLP/IEF,9.62163009,2.75860434,True,-0.00254219,-0.01097665,-0.09583163,-0.08713495
2016-01-11,XLP/IEF,9.65071575,2.76133596,True,0.00302295,0.00099022,-0.09309838,-0.08623102
2016-01-12,XLP/IEF,9.69869925,2.78361431,True,0.00497201,0.00806796,-0.08858925,-0.07885877
2016-01-13,XLP/IEF,9.62967531,2.71418891,True,-0.00711682,-0.02494074,-0.09507560,-0.10183271
2016-01-14,XLP/IEF,9.64194209,2.75874768,True,0.00127385,0.01641698,-0.09392286,-0.08708752
2016-01-15,XLP/IEF,9.59011166,2.69952841,True,-0.00537552,-0.02146600,-0.09879350,-0.10668410
2016-01-19,XLP/IEF,9.63991351,2.70312167,True,0.00519304,0.00133107,-0.09411349,-0.10549503
2016-01-20,XLP/IEF,9.60495030,2.66848129,True,-0.00362692,-0.01281495,-0.09739907,-0.11695807
2016-01-21,XLP/IEF,9.61106476,2.68342900,True,0.00063660,0.00560158,-0.09682448,-0.11201164
2016-01-22,XLP/IEF,9.68053549,2.73848085,True,0.00722820,0.02051549,-0.09029615,-0.09379413
2016-01-25,XLP/IEF,9.65430032,2.69708452,True,-0.00271010,-0.01511653,-0.09276153,-0.10749282
2016-01-26,XLP/IEF,9.70151726,2.73388158,True,0.00489077,0.01364327,-0.08832444,-0.09531610
2016-01-27,XLP/IEF,9.70031197,2.70412794,True,-0.00012424,-0.01088329,-0.08843770,-0.10516204
2016-01-28,XLP/IEF,9.75510738,2.71821324,True,0.00564883,0.00520881,-0.08328844,-0.10050100
2016-01-29,XLP/IEF,9.87930492,2.78447620,True,0.01273154,0.02437740,-0.07161729,-0.07857355
2016-02-01,XLP/IEF,9.88447949,2.78346992,False,0.00052378,-0.00036139,-0.07113102,-0.07890655
2016-02-02,XLP/IEF,9.85608973,2.73330637,False,-0.00287215,-0.01802195,-0.07379888,-0.09550644
2016-02-03,XLP/IEF,9.83994245,2.74969118,False,-0.00163831,0.00599450,-0.07531628,-0.09008446
2016-02-04,XLP/IEF,9.80694500,2.75400454,False,-0.00335342,0.00156867,-0.07841713,-0.08865710
2016-02-05,XLP/IEF,9.80550043,2.70154071,False,-0.00014730,-0.01905002,-0.07855288,-0.10601820
2016-02-08,XLP/IEF,9.83000278,2.66517498,False,0.00249884,-0.01346110,-0.07625034,-0.11805218
2016-02-09,XLP/IEF,9.86303909,2.66531755,False,0.00336076,0.00005349,-0.07314583,-0.11800500
2016-02-10,XLP/IEF,9.87215204,2.66301856,False,0.00092395,-0.00086256,-0.07228947,-0.11876577
2016-02-11,XLP/IEF,9.85632152,2.62837792,False,-0.00160355,-0.01300803,-0.07377710,-0.13022890
2016-02-12,XLP/IEF,9.88595020,2.68256684,False,0.00300606,0.02061687,-0.07099282,-0.11229694
2016-02-16,XLP/IEF,9.90994067,2.72784417,False,0.00242672,0.01687836,-0.06873837,-0.09731397
2016-02-17,XLP/IEF,9.94832828,2.77240320,False,0.00387365,0.01633489,-0.06513100,-0.08256870
2016-02-18,XLP/IEF,9.94904878,2.76104771,False,0.00007242,-0.00409590,-0.06506329,-0.08632640
2016-02-19,XLP/IEF,9.95683779,2.75975422,False,0.00078289,-0.00046848,-0.06433134,-0.08675444
2016-02-22,XLP/IEF,9.97619020,2.79971320,False,0.00194363,0.01447918,-0.06251274,-0.07353139
2016-02-23,XLP/IEF,9.98518785,2.76435401,False,0.00090191,-0.01262957,-0.06166721,-0.08523230
2016-02-24,XLP/IEF,10.00076438,2.77700274,False,0.00155996,0.00457565,-0.06020345,-0.08104664
2016-02-25,XLP/IEF,10.07218646,2.81063683,False,0.00714166,0.01211165,-0.05349174,-0.06991659
2016-02-26,XLP/IEF,9.97664370,2.80416835,False,-0.00948580,-0.00230143,-0.06247013,-0.07205712
2016-02-29,XLP/IEF,9.96824900,2.78217747,False,-0.00084144,-0.00784221,-0.06325900,-0.07933424
2016-03-01,XLP/IEF,9.97697363,2.84757698,False,0.00087524,0.02350659,-0.06243912,-0.05769252
2016-03-02,XLP/IEF,9.98302789,2.86037009,False,0.00060682,0.00449263,-0.06187019,-0.05345909
2016-03-03,XLP/IEF,10.01430121,2.87158119,False,0.00313265,0.00391946,-0.05893136,-0.04974916
2016-03-04,XLP/IEF,10.01904246,2.88092387,False,0.00047345,0.00325350,-0.05848581,-0.04665752
2016-03-07,XLP/IEF,9.97784132,2.88322363,False,-0.00411228,0.00079827,-0.06235758,-0.04589649
2016-03-08,XLP/IEF,10.02099214,2.85174466,False,0.00432466,-0.01091798,-0.05830259,-0.05631338
2016-03-09,XLP/IEF,10.03962584,2.86583229,False,0.00185947,0.00494001,-0.05655154,-0.05165156
2016-03-10,XLP/IEF,10.02393240,2.86813128,False,-0.00156315,0.00080221,-0.05802629,-0.05089079
2016-03-11,XLP/IEF,10.02651147,2.91441540,False,0.00025729,0.01613738,-0.05778393,-0.03557465
2016-03-14,XLP/IEF,10.02720235,2.91067828,False,0.00006890,-0.00128229,-0.05771900,-0.03681132
2016-03-15,XLP/IEF,10.03899022,2.90593488,False,0.00117559,-0.00162965,-0.05661127,-0.03838099
2016-03-16,XLP/IEF,10.07649599,2.92275180,False,0.00373601,0.00578709,-0.05308676,-0.03281601
2016-03-17,XLP/IEF,10.11317820,2.94129380,False,0.00364037,0.00634402,-0.04963964,-0.02668017
2016-03-18,XLP/IEF,10.11500119,2.95285248,False,0.00018026,0.00392979,-0.04946833,-0.02285523
2016-03-21,XLP/IEF,10.10391860,2.95704149,False,-0.00109566,0.00141863,-0.05050979,-0.02146902
2016-03-22,XLP/IEF,10.06308729,2.95545350,False,-0.00404114,-0.00053702,-0.05434681,-0.02199451
2016-03-23,XLP/IEF,10.08669118,2.93594840,False,0.00234559,-0.00659970,-0.05212869,-0.02844905
2016-03-24,XLP/IEF,10.07581953,2.93464789,False,-0.00107782,-0.00044296,-0.05315033,-0.02887941
2016-03-28,XLP/IEF,10.11054366,2.93638156,False,0.00344628,0.00059076,-0.04988722,-0.02830571
2016-03-29,XLP/IEF,10.18230879,2.96354353,False,0.00709805,0.00925015,-0.04314327,-0.01931739
2016-03-30,XLP/IEF,10.20987899,2.97654736,False,0.00270766,0.00438793,-0.04055243,-0.01501422
2016-03-31,XLP/IEF,10.20048895,2.96932339,False,-0.00091970,-0.00242696,-0.04143483,-0.01740475
2016-04-01,XLK,10.31913253,2.98955016,True,0.01163117,0.00681191,-0.03028560,-0.01071139
2016-04-04,XLK,10.27988740,2.97987006,True,-0.00380314,-0.00323798,-0.03397357,-0.01391469
2016-04-05,XLK,10.18061950,2.95010732,True,-0.00965652,-0.00998793,-0.04330202,-0.02376364
2016-04-06,XLK,10.27988740,2.98232566,True,0.00975067,0.01092107,-0.03397357,-0.01310209
2016-04-07,XLK,10.13213669,2.94663894,True,-0.01437279,-0.01196607,-0.04785806,-0.02491138
2016-04-08,XLK,10.13213669,2.95458537,True,0.00000000,0.00269678,-0.04785806,-0.02228179
2016-04-11,XLK,10.10443645,2.94765120,True,-0.00273390,-0.00234692,-0.05046113,-0.02457641
2016-04-12,XLK,10.17369394,2.97510168,True,0.00685417,0.00931266,-0.04395283,-0.01549262
2016-04-13,XLK,10.27758118,3.00515293,True,0.01021136,0.01010091,-0.03419029,-0.00554819
2016-04-14,XLK,10.27526905,3.00529836,True,-0.00022497,0.00004839,-0.03440756,-0.00550007
2016-04-15,XLK,10.23602294,3.00197462,True,-0.00381947,-0.00110596,-0.03809562,-0.00659994
2016-04-18,XLK,10.27988740,3.02306901,True,0.00428530,0.00702684,-0.03397357,0.00000000
2016-04-19,XLK,10.22216987,3.03260446,True,-0.00561461,0.00315423,-0.03939742,0.00000000
2016-04-20,XLK,10.24294948,3.03549399,True,0.00203280,0.00095282,-0.03744471,0.00000000
2016-04-21,XLK,10.20601254,3.01916773,True,-0.00360608,-0.00537845,-0.04091577,-0.00537845
2016-04-22,XLK,10.02825634,3.01916773,True,-0.01741681,0.00000000,-0.05761996,-0.00537845
2016-04-25,XLK,10.03056551,3.01396697,True,0.00023027,-0.00172258,-0.05740296,-0.00709177
2016-04-26,XLK,9.98208664,3.01844476,True,-0.00483311,0.00148568,-0.06195864,-0.00561663
2016-04-27,XLK,9.93591301,3.02465855,True,-0.00462565,0.00205861,-0.06629769,-0.00356958
2016-04-28,XLK,9.81125206,2.99720677,True,-0.01254650,-0.00907599,-0.07801239,-0.01261318
2016-04-29,XLK,9.72583723,2.98102593,True,-0.00870580,-0.00539864,-0.08603903,-0.01794372
2016-05-02,XLK,9.79740096,3.00472004,False,0.00735810,0.00794831,-0.07931401,-0.01013804
2016-05-03,XLK,9.70736876,2.97856903,False,-0.00918940,-0.00870331,-0.08777456,-0.01875311
2016-05-04,XLK,9.67735738,2.96195477,False,-0.00309161,-0.00557793,-0.09059480,-0.02422644
2016-05-05,XLK,9.68197867,2.96137618,False,0.00047754,-0.00019534,-0.09016053,-0.02441705
2016-05-06,XLK,9.75354338,2.97221163,False,0.00739154,0.00365892,-0.08343541,-0.02084747
2016-05-09,XLK,9.75354338,2.97466879,False,0.00000000,0.00082671,-0.08343541,-0.02003799
2016-05-10,XLK,9.88050956,3.01165576,False,0.01301744,0.01243398,-0.07150409,-0.00785316
2016-05-11,XLK,9.80894682,2.98348153,False,-0.00724282,-0.00935506,-0.07822902,-0.01713476
2016-05-12,XLK,9.78124461,2.98434836,False,-0.00282418,0.00029054,-0.08083226,-0.01684920
2016-05-13,XLK,9.74430767,2.95834226,False,-0.00377630,-0.00871416,-0.08430332,-0.02541653
2016-05-16,XLK,9.88050956,2.98752693,False,0.01397759,0.00986521,-0.07150409,-0.01580206
2016-05-17,XLK,9.78124461,2.95964303,False,-0.01004654,-0.00933344,-0.08083226,-0.02498801
2016-05-18,XLK,9.79971013,2.96050961,False,0.00188785,0.00029280,-0.07909701,-0.02470253
2016-05-19,XLK,9.74661586,2.95025119,False,-0.00541794,-0.00346509,-0.08408641,-0.02808202
2016-05-20,XLK,9.86435125,2.96888997,False,0.01207962,0.00631769,-0.07302253,-0.02194174
2016-05-23,XLK,9.84588179,2.96484379,False,-0.00187234,-0.00136286,-0.07475815,-0.02327470
2016-05-24,XLK,10.03056551,3.00327514,False,0.01875746,0.01296235,-0.05740296,-0.01061404
2016-05-25,XLK,10.09982203,3.02364681,False,0.00690455,0.00678315,-0.05089475,-0.00390289
2016-05-26,XLK,10.13213669,3.02451417,False,0.00319953,0.00028686,-0.04785806,-0.00361715
2016-05-27,XLK,10.18061950,3.03751592,False,0.00478505,0.00429879,-0.04330202,0.00000000
2016-05-31,XLK,10.20139616,3.03173736,False,0.00204081,-0.00190240,-0.04134958,-0.00190240
2016-06-01,XLK,10.17600311,3.03794959,False,-0.00248917,0.00204907,-0.04373583,0.00000000
2016-06-02,XLK,10.16676839,3.04719627,False,-0.00090750,0.00304372,-0.04460364,0.00000000
2016-06-03,XLK,10.14368354,3.03809502,False,-0.00227062,-0.00298676,-0.04677298,-0.00298676
2016-06-06,XLK,10.16215201,3.05355367,False,0.00182069,0.00508827,-0.04503745,0.00000000
2016-06-07,XLK,10.20370533,3.05832127,False,0.00408903,0.00156133,-0.04113258,0.00000000
2016-06-08,XLK,10.22448100,3.06828961,False,0.00203609,0.00325942,-0.03918024,0.00000000
2016-06-09,XLK,10.22678920,3.06410034,False,0.00022575,-0.00136534,-0.03896334,-0.00136534
2016-06-10,XLK,10.14830484,3.03506084,False,-0.00767439,-0.00947734,-0.04633870,-0.01082974
2016-06-13,XLK,10.03518484,3.01165576,False,-0.01114669,-0.00771157,-0.05696887,-0.01845779
2016-06-14,XLK,10.05826773,3.00573126,False,0.00230020,-0.00196719,-0.05479971,-0.02038867
2016-06-15,XLK,10.03287272,3.00154121,False,-0.00252479,-0.00139402,-0.05718615,-0.02175427
2016-06-16,XLK,10.05365331,3.01049963,False,0.00207125,0.00298461,-0.05523334,-0.01883459
2016-06-17,XLK,9.98660668,2.99928670,False,-0.00666888,-0.00372461,-0.06153388,-0.02248905
2016-06-20,XLK,10.02836447,3.01860319,False,0.00418138,0.00644036,-0.05760980,-0.01619352
2016-06-21,XLK,10.09795719,3.02717217,False,0.00693959,0.00283872,-0.05107000,-0.01340077
2016-06-22,XLK,10.06316034,3.02223417,False,-0.00344593,-0.00163122,-0.05433994,-0.01501014
2016-06-23,XLK,10.20003071,3.06159115,False,0.01360113,0.01302248,-0.04147790,-0.00218313
2016-06-24,XLK,9.80798835,2.95165238,False,-0.03843541,-0.03590903,-0.07831909,-0.03801376
2016-06-27,XLK,9.61080817,2.89878843,False,-0.02010404,-0.01790995,-0.09684860,-0.05524289
2016-06-28,XLK,9.80102937,2.95107068,False,0.01979243,0.01803590,-0.07897304,-0.03820335
2016-06-29,XLK,9.95181081,3.00132085,False,0.01538425,0.01702778,-0.06480373,-0.02182609
2016-06-30,XLK,10.06084134,3.04227571,False,0.01095585,0.01364561,-0.05455787,-0.00847831
2016-07-01,XLK,10.08404022,3.04866563,False,0.00230586,0.00210037,-0.05237781,-0.00639574
2016-07-05,XLK,10.00980753,3.02673563,False,-0.00736140,-0.00719331,-0.05935364,-0.01354305
2016-07-06,XLK,10.07939828,3.04489000,False,0.00695226,0.00599800,-0.05281402,-0.00762627
2016-07-07,XLK,10.07939828,3.04300154,False,0.00000000,-0.00062021,-0.05281402,-0.00824175
2016-07-08,XLK,10.23714656,3.08831424,False,0.01565056,0.01489079,-0.03799003,0.00000000
2016-07-11,XLK,10.29746031,3.09920536,False,0.00589166,0.00352656,-0.03232220,0.00000000
2016-07-12,XLK,10.38096706,3.12171602,False,0.00810945,0.00726337,-0.02447486,0.00000000
2016-07-13,XLK,10.38328999,3.12128026,False,0.00022377,-0.00013959,-0.02425657,-0.00013959
2016-07-14,XLK,10.45056076,3.13870802,False,0.00647875,0.00558353,-0.01793497,0.00000000
2016-07-15,XLK,10.44128573,3.13449586,False,-0.00088752,-0.00134201,-0.01880657,-0.00134201
2016-07-18,XLK,10.51087746,3.14291993,False,0.00666505,0.00268754,-0.01226686,0.00000000
2016-07-19,XLK,10.48767956,3.13972445,False,-0.00220704,-0.00101672,-0.01444682,-0.00101672
2016-07-20,XLK,10.62454501,3.15279514,False,0.01305012,0.00416301,-0.00158524,0.00000000
2016-07-21,XLK,10.56887024,3.14088734,False,-0.00524020,-0.00377690,-0.00681713,-0.00377690
2016-07-22,XLK,10.63150694,3.15497368,False,0.00592653,0.00448483,-0.00093101,0.00000000
2016-07-25,XLK,10.61758702,3.14640522,False,-0.00130931,-0.00271586,-0.00223910,-0.00271586
2016-07-26,XLK,10.64078492,3.14785845,False,0.00218486,0.00046187,-0.00005913,-0.00225524
2016-07-27,XLK,10.72893655,3.14451728,False,0.00828432,-0.00106141,0.00000000,-0.00331426
2016-07-28,XLK,10.73589257,3.14814696,False,0.00064834,0.00115429,0.00000000,-0.00216380
2016-07-29,XLK,10.77533136,3.15323064,False,0.00367355,0.00161482,0.00000000,-0.00055247
2016-08-01,XLK,10.79620829,3.15061739,False,0.00193747,-0.00082875,0.00000000,-0.00138077
2016-08-02,XLK,10.71501368,3.13042964,False,-0.00752066,-0.00640755,-0.00752066,-0.00777947
2016-08-03,XLK,10.75213051,3.13958006,False,0.00346400,0.00292306,-0.00408271,-0.00487916
2016-08-04,XLK,10.81012625,3.14291993,False,0.00539388,0.00106379,0.00000000,-0.00382055
2016-08-05,XLK,10.91451484,3.16862581,False,0.00965656,0.00817898,0.00000000,0.00000000
2016-08-08,XLK,10.91219681,3.16673787,False,-0.00021238,-0.00059582,-0.00021238,-0.00059582
2016-08-09,XLK,10.93539471,3.16862581,False,0.00212587,0.00059618,0.00000000,0.00000000
2016-08-10,XLK,10.90059688,3.16078215,False,-0.00318213,-0.00247541,-0.00318213,-0.00247541
2016-08-11,XLK,10.94003665,3.17545175,False,0.00361813,0.00464113,0.00000000,0.00000000
2016-08-12,XLK,10.92843574,3.17269177,False,-0.00106041,-0.00086916,-0.00106041,-0.00086916
2016-08-15,XLK,10.98178855,3.18184115,False,0.00488202,0.00288379,0.00000000,0.00000000
2016-08-16,XLK,10.90059688,3.16543033,False,-0.00739330,-0.00515765,-0.00739330,-0.00515765
2016-08-17,XLK,10.89595691,3.17138423,False,-0.00042566,0.00188091,-0.00781582,-0.00328644
2016-08-18,XLK,10.90059688,3.17850103,False,0.00042584,0.00224406,-0.00739330,-0.00104975
2016-08-19,XLK,10.90756077,3.17385388,False,0.00063885,-0.00146205,-0.00675917,-0.00251027
2016-08-22,XLK,10.90756077,3.17370741,False,0.00000000,-0.00004615,-0.00675917,-0.00255630
2016-08-23,XLK,10.94699366,3.18009942,False,0.00361519,0.00201405,-0.00316842,-0.00054740
2016-08-24,XLK,10.88667795,3.16383272,False,-0.00550980,-0.00511515,-0.00866076,-0.00565975
2016-08-25,XLK,10.90987584,3.16165445,False,0.00213085,-0.00068849,-0.00654836,-0.00634435
2016-08-26,XLK,10.91451484,3.15569977,False,0.00042521,-0.00188341,-0.00612593,-0.00821580
2016-08-29,XLK,10.95626968,3.17123907,False,0.00382563,0.00492420,-0.00232374,-0.00333206
2016-08-30,XLK,10.91915677,3.16601178,False,-0.00338737,-0.00164834,-0.00570324,-0.00497491
2016-08-31,XLK,10.90059688,3.15700704,False,-0.00169976,-0.00284419,-0.00739330,-0.00780495
2016-09-01,XLK,10.93539471,3.15715169,False,0.00319229,0.00004582,-0.00422462,-0.00775949
2016-09-02,XLK,10.98410952,3.17138423,False,0.00445478,0.00450803,0.00000000,-0.00328644
2016-09-06,XLK,11.03978232,3.18096963,False,0.00506849,0.00302247,0.00000000,-0.00027390
2016-09-07,XLK,11.06762314,3.18067982,False,0.00252186,-0.00009111,0.00000000,-0.00036499
2016-09-08,XLK,10.97714858,3.17341760,False,-0.00817471,-0.00228323,-0.00817471,-0.00264738
2016-09-09,XLK,10.70805666,3.09746336,False,-0.02451383,-0.02393452,-0.03248814,-0.02651854
2016-09-12,XLK,10.88667795,3.14190402,False,0.01668102,0.01434744,-0.01634906,-0.01255158
2016-09-13,XLK,10.80781118,3.09673623,False,-0.00724434,-0.01437593,-0.02347496,-0.02674707
2016-09-14,XLK,10.85884498,3.09557412,False,0.00472194,-0.00037527,-0.01886387,-0.02711230
2016-09-15,XLK,11.03746430,3.12650859,False,0.01644920,0.00999313,-0.00272496,-0.01739011
2016-09-16,XLK,10.99693629,3.11442258,False,-0.00367186,-0.00386566,-0.00638681,-0.02118854
2016-09-19,XLK,10.97596991,3.11500663,False,-0.00190657,0.00018753,-0.00828120,-0.02100498
2016-09-20,XLK,10.96898242,3.11515336,False,-0.00063662,0.00004710,-0.00891255,-0.02095887
2016-09-21,XLK,11.09243815,3.15018371,False,0.01125498,0.01124514,0.00000000,-0.00994941
2016-09-22,XLK,11.15998908,3.17003507,False,0.00608982,0.00630165,0.00000000,-0.00371046
2016-09-23,XLK,11.06215741,3.15266584,False,-0.00876629,-0.00547919,-0.00876629,-0.00916932
2016-09-26,XLK,10.99693629,3.12712178,False,-0.00589588,-0.00810237,-0.01461048,-0.01719739
2016-09-27,XLK,11.11806319,3.14653478,False,0.01101460,0.00620795,-0.00375680,-0.01109621
2016-09-28,XLK,11.13902564,3.16215342,False,0.00188544,0.00496376,-0.00187845,-0.00618753
2016-09-29,XLK,11.07147176,3.13354473,False,-0.00606461,-0.00904722,-0.00793167,-0.01517876
2016-09-30,XLK,11.12971031,3.15719019,False,0.00526024,0.00754591,-0.00271315,-0.00774739
2016-10-03,XLK,11.09709189,3.14959966,False,-0.00293075,-0.00240421,-0.00563596,-0.01013297
2016-10-04,XLK,11.05749876,3.13354473,False,-0.00356788,-0.00509745,-0.00918373,-0.01517876
2016-10-05,XLK,11.09709189,3.14741072,False,0.00358066,0.00442502,-0.00563596,-0.01082091
2016-10-06,XLK,11.12271889,3.14959966,False,0.00230934,0.00069547,-0.00333963,-0.01013297
2016-10-07,XLK,11.09243815,3.13879830,False,-0.00272242,-0.00342944,-0.00605296,-0.01352766
2016-10-10,XLK,11.16930933,3.15514694,False,0.00693005,0.00520857,0.00000000,-0.00838955
2016-10-11,XLK,11.04351887,3.11529905,False,-0.01126215,-0.01262949,-0.01126215,-0.02091308
2016-10-12,XLK,11.06215741,3.11938556,False,0.00168774,0.00131176,-0.00959342,-0.01962876
2016-10-13,XLK,10.99227568,3.10916720,False,-0.00631719,-0.00327576,-0.01585001,-0.02284022
2016-10-14,XLK,11.03420255,3.11077339,False,0.00381421,0.00051660,-0.01209625,-0.02233542
2016-10-17,XLK,11.01091323,3.09997255,False,-0.00211065,-0.00347208,-0.01418137,-0.02572995
2016-10-18,XLK,11.07147176,3.11938556,False,0.00549986,0.00626231,-0.00875950,-0.01962876
2016-10-19,XLK,11.09243815,3.12770608,False,0.00189373,0.00266736,-0.00688236,-0.01701376
2016-10-20,XLK,11.04119102,3.12186743,False,-0.00462001,-0.00186675,-0.01147057,-0.01884875
2016-10-21,XLK,11.07147176,3.12332664,False,0.00274252,0.00046742,-0.00875950,-0.01839014
2016-10-24,XLK,11.17862369,3.13660910,False,0.00967820,0.00425266,0.00000000,-0.01421569
2016-10-25,XLK,11.13902564,3.12609989,False,-0.00354230,-0.00335050,-0.00354230,-0.01751856
2016-10-26,XLK,11.07613041,3.11982392,False,-0.00564639,-0.00200760,-0.00916868,-0.01949099
2016-10-27,XLK,11.06215741,3.11150339,False,-0.00126154,-0.00266699,-0.01041866,-0.02210599
2016-10-28,XLK,11.05050832,3.10230770,False,-0.00105306,-0.00295538,-0.01146075,-0.02499605
2016-10-31,XLK,11.04584771,3.10245417,False,-0.00042176,0.00004721,-0.01187767,-0.02495001
2016-11-01,XLK,10.95034388,3.07997550,False,-0.00864613,-0.00724545,-0.02042110,-0.03201469
2016-11-02,XLK,10.88046215,3.06143766,False,-0.00638169,-0.00601883,-0.02667247,-0.03784082
2016-11-03,XLK,10.77564594,3.04742573,False,-0.00963343,-0.00457691,-0.03604896,-0.04224454
2016-11-04,XLK,10.75700936,3.04406895,False,-0.00172951,-0.00110151,-0.03771612,-0.04329952
2016-11-07,XLK,10.98994783,3.11121149,False,0.02165457,0.02205684,-0.01687827,-0.02219773
2016-11-08,XLK,11.04351887,3.12522421,False,0.00487455,0.00450394,-0.01208600,-0.01779377
2016-11-09,XLK,11.02954390,3.15835751,False,-0.00126545,0.01060190,-0.01333615,-0.00738052
2016-11-10,XLK,10.85251614,3.16623967,False,-0.01605032,0.00249565,-0.02917242,-0.00490329
2016-11-11,XLK,10.88512277,3.15894129,False,0.00300452,-0.00230506,-0.02625555,-0.00719705
2016-11-14,XLK,10.71974114,3.16142265,False,-0.01519336,0.00078550,-0.04105000,-0.00641720
2016-11-15,XLK,10.87114878,3.18609130,False,0.01412419,0.00780302,-0.02750561,0.00000000
2016-11-16,XLK,10.97131224,3.18010618,False,0.00921370,-0.00187851,-0.01854535,-0.00187851
2016-11-17,XLK,11.04119102,3.19645456,False,0.00636923,0.00514083,-0.01229424,0.00000000
2016-11-18,XLK,11.03187961,3.18930239,False,-0.00084333,-0.00223753,-0.01312720,-0.00223753
2016-11-21,XLK,11.14368528,3.21338595,False,0.01013478,0.00755136,-0.00312547,0.00000000
2016-11-22,XLK,11.17862369,3.21966322,False,0.00313527,0.00195348,0.00000000,0.00000000
2016-11-23,XLK,11.13436797,3.22141354,False,-0.00395896,0.00054363,-0.00395896,0.00000000
2016-11-25,XLK,11.18095055,3.23338404,False,0.00418368,0.00371591,0.00000000,0.00000000
2016-11-28,XLK,11.19026982,3.21820297,False,0.00083350,-0.00469510,0.00000000,-0.00469510
2016-11-29,XLK,11.19725731,3.22447868,False,0.00062442,0.00195007,0.00000000,-0.00275419
2016-11-30,XLK,11.06448329,3.21674220,False,-0.01185773,-0.00239930,-0.01185773,-0.00514688
2016-12-01,XLK,10.83620742,3.20492025,False,-0.02063141,-0.00367513,-0.03224449,-0.00880309
2016-12-02,XLK,10.87580841,3.20652567,False,0.00365451,0.00050092,-0.02870782,-0.00830658
2016-12-05,XLK,10.98062954,3.22579298,False,0.00963801,0.00600878,-0.01934650,-0.00234771
2016-12-06,XLK,11.01324009,3.23601004,False,0.00296983,0.00316730,-0.01643413,0.00000000
2016-12-07,XLK,11.22288038,3.27834007,False,0.01903530,0.01308093,0.00000000,0.00000000
2016-12-08,XLK,11.25083720,3.28636818,False,0.00249106,0.00244883,0.00000000,0.00000000
2016-12-09,XLK,11.33236507,3.30621825,False,0.00724638,0.00604012,0.00000000,0.00000000
2016-12-12,XLK,11.29742077,3.30242363,False,-0.00308358,-0.00114772,-0.00308358,-0.00114772
2016-12-13,XLK,11.43951209,3.32446497,False,0.01257732,0.00667429,0.00000000,0.00000000
2016-12-14,XLK,11.39991404,3.29702308,False,-0.00346152,-0.00825453,-0.00346152,-0.00825453
2016-12-15,XLK,11.45116117,3.31059847,False,0.00449540,0.00411747,0.00000000,-0.00417105
2016-12-16,XLK,11.36833568,3.30412218,False,-0.00723293,-0.00195623,-0.00723293,-0.00611912
2016-12-19,XLK,11.45022335,3.31131702,False,0.00720314,0.00217753,-0.00008190,-0.00395491
2016-12-20,XLK,11.49233798,3.32409009,False,0.00367806,0.00385740,0.00000000,-0.00011276
2016-12-21,XLK,11.46893856,3.31484159,False,-0.00203609,-0.00278226,-0.00203609,-0.00289472
2016-12-22,XLK,11.44554307,3.30911533,False,-0.00203990,-0.00172746,-0.00407184,-0.00461718
2016-12-23,XLK,11.45724130,3.31395967,False,0.00102208,0.00146394,-0.00305392,-0.00316000
2016-12-27,XLK,11.50403622,3.32218212,False,0.00408431,0.00248116,0.00000000,-0.00068668
2016-12-28,XLK,11.40109074,3.29472643,False,-0.00894864,-0.00826435,-0.00894864,-0.00894536
2016-12-29,XLK,11.40343629,3.29399228,False,0.00020573,-0.00022283,-0.00874475,-0.00916620
2016-12-30,XLK,11.31452575,3.28195362,False,-0.00779682,-0.00365473,-0.01647339,-0.01278743
2017-01-03,XLK,11.41512765,3.30705933,False,0.00889139,0.00764962,-0.00772847,-0.00523562
2017-01-04,XLK,11.45490559,3.32673378,False,0.00348467,0.00594923,-0.00427073,0.00000000
2017-01-05,XLK,11.47361884,3.32409009,False,0.00163364,-0.00079468,-0.00264406,-0.00079468
2017-01-06,XLK,11.55785401,3.33598306,False,0.00734164,0.00357781,0.00000000,0.00000000
2017-01-09,XLK,11.55550749,3.32497280,False,-0.00020302,-0.00330046,-0.00020302,-0.00330046
2017-01-10,XLK,11.55785401,3.32497280,False,0.00020307,0.00000000,0.00000000,-0.00330046
2017-01-11,XLK,11.61165903,3.33436880,False,0.00465528,0.00282589,0.00000000,-0.00048389
2017-01-12,XLK,11.58357834,3.32599963,False,-0.00241832,-0.00250997,-0.00241832,-0.00299265
2017-01-13,XLK,11.61867600,3.33363439,False,0.00302995,0.00229548,0.00000000,-0.00070404
2017-01-17,XLK,11.57422467,3.32188866,False,-0.00382585,-0.00352340,-0.00382585,-0.00422496
2017-01-18,XLK,11.60464008,3.32922971,False,0.00262786,0.00220990,-0.00120805,-0.00202440
2017-01-19,XLK,11.58826353,3.31689681,False,-0.00141121,-0.00370443,-0.00261755,-0.00572133
2017-01-20,XLK,11.65143500,3.32908298,False,0.00545133,0.00367397,0.00000000,-0.00206838
2017-01-23,XLK,11.67248790,3.32042035,False,0.00180689,-0.00260211,0.00000000,-0.00466511
2017-01-24,XLK,11.74501894,3.34171037,False,0.00621385,0.00641184,0.00000000,0.00000000
2017-01-25,XLK,11.85732005,3.37063437,False,0.00956160,0.00865545,0.00000000,0.00000000
2017-01-26,XLK,11.82456794,3.36711057,False,-0.00276219,-0.00104544,-0.00276219,-0.00104544
2017-01-27,XLK,11.87136286,3.36182397,False,0.00395743,-0.00157007,0.00000000,-0.00261387
2017-01-30,XLK,11.77543337,3.34097595,False,-0.00808075,-0.00620140,-0.00808075,-0.00879906
2017-01-31,XLK,11.71694611,3.34068250,False,-0.00496689,-0.00008783,-0.01300750,-0.00888612
2017-02-01,XLK,11.80585174,3.34200304,False,0.00758778,0.00039529,-0.00551842,-0.00849434
2017-02-02,XLK,11.78245428,3.34420655,False,-0.00198185,0.00065934,-0.00748933,-0.00784061
2017-02-03,XLK,11.85966166,3.36725756,False,0.00655274,0.00689282,-0.00098567,-0.00100183
2017-02-06,XLK,11.86668159,3.36123680,False,0.00059192,-0.00178803,-0.00039433,-0.00278807
2017-02-07,XLK,11.91347455,3.36138379,False,0.00394322,0.00004373,0.00000000,-0.00274446
2017-02-08,XLK,11.93452941,3.36578951,False,0.00176731,0.00131069,0.00000000,-0.00143737
2017-02-09,XLK,11.97196475,3.38575768,False,0.00313673,0.00593269,0.00000000,0.00000000
2017-02-10,XLK,12.00705946,3.39911714,False,0.00293141,0.00394578,0.00000000,0.00000000
2017-02-13,XLK,12.06087234,3.41761778,False,0.00448177,0.00544278,0.00000000,0.00000000
2017-02-14,XLK,12.10064340,3.43127226,False,0.00329753,0.00399532,0.00000000,0.00000000
2017-02-15,XLK,12.14041937,3.44918521,False,0.00328710,0.00522050,0.00000000,0.00000000
2017-02-16,XLK,12.16849809,3.44624781,False,0.00231283,-0.00085162,0.00000000,-0.00085162
2017-02-17,XLK,12.21060782,3.45168088,False,0.00346055,0.00157652,0.00000000,0.00000000
2017-02-21,XLK,12.27377928,3.47223622,False,0.00517349,0.00595517,0.00000000,0.00000000
2017-02-22,XLK,12.28781717,3.46915287,False,0.00114373,-0.00088800,0.00000000,-0.00088800
2017-02-23,XLK,12.28547654,3.47150232,False,-0.00019048,0.00067724,-0.00019048,-0.00021136
2017-02-24,XLK,12.31355133,3.47590648,False,0.00228520,0.00126866,0.00000000,0.00000000
2017-02-27,XLK,12.30653632,3.48133903,False,-0.00056970,0.00156292,-0.00056970,0.00000000
2017-02-28,XLK,12.24804414,3.47194276,False,-0.00475294,-0.00269904,-0.00531993,-0.00269904
2017-03-01,XLK,12.42117708,3.52054148,False,0.01413556,0.01399756,0.00000000,0.00000000
2017-03-02,XLK,12.33928647,3.49837084,False,-0.00659282,-0.00629751,-0.00659282,-0.00629751
2017-03-03,XLK,12.36736519,3.50057331,False,0.00227555,0.00062957,-0.00433227,-0.00567190
2017-03-06,XLK,12.34864604,3.49014865,False,-0.00151359,-0.00297799,-0.00583930,-0.00863300
2017-03-07,XLK,12.34864604,3.47972347,False,0.00000000,-0.00298703,-0.00583930,-0.01159424
2017-03-08,XLK,12.36268786,3.47326383,False,0.00113711,-0.00185637,-0.00470883,-0.01342909
2017-03-09,XLK,12.36034428,3.47766903,False,-0.00018957,0.00126832,-0.00489751,-0.01217780
2017-03-10,XLK,12.42585834,3.48985519,False,0.00530034,0.00350412,0.00000000,-0.00871635
2017-03-13,XLK,12.43755560,3.49161748,False,0.00094136,0.00050497,0.00000000,-0.00821578
2017-03-14,XLK,12.40947982,3.47825568,False,-0.00225734,-0.00382682,-0.00225734,-0.01201116
2017-03-15,XLK,12.49370320,3.50835479,False,0.00678702,0.00865351,0.00000000,-0.00346159
2017-03-16,XLK,12.50072412,3.50145419,False,0.00056196,-0.00196691,0.00000000,-0.00542169
2017-03-17,XLK,12.52773426,3.49530518,False,0.00216069,-0.00175613,0.00000000,-0.00716830
2017-03-20,XLK,12.53947870,3.49147076,False,0.00093748,-0.00109702,0.00000000,-0.00825746
2017-03-21,XLK,12.35628135,3.44664194,False,-0.01460965,-0.01283952,-0.01460965,-0.02099096
2017-03-22,XLK,12.43378660,3.45475278,False,0.00627254,0.00235326,-0.00842875,-0.01868710
2017-03-23,XLK,12.40090472,3.45106665,False,-0.00264456,-0.00106697,-0.01105102,-0.01973413
2017-03-24,XLK,12.41030263,3.44855980,False,0.00075784,-0.00072640,-0.01030155,-0.02044620
2017-03-27,XLK,12.41030263,3.44502040,False,0.00000000,-0.00102634,-0.01030155,-0.02145155
2017-03-28,XLK,12.49955134,3.47008942,False,0.00719150,0.00727689,-0.00318413,-0.01433077
2017-03-29,XLK,12.52068976,3.47333303,False,0.00169113,0.00093473,-0.00149838,-0.01340943
2017-03-30,XLK,12.54417274,3.48439273,False,0.00187553,0.00318417,0.00000000,-0.01026795
2017-03-31,XLK,12.52068976,3.47628240,False,-0.00187202,-0.00232761,-0.00187202,-0.01257167
2017-04-03,XLK,12.50894630,3.47023693,False,-0.00093792,-0.00173906,-0.00280819,-0.01428887
2017-04-04,XLK,12.51833930,3.47244851,False,0.00075090,0.00063730,-0.00205940,-0.01366068
2017-04-05,XLK,12.46667143,3.46212531,False,-0.00412737,-0.00297289,-0.00617827,-0.01659295
2017-04-06,XLK,12.46901698,3.47185821,False,0.00018815,0.00281125,-0.00599129,-0.01382835
2017-04-07,XLK,12.46196952,3.46831907,False,-0.00056520,-0.00101938,-0.00655310,-0.01483363
2017-04-10,XLK,12.43848556,3.47038340,False,-0.00188445,0.00059520,-0.00842520,-0.01424726
2017-04-11,XLK,12.39151172,3.46625552,False,-0.00377649,-0.00118946,-0.01216988,-0.01541978
2017-04-12,XLK,12.34923292,3.45106665,False,-0.00341192,-0.00438192,-0.01554027,-0.01973413
2017-04-13,XLK,12.29991256,3.42865172,False,-0.00399380,-0.00649507,-0.01947200,-0.02610103
2017-04-17,XLK,12.41265113,3.45902947,False,0.00916580,0.00885997,-0.01048468,-0.01747232
2017-04-18,XLK,12.41030263,3.44870627,False,-0.00018920,-0.00298442,-0.01067190,-0.02040459
2017-04-19,XLK,12.40090472,3.44236604,False,-0.00075727,-0.00183844,-0.01142108,-0.02220552
2017-04-20,XLK,12.51364034,3.47038340,False,0.00909092,0.00813898,-0.00243399,-0.01424726
2017-04-21,XLK,12.48780395,3.45932318,False,-0.00206466,-0.00318703,-0.00449362,-0.01738889
2017-04-24,XLK,12.63577191,3.49736976,False,0.01184900,0.01099827,0.00000000,-0.00658186
2017-04-25,XLK,12.70153862,3.51771932,False,0.00520480,0.00581853,0.00000000,-0.00080163
2017-04-26,XLK,12.68743979,3.51550645,False,-0.00111001,-0.00062907,-0.00111001,-0.00143019
2017-04-27,XLK,12.73911454,3.51845634,False,0.00407291,0.00083911,0.00000000,-0.00059228
2017-04-28,XLK,12.77199740,3.51078828,False,0.00258125,-0.00217938,0.00000000,-0.00277037
2017-05-01,XLK,12.86829159,3.51963614,False,0.00753948,0.00252019,0.00000000,-0.00025716
2017-05-02,XLK,12.89647550,3.52096319,False,0.00219018,0.00037704,0.00000000,0.00000000
2017-05-03,XLK,12.87298858,3.51668703,False,-0.00182119,-0.00121449,-0.00182119,-0.00121449
2017-05-04,XLK,12.86359067,3.52081568,False,-0.00073005,0.00117402,-0.00254991,-0.00004189
2017-05-05,XLK,12.91056450,3.53467751,False,0.00365169,0.00393711,0.00000000,0.00000000
2017-05-08,XLK,12.96693625,3.53408748,False,0.00436633,-0.00016693,0.00000000,-0.00016693
2017-05-09,XLK,12.98337079,3.53084309,False,0.00126742,-0.00091803,0.00000000,-0.00108480
2017-05-10,XLK,13.03269706,3.53718410,False,0.00379919,0.00179589,0.00000000,0.00000000
2017-05-11,XLK,13.01625071,3.52995804,False,-0.00126193,-0.00204288,-0.00126193,-0.00204288
2017-05-12,XLK,13.04913652,3.52405981,False,0.00252652,-0.00167091,0.00000000,-0.00371038
2017-05-15,XLK,13.12194674,3.54352563,False,0.00557970,0.00552369,0.00000000,0.00000000
2017-05-16,XLK,13.18300958,3.54028098,False,0.00465349,-0.00091566,0.00000000,-0.00091566
2017-05-17,XLK,12.82366724,3.47746273,False,-0.02725799,-0.01774386,-0.02725799,-0.01864327
2017-05-18,XLK,12.89882006,3.49147076,False,0.00586048,0.00402823,-0.02155726,-0.01469014
2017-05-19,XLK,12.97397780,3.51417940,False,0.00582671,0.00650403,-0.01585615,-0.00828165
2017-05-22,XLK,13.07732141,3.53202289,False,0.00796545,0.00507757,-0.00801700,-0.00324613
2017-05-23,XLK,13.10080537,3.53983845,False,0.00179578,0.00221277,-0.00623562,-0.00104054
2017-05-24,XLK,13.15482666,3.54809733,False,0.00412351,0.00233312,-0.00213782,0.00000000
2017-05-25,XLK,13.24876941,3.56505421,False,0.00714131,0.00477915,0.00000000,0.00000000
2017-05-26,XLK,13.24172588,3.56431745,False,-0.00053164,-0.00020666,-0.00053164,-0.00020666
2017-05-30,XLK,13.29809271,3.56122083,False,0.00425676,-0.00086878,0.00000000,-0.00107527
2017-05-31,XLK,13.27695528,3.56033656,False,-0.00158951,-0.00024830,-0.00158951,-0.00132330
2017-06-01,XLK,13.30983519,3.58864946,False,0.00247646,0.00795231,0.00000000,0.00000000
2017-06-02,XLK,13.43196577,3.60059264,False,0.00917597,0.00332804,0.00000000,0.00000000
2017-06-05,XLK,13.44371218,3.59793906,False,0.00087451,-0.00073698,0.00000000,-0.00073698
2017-06-06,XLK,13.41787480,3.58643710,False,-0.00192189,-0.00319682,-0.00192189,-0.00393145
2017-06-07,XLK,13.46015263,3.59307287,False,0.00315086,0.00185024,0.00000000,-0.00208848
2017-06-08,XLK,13.49068306,3.59484244,False,0.00226821,0.00049250,0.00000000,-0.00159701
2017-06-09,XLK,13.15717417,3.58938570,False,-0.02472142,-0.00151794,-0.02472142,-0.00311253
2017-06-12,XLK,13.07966794,3.58864946,False,-0.00589080,-0.00020512,-0.03046659,-0.00331700
2017-06-13,XLK,13.17361855,3.60619715,False,0.00718295,0.00488978,-0.02350248,0.00000000
2017-06-14,XLK,13.11020328,3.60162493,False,-0.00481381,-0.00126788,-0.02820315,-0.00126788
2017-06-15,XLK,13.05148698,3.59469441,False,-0.00447867,-0.00192428,-0.03255551,-0.00318971
2017-06-16,XLK,13.02861152,3.59547982,False,-0.00175271,0.00021849,-0.03425116,-0.00297192
2017-06-19,XLK,13.22197454,3.62541270,False,0.01484141,0.00832514,-0.01991808,0.00000000
2017-06-20,XLK,13.11586268,3.60096362,False,-0.00802542,-0.00674381,-0.02778365,-0.00674381
2017-06-21,XLK,13.18896487,3.60007389,False,0.00557357,-0.00024708,-0.02236493,-0.00698922
2017-06-22,XLK,13.19367759,3.59844350,False,0.00035732,-0.00045288,-0.02201560,-0.00743893
2017-06-23,XLK,13.27621308,3.60274126,False,0.00625568,0.00119434,-0.01589764,-0.00625348
2017-06-26,XLK,13.20547020,3.60511205,False,-0.00532854,0.00065805,-0.02114147,-0.00559954
2017-06-27,XLK,12.98852490,3.57606786,False,-0.01642844,-0.00805639,-0.03722259,-0.01361082
2017-06-28,XLK,13.15122969,3.60807547,False,0.01252681,0.00895050,-0.02516206,-0.00478214
2017-06-29,XLK,12.91542271,3.57636547,False,-0.01793041,-0.00878862,-0.04264131,-0.01352873
2017-06-30,XLK,12.90363109,3.58303298,False,-0.00091299,0.00186432,-0.04351536,-0.01168963
2017-07-03,XLK,12.81402062,3.58910707,False,-0.00694459,0.00169524,-0.05015776,-0.01001421
2017-07-05,XLK,12.94136134,3.59740704,False,0.00993761,0.00231255,-0.04071860,-0.00772482
2017-07-06,XLK,12.82345589,3.56451022,False,-0.00911075,-0.00914459,-0.04945837,-0.01679877
2017-07-07,XLK,12.97201564,3.58762627,False,0.01158500,0.00648505,-0.03844634,-0.01042266
2017-07-10,XLK,13.06634374,3.59147916,False,0.00727166,0.00107394,-0.03145425,-0.00935991
2017-07-11,XLK,13.09464168,3.58881231,False,0.00216571,-0.00074255,-0.02935666,-0.01009551
2017-07-12,XLK,13.26442342,3.61578073,False,0.01296574,0.00751458,-0.01677155,-0.00265679
2017-07-13,XLK,13.29036106,3.62185664,False,0.00195543,0.00168039,-0.01484891,-0.00098087
2017-07-14,XLK,13.40826848,3.63874953,False,0.00887165,0.00466415,-0.00610900,0.00000000
2017-07-17,XLK,13.41062583,3.63830492,False,0.00017581,-0.00012219,-0.00593426,-0.00012219
2017-07-18,XLK,13.47194131,3.64023033,False,0.00457216,0.00052920,-0.00138924,0.00000000
2017-07-19,XLK,13.54032390,3.65993913,False,0.00507593,0.00541416,0.00000000,0.00000000
2017-07-20,XLK,13.56861791,3.66156926,False,0.00208961,0.00044540,0.00000000,0.00000000
2017-07-21,XLK,13.55211749,3.65830900,False,-0.00121607,-0.00089040,-0.00121607,-0.00089040
2017-07-24,XLK,13.58512913,3.65742031,False,0.00243590,-0.00024292,0.00000000,-0.00113311
2017-07-25,XLK,13.55919050,3.66631057,False,-0.00190934,0.00243075,-0.00190934,0.00000000
2017-07-26,XLK,13.61106579,3.66645808,False,0.00382584,0.00004023,0.00000000,0.00000000
2017-07-27,XLK,13.55919050,3.66305032,False,-0.00381126,-0.00092944,-0.00381126,-0.00092944
2017-07-28,XLK,13.54503760,3.65875360,False,-0.00104379,-0.00117299,-0.00485107,-0.00210134
2017-07-31,XLK,13.47901039,3.65667861,False,-0.00487464,-0.00056713,-0.00970206,-0.00266728
2017-08-01,XLK,13.54739789,3.66482977,False,0.00507363,0.00222912,-0.00467766,-0.00044411
2017-08-02,XLK,13.58512913,3.66660793,False,0.00278513,0.00048520,-0.00190556,0.00000000
2017-08-03,XLK,13.55447090,3.65949530,False,-0.00225675,-0.00193984,-0.00415801,-0.00193984
2017-08-04,XLK,13.58512913,3.66616307,False,0.00226185,0.00182204,-0.00190556,-0.00012133
2017-08-07,XLK,13.66766069,3.67297860,False,0.00607514,0.00185904,0.00000000,0.00000000
2017-08-08,XLK,13.64879408,3.66394005,False,-0.00138038,-0.00246082,-0.00138038,-0.00246082
2017-08-09,XLK,13.64172009,3.66379254,False,-0.00051829,-0.00004026,-0.00189795,-0.00250098
2017-08-10,XLK,13.37289951,3.61207665,False,-0.01970577,-0.01411540,-0.02156632,-0.01658108
2017-08-11,XLK,13.46486240,3.61741086,False,0.00687681,0.00147677,-0.01483782,-0.01512880
2017-08-14,XLK,13.67945231,3.65327110,False,0.01593703,0.00991323,0.00000000,-0.00536554
2017-08-15,XLK,13.70067528,3.65282676,False,0.00155145,-0.00012163,0.00000000,-0.00548651
2017-08-16,XLK,13.74076190,3.65919821,False,0.00292589,0.00174425,0.00000000,-0.00375183
2017-08-17,XLK,13.47194131,3.60214784,False,-0.01956373,-0.01559095,-0.01956373,-0.01928428
2017-08-18,XLK,13.45778742,3.59651758,False,-0.00105062,-0.00156303,-0.02059380,-0.02081717
2017-08-21,XLK,13.45307077,3.59933297,False,-0.00035048,0.00078281,-0.02093706,-0.02005066
2017-08-22,XLK,13.65351172,3.63697189,False,0.01489927,0.01045719,-0.00634973,-0.00980314
2017-08-23,XLK,13.62049910,3.62393086,False,-0.00241789,-0.00358568,-0.00875227,-0.01335367
2017-08-24,XLK,13.60870551,3.61548493,False,-0.00086587,-0.00233060,-0.00961056,-0.01565314
2017-08-25,XLK,13.60635013,3.62393086,False,-0.00017308,0.00233604,-0.00978197,-0.01335367
2017-08-28,XLK,13.63228876,3.62407888,False,0.00190636,0.00004085,-0.00789426,-0.01331337
2017-08-29,XLK,13.69124001,3.62822835,False,0.00432438,0.00114497,-0.00360401,-0.01218364
2017-08-30,XLK,13.79028083,3.64541677,False,0.00723388,0.00473741,0.00000000,-0.00750394
2017-08-31,XLK,13.87281632,3.66734807,False,0.00598505,0.00601613,0.00000000,-0.00153296
2017-09-01,XLK,13.86102174,3.67253478,False,-0.00085019,0.00141429,-0.00085019,-0.00012083
2017-09-05,XLK,13.73840259,3.64615795,False,-0.00884633,-0.00718218,-0.00968900,-0.00730215
2017-09-06,XLK,13.75019815,3.65860557,False,0.00085858,0.00341390,-0.00883874,-0.00391318
2017-09-07,XLK,13.79735777,3.65816071,False,0.00342974,-0.00012159,-0.00543931,-0.00403430
2017-09-08,XLK,13.68416799,3.65386399,False,-0.00820373,-0.00117456,-0.01359842,-0.00520412
2017-09-11,XLK,13.87753396,3.69283543,False,0.01413063,0.01066581,0.00000000,0.00000000
2017-09-12,XLK,13.91054756,3.70528305,False,0.00237892,0.00337075,0.00000000,0.00000000
2017-09-13,XLK,13.89168293,3.70706094,False,-0.00135614,0.00047983,-0.00135614,0.00000000
2017-09-14,XLK,13.84451839,3.70587516,False,-0.00339516,-0.00031987,-0.00474670,-0.00031987
2017-09-15,XLK,13.90107985,3.71086493,False,0.00408548,0.00134645,-0.00068061,0.00000000
2017-09-18,XLK,13.91291277,3.71875776,False,0.00085122,0.00212695,0.00000000,0.00000000
2017-09-19,XLK,13.97444354,3.72247901,False,0.00442257,0.00100067,0.00000000,0.00000000
2017-09-20,XLK,13.91764810,3.72381959,False,-0.00406424,0.00036013,-0.00406424,0.00000000
2017-09-21,XLK,13.84191823,3.71384266,False,-0.00544128,-0.00267922,-0.00948340,-0.00267922
2017-09-22,XLK,13.84901582,3.71458774,False,0.00051276,0.00020062,-0.00897551,-0.00247913
2017-09-25,XLK,13.68572709,3.70699200,False,-0.01179064,-0.00204484,-0.02066032,-0.00451890
2017-09-26,XLK,13.73541905,3.70922569,False,0.00363093,0.00060256,-0.01710440,-0.00391907
2017-09-27,XLK,13.87505079,3.72367104,False,0.01016582,0.00389444,-0.00711247,-0.00003989
2017-09-28,XLK,13.89161608,3.72813842,False,0.00119389,0.00119972,-0.00592707,0.00000000
2017-09-29,XLK,13.98627449,3.74124345,False,0.00681407,0.00351517,0.00000000,0.00000000
2017-10-02,XLK,14.00757707,3.75747580,False,0.00152311,0.00433876,0.00000000,0.00000000
2017-10-03,XLK,14.04070668,3.76551640,False,0.00236512,0.00213989,0.00000000,0.00000000
2017-10-04,XLK,14.03124192,3.76998378,False,-0.00067409,0.00118639,-0.00067409,0.00000000
2017-10-05,XLK,14.16613341,3.79232196,False,0.00961365,0.00592527,0.00000000,0.00000000
2017-10-06,XLK,14.18743699,3.78800339,False,0.00150384,-0.00113877,0.00000000,-0.00113877
2017-10-09,XLK,14.22293082,3.78174901,False,0.00250178,-0.00165110,0.00000000,-0.00278799
2017-10-10,XLK,14.23713287,3.79172621,False,0.00099853,0.00263825,0.00000000,-0.00015709
2017-10-11,XLK,14.28446060,3.79768297,False,0.00332425,0.00157099,0.00000000,0.00000000
2017-10-12,XLK,14.24895989,3.79202408,False,-0.00248527,-0.00149009,-0.00248527,-0.00149009
2017-10-13,XLK,14.31759414,3.79664079,False,0.00481679,0.00121748,0.00000000,-0.00027443
2017-10-16,XLK,14.36965719,3.80170340,False,0.00363630,0.00133344,0.00000000,0.00000000
2017-10-17,XLK,14.36965719,3.80438403,False,0.00000000,0.00070511,0.00000000,0.00000000
2017-10-18,XLK,14.40515397,3.80810737,False,0.00247026,0.00097870,0.00000000,0.00000000
2017-10-19,XLK,14.36255371,3.80914929,False,-0.00295729,0.00027361,-0.00295729,0.00000000
2017-10-20,XLK,14.45958420,3.82880657,False,0.00675580,0.00516055,0.00000000,0.00000000
2017-10-23,XLK,14.39095585,3.81391480,False,-0.00474622,-0.00388940,-0.00474622,-0.00388940
2017-10-24,XLK,14.43118697,3.82061560,False,0.00279558,0.00175694,-0.00196390,-0.00213930
2017-10-25,XLK,14.35309386,3.80170340,False,-0.00541141,-0.00495004,-0.00736469,-0.00707875
2017-10-26,XLK,14.41225352,3.80661694,False,0.00412174,0.00129246,-0.00327331,-0.00579544
2017-10-27,XLK,14.80036763,3.83774211,False,0.02692945,0.00817660,0.00000000,0.00000000
2017-10-30,XLK,14.83350215,3.82344531,False,0.00223876,-0.00372532,0.00000000,-0.00372532
2017-10-31,XLK,14.89739615,3.82940181,False,0.00430741,0.00155789,0.00000000,-0.00217323
2017-11-01,XLK,14.89976235,3.83446572,False,0.00015883,0.00132238,0.00000000,-0.00085373
2017-11-02,XLK,14.90686190,3.83595380,False,0.00047649,0.00038808,0.00000000,-0.00046598
2017-11-03,XLK,15.02519105,3.84876122,False,0.00793790,0.00333878,0.00000000,0.00000000
2017-11-06,XLK,15.05831967,3.85471902,False,0.00220487,0.00154798,0.00000000,0.00000000
2017-11-07,XLK,15.06542021,3.85203813,False,0.00047154,-0.00069548,0.00000000,-0.00069548
2017-11-08,XLK,15.14825061,3.85858960,False,0.00549805,0.00170078,0.00000000,0.00000000
2017-11-09,XLK,15.02755429,3.84459198,False,-0.00796767,-0.00362765,-0.00796767,-0.00362765
2017-11-10,XLK,15.02755429,3.84340073,False,0.00000000,-0.00030985,-0.00796767,-0.00393638
2017-11-13,XLK,15.02282387,3.84697448,False,-0.00031478,0.00092984,-0.00827995,-0.00301020
2017-11-14,XLK,14.99205456,3.83803946,False,-0.00204817,-0.00232261,-0.01031116,-0.00532582
2017-11-15,XLK,14.88082988,3.81882912,False,-0.00741891,-0.00500525,-0.01765357,-0.01030441
2017-11-16,XLK,15.08908505,3.85129304,False,0.01399486,0.00850101,-0.00390577,-0.00189099
2017-11-17,XLK,14.99205456,3.83997502,False,-0.00643051,-0.00293876,-0.01031116,-0.00482419
2017-11-20,XLK,15.04885393,3.84652753,False,0.00378863,0.00170640,-0.00656159,-0.00312603
2017-11-21,XLK,15.20741421,3.87169490,False,0.01053637,0.00654288,0.00000000,0.00000000
2017-11-22,XLK,15.17901206,3.86827074,False,-0.00186765,-0.00088441,-0.00186765,-0.00088441
2017-11-24,XLK,15.26420964,3.87720445,False,0.00561285,0.00230948,0.00000000,0.00000000
2017-11-27,XLK,15.26420964,3.87526864,False,0.00000000,-0.00049928,0.00000000,-0.00049928
2017-11-28,XLK,15.31390258,3.91458218,False,0.00325552,0.01014473,0.00000000,0.00000000
2017-11-29,XLK,14.97549615,3.91220020,False,-0.02209799,-0.00060849,-0.02209799,-0.00060849
2017-11-30,XLK,15.10801949,3.94645113,False,0.00884935,0.00875490,-0.01344419,0.00000000
2017-12-01,XLK,15.02992343,3.93826068,False,-0.00516918,-0.00207540,-0.01854388,-0.00207540
2017-12-04,XLK,14.78853177,3.93349620,False,-0.01606074,-0.00120979,-0.03430679,-0.00328268
2017-12-05,XLK,14.79326513,3.91934821,False,0.00032007,-0.00359680,-0.03399770,-0.00686767
2017-12-06,XLK,14.88792943,3.92009277,False,0.00639915,0.00018997,-0.02781611,-0.00667900
2017-12-07,XLK,14.98022460,3.93245350,False,0.00619933,0.00315317,-0.02178922,-0.00354689
2017-12-08,XLK,15.05122110,3.95389675,False,0.00473935,0.00545289,-0.01715314,0.00000000
2017-12-11,XLK,15.18138120,3.96581054,False,0.00864781,0.00301318,-0.00865366,0.00000000
2017-12-12,XLK,15.17664784,3.97280870,False,-0.00031179,0.00176462,-0.00896275,0.00000000
2017-12-13,XLK,15.18138120,3.97236253,False,0.00031188,-0.00011230,-0.00865366,-0.00011230
2017-12-14,XLK,15.16244775,3.95613044,False,-0.00124715,-0.00408626,-0.00989002,-0.00419810
2017-12-15,XLK,15.33537228,3.98907513,False,0.01140479,0.00832750,0.00000000,0.00000000
2017-12-18,XLK,15.47076710,4.01437075,False,0.00882892,0.00634122,0.00000000,0.00000000
2017-12-19,XLK,15.37575872,3.99895476,False,-0.00614115,-0.00384020,-0.00614115,-0.00384020
2017-12-20,XLK,15.37100275,3.99685844,False,-0.00030932,-0.00052422,-0.00644857,-0.00436241
2017-12-21,XLK,15.34013022,4.00509025,False,-0.00200849,0.00205957,-0.00844411,-0.00231182
2017-12-22,XLK,15.33062712,4.00404261,False,-0.00061949,-0.00026158,-0.00905837,-0.00257279
2017-12-26,XLK,15.22848578,3.99925342,False,-0.00666257,-0.00119609,-0.01566059,-0.00376580
2017-12-27,XLK,15.24511202,4.00119886,False,0.00109179,0.00048645,-0.01458590,-0.00328118
2017-12-28,XLK,15.27123939,4.00943197,False,0.00171382,0.00205766,-0.01289708,-0.00123027
2017-12-29,XLK,15.19047830,3.99431256,False,-0.00528844,-0.00377096,-0.01811732,-0.00499660
2018-01-02,XLK,15.37813180,4.02290148,False,0.01235336,0.00715741,-0.00598776,0.00000000
2018-01-03,XLK,15.50640543,4.04834773,False,0.00834130,0.00632535,0.00000000,0.00000000
2018-01-04,XLK,15.58478854,4.06541102,False,0.00505489,0.00421488,0.00000000,0.00000000
2018-01-05,XLK,15.74868872,4.09250249,False,0.01051668,0.00666389,0.00000000,0.00000000
2018-01-08,XLK,15.80807448,4.09998714,False,0.00377084,0.00182887,0.00000000,0.00000000
2018-01-09,XLK,15.76769098,4.10926659,False,-0.00255461,0.00226329,-0.00255461,0.00000000
2018-01-10,XLK,15.71306217,4.10297970,False,-0.00346460,-0.00152993,-0.00601037,-0.00152993
2018-01-11,XLK,15.77719899,4.13291518,False,0.00408175,0.00729603,-0.00195315,0.00000000
2018-01-12,XLK,15.86983134,4.15985784,False,0.00587128,0.00651904,0.00000000,0.00000000
2018-01-16,XLK,15.80807448,4.14563856,False,-0.00389146,-0.00341821,-0.00389146,-0.00341821
2018-01-17,XLK,16.04560769,4.18515346,False,0.01502607,0.00953168,0.00000000,0.00000000
2018-01-18,XLK,16.07411108,4.17811809,False,0.00177640,-0.00168103,0.00000000,-0.00168103
2018-01-19,XLK,16.10499836,4.19712708,False,0.00192155,0.00454965,0.00000000,0.00000000
2018-01-22,XLK,16.26176655,4.23125443,False,0.00973413,0.00813112,0.00000000,0.00000000
2018-01-23,XLK,16.33302454,4.24023523,False,0.00438193,0.00212249,0.00000000,0.00000000
2018-01-24,XLK,16.20713577,4.23858793,False,-0.00770762,-0.00038849,-0.00770762,-0.00038849
2018-01-25,XLK,16.17863238,4.24038560,False,-0.00175869,0.00042412,-0.00945276,0.00000000
2018-01-26,XLK,16.43517080,4.28947913,False,0.01585662,0.01157761,0.00000000,0.00000000
2018-01-29,XLK,16.28551986,4.26104162,False,-0.00910553,-0.00662959,-0.00910553,-0.00662959
2018-01-30,XLK,16.13825577,4.21733381,False,-0.00904264,-0.01025754,-0.01806583,-0.01681913
2018-01-31,XLK,16.25939052,4.21943040,False,0.00750606,0.00049714,-0.01069537,-0.01633036
2018-02-01,XLK,16.27364664,4.21463991,False,0.00087679,-0.00113534,-0.00982796,-0.01744716
2018-02-02,XLK,15.79145217,4.12288699,False,-0.02963039,-0.02177005,-0.03916714,-0.03883738
2018-02-05,XLK,15.13109352,3.95045803,False,-0.04181747,-0.04182238,-0.07934674,-0.07903549
2018-02-06,XLK,15.56578529,4.02829059,False,0.02872838,0.01970216,-0.05289787,-0.06089050
2018-02-07,XLK,15.36625956,4.00643759,False,-0.01281822,-0.00542488,-0.06503804,-0.06598506
2018-02-08,XLK,14.72965522,3.85616054,False,-0.04142871,-0.03750890,-0.10377231,-0.10101893
2018-02-09,XLK,15.09071101,3.91408684,False,0.02451217,0.01502176,-0.08180382,-0.08751466
2018-02-12,XLK,15.36150359,3.97156230,False,0.01794432,0.01468426,-0.06532741,-0.07411549
2018-02-13,XLK,15.39950812,3.98144063,False,0.00247401,0.00248727,-0.06301502,-0.07181256
2018-02-14,XLK,15.68217883,4.03517558,False,0.01835583,0.01349636,-0.04581589,-0.05928541
2018-02-15,XLK,15.98147087,4.08666540,False,0.01908485,0.01276024,-0.02760543,-0.04728167
2018-02-16,XLK,15.95772345,4.08786263,False,-0.00148593,0.00029296,-0.02905034,-0.04700256
2018-02-20,XLK,15.97197269,4.06226679,False,0.00089294,-0.00626142,-0.02818335,-0.05296968
2018-02-21,XLK,15.86983134,4.04206057,False,-0.00639504,-0.00497412,-0.03439815,-0.05768033
2018-02-22,XLK,15.88883557,4.04730009,False,0.00119751,0.00129625,-0.03324183,-0.05645885
2018-02-23,XLK,16.22139091,4.11181065,False,0.02093013,0.01593916,-0.01300746,-0.04141959
2018-02-26,XLK,16.47555331,4.15955866,False,0.01566835,0.01161241,0.00000000,-0.03028817
2018-02-27,XLK,16.30927614,4.10761982,False,-0.01009236,-0.01248662,-0.01009236,-0.04239660
2018-02-28,XLK,16.19288064,4.06600963,False,-0.00713677,-0.01013000,-0.01715710,-0.05209712
2018-03-01,XLE,16.20736389,4.00688714,True,0.00089442,-0.01454067,-0.01627802,-0.06588026
2018-03-02,XLE,16.28276055,4.02754160,True,0.00465200,0.00515474,-0.01170175,-0.06106511
2018-03-05,XLE,16.45543434,4.07409212,True,0.01060470,0.01155805,-0.00122114,-0.05021286
2018-03-06,XLE,16.46516298,4.08441818,True,0.00059121,0.00253457,-0.00063065,-0.04780556
2018-03-07,XLE,16.34112976,4.08292333,True,-0.00753307,-0.00036599,-0.00815897,-0.04815405
2018-03-08,XLE,16.33626210,4.10268000,True,-0.00029788,0.00483885,-0.00845442,-0.04354821
2018-03-09,XLE,16.64757074,4.17407685,True,0.01905630,0.01740249,0.00000000,-0.02690356
2018-03-12,XLE,16.64270175,4.16883864,True,-0.00029247,-0.00125494,-0.00029247,-0.02812474
2018-03-13,XLE,16.52353352,4.14189624,True,-0.00716039,-0.00646281,-0.00745077,-0.03440578
2018-03-14,XLE,16.42624840,4.12064238,True,-0.00588767,-0.00513143,-0.01329457,-0.03936066
2018-03-15,XLE,16.34112976,4.11615107,True,-0.00518187,-0.00108995,-0.01840755,-0.04040772
2018-03-16,XLE,16.48686483,4.12061584,True,0.00891830,0.00108470,-0.00965342,-0.03936685
2018-03-19,XLE,16.23212735,4.06486209,True,-0.01545094,-0.01353044,-0.02495520,-0.05236464
2018-03-20,XLE,16.36929471,4.07177544,True,0.00845036,0.00170076,-0.01671571,-0.05075294
2018-03-21,XLE,16.79794022,4.06396040,True,0.02618595,-0.00191932,0.00000000,-0.05257485
2018-03-22,XLE,16.45502115,3.96237285,True,-0.02041435,-0.02499718,-0.02041435,-0.07625781
2018-03-23,XLE,16.35460111,3.87791649,True,-0.00610270,-0.02131459,-0.02639247,-0.09594700
2018-03-26,XLE,16.64852241,3.98401252,True,0.01797178,0.02735903,-0.00889501,-0.07121298
2018-03-27,XLE,16.49176847,3.91623754,True,-0.00941549,-0.01701174,-0.01822674,-0.08701327
2018-03-28,XLE,16.17089113,3.90466638,True,-0.01945682,-0.00295466,-0.03732893,-0.08971083
2018-03-29,XLE,16.51136305,3.95455833,True,0.02105462,0.01277752,-0.01706026,-0.07807960
2018-04-02,XLK,16.10341053,3.86920053,True,-0.02470738,-0.02158466,-0.04134612,-0.09797893
2018-04-03,XLK,16.26227657,3.91879278,True,0.00986537,0.01281718,-0.03188865,-0.08641757
2018-04-04,XLK,16.48922137,3.96071879,True,0.01395529,0.01069871,-0.01837838,-0.07664342
2018-04-05,XLK,16.55731261,3.99197768,True,0.00412944,0.00789223,-0.01432483,-0.06935608
2018-04-06,XLK,16.15132336,3.90301232,True,-0.02452024,-0.02228604,-0.03849382,-0.09009644
2018-04-09,XLK,16.27740934,3.92224919,True,0.00780654,0.00492873,-0.03098778,-0.08561178
2018-04-10,XLK,16.67835295,3.98461400,True,0.02463191,0.01590027,-0.00711916,-0.07107276
2018-04-11,XLK,16.58000553,3.96372436,True,-0.00589671,-0.00524258,-0.01297389,-0.07594273
2018-04-12,XLK,16.77922112,3.99633527,True,0.01201541,0.00822734,-0.00111437,-0.06834020
2018-04-13,XLK,16.72374503,3.98461400,True,-0.00330624,-0.00293300,-0.00441692,-0.07107276
2018-04-16,XLK,16.85234448,4.01737450,True,0.00768963,0.00822175,0.00000000,-0.06343536
2018-04-17,XLK,17.16503612,4.06035413,True,0.01855479,0.01069844,0.00000000,-0.05341558
2018-04-18,XLK,17.11964403,4.06335996,True,-0.00264445,0.00074029,-0.00264445,-0.05271483
2018-04-19,XLK,16.93052077,4.04081782,True,-0.01104715,-0.00554766,-0.01366239,-0.05797005
2018-04-20,XLK,16.69600543,4.00655362,True,-0.01385163,-0.00847952,-0.02732477,-0.06595801
2018-04-23,XLK,16.63548161,4.00595319,True,-0.00362505,-0.00014986,-0.03085077,-0.06609799
2018-04-24,XLK,16.34549538,3.95200491,True,-0.01743179,-0.01346703,-0.04774477,-0.07867487
2018-04-25,XLK,16.34801197,3.96177111,True,0.00015396,0.00247120,-0.04759816,-0.07639809
2018-04-26,XLK,16.64557499,4.00204488,True,0.01820179,0.01016560,-0.03026275,-0.06700913
2018-04-27,XLK,16.61531360,4.00580308,True,-0.00181798,0.00093907,-0.03202571,-0.06613298
2018-04-30,XLK,16.50687280,3.97499634,True,-0.00652656,-0.00769053,-0.03834325,-0.07331491
2018-05-01,XLE,16.44975917,3.98205876,True,-0.00345999,0.00177671,-0.04167058,-0.07166846
2018-05-02,XLE,16.51703119,3.95530991,True,0.00408954,-0.00671734,-0.03775145,-0.07790438
2018-05-03,XLE,16.47890851,3.94659291,True,-0.00230808,-0.00220387,-0.03997240,-0.07993656
2018-05-04,XLE,16.55963200,3.99768781,True,0.00489859,0.01294659,-0.03526961,-0.06802488
2018-05-07,XLE,16.58205682,4.01121325,True,0.00135419,0.00338332,-0.03396318,-0.06487172
2018-05-08,XLE,16.71211296,4.01121325,True,0.00784319,0.00000000,-0.02638638,-0.06487172
2018-05-09,XLE,17.05295240,4.04998463,True,0.02039475,0.00966575,-0.00652977,-0.05583300
2018-05-10,XLE,17.18076215,4.08785378,True,0.00749488,0.00935044,0.00000000,-0.04700462
2018-05-11,XLE,17.20542481,4.10032872,True,0.00143548,0.00305171,0.00000000,-0.04409636
2018-05-14,XLE,17.32426855,4.10228144,True,0.00690734,0.00047624,0.00000000,-0.04364112
2018-05-15,XLE,17.32875644,4.07402890,True,0.00025905,-0.00688703,0.00000000,-0.05022760
2018-05-16,XLE,17.38930150,4.09115931,True,0.00349391,0.00420478,0.00000000,-0.04623401
2018-05-17,XLE,17.65164675,4.08770393,True,0.01508659,-0.00084460,0.00000000,-0.04703956
2018-05-18,XLE,17.51487097,4.07748636,True,-0.00774861,-0.00249959,-0.00774861,-0.04942156
2018-05-21,XLE,17.69425610,4.10814091,True,0.01024188,0.00751800,0.00000000,-0.04227511
2018-05-22,XLE,17.45881380,4.09672011,True,-0.01330614,-0.00278004,-0.01330614,-0.04493763
2018-05-23,XLE,17.45656741,4.10799210,True,-0.00012867,0.00275147,-0.01343310,-0.04230981
2018-05-24,XLE,17.16954730,4.09957531,True,-0.01644196,-0.00204888,-0.02965419,-0.04427200
2018-05-25,XLE,16.72332659,4.08980754,True,-0.02598908,-0.00238263,-0.05487258,-0.04654914
2018-05-29,XLE,16.67175121,4.04277002,True,-0.00308404,-0.01150116,-0.05778739,-0.05751493
2018-05-30,XLE,17.17627914,4.09672011,True,0.03026244,0.01334483,-0.02927373,-0.04493763
2018-05-31,XLE,17.04622543,4.07162429,True,-0.00757170,-0.00612583,-0.03662379,-0.05078818
2018-06-01,XLE,17.12694161,4.11159888,False,0.00473513,0.00981785,-0.03206207,-0.04146896
2018-06-04,XLE,16.97895098,4.13113442,False,-0.00864081,0.00475132,-0.04042584,-0.03691467
2018-06-05,XLE,16.93859167,4.13413920,False,-0.00237702,0.00072735,-0.04270676,-0.03621417
2018-06-06,XLE,17.01931517,4.16870362,False,0.00476566,0.00836073,-0.03814463,-0.02815622
2018-06-07,XLE,17.27717862,4.16825303,False,0.01515122,-0.00010809,-0.02357135,-0.02826126
2018-06-08,XLE,17.24354749,4.18057630,False,-0.00194656,0.00295646,-0.02547203,-0.02538836
2018-06-11,XLE,17.33324433,4.18613632,False,0.00520176,0.00132997,-0.02040277,-0.02409216
2018-06-12,XLE,17.20094302,4.19154650,False,-0.00763281,0.00129240,-0.02787984,-0.02283089
2018-06-13,XLE,17.13591739,4.17817195,False,-0.00378035,-0.00319084,-0.03155480,-0.02594888
2018-06-14,XLE,17.11124985,4.18869260,False,-0.00143952,0.00251800,-0.03294890,-0.02349622
2018-06-15,XLE,16.74372954,4.18334720,False,-0.02147829,-0.00127615,-0.05371950,-0.02474238
2018-06-18,XLE,16.91078334,4.17474181,False,0.00997710,-0.00205706,-0.04427837,-0.02674854
2018-06-19,XLE,16.87240441,4.15874255,False,-0.00226949,-0.00383239,-0.04644737,-0.03047843
2018-06-20,XLE,16.94690123,4.16583645,False,0.00441531,0.00170578,-0.04223715,-0.02882464
2018-06-21,XLE,16.63311360,4.13972108,False,-0.01851593,-0.00626894,-0.05997101,-0.03491287
2018-06-22,XLE,16.96496262,4.14726973,False,0.01995111,0.00182347,-0.04121640,-0.03315307
2018-06-25,XLE,16.62408535,4.09081278,False,-0.02009302,-0.01361304,-0.06048125,-0.04631479
2018-06-26,XLE,16.83403037,4.09987085,False,0.01262897,0.00221425,-0.04861610,-0.04420310
2018-06-27,XLE,17.05977453,4.06590531,False,0.01340999,-0.00828454,-0.03585805,-0.05212144
2018-06-28,XLE,17.03720329,4.08915326,False,-0.00132307,0.00571778,-0.03713368,-0.04670168
2018-06-29,XLE,17.14330448,4.09503978,False,0.00622762,0.00143954,-0.03113731,-0.04532936
2018-07-02,XLE,16.89046336,4.10379632,False,-0.01474868,0.00213833,-0.04542676,-0.04328796
2018-07-03,XLE,16.99656943,4.08930467,False,0.00628201,-0.00353128,-0.03943012,-0.04666638
2018-07-05,XLE,16.97851293,4.12266326,False,-0.00106236,0.00815752,-0.04045059,-0.03888954
2018-07-06,XLE,17.08235309,4.15753491,False,0.00611597,0.00845853,-0.03458201,-0.03075996
2018-07-09,XLE,17.33744914,4.19497065,False,0.01493331,0.00900431,-0.02016513,-0.02203262
2018-07-10,XLE,17.46612402,4.21006509,False,0.00742179,0.00359822,-0.01289300,-0.01851368
2018-07-11,XLE,17.09589608,4.17927110,False,-0.02119691,-0.00731437,-0.03381662,-0.02569264
2018-07-12,XLE,17.12524553,4.21716107,False,0.00171675,0.00906617,-0.03215793,-0.01685940
2018-07-13,XLE,17.21554392,4.22048194,False,0.00527282,0.00078747,-0.02705467,-0.01608521
2018-07-16,XLE,17.01688819,4.21670892,False,-0.01153932,-0.00089398,-0.03828180,-0.01696481
2018-07-17,XLE,16.94916226,4.23376414,False,-0.00397992,0.00404468,-0.04210936,-0.01298875
2018-07-18,XLE,16.96044788,4.24267054,False,0.00066585,0.00210366,-0.04147155,-0.01091242
2018-07-19,XLE,16.96496262,4.22666998,False,0.00026619,-0.00377134,-0.04121640,-0.01464260
2018-07-20,XLE,16.90626860,4.22183917,False,-0.00345972,-0.00114294,-0.04453352,-0.01576880
2018-07-23,XLE,16.83176812,4.22969064,False,-0.00440668,0.00185973,-0.04874395,-0.01393840
2018-07-24,XLE,17.04397539,4.25097337,False,0.01260754,0.00503175,-0.03675095,-0.00897679
2018-07-25,XLE,17.18619326,4.28720225,False,0.00834417,0.00852249,-0.02871343,-0.00053080
2018-07-26,XLE,17.37356947,4.27708848,False,0.01090272,-0.00235906,-0.01812377,-0.00288861
2018-07-27,XLE,17.29906777,4.24810621,False,-0.00428822,-0.00677617,-0.02233427,-0.00964521
2018-07-30,XLE,17.44128930,4.22591579,False,0.00822134,-0.00522360,-0.01429655,-0.01481843
2018-07-31,XLE,17.40968737,4.24674638,False,-0.00181190,0.00492925,-0.01608255,-0.00996222
2018-08-01,XLK,17.27255502,4.23965326,True,-0.00787678,-0.00167025,-0.02383265,-0.01161583
2018-08-02,XLK,17.48978616,4.26274875,True,0.01257667,0.00544750,-0.01155572,-0.00623161
2018-08-03,XLK,17.55254425,4.28101448,True,0.00358827,0.00428496,-0.00800892,-0.00197335
2018-08-06,XLK,17.64667444,4.29671247,True,0.00536277,0.00366689,-0.00268910,0.00000000
2018-08-07,XLK,17.71425900,4.31090391,True,0.00382988,0.00330286,0.00000000,0.00000000
2018-08-08,XLK,17.76253369,4.30909011,True,0.00272519,-0.00042075,0.00000000,-0.00042075
2018-08-09,XLK,17.76978134,4.30320411,True,0.00040803,-0.00136595,0.00000000,-0.00178612
2018-08-10,XLK,17.62737250,4.27437273,True,-0.00801410,-0.00669998,-0.00801410,-0.00847413
2018-08-13,XLK,17.60323019,4.25837061,True,-0.00136959,-0.00374373,-0.00937272,-0.01218614
2018-08-14,XLK,17.71184576,4.28554143,True,0.00617021,0.00638057,-0.00326034,-0.00588333
2018-08-15,XLK,17.55254425,4.25353980,True,-0.00899407,-0.00746735,-0.01222509,-0.01330675
2018-08-16,XLK,17.62977978,4.28795696,True,0.00440025,0.00809142,-0.00787863,-0.00532300
2018-08-17,XLK,17.65633532,4.30305270,True,0.00150629,0.00352050,-0.00638421,-0.00182124
2018-08-20,XLK,17.62977978,4.31226061,True,-0.00150402,0.00213986,-0.00787863,0.00000000
2018-08-21,XLK,17.65874459,4.32237439,True,0.00164295,0.00234535,-0.00624863,0.00000000
2018-08-22,XLK,17.71184576,4.31980744,True,0.00300707,-0.00059387,-0.00326034,-0.00059387
2018-08-23,XLK,17.75046154,4.31407337,True,0.00218022,-0.00132739,-0.00108723,-0.00192048
2018-08-24,XLK,17.92908087,4.34003603,True,0.01006280,0.00601813,0.00000000,0.00000000
2018-08-27,XLK,18.09321283,4.37430074,True,0.00915451,0.00789503,0.00000000,0.00000000
2018-08-28,XLK,18.12458890,4.37641684,True,0.00173413,0.00048376,0.00000000,0.00000000
2018-08-29,XLK,18.28872681,4.39996396,True,0.00905609,0.00538046,0.00000000,0.00000000
2018-08-30,XLK,18.23321042,4.38215117,True,-0.00303555,-0.00404839,-0.00303555,-0.00404839
2018-08-31,XLK,18.24768985,4.38230206,True,0.00079412,0.00003443,-0.00224384,-0.00401410
2018-09-04,XLK,18.17768610,4.37475497,False,-0.00383631,-0.00172217,-0.00607154,-0.00572936
2018-09-05,XLK,17.95080399,4.36298011,False,-0.01248135,-0.00269155,-0.01847711,-0.00840549
2018-09-06,XLK,17.82046927,4.34984698,False,-0.00726066,-0.00301013,-0.02560362,-0.01139032
2018-09-07,XLK,17.76012244,4.34139560,False,-0.00338638,-0.00194292,-0.02890329,-0.01331110
2018-09-10,XLK,17.81563883,4.34894269,False,0.00312590,0.00173840,-0.02586774,-0.01159584
2018-09-11,XLK,17.96769864,4.36328371,False,0.00853519,0.00329759,-0.01755334,-0.00833649
2018-09-12,XLK,17.89287238,4.36433838,False,-0.00416449,0.00024171,-0.02164472,-0.00809679
2018-09-13,XLK,18.10287174,4.39015145,False,0.01173648,0.00591454,-0.01016227,-0.00223014
2018-09-14,XLK,18.08839033,4.39090746,False,-0.00079995,0.00017221,-0.01095410,-0.00205831
2018-09-17,XLK,17.86149234,4.36765951,False,-0.01254385,-0.00529456,-0.02336054,-0.00734198
2018-09-18,XLK,17.97494034,4.39135961,False,0.00635154,0.00542627,-0.01715737,-0.00195555
2018-09-19,XLK,17.92908087,4.39603979,False,-0.00255130,0.00106577,-0.01966490,-0.00089186
2018-09-20,XLK,18.14149149,4.43166381,False,0.01184727,0.00810366,-0.00805061,0.00000000
2018-09-21,XLK,18.06979490,4.42761528,False,-0.00395208,-0.00091355,-0.01197087,-0.00091355
2018-09-24,XLK,18.15941614,4.41290770,False,0.00495973,-0.00332178,-0.00707051,-0.00423230
2018-09-25,XLK,18.13761761,4.40881234,False,-0.00120040,-0.00092804,-0.00826242,-0.00515641
2018-09-26,XLK,18.06979490,4.39561886,False,-0.00373934,-0.00299253,-0.01197087,-0.00813350
2018-09-27,XLK,18.17637033,4.40790232,False,0.00589799,0.00279448,-0.00614348,-0.00536175
2018-09-28,XLK,18.24417518,4.40835759,False,0.00373038,0.00010329,-0.00243602,-0.00525902
2018-10-01,XLK,18.33136731,4.42367238,False,0.00477918,0.00347403,0.00000000,-0.00180326
2018-10-02,XLK,18.33378253,4.42109477,False,0.00013175,-0.00058269,0.00000000,-0.00238489
2018-10-03,XLK,18.38949539,4.42352097,False,0.00303881,0.00054878,0.00000000,-0.00183742
2018-10-04,XLK,18.05768901,4.38894849,False,-0.01804326,-0.00781560,-0.01804326,-0.00963866
2018-10-05,XLK,17.83003490,4.36438287,False,-0.01260705,-0.00559716,-0.03042283,-0.01518187
2018-10-08,XLK,17.62902167,4.36438287,False,-0.01127386,0.00000000,-0.04135370,-0.01518187
2018-10-09,XLK,17.69198021,4.35801454,False,0.00357130,-0.00145916,-0.03793009,-0.01661888
2018-10-10,XLK,16.83463759,4.22002589,False,-0.04845939,-0.03166319,-0.08455141,-0.04775586
2018-10-11,XLK,16.62150856,4.12707262,False,-0.01266015,-0.02202671,-0.09614113,-0.06873066
2018-10-12,XLK,17.15432221,4.18439120,False,0.03205567,0.01388844,-0.06716732,-0.05579679
2018-10-15,XLK,16.87338039,4.16088753,False,-0.01637732,-0.00561699,-0.08244462,-0.06110037
2018-10-16,XLK,17.38198625,4.25186987,False,0.03014250,0.02186609,-0.05478721,-0.04057030
2018-10-17,XLK,17.30204971,4.25262874,False,-0.00459881,0.00017848,-0.05913407,-0.04039906
2018-10-18,XLK,16.96299170,4.19121480,False,-0.01959641,-0.01444141,-0.07757166,-0.05425705
2018-10-19,XLK,16.95573016,4.18894105,False,-0.00042808,-0.00054250,-0.07796653,-0.05477012
2018-10-22,XLK,17.09619413,4.17013811,False,0.00828416,-0.00448871,-0.07032826,-0.05901298
2018-10-23,XLK,17.03080053,4.14890871,False,-0.00382504,-0.00509082,-0.07388429,-0.06380337
2018-10-24,XLK,16.26790861,4.02320196,False,-0.04479484,-0.03029875,-0.11536949,-0.09216896
2018-10-25,XLK,16.82736414,4.09538032,False,0.03439013,0.01794053,-0.08494693,-0.07588200
2018-10-26,XLK,16.49072433,4.02335337,False,-0.02000550,-0.01758736,-0.10325303,-0.09213480
2018-10-29,XLK,16.21220567,4.00106280,False,-0.01688941,-0.00554030,-0.11839856,-0.09716464
2018-10-30,XLK,16.39384849,4.06035231,False,0.01120408,0.01481844,-0.10852103,-0.08378603
2018-10-31,XLK,16.78377105,4.10372166,False,0.02378469,0.01068118,-0.08731748,-0.07399978
2018-11-01,XLP/IEF,16.84651997,4.14739226,True,0.00373867,0.01064171,-0.08390526,-0.06414556
2018-11-02,XLP/IEF,16.75551170,4.12282742,True,-0.00540220,-0.00592296,-0.08885419,-0.06968859
2018-11-05,XLP/IEF,16.86561110,4.14557196,True,0.00657094,0.00551673,-0.08286711,-0.06455631
2018-11-06,XLP/IEF,16.90817797,4.17180544,True,0.00252389,0.00632807,-0.08055237,-0.05863675
2018-11-07,XLP/IEF,16.95691133,4.26111811,True,0.00288224,0.02140864,-0.07790230,-0.03848345
2018-11-08,XLP/IEF,16.94977090,4.25338605,True,-0.00042109,-0.00181456,-0.07829059,-0.04022818
2018-11-09,XLP/IEF,17.03265438,4.21183752,True,0.00488995,-0.00976834,-0.07378348,-0.04960356
2018-11-12,XLP/IEF,17.01205953,4.13313865,True,-0.00120914,-0.01868516,-0.07490341,-0.06736187
2018-11-13,XLP/IEF,16.99895776,4.12540555,True,-0.00077015,-0.00187100,-0.07561587,-0.06910684
2018-11-14,XLP/IEF,16.95865352,4.09720010,True,-0.00237098,-0.00683701,-0.07780757,-0.07547136
2018-11-15,XLP/IEF,16.95080308,4.13996147,True,-0.00046292,0.01043673,-0.07823446,-0.06582231
2018-11-16,XLP/IEF,16.99806080,4.15072849,True,0.00278793,0.00260075,-0.07566464,-0.06339274
2018-11-19,XLP/IEF,16.99690111,4.08052080,True,-0.00006823,-0.01691455,-0.07572771,-0.07923503
2018-11-20,XLP/IEF,16.85360012,4.00500596,True,-0.00843101,-0.01850618,-0.08352025,-0.09627487
2018-11-21,XLP/IEF,16.78491873,4.01865394,True,-0.00407518,0.00340773,-0.08725507,-0.09319522
2018-11-23,XLP/IEF,16.81887553,3.99181352,True,0.00202305,-0.00667896,-0.08540853,-0.09925173
2018-11-26,XLP/IEF,16.82284782,4.05625878,True,0.00023618,0.01614436,-0.08519253,-0.08470973
2018-11-27,XLP/IEF,16.90582614,4.06990675,True,0.00493248,0.00336467,-0.08068026,-0.08163008
2018-11-28,XLP/IEF,16.97504404,4.16361759,True,0.00409432,0.02302530,-0.07691627,-0.06048433
2018-11-29,XLP/IEF,17.01050160,4.15452024,True,0.00208880,-0.00218496,-0.07498813,-0.06253714
2018-11-30,XLP/IEF,17.08205460,4.17984214,True,0.00420640,0.00609502,-0.07109715,-0.05682328
2018-12-03,XLK,17.03561853,4.23518875,True,-0.00271841,0.01324132,-0.07362230,-0.04433438
2018-12-04,XLK,16.39040316,4.09795923,True,-0.03787449,-0.03240222,-0.10870838,-0.07530007
2018-12-06,XLK,16.42720552,4.09174153,True,0.00224536,-0.00151727,-0.10670711,-0.07670308
2018-12-07,XLK,15.84822717,3.99666696,True,-0.03524509,-0.02323572,-0.13819130,-0.09815655
2018-12-10,XLK,16.06657171,4.00424735,True,0.01377722,0.00189668,-0.12631797,-0.09644605
2018-12-11,XLK,16.08619715,4.00515789,True,0.00122151,0.00022739,-0.12525076,-0.09624059
2018-12-12,XLK,16.21131554,4.02532508,True,0.00777800,0.00503530,-0.11844696,-0.09168988
2018-12-13,XLK,16.23830066,4.02396031,True,0.00166459,-0.00033905,-0.11697954,-0.09199784
2018-12-14,XLK,15.84086749,3.94965909,True,-0.02447505,-0.01846470,-0.13859151,-0.10876383
2018-12-17,XLK,15.50477027,3.87217280,True,-0.02121710,-0.01961848,-0.15686810,-0.12624852
2018-12-18,XLK,15.62743309,3.86792734,True,0.00791130,-0.00109640,-0.15019783,-0.12720651
2018-12-19,XLK,15.31832097,3.81000129,True,-0.01978010,-0.01497599,-0.16700700,-0.14027745
2018-12-20,XLK,15.04354962,3.74798302,True,-0.01793743,-0.01627776,-0.18194875,-0.15427181
2018-12-21,XLK,14.58649028,3.67118926,True,-0.03038241,-0.02048936,-0.20680312,-0.17160024
2018-12-24,XLK,14.19718974,3.57418486,True,-0.02668912,-0.02642315,-0.22797285,-0.19348917
2018-12-26,XLK,15.05463938,3.75477097,True,0.06039573,0.05052512,-0.18134571,-0.15274011
2018-12-27,XLK,15.16305428,3.78359715,True,0.00720143,0.00767721,-0.17545023,-0.14623552
2018-12-28,XLK,15.12855671,3.77871613,True,-0.00227511,-0.00129005,-0.17732616,-0.14733692
2018-12-31,XLK,15.27146415,3.81181379,True,0.00944620,0.00875897,-0.16955502,-0.13986847
2019-01-02,XLP/IEF,14.98715673,3.81577803,True,-0.01861691,0.00103999,-0.18501534,-0.13897394
2019-01-03,XLP/IEF,15.00347941,3.72472389,True,0.00108911,-0.02386254,-0.18412773,-0.15952021
2019-01-04,XLP/IEF,15.10172195,3.84948679,True,0.00654798,0.03349588,-0.17878541,-0.13136760
2019-01-07,XLP/IEF,15.07054107,3.87983878,True,-0.00206472,0.00788468,-0.18048099,-0.12451870
2019-01-08,XLP/IEF,15.12181582,3.91629113,True,0.00340232,0.00939533,-0.17769273,-0.11629327
2019-01-09,XLP/IEF,15.05472855,3.93459406,True,-0.00443646,0.00467353,-0.18134086,-0.11216324
2019-01-10,XLP/IEF,15.09575809,3.94847201,True,0.00272536,0.00352716,-0.17910972,-0.10903169
2019-01-11,XLP/IEF,15.14027613,3.94999781,True,0.00294904,0.00038643,-0.17668888,-0.10868740
2019-01-14,XLP/IEF,15.09879761,3.92590021,True,-0.00273961,-0.00610066,-0.17894443,-0.11412499
2019-01-15,XLP/IEF,15.16748358,3.97089344,True,0.00454910,0.01146062,-0.17520937,-0.10397232
2019-01-16,XLP/IEF,15.12154135,3.98050199,True,-0.00302899,0.00241975,-0.17770765,-0.10180416
2019-01-17,XLP/IEF,15.14065059,4.01070127,True,0.00126371,0.00758680,-0.17666851,-0.09498973
2019-01-18,XLP/IEF,15.20921978,4.06408397,True,0.00452881,0.01331007,-0.17293980,-0.08294398
2019-01-22,XLP/IEF,15.16362100,4.00917650,True,-0.00299810,-0.01351042,-0.17541941,-0.09533379
2019-01-23,XLP/IEF,15.25224862,4.01756467,True,0.00584475,0.00209224,-0.17059994,-0.09344101
2019-01-24,XLP/IEF,15.17921623,4.01970028,True,-0.00478830,0.00053157,-0.17457136,-0.09295911
2019-01-25,XLP/IEF,15.13079591,4.05371238,True,-0.00318991,0.00846135,-0.17720440,-0.08528432
2019-01-28,XLP/IEF,15.16565614,4.02290356,True,0.00230393,-0.00760015,-0.17530874,-0.09223629
2019-01-29,XLP/IEF,15.20499745,4.01756467,True,0.00259411,-0.00132712,-0.17316940,-0.09344101
2019-01-30,XLP/IEF,15.27423995,4.08116547,True,0.00455393,0.01583068,-0.16940407,-0.07908956
2019-01-31,XLP/IEF,15.45288354,4.11700802,True,0.01169574,0.00878243,-0.15968964,-0.07100173
2019-02-01,XLP/IEF,15.38778264,4.11899222,False,-0.00421286,0.00048195,-0.16322975,-0.07055400
2019-02-04,XLP/IEF,15.41984503,4.14796981,False,0.00208363,0.00703512,-0.16148623,-0.06401524
2019-02-05,XLP/IEF,15.43461414,4.16535881,False,0.00095780,0.00419217,-0.16068311,-0.06009143
2019-02-06,XLP/IEF,15.44197482,4.15986824,False,0.00047689,-0.00131815,-0.16028284,-0.06133037
2019-02-07,XLP/IEF,15.46136376,4.12021312,False,0.00125560,-0.00953278,-0.15922849,-0.07027850
2019-02-08,XLP/IEF,15.50781628,4.12524504,False,0.00300443,0.00122127,-0.15670246,-0.06914306
2019-02-11,XLP/IEF,15.51619105,4.12753232,False,0.00054004,0.00055446,-0.15624705,-0.06862693
2019-02-12,XLP/IEF,15.56646817,4.18061038,False,0.00324030,0.01285951,-0.15351303,-0.05664993
2019-02-13,XLP/IEF,15.56166729,4.19418473,False,-0.00030841,0.00324698,-0.15377410,-0.05358689
2019-02-14,XLP/IEF,15.50985972,4.18488081,False,-0.00332918,-0.00221829,-0.15659134,-0.05568631
2019-02-15,XLP/IEF,15.57609159,4.23048619,False,0.00427031,0.01089765,-0.15298972,-0.04539551
2019-02-19,XLP/IEF,15.62983507,4.23780616,False,0.00345038,0.00173029,-0.15006721,-0.04374376
2019-02-20,XLP/IEF,15.61391656,4.24634704,False,-0.00101847,0.00201540,-0.15093284,-0.04181652
2019-02-21,XLP/IEF,15.61407896,4.23124662,False,0.00001040,-0.00355610,-0.15092401,-0.04522391
2019-02-22,XLP/IEF,15.59947809,4.25748010,False,-0.00093511,0.00619994,-0.15171799,-0.03930436
2019-02-25,XLP/IEF,15.54432696,4.26327661,False,-0.00353545,0.00136149,-0.15471705,-0.03799638
2019-02-26,XLP/IEF,15.57159972,4.26022577,False,0.00175452,-0.00071561,-0.15323399,-0.03868480
2019-02-27,XLP/IEF,15.53266687,4.25839611,False,-0.00250025,-0.00042948,-0.15535111,-0.03909766
2019-02-28,XLP/IEF,15.55022515,4.25046581,False,0.00113041,-0.00186227,-0.15439631,-0.04088713
2019-03-01,XLK,15.52767389,4.27700419,True,-0.00145022,0.00624364,-0.15562262,-0.03489877
2019-03-04,XLK,15.46890972,4.26144694,True,-0.00378448,-0.00363742,-0.15881815,-0.03840925
2019-03-05,XLK,15.42319972,4.25565043,True,-0.00295496,-0.00136022,-0.16130381,-0.03971722
2019-03-06,XLK,15.34266380,4.22987457,True,-0.00522174,-0.00605686,-0.16568326,-0.04553352
2019-03-07,XLK,15.19683043,4.19449067,True,-0.00950509,-0.00836524,-0.17361352,-0.05351786
2019-03-08,XLK,15.19466213,4.18609990,True,-0.00014268,-0.00200043,-0.17373143,-0.05541122
2019-03-11,XLK,15.52114414,4.24680491,True,0.02148663,0.01450157,-0.15597770,-0.04171320
2019-03-12,XLK,15.61256592,4.26281978,True,0.00589014,0.00377104,-0.15100629,-0.03809947
2019-03-13,XLK,15.71485759,4.29103485,True,0.00655188,0.00661888,-0.14544378,-0.03173277
2019-03-14,XLK,15.74750278,4.28829100,True,0.00207735,-0.00063944,-0.14366858,-0.03235191
2019-03-15,XLK,15.93813515,4.30947618,True,0.01210556,0.00494024,-0.13330220,-0.02757150
2019-03-18,XLK,16.00583178,4.32510159,True,0.00424746,0.00362583,-0.12962094,-0.02404565
2019-03-19,XLK,16.03857463,4.32617603,True,0.00204568,0.00024842,-0.12784042,-0.02380320
2019-03-20,XLK,15.99491039,4.31315268,True,-0.00272245,-0.00301036,-0.13021483,-0.02674190
2019-03-21,XLK,16.39669315,4.36187003,True,0.02511941,0.01129507,-0.10836634,-0.01574889
2019-03-22,XLK,16.01019323,4.27791968,True,-0.02357182,-0.01924641,-0.12938377,-0.03469219
2019-03-25,XLK,15.94032298,4.27470260,True,-0.00436411,-0.00075202,-0.13318323,-0.03541812
2019-03-26,XLK,16.02766389,4.30656687,True,0.00547924,0.00745415,-0.12843373,-0.02822799
2019-03-27,XLK,15.93595620,4.28404684,True,-0.00572184,-0.00522923,-0.13342069,-0.03330961
2019-03-28,XLK,16.00145789,4.30028569,True,0.00411031,0.00379054,-0.12985878,-0.02964533
2019-03-29,XLK,16.15867438,4.32740292,True,0.00982513,0.00630591,-0.12130953,-0.02352635
2019-04-01,XLK,16.37921893,4.37872129,False,0.01364868,0.01185893,-0.10931656,-0.01194642
2019-04-02,XLK,16.43599949,4.38086445,False,0.00346662,0.00048945,-0.10622890,-0.01146282
2019-04-03,XLK,16.56919957,4.38775802,False,0.00810417,0.00157357,-0.09898563,-0.00990729
2019-04-04,XLK,16.49931868,4.39940151,False,-0.00421752,0.00265363,-0.10278568,-0.00727995
2019-04-05,XLK,16.57793491,4.42069517,False,0.00476482,0.00484013,-0.09851061,-0.00247506
2019-04-08,XLK,16.64126120,4.42406521,False,0.00381991,0.00076233,-0.09506700,-0.00171462
2019-04-09,XLK,16.56265207,4.40139273,False,-0.00472375,-0.00512481,-0.09934168,-0.00683064
2019-04-10,XLK,16.67838149,4.41640626,False,0.00698737,0.00341109,-0.09304844,-0.00344285
2019-04-11,XLK,16.65654049,4.41517989,False,-0.00130954,-0.00027768,-0.09423613,-0.00371958
2019-04-12,XLK,16.77227523,4.44505189,False,0.00694831,0.00676575,-0.08794261,0.00000000
2019-04-15,XLK,16.76572240,4.44214128,False,-0.00039069,-0.00065480,-0.08829894,-0.00065480
2019-04-16,XLK,16.85088614,4.44505189,False,0.00507963,0.00065523,-0.08366783,0.00000000
2019-04-17,XLK,16.94477988,4.43417586,False,0.00557204,-0.00244677,-0.07856200,-0.00244677
2019-04-18,XLK,16.99281623,4.44290874,False,0.00283488,0.00196945,-0.07594984,-0.00048214
2019-04-22,XLK,17.03212612,4.44673717,False,0.00231332,0.00086170,-0.07381221,0.00000000
2019-04-23,XLK,17.21772756,4.48672191,False,0.01089714,0.00899193,-0.06371941,0.00000000
2019-04-24,XLK,17.22428394,4.47676423,False,0.00038079,-0.00221937,-0.06336288,-0.00221937
2019-04-25,XLK,17.21991184,4.47400659,False,-0.00025383,-0.00061599,-0.06360063,-0.00283399
2019-04-26,XLK,17.15440482,4.49484082,False,-0.00380414,0.00465673,-0.06716283,0.00000000
2019-04-29,XLK,17.15877160,4.50188685,False,0.00025456,0.00156758,-0.06692537,0.00000000
2019-04-30,XLK,17.18715655,4.50418453,False,0.00165425,0.00051038,-0.06538183,0.00000000
2019-05-01,XLK,17.14348698,4.47032800,False,-0.00254083,-0.00751668,-0.06775653,-0.00751668
2019-05-02,XLK,17.05396002,4.46067730,False,-0.00522221,-0.00215883,-0.07262491,-0.00965929
2019-05-03,XLK,17.21554683,4.50433854,False,0.00947503,0.00978803,-0.06383800,0.00000000
2019-05-06,XLK,17.08234675,4.48580148,False,-0.00773720,-0.00411538,-0.07108127,-0.00411538
2019-05-07,XLK,16.71550710,4.41088838,False,-0.02147478,-0.01670005,-0.09102959,-0.02074670
2019-05-08,XLK,16.69584505,4.40476226,False,-0.00117628,-0.00138886,-0.09209879,-0.02210675
2019-05-09,XLK,16.58229991,4.39143557,False,-0.00680080,-0.00302552,-0.09827325,-0.02506538
2019-05-10,XLK,16.63470304,4.41349513,False,0.00316018,0.00502331,-0.09542363,-0.02016798
2019-05-13,XLK,16.00801250,4.30258260,False,-0.03767368,-0.02513032,-0.12950235,-0.04479147
2019-05-14,XLK,16.26567201,4.34149316,False,0.01609566,0.00904353,-0.11549112,-0.03615301
2019-05-15,XLK,16.44255054,4.36692484,False,0.01087435,0.00585782,-0.10587266,-0.03050697
2019-05-16,XLK,16.59321775,4.40736849,False,0.00916325,0.00926136,-0.09767955,-0.02152815
2019-05-17,XLK,16.46001944,4.37887374,False,-0.00802727,-0.00646525,-0.10492272,-0.02785421
2019-05-20,XLK,16.17396432,4.34991931,False,-0.01737878,-0.00661230,-0.12047808,-0.03428233
2019-05-21,XLK,16.37267320,4.38913789,False,0.01228573,0.00901593,-0.10967251,-0.02557549
2019-05-22,XLK,16.28751479,4.37565771,False,-0.00520125,-0.00307126,-0.11430333,-0.02856820
2019-05-23,XLK,16.00145789,4.32219046,False,-0.01756296,-0.01221925,-0.12985878,-0.04043836
2019-05-24,XLK,16.00583178,4.33199699,False,0.00027334,0.00226888,-0.12962094,-0.03826123
2019-05-28,XLK,15.95997260,4.29170735,False,-0.00286515,-0.00930048,-0.13211471,-0.04720586
2019-05-29,XLK,15.86607708,4.26290615,False,-0.00588319,-0.00671090,-0.13722064,-0.05359997
2019-05-30,XLK,15.96433583,4.27454859,False,0.00619301,0.00273110,-0.13187744,-0.05101525
2019-05-31,XLK,15.69794098,4.21694878,False,-0.01668687,-0.01347506,-0.14636369,-0.06380288
2019-06-03,XLP/IEF,15.81819277,4.20622495,True,0.00766035,-0.00254303,-0.13982453,-0.06618366
2019-06-04,XLP/IEF,15.86125873,4.29752753,True,0.00272256,0.02170654,-0.13748266,-0.04591374
2019-06-05,XLP/IEF,15.95291968,4.33475307,True,0.00577892,0.00866208,-0.13249824,-0.03764936
2019-06-06,XLP/IEF,16.03608654,4.36294083,True,0.00521327,0.00650274,-0.12797572,-0.03139145
2019-06-07,XLP/IEF,16.14606932,4.40660103,True,0.00685845,0.01000706,-0.12199498,-0.02169853
2019-06-10,XLP/IEF,16.10994312,4.42682389,True,-0.00223746,0.00458922,-0.12395948,-0.01720889
2019-06-11,XLP/IEF,16.13673557,4.42575049,True,0.00166310,-0.00024248,-0.12250254,-0.01744719
2019-06-12,XLP/IEF,16.16962251,4.41793649,True,0.00203802,-0.00176558,-0.12071418,-0.01918196
2019-06-13,XLP/IEF,16.20742655,4.43616865,True,0.00233797,0.00412685,-0.11865844,-0.01513427
2019-06-14,XLP/IEF,16.21742473,4.43126473,True,0.00061689,-0.00110544,-0.11811475,-0.01622298
2019-06-17,XLP/IEF,16.19201208,4.43295054,True,-0.00156700,0.00038043,-0.11949666,-0.01584872
2019-06-18,XLP/IEF,16.16203381,4.47936890,True,-0.00185142,0.01047121,-0.12112685,-0.00554347
2019-06-19,XLP/IEF,16.21751530,4.48947903,True,0.00343283,0.00225704,-0.11810983,-0.00329893
2019-06-20,XLP/IEF,16.30382638,4.53237281,True,0.00532209,0.00955429,-0.11341633,0.00000000
2019-06-21,XLP/IEF,16.24422797,4.52578518,True,-0.00365549,-0.00145346,-0.11665722,-0.00145346
2019-06-24,XLP/IEF,16.29295229,4.52024284,True,0.00299948,-0.00122461,-0.11400765,-0.00267630
2019-06-25,XLP/IEF,16.30094842,4.47590936,True,0.00049077,-0.00980777,-0.11357283,-0.01245781
2019-06-26,XLP/IEF,16.14913693,4.47144563,True,-0.00931305,-0.00099728,-0.12182816,-0.01344267
2019-06-27,XLP/IEF,16.18856776,4.48729997,True,0.00244167,0.00354569,-0.11968396,-0.00994465
2019-06-28,XLP/IEF,16.18649018,4.51039026,True,-0.00012834,0.00514570,-0.11979694,-0.00485012
2019-07-01,XLK,16.10061497,4.55133861,True,-0.00530536,0.00907867,-0.12446673,0.00000000
2019-07-02,XLK,16.14326245,4.56319074,True,0.00264881,0.00260410,-0.12214761,0.00000000
2019-07-03,XLK,16.26714306,4.59967483,True,0.00767383,0.00799530,-0.11541112,0.00000000
2019-07-05,XLK,16.23668434,4.59444104,True,-0.00187241,-0.00113786,-0.11706743,-0.00113786
2019-07-08,XLK,16.11280373,4.56919563,True,-0.00762967,-0.00549477,-0.12380392,-0.00662638
2019-07-09,XLK,16.16966264,4.57489093,True,0.00352880,0.00124646,-0.12071200,-0.00538818
2019-07-10,XLK,16.29760836,4.59674965,True,0.00791270,0.00477798,-0.11375446,-0.00063595
2019-07-11,XLK,16.35854062,4.60752630,True,0.00373872,0.00234441,-0.11044103,0.00000000
2019-07-12,XLK,16.47835283,4.62815500,True,0.00732414,0.00447718,-0.10392578,0.00000000
2019-07-15,XLK,16.53319070,4.62969356,True,0.00332787,0.00033243,-0.10094375,0.00000000
2019-07-16,XLK,16.37884644,4.61476120,True,-0.00933542,-0.00322534,-0.10933682,-0.00322534
2019-07-17,XLK,16.33619402,4.58335741,True,-0.00260412,-0.00680507,-0.11165621,-0.01000847
2019-07-18,XLK,16.45804866,4.60013582,True,0.00745918,0.00366073,-0.10502989,-0.00638438
2019-07-19,XLK,16.38697172,4.57458499,True,-0.00431867,-0.00555436,-0.10889498,-0.01190329
2019-07-22,XLK,16.57583654,4.58582159,True,0.01152530,0.00245631,-0.09862472,-0.00947621
2019-07-23,XLK,16.66722751,4.61860993,True,0.00551351,0.00714994,-0.09365498,-0.00239403
2019-07-24,XLK,16.80532285,4.64031411,True,0.00828544,0.00469929,-0.08614551,0.00000000
2019-07-25,XLK,16.73627847,4.61814737,True,-0.00410848,-0.00477699,-0.08990007,-0.00477699
2019-07-26,XLK,16.77282664,4.64908913,True,0.00218377,0.00670004,-0.08791262,0.00000000
2019-07-29,XLK,16.76267208,4.64062266,True,-0.00060542,-0.00182110,-0.08846482,-0.00182110
2019-07-30,XLK,16.65504040,4.62923048,True,-0.00642091,-0.00245488,-0.09431770,-0.00427151
2019-07-31,XLK,16.40321407,4.57858409,True,-0.01512013,-0.01094056,-0.10801174,-0.01516535
2019-08-01,XLK,16.31994838,4.53871538,False,-0.00507618,-0.00870765,-0.11253963,-0.02374094
2019-08-02,XLK,16.05391061,4.50454094,False,-0.01630139,-0.00752954,-0.12700646,-0.03109172
2019-08-05,XLK,15.38372492,4.36907580,False,-0.04174595,-0.03007302,-0.16345041,-0.06022972
2019-08-06,XLK,15.63961143,4.43034275,False,0.01663359,0.01402286,-0.14953559,-0.04705145
2019-08-07,XLK,15.73709185,4.43295834,False,0.00623292,0.00059038,-0.14423471,-0.04648885
2019-08-08,XLK,16.12295170,4.51993274,False,0.02451913,0.01961994,-0.12325209,-0.02778101
2019-08-09,XLK,15.94018291,4.48914655,False,-0.01133594,-0.00681120,-0.13319085,-0.03440299
2019-08-12,XLK,15.73100076,4.43449898,False,-0.01312295,-0.01217327,-0.14456594,-0.04615746
2019-08-13,XLK,16.12499084,4.50346182,False,0.02504546,0.01555144,-0.12314120,-0.03132384
2019-08-14,XLK,15.62945688,4.37030737,False,-0.03073081,-0.02956713,-0.15008778,-0.05996481
2019-08-15,XLK,15.60102742,4.38185251,False,-0.00181897,0.00264172,-0.15163374,-0.05748150
2019-08-16,XLK,15.89752885,4.44650616,False,0.01900525,0.01475487,-0.13551033,-0.04357477
2019-08-19,XLK,16.13920228,4.50007565,False,0.01520195,0.01204755,-0.12236840,-0.03205219
2019-08-20,XLK,16.05796914,4.46559371,False,-0.00503328,-0.00766253,-0.12678577,-0.03946911
2019-08-21,XLK,16.24683560,4.50192327,False,0.01176154,0.00813544,-0.11651542,-0.03165477
2019-08-22,XLK,16.20825653,4.50053820,False,-0.00237456,-0.00030766,-0.11861331,-0.03195270
2019-08-23,XLK,15.67210435,4.38493118,False,-0.03307895,-0.02568738,-0.14776866,-0.05681929
2019-08-26,XLK,15.88940521,4.43342194,False,0.01386545,0.01105850,-0.13595208,-0.04638913
2019-08-27,XLK,15.86503922,4.41602695,False,-0.00153347,-0.00392360,-0.13727708,-0.05013072
2019-08-28,XLK,15.87925395,4.44712220,False,0.00089598,0.00704145,-0.13650410,-0.04344226
2019-08-29,XLK,16.15544791,4.50392542,False,0.01739338,0.01277303,-0.12148498,-0.03122412
2019-08-30,XLK,16.15139103,4.50192327,False,-0.00025112,-0.00044453,-0.12170559,-0.03165477
2019-09-03,XLK,15.95439764,4.47559925,False,-0.01219668,-0.00584728,-0.13241787,-0.03731696
2019-09-04,XLK,16.22652649,4.52640278,False,0.01705667,0.01135122,-0.11761981,-0.02638933
2019-09-05,XLK,16.56568527,4.58458846,False,0.02090150,0.01285473,-0.09917674,-0.01387383
2019-09-06,XLK,16.55146725,4.58812760,False,-0.00085828,0.00077197,-0.09994990,-0.01311257
2019-09-09,XLK,16.42758006,4.59043986,False,-0.00748497,0.00050396,-0.10668674,-0.01261522
2019-09-10,XLK,16.34432096,4.58936022,False,-0.00506825,-0.00023519,-0.11121428,-0.01284744
2019-09-11,XLK,16.51491251,4.62199610,False,0.01043736,0.00711121,-0.10193770,-0.00582760
2019-09-12,XLK,16.60426764,4.63800498,False,0.00541057,0.00346363,-0.09707867,-0.00238416
2019-09-13,XLK,16.48241794,4.63492683,False,-0.00733846,-0.00066368,-0.10370472,-0.00304625
2019-09-16,XLK,16.44180137,4.62061104,False,-0.00246424,-0.00308868,-0.10591340,-0.00612552
2019-09-17,XLK,16.50882142,4.63231019,False,0.00407620,0.00253195,-0.10226893,-0.00360908
2019-09-18,XLK,16.50678228,4.63508188,False,-0.00012352,0.00059834,-0.10237981,-0.00301290
2019-09-19,XLK,16.54334196,4.63477282,False,0.00221483,-0.00006668,-0.10039174,-0.00307938
2019-09-20,XLK,16.35042521,4.61287352,False,-0.01166129,-0.00472500,-0.11088233,-0.00778983
2019-09-23,XLK,16.40135432,4.61179075,False,0.00311485,-0.00023473,-0.10811287,-0.00802273
2019-09-24,XLK,16.24245285,4.57560376,False,-0.00968831,-0.00784663,-0.11675375,-0.01580640
2019-09-25,XLK,16.43598184,4.60266661,False,0.01191501,0.00591460,-0.10622986,-0.00998529
2019-09-26,XLK,16.45431928,4.59307835,False,0.00111569,-0.00208320,-0.10523269,-0.01204769
2019-09-27,XLK,16.23430123,4.56833347,False,-0.01337145,-0.00538743,-0.11719703,-0.01737021
2019-09-30,XLK,16.40542273,4.58952099,False,0.01054074,0.00463791,-0.10789163,-0.01281286
2019-10-01,XLK,16.25263538,4.53493013,False,-0.00931322,-0.01189467,-0.11620004,-0.02455513
2019-10-02,XLK,15.94705904,4.45482330,False,-0.01880165,-0.01766440,-0.13281693,-0.04178578
2019-10-03,XLK,16.14262882,4.49132040,False,0.01226369,0.00819272,-0.12218207,-0.03393541
2019-10-04,XLK,16.40950101,4.55209774,False,0.01653214,0.01353218,-0.10766986,-0.02086245
2019-10-07,XLK,16.34023774,4.53245606,False,-0.00422092,-0.00431486,-0.11143632,-0.02508729
2019-10-08,XLK,16.04076894,4.46209202,False,-0.01832708,-0.01552448,-0.12772109,-0.04022231
2019-10-09,XLK,16.27912115,4.50446550,False,0.01485915,0.00949632,-0.11475977,-0.03110795
2019-10-10,XLK,16.39116356,4.53493013,False,0.00688258,0.00676321,-0.10866703,-0.02455513
2019-10-11,XLK,16.61728752,4.58194373,False,0.01379548,0.01036699,-0.09637066,-0.01444270
2019-10-14,XLK,16.60710992,4.57684053,False,-0.00061247,-0.00111376,-0.09692411,-0.01554038
2019-10-15,XLK,16.79045309,4.62215480,False,0.01104004,0.00990077,-0.08695411,-0.00579346
2019-10-16,XLK,16.67433076,4.61472998,False,-0.00691597,-0.00160635,-0.09326872,-0.00739051
2019-10-17,XLK,16.64174074,4.62833971,False,-0.00195450,0.00294919,-0.09504093,-0.00446311
2019-10-18,XLK,16.48284255,4.60808043,False,-0.00954817,-0.00437723,-0.10368163,-0.00882080
2019-10-21,XLK,16.66007160,4.63931876,False,0.01075233,0.00677903,-0.09404411,-0.00210157
2019-10-22,XLK,16.43598184,4.62416423,False,-0.01345071,-0.00326654,-0.10622986,-0.00536124
2019-10-23,XLK,16.45024265,4.63761891,False,0.00086766,0.00290965,-0.10545437,-0.00246720
2019-10-24,XLK,16.69062907,4.64519618,False,0.01461294,0.00163387,-0.09238243,-0.00083736
2019-10-25,XLK,16.89230804,4.66421817,False,0.01208337,0.00409498,-0.08141536,0.00000000
2019-10-28,XLK,17.10621855,4.69050732,False,0.01266319,0.00563635,-0.06978315,0.00000000
2019-10-29,XLK,16.95139206,4.68911445,False,-0.00905089,-0.00029695,-0.07820244,-0.00029695
2019-10-30,XLK,17.05528285,4.70350048,False,0.00612875,0.00306796,-0.07255297,0.00000000
2019-10-31,XLK,17.04510361,4.69097143,False,-0.00059684,-0.00266377,-0.07310651,-0.00266377
2019-11-01,XLK,17.24882172,4.73442871,False,0.01195171,0.00926403,-0.06202855,0.00000000
2019-11-04,XLK,17.33845993,4.75345018,False,0.00519677,0.00401769,-0.05715412,0.00000000
2019-11-05,XLK,17.31808499,4.74819246,False,-0.00117513,-0.00110609,-0.05826209,-0.00110609
2019-11-06,XLK,17.30993337,4.74927366,False,-0.00047070,0.00022771,-0.05870536,-0.00087863
2019-11-07,XLK,17.44642241,4.76597663,False,0.00788501,0.00351695,-0.05128324,0.00000000
2019-11-08,XLK,17.54421224,4.77773042,False,0.00560515,0.00246619,-0.04596554,0.00000000
2019-11-11,XLK,17.55236551,4.76860628,False,0.00046473,-0.00190972,-0.04552218,-0.00190972
2019-11-12,XLK,17.61143143,4.77865813,False,0.00336513,0.00210792,-0.04231024,0.00000000
2019-11-13,XLK,17.65014546,4.78020501,False,0.00219823,0.00032371,-0.04020501,0.00000000
2019-11-14,XLK,17.62977381,4.78716467,False,-0.00115419,0.00145593,-0.04131280,0.00000000
2019-11-15,XLK,17.77237698,4.82180583,False,0.00808877,0.00723626,-0.03355820,0.00000000
2019-11-18,XLK,17.82534030,4.82536266,False,0.00298009,0.00073766,-0.03067812,0.00000000
2019-11-19,XLK,17.85997111,4.82397031,False,0.00194279,-0.00028855,-0.02879493,-0.00028855
2019-11-20,XLK,17.75200534,4.80603213,False,-0.00604513,-0.00371855,-0.03466599,-0.00400603
2019-11-21,XLK,17.66237042,4.79829929,False,-0.00504928,-0.00160899,-0.03954024,-0.00560857
2019-11-22,XLK,17.63995963,4.80896928,False,-0.00126884,0.00222370,-0.04075891,-0.00339734
2019-11-25,XLK,17.89664271,4.84624060,False,0.01455123,0.00775038,-0.02680077,0.00000000
2019-11-26,XLK,17.91294431,4.85721860,False,0.00091087,0.00226526,-0.02591431,0.00000000
2019-11-27,XLK,18.01276504,4.87887024,False,0.00557255,0.00445762,-0.02048617,0.00000000
2019-11-29,XLK,17.95979350,4.86077752,False,-0.00294078,-0.00370838,-0.02336670,-0.00370838
2019-12-02,XLK,17.70310878,4.81948629,False,-0.01429219,-0.00849478,-0.03732493,-0.01217166
2019-12-03,XLK,17.54624480,4.78716467,False,-0.00886082,-0.00670644,-0.04585502,-0.01879648
2019-12-04,XLK,17.61754885,4.81670107,False,0.00406378,0.00616992,-0.04197758,-0.01274253
2019-12-05,XLK,17.68274042,4.82536266,False,0.00370038,0.00179824,-0.03843254,-0.01096721
2019-12-06,XLK,17.87831020,4.86943859,False,0.01105992,0.00913422,-0.02779767,-0.00193316
2019-12-09,XLK,17.78459536,4.85412745,False,-0.00524182,-0.00314433,-0.03289378,-0.00507142
2019-12-10,XLK,17.79885947,4.84871415,False,0.00080205,-0.00111520,-0.03211811,-0.00618096
2019-12-11,XLK,17.91905020,4.86247789,False,0.00675272,0.00283864,-0.02558228,-0.00335987
2019-12-12,XLK,18.11054664,4.90438829,False,0.01068675,0.00861914,-0.01516892,0.00000000
2019-12-13,XLK,18.23074396,4.90732648,False,0.00663687,0.00059909,-0.00863272,0.00000000
2019-12-16,XLK,18.39371713,4.94103992,False,0.00893947,0.00687002,0.00000000,0.00000000
2019-12-17,XLK,18.35093799,4.94212373,False,-0.00232575,0.00021935,-0.00232575,0.00000000
2019-12-18,XLK,18.34889721,4.94243123,False,-0.00011121,0.00006222,-0.00243670,0.00000000
2019-12-19,XLK,18.48131455,4.96269104,False,0.00721664,0.00409916,0.00000000,0.00000000
2019-12-20,XLK,18.58861708,4.98444881,False,0.00580600,0.00438427,0.00000000,0.00000000
2019-12-23,XLK,18.64175485,4.99206250,False,0.00285862,0.00152749,0.00000000,0.00000000
2019-12-24,XLK,18.64788214,4.99221755,False,0.00032869,0.00003106,0.00000000,0.00000000
2019-12-26,XLK,18.78686621,5.01879340,False,0.00745308,0.00532345,0.00000000,0.00000000
2019-12-27,XLK,18.78482378,5.01754986,False,-0.00010872,-0.00024778,-0.00010872,-0.00024778
2019-12-30,XLK,18.67650251,4.98988761,False,-0.00576642,-0.00551310,-0.00587451,-0.00575951
2019-12-31,XLK,18.73577087,5.00200874,False,0.00317342,0.00242914,-0.00271974,-0.00334436
2020-01-02,XLK,19.08730767,5.04878923,False,0.01876287,0.00935234,0.00000000,0.00000000
2020-01-03,XLK,18.87270757,5.01055950,False,-0.01124308,-0.00757206,-0.01124308,-0.00757206
2020-01-06,XLK,18.91767232,5.02967254,False,0.00238253,0.00381455,-0.00888734,-0.00378639
2020-01-07,XLK,18.90949437,5.01553158,False,-0.00043229,-0.00281151,-0.00931579,-0.00658725
2020-01-08,XLK,19.11183494,5.04226039,False,0.01070048,0.00532921,0.00000000,-0.00129315
2020-01-09,XLK,19.32848077,5.07644992,False,0.01133569,0.00678060,0.00000000,0.00000000
2020-01-10,XLK,19.28351766,5.06184223,False,-0.00232626,-0.00287754,-0.00232626,-0.00287754
2020-01-13,XLK,19.52468748,5.09665405,False,0.01250653,0.00687730,0.00000000,0.00000000
2020-01-14,XLK,19.43271718,5.08888323,False,-0.00471046,-0.00152469,-0.00471046,-0.00152469
2020-01-15,XLK,19.45519873,5.10038415,False,0.00115689,0.00226001,-0.00355902,0.00000000
2020-01-16,XLK,19.71680767,5.14281070,False,0.01344674,0.00831830,0.00000000,0.00000000
2020-01-17,XLK,19.84965951,5.15881853,False,0.00673800,0.00311266,0.00000000,0.00000000
2020-01-21,XLK,19.84147826,5.14871569,False,-0.00041216,-0.00195836,-0.00041216,-0.00195836
2020-01-22,XLK,19.91301766,5.14933798,False,0.00360555,0.00012086,0.00000000,-0.00183774
2020-01-23,XLK,20.00703533,5.15524349,False,0.00472142,0.00114685,0.00000000,-0.00069300
2020-01-24,XLK,19.91301766,5.10939591,False,-0.00469923,-0.00889339,-0.00469923,-0.00958022
2020-01-27,XLK,19.43884941,5.02749661,False,-0.02381197,-0.01602915,-0.02839931,-0.02545581
2020-01-28,XLK,19.81082369,5.08017950,False,0.01913561,0.01047895,-0.00980713,-0.01524361
2020-01-29,XLK,19.86191739,5.07598372,False,0.00257908,-0.00082591,-0.00725335,-0.01605693
2020-01-30,XLK,20.03359845,5.09245776,False,0.00864373,0.00324549,0.00000000,-0.01286356
2020-01-31,XLK,19.48381416,4.99998837,False,-0.02744311,-0.01815810,-0.02744311,-0.03078809
2020-02-03,XLK,19.74133330,5.03713274,False,0.01321708,0.00742889,-0.01458875,-0.02358792
2020-02-04,XLK,20.25842388,5.11390491,False,0.02619330,0.01524124,0.00000000,-0.00870618
2020-02-05,XLK,20.37696553,5.17295846,False,0.00585147,0.01154764,0.00000000,0.00000000
2020-02-06,XLK,20.56295349,5.19036541,False,0.00912736,0.00336499,0.00000000,0.00000000
2020-02-07,XLK,20.37491816,5.16270264,False,-0.00914437,-0.00532964,-0.00914437,-0.00532964
2020-02-10,XLK,20.65083893,5.20124300,False,0.01354218,0.00746515,0.00000000,0.00000000
2020-02-11,XLK,20.58134854,5.21025788,False,-0.00336502,0.00173322,-0.00336502,0.00000000
2020-02-12,XLK,20.80412989,5.24382668,False,0.01082443,0.00644283,0.00000000,0.00000000
2020-02-13,XLK,20.74894475,5.23823127,False,-0.00265261,-0.00106705,-0.00265261,-0.00106705
2020-02-14,XLK,20.83886603,5.24662490,False,0.00433378,0.00160238,0.00000000,0.00000000
2020-02-18,XLK,20.76120757,5.23310362,False,-0.00372662,-0.00257714,-0.00372662,-0.00257714
2020-02-19,XLK,21.00851125,5.25812322,False,0.01191182,0.00478102,0.00000000,0.00000000
2020-02-20,XLK,20.78981970,5.23652102,False,-0.01040966,-0.00410835,-0.01040966,-0.00410835
2020-02-21,XLK,20.32382447,5.18259615,False,-0.02241459,-0.01029784,-0.03259092,-0.01436388
2020-02-24,XLK,19.48381416,5.01071195,False,-0.04133131,-0.03316566,-0.07257521,-0.04705315
2020-02-25,XLK,18.86044475,4.85887683,False,-0.03199422,-0.03030211,-0.10224744,-0.07592945
2020-02-26,XLK,18.94628446,4.84100472,False,0.00455131,-0.00367824,-0.09816149,-0.07932840
2020-02-27,XLK,17.92437106,4.62358773,False,-0.05393740,-0.04491154,-0.14680432,-0.12067718
2020-02-28,XLK,18.06130940,4.60416250,False,0.00763979,-0.00420133,-0.14028609,-0.12437151
2020-03-02,XLP/IEF,18.79901741,4.80355233,True,0.04084466,0.04330643,-0.10517137,-0.08645117
2020-03-03,XLP/IEF,18.77409645,4.66601427,True,-0.00132565,-0.02863257,-0.10635760,-0.11260842
2020-03-04,XLP/IEF,19.22159474,4.86213917,True,0.02383594,0.04203264,-0.08505679,-0.07530901
2020-03-05,XLP/IEF,19.11555732,4.70051443,True,-0.00551658,-0.03324149,-0.09010414,-0.10604711
2020-03-06,XLP/IEF,19.13265135,4.62281039,True,0.00089425,-0.01653097,-0.08929047,-0.12082502
2020-03-09,XLP/IEF,18.79346912,4.26179503,True,-0.01772793,-0.07809435,-0.10543546,-0.18948361
2020-03-10,XLP/IEF,18.88633569,4.48232009,True,0.00494143,0.05174464,-0.10101504,-0.14754373
2020-03-11,XLP/IEF,18.32397375,4.26381383,True,-0.02977613,-0.04874847,-0.12778333,-0.18909968
2020-03-12,XLP/IEF,17.47364307,3.85586422,True,-0.04640536,-0.09567716,-0.16825886,-0.26668432
2020-03-13,XLP/IEF,18.11520078,4.18548802,True,0.03671574,0.08548636,-0.13772087,-0.20399583
2020-03-16,XLP/IEF,17.75050786,3.72749662,True,-0.02013187,-0.10942366,-0.15508017,-0.29109752
2020-03-17,XLP/IEF,18.21786247,3.92875124,True,0.02632908,0.05399190,-0.13283420,-0.25282252
2020-03-18,XLP/IEF,17.85818886,3.72982786,True,-0.01974291,-0.05063272,-0.14995458,-0.29065415
2020-03-19,XLP/IEF,17.59391307,3.73775321,True,-0.01479858,0.00212486,-0.16253404,-0.28914690
2020-03-20,XLP/IEF,17.27359534,3.57667766,True,-0.01820617,-0.04309422,-0.17778108,-0.31978055
2020-03-23,XLP/IEF,17.14803588,3.48522808,True,-0.00726887,-0.02556830,-0.18375768,-0.33717261
2020-03-24,XLP/IEF,17.47816277,3.80100176,True,0.01925159,0.09060345,-0.16804373,-0.27711817
2020-03-25,XLP/IEF,17.46138154,3.85790306,True,-0.00096013,0.01497008,-0.16884251,-0.26629657
2020-03-26,XLP/IEF,17.92750351,4.08316554,True,0.02669445,0.05838988,-0.14665522,-0.22345572
2020-03-27,XLP/IEF,17.95730167,3.96154530,True,0.00166215,-0.02978577,-0.14523683,-0.24658569
2020-03-30,XLP/IEF,18.31138204,4.09019908,True,0.01971791,0.03247565,-0.12838269,-0.22211806
2020-03-31,XLP/IEF,18.14895795,4.02923365,True,-0.00887012,-0.01490525,-0.13611404,-0.23371259
2020-04-01,XLP/IEF,18.04815819,3.84789829,False,-0.00555402,-0.04500493,-0.14091208,-0.26819929
2020-04-02,XLP/IEF,18.28199365,3.93669038,False,0.01295619,0.02307548,-0.12978157,-0.25131264
2020-04-03,XLP/IEF,18.36154951,3.87978909,False,0.00435160,-0.01445409,-0.12599473,-0.26213424
2020-04-06,XLP/IEF,18.67047203,4.14037927,False,0.01682443,0.06716607,-0.11129010,-0.21257470
2020-04-07,XLP/IEF,18.51879525,4.14460080,False,-0.00812389,0.00101960,-0.11850987,-0.21177184
2020-04-08,XLP/IEF,18.65022352,4.28372867,False,0.00709702,0.03356846,-0.11225392,-0.18531223
2020-04-09,XLP/IEF,18.76094931,4.34891537,False,0.00593697,0.01521728,-0.10698340,-0.17291490
2020-04-13,XLP/IEF,18.66888171,4.30920822,False,-0.00490741,-0.00913036,-0.11136579,-0.18046648
2020-04-14,XLP/IEF,19.09620209,4.43629925,False,0.02288945,0.02949290,-0.09102545,-0.15629607
2020-04-15,XLP/IEF,19.01454890,4.34203636,False,-0.00427589,-0.02124809,-0.09491212,-0.17422316
2020-04-16,XLP/IEF,19.09026543,4.36298323,False,0.00398203,0.00482421,-0.09130803,-0.17023945
2020-04-17,XLP/IEF,19.22105585,4.48085178,False,0.00685116,0.02701558,-0.08508244,-0.14782298
2020-04-20,XLP/IEF,19.04277441,4.40190784,False,-0.00927532,-0.01761807,-0.09356859,-0.16283669
2020-04-21,XLP/IEF,18.85408765,4.26825207,False,-0.00990857,-0.03036315,-0.10255004,-0.18825560
2020-04-22,XLP/IEF,18.92110096,4.36298323,False,0.00355431,0.02219437,-0.09936022,-0.17023945
2020-04-23,XLP/IEF,18.83879022,4.36266897,False,-0.00435021,-0.00007203,-0.10327819,-0.17029921
2020-04-24,XLP/IEF,18.94615838,4.42348039,False,0.00569931,0.01393904,-0.09816749,-0.15873398
2020-04-27,XLP/IEF,18.92715799,4.48726043,False,-0.00100286,0.01441852,-0.09907191,-0.14660417
2020-04-28,XLP/IEF,19.02213373,4.46662548,False,0.00501796,-0.00459856,-0.09455108,-0.15052856
2020-04-29,XLP/IEF,18.97531860,4.58355669,False,-0.00246109,0.02617887,-0.09677947,-0.12829036
2020-04-30,XLP/IEF,18.83524510,4.54087987,False,-0.00738188,-0.00931085,-0.10344694,-0.13640672
2020-05-01,XLP/IEF,18.74072612,4.42066811,False,-0.00501820,-0.02647323,-0.10794602,-0.15926883
2020-05-04,XLP/IEF,18.73740374,4.43286104,False,-0.00017728,0.00275816,-0.10810416,-0.15694995
2020-05-05,XLP/IEF,18.73857017,4.47381772,False,0.00006225,0.00923933,-0.10804864,-0.14916073
2020-05-06,XLP/IEF,18.60163633,4.44349096,False,-0.00730759,-0.00677872,-0.11456666,-0.15492833
2020-05-07,XLP/IEF,18.63279223,4.49711041,False,0.00167490,0.01206696,-0.11308364,-0.14473088
2020-05-08,XLP/IEF,18.80794524,4.57151933,False,0.00940026,0.01654594,-0.10474640,-0.13057965
2020-05-11,XLP/IEF,18.76873017,4.57245693,False,-0.00208503,0.00020510,-0.10661303,-0.13040134
2020-05-12,XLP/IEF,18.72010581,4.48132058,False,-0.00259071,-0.01993159,-0.10892754,-0.14773382
2020-05-13,XLP/IEF,18.65504615,4.40206393,False,-0.00347539,-0.01768600,-0.11202436,-0.16280700
2020-05-14,XLP/IEF,18.64699521,4.45474578,False,-0.00043157,0.01196753,-0.11240759,-0.15278787
2020-05-15,XLP/IEF,18.72193495,4.47522359,False,0.00401886,0.00459685,-0.10884047,-0.14889336
2020-05-18,XLP/IEF,18.81167793,4.61153788,False,0.00479347,0.03045977,-0.10456873,-0.12296884
2020-05-19,XLP/IEF,18.66433420,4.56417152,False,-0.00783257,-0.01027127,-0.11158225,-0.13197707
2020-05-20,XLP/IEF,18.77696736,4.64170958,False,0.00603467,0.01698842,-0.10622094,-0.11723073
2020-05-21,XLP/IEF,18.67931477,4.60966165,False,-0.00520066,-0.00690434,-0.11086918,-0.12332567
2020-05-22,XLP/IEF,18.72951225,4.61841741,False,0.00268733,0.00189944,-0.10847980,-0.12166048
2020-05-26,XLP/IEF,18.75510371,4.67531741,False,0.00136637,0.01232024,-0.10726165,-0.11083913
2020-05-27,XLP/IEF,18.90395927,4.74488069,False,0.00793680,0.01487884,-0.10017616,-0.09760945
2020-05-28,XLP/IEF,18.97982889,4.73612856,False,0.00401342,-0.00184454,-0.09656478,-0.09927395
2020-05-29,XLP/IEF,19.01966226,4.75723023,False,0.00209872,0.00445547,-0.09466873,-0.09526079
2020-06-01,XLK,19.07396738,4.77645826,True,0.00285521,0.00404185,-0.09208382,-0.09160397
2020-06-02,XLK,19.25313616,4.81600802,True,0.00939337,0.00828014,-0.08355543,-0.08408232
2020-06-03,XLK,19.40308910,4.88010129,True,0.00778849,0.01330838,-0.07641770,-0.07189294
2020-06-04,XLK,19.24339651,4.86728243,True,-0.00823027,-0.00262676,-0.08401903,-0.07433085
2020-06-05,XLK,19.74974937,4.99202816,True,0.02631307,0.02562944,-0.05991676,-0.05060647
2020-06-08,XLK,19.84907108,5.05237052,True,0.00502901,0.01208774,-0.05518907,-0.03913044
2020-06-09,XLK,19.94255492,5.01469596,True,0.00470973,-0.00745681,-0.05073926,-0.04629547
2020-06-10,XLK,20.27557531,4.98671424,True,0.01669898,-0.00557994,-0.03488757,-0.05161708
2020-06-11,XLK,19.11291196,4.69923499,True,-0.05734305,-0.05764903,-0.09023006,-0.10629044
2020-06-12,XLK,19.36024897,4.75551061,True,0.01294083,0.01197549,-0.07845688,-0.09558783
2020-06-15,XLK,19.54720729,4.79990757,True,0.00965681,0.00933590,-0.06955771,-0.08714434
2020-06-16,XLK,19.96397655,4.89229370,True,0.02132117,0.01924748,-0.04971960,-0.06957416
2020-06-17,XLK,19.96008100,4.87197250,True,-0.00019513,-0.00415372,-0.04990502,-0.07343889
2020-06-18,XLK,20.04966461,4.87384717,True,0.00448814,0.00038479,-0.04564087,-0.07308236
2020-06-19,XLK,19.91139052,4.84599397,True,-0.00689658,-0.00571483,-0.05222268,-0.07837953
2020-06-22,XLK,20.28654120,4.87708193,True,0.01884101,0.00641519,-0.03436560,-0.07246717
2020-06-23,XLK,20.43301045,4.89953537,True,0.00722002,0.00460387,-0.02739370,-0.06819693
2020-06-24,XLK,19.97212335,4.77455497,True,-0.02255601,-0.02550862,-0.04933181,-0.09196594
2020-06-25,XLK,20.22795974,4.82574093,True,0.01280967,0.01072057,-0.03715406,-0.08223130
2020-06-26,XLK,19.82956837,4.71112302,True,-0.01969508,-0.02375136,-0.05611739,-0.10402955
2020-06-29,XLK,20.04633381,4.78036371,True,0.01093143,0.01469728,-0.04579941,-0.09086122
2020-06-30,XLK,20.40566516,4.84159788,True,0.01792504,0.01280952,-0.02869533,-0.07921559
2020-07-01,XLK,20.43886548,4.87551164,False,0.00162701,0.00700466,-0.02711500,-0.07276581
2020-07-02,XLK,20.55799255,4.90236221,False,0.00582846,0.00550723,-0.02144458,-0.06765931
2020-07-06,XLK,20.91732390,4.97804120,False,0.01747891,0.01543725,-0.00434050,-0.05326654
2020-07-07,XLK,20.69860054,4.92669812,False,-0.01045657,-0.01031391,-0.01475167,-0.06303106
2020-07-08,XLK,21.03644941,4.96438204,False,0.01632231,0.00764892,0.00000000,-0.05586426
2020-07-09,XLK,21.11260999,4.93611884,False,0.00362041,-0.00569320,0.00000000,-0.06123941
2020-07-10,XLK,21.10675496,4.98651965,False,-0.00027732,0.01021061,-0.00027732,-0.05165409
2020-07-13,XLK,20.66930513,4.94334125,False,-0.02072558,-0.00865902,-0.02099716,-0.05986584
2020-07-14,XLK,20.90755460,5.00740226,False,0.01152673,0.01295905,-0.00971246,-0.04768259
2020-07-15,XLK,21.02082197,5.05340594,False,0.00541753,0.00918713,-0.00434754,-0.03893353
2020-07-16,XLK,20.76109159,5.03676384,False,-0.01235586,-0.00329324,-0.01664969,-0.04209855
2020-07-17,XLK,20.86264422,5.05136632,False,0.00489149,0.00289918,-0.01183964,-0.03932142
2020-07-20,XLK,21.39577764,5.09218824,False,0.02555445,0.00808136,0.00000000,-0.03155783
2020-07-21,XLK,21.18096543,5.10302316,False,-0.01003993,0.00212775,-0.01003993,-0.02949723
2020-07-22,XLK,21.35086414,5.13206943,False,0.00802129,0.00569197,-0.00209918,-0.02397315
2020-07-23,XLK,20.79624514,5.07083370,False,-0.02597642,-0.01193198,-0.02802107,-0.03561908
2020-07-24,XLK,20.54432302,5.03817648,False,-0.01211383,-0.00644021,-0.03979545,-0.04182989
2020-07-27,XLK,20.86850237,5.07491605,False,0.01577951,0.00729223,-0.02464389,-0.03484269
2020-07-28,XLK,20.62439475,5.04273075,False,-0.01169742,-0.00634204,-0.03605304,-0.04096376
2020-07-29,XLK,20.92318204,5.10475007,False,0.01448708,0.01229876,-0.02208826,-0.02916880
2020-07-30,XLK,21.04035432,5.08653507,False,0.00560012,-0.00356824,-0.01661184,-0.03263296
2020-07-31,XLK,21.56567947,5.12673106,False,0.02496750,0.00790243,0.00000000,-0.02498842
2020-08-03,XLK,22.09686276,5.16237225,False,0.02463096,0.00695203,0.00000000,-0.01821010
2020-08-04,XLK,22.15349723,5.18231310,False,0.00256301,0.00386273,0.00000000,-0.01441771
2020-08-05,XLK,22.23552063,5.21450100,False,0.00370250,0.00621111,0.00000000,-0.00829616
2020-08-06,XLK,22.54798057,5.24935549,False,0.01405229,0.00668415,0.00000000,-0.00166746
2020-08-07,XLK,22.21208493,5.25312409,False,-0.01489693,0.00071792,-0.01489693,-0.00095074
2020-08-10,XLK,22.14959232,5.26882650,False,-0.00281345,0.00298916,-0.01766847,0.00000000
2020-08-11,XLK,21.75120407,5.22533488,False,-0.01798626,-0.00825452,-0.03533693,-0.00825452
2020-08-12,XLK,22.24528525,5.29818756,False,0.02271512,0.01394220,-0.01342450,0.00000000
2020-08-13,XLK,22.25504674,5.28860919,False,0.00043881,-0.00180786,-0.01299158,-0.00180786
2020-08-14,XLK,22.23941930,5.28876684,False,-0.00070220,0.00002981,-0.01368465,-0.00177810
2020-08-17,XLK,22.38784803,5.30556711,False,0.00667413,0.00317659,-0.00710186,0.00000000
2020-08-18,XLK,22.47181843,5.31702849,False,0.00375071,0.00216025,-0.00337778,0.00000000
2020-08-19,XLK,22.44447781,5.29488984,False,-0.00121666,-0.00416372,-0.00459033,-0.00416372
2020-08-20,XLK,22.74326822,5.31137741,False,0.01331242,0.00311386,0.00000000,-0.00106283
2020-08-21,XLK,23.03229246,5.33021781,False,0.01270812,0.00354718,0.00000000,0.00000000
2020-08-24,XLK,23.23148502,5.38423008,False,0.00864840,0.01013322,0.00000000,0.00000000
2020-08-25,XLK,23.34866042,5.40307049,False,0.00504382,0.00349918,0.00000000,0.00000000
2020-08-26,XLK,23.82321393,5.45723989,False,0.02032466,0.01002567,0.00000000,0.00000000
2020-08-27,XLK,23.84273536,5.46917215,False,0.00081943,0.00218650,0.00000000,0.00000000
2020-08-28,XLK,24.05169879,5.50449960,False,0.00876424,0.00645938,0.00000000,0.00000000
2020-08-31,XLK,24.12786404,5.48455926,False,0.00316673,-0.00362255,0.00000000,-0.00362255
2020-09-01,XLK,24.58874334,5.53621609,False,0.01910154,0.00941859,0.00000000,0.00000000
2020-09-02,XLK,24.80746670,5.61629275,False,0.00889526,0.01446415,0.00000000,0.00000000
2020-09-03,XLK,23.39357547,5.42301134,False,-0.05699458,-0.03441441,-0.05699458,-0.03441441
2020-09-04,XLK,23.06744601,5.37873406,False,-0.01394098,-0.00816470,-0.07014101,-0.04229813
2020-09-08,XLK,22.02460710,5.23177111,False,-0.04520825,-0.02732296,-0.11217831,-0.06846538
2020-09-09,XLK,22.74326822,5.33508582,False,0.03262992,0.01974756,-0.08320876,-0.05006985
2020-09-10,XLK,22.22966093,5.24244942,False,-0.02258283,-0.01736362,-0.10391250,-0.06656407
2020-09-11,XLK,22.05975909,5.24511705,False,-0.00764302,0.00050885,-0.11076131,-0.06608909
2020-09-14,XLK,22.52259007,5.31420269,False,0.02098078,0.01317142,-0.09210439,-0.05378816
2020-09-15,XLK,22.74522146,5.34105221,False,0.00988480,0.00505241,-0.08313002,-0.04900751
2020-09-16,XLK,22.39369681,5.31985377,False,-0.01545488,-0.00396896,-0.09730014,-0.05278197
2020-09-17,XLK,22.20818158,5.27306599,False,-0.00828426,-0.00879494,-0.10477834,-0.06111269
2020-09-18,XLK,21.82541453,5.21235837,False,-0.01723541,-0.01151277,-0.12020785,-0.07192189
2020-09-21,XLK,22.00684545,5.15434700,False,0.00831283,-0.01112958,-0.11289429,-0.08225101
2020-09-22,XLK,22.35522962,5.20684101,False,0.01583072,0.01018442,-0.09885077,-0.07290427
2020-09-23,XLK,21.65846595,5.08608813,False,-0.03116782,-0.02319120,-0.12693762,-0.09440473
2020-09-24,XLK,21.77980680,5.09964635,False,0.00560247,0.00266575,-0.12204632,-0.09199065
2020-09-25,XLK,22.30042983,5.18209197,False,0.02390393,0.01616693,-0.10105977,-0.07731092
2020-09-28,XLK,22.72709787,5.26816259,False,0.01913273,0.01660924,-0.08386059,-0.06198576
2020-09-29,XLK,22.65076724,5.23947221,False,-0.00335857,-0.00544599,-0.08693751,-0.06709418
2020-09-30,XLK,22.84061329,5.27919835,False,0.00838144,0.00758209,-0.07928473,-0.06002080
2020-10-01,XLK,23.08135579,5.31309078,False,0.01054011,0.00642000,-0.06958030,-0.05398614
2020-10-02,XLK,22.49614963,5.26264471,False,-0.02535406,-0.00949468,-0.09317022,-0.06296823
2020-10-05,XLK,22.98936652,5.35596844,False,0.02192450,0.01773324,-0.07328843,-0.04635163
2020-10-06,XLK,22.63315068,5.27982741,False,-0.01549481,-0.01421611,-0.08764764,-0.05990880
2020-10-07,XLK,23.04808527,5.37173277,False,0.01833305,0.01740689,-0.07092145,-0.04354473
2020-10-08,XLK,23.16747444,5.41933900,False,0.00518000,0.00886236,-0.06610882,-0.03506828
2020-10-09,XLK,23.52172768,5.46773558,False,0.01529097,0.00893035,-0.05182871,-0.02645111
2020-10-12,XLK,24.16368532,5.55569752,False,0.02729211,0.01608745,-0.02595111,-0.01078919
2020-10-13,XLK,24.00907395,5.51944080,False,-0.00639850,-0.00652604,-0.03218357,-0.01724482
2020-10-14,XLK,23.88185155,5.48475854,False,-0.00529893,-0.00628366,-0.03731196,-0.02342011
2020-10-15,XLK,23.77420675,5.47798099,False,-0.00450739,-0.00123571,-0.04165117,-0.02462688
2020-10-16,XLK,23.70570155,5.47467130,False,-0.00288149,-0.00060418,-0.04441264,-0.02521618
2020-10-19,XLK,23.27120028,5.39143689,False,-0.01832898,-0.01520354,-0.06192758,-0.04003635
2020-10-20,XLK,23.35144674,5.41303389,False,0.00344832,0.00400580,-0.05869281,-0.03619093
2020-10-21,XLK,23.31622142,5.40278692,False,-0.00150849,-0.00189302,-0.06011276,-0.03801544
2020-10-22,XLK,23.20661403,5.43242322,False,-0.00470091,0.00548537,-0.06453108,-0.03273859
2020-10-23,XLK,23.18117361,5.45086558,False,-0.00109626,0.00339487,-0.06555660,-0.02945487
2020-10-26,XLK,22.67816714,5.35013525,False,-0.02169892,-0.01847970,-0.08583301,-0.04739025
2020-10-27,XLK,22.79168568,5.33169236,False,0.00500563,-0.00344718,-0.08125703,-0.05067406
2020-10-28,XLK,21.82482638,5.14945973,False,-0.04242158,-0.03417914,-0.12023156,-0.08312120
2020-10-29,XLK,22.18886764,5.20179661,False,0.01668014,0.01016357,-0.10555689,-0.07380245
2020-10-30,XLK,21.69760866,5.14756841,False,-0.02213988,-0.01042490,-0.12535976,-0.08345796
2020-11-02,XLK,21.75241002,5.20526447,False,0.00252569,0.01120841,-0.12315069,-0.07318498
2020-11-03,XLK,22.13602732,5.29716880,False,0.01763562,0.01765603,-0.10768691,-0.05682110
2020-11-04,XLK,22.99719506,5.41555583,False,0.03890345,0.02234911,-0.07297285,-0.03574189
2020-11-05,XLK,23.71157686,5.52117395,False,0.03106387,0.01950273,-0.04417581,-0.01693622
2020-11-06,XLK,23.79573291,5.51991324,False,0.00354915,-0.00022834,-0.04078344,-0.01716070
2020-11-09,XLK,23.62349561,5.58927464,False,-0.00723816,0.01256567,-0.04772640,-0.00481067
2020-11-10,XLK,23.18312684,5.58107769,False,-0.01864113,-0.00146655,-0.06547786,-0.00627016
2020-11-11,XLK,23.73310456,5.62253698,False,0.02372319,0.00742855,-0.04330801,0.00000000
2020-11-12,XLK,23.52172768,5.56799399,False,-0.00890642,-0.00970078,-0.05182871,-0.00970078
2020-11-13,XLK,23.72136331,5.64507886,False,0.00848729,0.01384428,-0.04378131,0.00000000
2020-11-16,XLK,23.95035520,5.71554436,False,0.00965340,0.01248264,-0.03455055,0.00000000
2020-11-17,XLK,23.81726686,5.68480448,False,-0.00555684,-0.00537829,-0.03991540,-0.00537829
2020-11-18,XLK,23.56282519,5.61638900,False,-0.01068308,-0.01203480,-0.05017205,-0.01734837
2020-11-19,XLK,23.75267748,5.64003394,False,0.00805728,0.00420999,-0.04251902,-0.01321141
2020-11-20,XLK,23.50802383,5.60141346,False,-0.01030005,-0.00684756,-0.05238112,-0.01996851
2020-11-23,XLK,23.50215165,5.63498954,False,-0.00024979,0.00599422,-0.05261783,-0.01409399
2020-11-24,XLK,23.82900967,5.72578925,False,0.01390758,0.01611355,-0.03944204,0.00000000
2020-11-25,XLK,23.87989207,5.71696220,False,0.00213531,-0.00154163,-0.03739095,-0.00154163
2020-11-27,XLK,24.00711447,5.73288471,False,0.00532760,0.00278513,-0.03226255,0.00000000
2020-11-30,XLK,24.16760583,5.70750454,False,0.00668516,-0.00442712,-0.02579308,-0.00442712
2020-12-01,XLK,24.47684262,5.76992970,False,0.01279551,0.01093738,-0.01332760,0.00000000
2020-12-02,XLK,24.43965314,5.78206852,False,-0.00151937,0.00210381,-0.01482673,0.00000000
2020-12-03,XLK,24.42399761,5.78049146,False,-0.00064058,-0.00027275,-0.01545781,-0.00027275
2020-12-04,XLK,24.66864658,5.83030640,False,0.01001675,0.00861777,-0.00559590,0.00000000
2020-12-07,XLK,24.73910659,5.81832523,False,0.00285626,-0.00205498,-0.00275563,-0.00205498
2020-12-08,XLK,24.81935617,5.83535028,False,0.00324383,0.00292611,0.00000000,0.00000000
2020-12-09,XLK,24.34375271,5.78301444,False,-0.01916260,-0.00896876,-0.01916260,-0.00896876
2020-12-10,XLK,24.37898116,5.78112155,False,0.00144712,-0.00032732,-0.01774321,-0.00929314
2020-12-11,XLK,24.32809563,5.77434348,False,-0.00208727,-0.00117245,-0.01979344,-0.01045469
2020-12-14,XLK,24.41617063,5.74849087,False,0.00362030,-0.00447715,-0.01624480,-0.01488504
2020-12-15,XLK,24.82326731,5.82620688,False,0.01667324,0.01351938,0.00000000,-0.00156690
2020-12-16,XLK,24.99158722,5.83535028,False,0.00678073,0.00156936,0.00000000,0.00000000
2020-12-17,XLK,25.18926649,5.86798200,False,0.00790983,0.00559208,0.00000000,0.00000000
2020-12-18,XLK,25.10119149,5.84455143,False,-0.00349653,-0.00399295,-0.00349653,-0.00399295
2020-12-21,XLK,25.12630118,5.82365372,False,0.00100034,-0.00357559,-0.00249969,-0.00755426
2020-12-22,XLK,25.34406039,5.81383965,False,0.00866658,-0.00168521,0.00000000,-0.00922674
2020-12-23,XLK,25.15180868,5.81906303,False,-0.00758567,0.00089844,-0.00758567,-0.00833659
2020-12-24,XLK,25.31855289,5.84170221,False,0.00662951,0.00389052,-0.00100645,-0.00447850
2020-12-28,XLK,25.60497644,5.89188709,False,0.01131279,0.00859080,0.00000000,0.00000000
2020-12-29,XLK,25.48334230,5.88064633,False,-0.00475041,-0.00190784,-0.00475041,-0.00190784
2020-12-30,XLK,25.46961193,5.88903736,False,-0.00053880,0.00142689,-0.00528665,-0.00048367
2020-12-31,XLK,25.50688565,5.91895827,False,0.00146346,0.00508078,-0.00383093,0.00000000
2021-01-04,XLK,25.09099161,5.83837744,False,-0.01630517,-0.01361402,-0.02007363,-0.01361402
2021-01-05,XLK,25.25381531,5.87858799,False,0.00648933,0.00688728,-0.01371457,-0.00682050
2021-01-06,XLK,24.81830310,5.91373436,False,-0.01724540,0.00597871,-0.03072345,-0.00088257
2021-01-07,XLK,25.48726905,6.00159589,False,0.02695454,0.01485720,-0.00459705,0.00000000
2021-01-08,XLK,25.65205379,6.03579270,False,0.00646537,0.00569795,0.00000000,0.00000000
2021-01-11,XLK,25.44018547,5.99510711,False,-0.00825931,-0.00674072,-0.00825931,-0.00674072
2021-01-12,XLK,25.31855289,5.99637146,False,-0.00478112,0.00021090,-0.01300094,-0.00653124
2021-01-13,XLK,25.47942023,6.01252082,False,0.00635373,0.00269319,-0.00672981,-0.00385565
2021-01-14,XLK,25.25578258,5.99146494,False,-0.00877719,-0.00350201,-0.01544793,-0.00734415
2021-01-15,XLK,24.99682601,5.94776988,False,-0.01025336,-0.00729288,-0.02554290,-0.01458347
2021-01-19,XLK,25.32247652,5.99447233,False,0.01302767,0.00785209,-0.01284799,-0.00684589
2021-01-20,XLK,25.82468422,6.07742786,False,0.01983249,0.01383867,0.00000000,0.00000000
2021-01-21,XLK,26.15818824,6.08296967,False,0.01291416,0.00091187,0.00000000,0.00000000
2021-01-22,XLK,26.05814109,6.06143823,False,-0.00382470,-0.00353963,-0.00382470,-0.00353963
2021-01-25,XLK,26.27589251,6.08534436,False,0.00835637,0.00394397,0.00000000,0.00000000
2021-01-26,XLK,26.29355276,6.07584455,False,0.00067211,-0.00156110,0.00000000,-0.00156110
2021-01-27,XLK,25.79722036,5.92734878,False,-0.01887658,-0.02444035,-0.01887658,-0.02596329
2021-01-28,XLK,25.90315998,5.97832557,False,0.00410663,0.00860027,-0.01484747,-0.01758632
2021-01-29,XLK,25.29305162,5.85863985,False,-0.02355343,-0.02001994,-0.03805120,-0.03725418
2021-02-01,XLE,25.43913257,5.95616195,True,0.00577554,0.01664586,-0.03249543,-0.02122845
2021-02-02,XLE,25.71536613,6.04038339,True,0.01085861,0.01414022,-0.02198967,-0.00738840
2021-02-03,XLE,26.81387496,6.04513121,True,0.04271799,0.00078601,0.00000000,-0.00660820
2021-02-04,XLE,27.10938482,6.11383963,True,0.01102078,0.01136591,0.00000000,0.00000000
2021-02-05,XLE,27.34064037,6.13790341,True,0.00853046,0.00393595,0.00000000,0.00000000
2021-02-08,XLE,28.48412120,6.18223065,True,0.04182348,0.00722189,0.00000000,0.00000000
2021-02-09,XLE,28.18219792,6.17811344,True,-0.01059970,-0.00066597,-0.01059970,-0.00066597
2021-02-10,XLE,28.72181119,6.17542396,True,0.01914731,-0.00043532,0.00000000,-0.00110101
2021-02-11,XLE,28.27854940,6.18539777,True,-0.01543293,0.00161508,-0.01543293,0.00000000
2021-02-12,XLE,28.69611245,6.21595034,True,0.01476607,0.00493947,-0.00089475,0.00000000
2021-02-16,XLE,29.41561082,6.21056826,True,0.02507303,-0.00086585,0.00000000,-0.00086585
2021-02-17,XLE,29.85244416,6.21199287,True,0.01485039,0.00022938,0.00000000,-0.00063666
2021-02-18,XLE,29.17791483,6.18555491,True,-0.02259545,-0.00425595,-0.02259545,-0.00488991
2021-02-19,XLE,29.66614565,6.17463101,True,0.01673289,-0.00176603,-0.00624065,-0.00664731
2021-02-22,XLE,30.69398672,6.12713769,True,0.03464694,-0.00769169,0.00000000,-0.01428786
2021-02-23,XLE,31.20148483,6.13457812,True,0.01653412,0.00121434,0.00000000,-0.01309087
2021-02-24,XLE,32.30641008,6.20217827,True,0.03541259,0.01101953,0.00000000,-0.00221560
2021-02-25,XLE,31.68329020,6.05273137,True,-0.01928781,-0.02409587,-0.01928781,-0.02625809
2021-02-26,XLE,30.93167970,6.02154247,True,-0.02372262,-0.00515286,-0.04255287,-0.03127565
2021-03-01,XLE,31.73467865,6.16750642,False,0.02596041,0.02424029,-0.01769715,-0.00779349
2021-03-02,XLE,31.56123401,6.11938040,False,-0.00546546,-0.00780316,-0.02306589,-0.01553583
2021-03-03,XLE,32.02376007,6.03832661,False,0.01465488,-0.01324543,-0.00874904,-0.02857548
2021-03-04,XLE,32.78822146,5.96360238,False,0.02387169,-0.01237499,0.00000000,-0.04059684
2021-03-05,XLE,34.01521192,6.07331273,False,0.03742168,0.01839666,0.00000000,-0.02294703
2021-03-08,XLE,34.07944823,6.04307443,False,0.00188846,-0.00497888,0.00000000,-0.02781166
2021-03-09,XLE,33.48200908,6.12935577,False,-0.01753078,0.01427772,-0.01753078,-0.01393103
2021-03-10,XLE,34.32998006,6.16750642,False,0.02532617,0.00622425,0.00000000,-0.00779349
2021-03-11,XLE,34.34282493,6.23004136,False,0.00037416,0.01013942,0.00000000,0.00000000
2021-03-12,XLE,34.41349568,6.23843135,False,0.00205780,0.00134670,0.00000000,0.00000000
2021-03-15,XLE,34.02162834,6.27563555,False,-0.01138702,0.00596371,-0.01138702,0.00000000
2021-03-16,XLE,33.05159816,6.26771852,False,-0.02851216,-0.00126155,-0.03957452,-0.00126155
2021-03-17,XLE,33.30856142,6.28909179,False,0.00777461,0.00341006,-0.03210759,0.00000000
2021-03-18,XLE,31.81175984,6.19758758,False,-0.04493744,-0.01454967,-0.07560220,-0.01454967
2021-03-19,XLE,31.81818827,6.18611840,False,0.00020208,-0.00185059,-0.07541540,-0.01637333
2021-03-22,XLE,31.51305976,6.23551553,False,-0.00958975,0.00798516,-0.08428193,-0.00851892
2021-03-23,XLE,31.05211228,6.18643683,False,-0.01462719,-0.00787083,-0.09767631,-0.01632270
2021-03-24,XLE,31.83117419,6.15498673,False,0.02508885,-0.00508372,-0.07503805,-0.02132344
2021-03-25,XLE,31.94803842,6.18961384,False,0.00367138,0.00562586,-0.07164216,-0.01581754
2021-03-26,XLE,32.74008324,6.28935819,False,0.02479166,0.01611479,-0.04862663,0.00000000
2021-03-29,XLE,32.35054778,6.28618274,False,-0.01189782,-0.00050489,-0.05994590,-0.00050489
2021-03-30,XLE,32.07138811,6.26950526,False,-0.00862921,-0.00265304,-0.06805782,-0.00315659
2021-03-31,XLE,31.85065456,6.29491822,False,-0.00688257,0.00405342,-0.07447198,0.00000000
2021-04-01,XLE,32.66217674,6.36289663,False,0.02547898,0.01079894,-0.05089047,0.00000000
2021-04-05,XLE,31.88310884,6.45422394,False,-0.02385230,0.01435310,-0.07352891,0.00000000
2021-04-06,XLE,31.79871090,6.45041267,False,-0.00264710,-0.00059051,-0.07598138,-0.00059051
2021-04-07,XLE,31.90908067,6.45787755,False,0.00347089,0.00115727,-0.07277421,0.00000000
2021-04-08,XLE,31.49358239,6.48853262,False,-0.01302132,0.00474693,-0.08484791,0.00000000
2021-04-09,XLE,31.28583476,6.53570439,False,-0.00659651,0.00727002,-0.09088472,0.00000000
2021-04-12,XLE,31.03912636,6.53808792,False,-0.00788563,0.00036469,-0.09805366,0.00000000
2021-04-13,XLE,31.07159566,6.55746476,False,0.00104608,0.00296369,-0.09711016,0.00000000
2021-04-14,XLE,31.93505250,6.53506909,False,0.02778927,-0.00341529,-0.07201951,-0.00341529
2021-04-15,XLE,31.67535820,6.60527235,False,-0.00813195,0.01074254,-0.07956580,0.00000000
2021-04-16,XLE,31.42217036,6.62734908,False,-0.00799321,0.00334229,-0.08692303,0.00000000
2021-04-19,XLE,31.38970107,6.59478968,False,-0.00103332,-0.00491288,-0.08786653,-0.00491288
2021-04-20,XLE,30.55870751,6.54650549,False,-0.02647345,-0.00732157,-0.11201385,-0.01219848
2021-04-21,XLE,30.94823395,6.60844936,False,0.01274682,0.00946213,-0.10069485,-0.00285178
2021-04-22,XLE,30.58467935,6.54809347,False,-0.01174718,-0.00913314,-0.11125915,-0.01195887
2021-04-23,XLE,30.86384201,6.61908969,False,0.00912753,0.01084227,-0.10314714,-0.00124626
2021-04-26,XLE,31.07159566,6.63290858,False,0.00673130,0.00208773,-0.09711016,0.00000000
2021-04-27,XLE,31.44812719,6.63147877,False,0.01211819,-0.00021556,-0.08616877,-0.00021556
2021-04-28,XLE,32.53233259,6.62957288,False,0.03447599,-0.00028740,-0.05466353,-0.00050290
2021-04-29,XLE,32.89589321,6.67182304,False,0.01117536,0.00637298,-0.04409905,0.00000000
2021-04-30,XLE,32.06490266,6.62798490,False,-0.02526122,-0.00657064,-0.06824628,-0.00657064
2021-05-03,XLE,32.94782787,6.64228092,False,0.02753556,0.00215692,-0.04258991,-0.00442789
2021-05-04,XLE,32.96731425,6.60130135,False,0.00059143,-0.00616950,-0.04202367,-0.01057008
2021-05-05,XLE,34.03203028,6.60336646,False,0.03229611,0.00031283,-0.01108476,-0.01026055
2021-05-06,XLE,34.20731164,6.65609929,False,0.00515048,0.00798575,-0.00599137,-0.00235674
2021-05-07,XLE,34.81758964,6.70454062,False,0.01784057,0.00727773,0.00000000,0.00000000
2021-05-10,XLE,34.83056656,6.63815070,False,0.00037271,-0.00990223,0.00000000,-0.00990223
2021-05-11,XLE,33.93465242,6.57890619,False,-0.02572207,-0.00892485,-0.02572207,-0.01873871
2021-05-12,XLE,34.09694485,6.43913757,False,0.00478250,-0.02124496,-0.02106258,-0.03958557
2021-05-13,XLE,33.68145258,6.51648728,False,-0.01218562,0.01201243,-0.03299154,-0.02804865
2021-05-14,XLE,34.72669124,6.61654798,False,0.03103306,0.01535501,-0.00298230,-0.01312434
2021-05-17,XLE,35.53171896,6.59971284,False,0.02318181,-0.00254440,0.00000000,-0.01563534
2021-05-18,XLE,34.70721686,6.54285188,False,-0.02320468,-0.00861567,-0.02320468,-0.02411630
2021-05-19,XLE,33.84376002,6.52569728,False,-0.02487831,-0.00262188,-0.04750569,-0.02667496
2021-05-20,XLE,33.79181335,6.59590158,False,-0.00153490,0.01075813,-0.04896767,-0.01620380
2021-05-21,XLE,33.86322538,6.59050337,False,0.00211329,-0.00081842,-0.04695786,-0.01700896
2021-05-24,XLE,34.20081717,6.65768676,False,0.00996927,0.01019397,-0.03745672,-0.00698838
2021-05-25,XLE,33.50615922,6.64291569,False,-0.02031115,-0.00221865,-0.05700709,-0.00919152
2021-05-26,XLE,33.80479927,6.65609929,False,0.00891299,0.00198461,-0.04860220,-0.00722515
2021-05-27,XLE,33.83076810,6.65959213,False,0.00076820,0.00052476,-0.04787134,-0.00670419
2021-05-28,XLE,33.89569167,6.67150409,False,0.00191907,0.00178869,-0.04604414,-0.00492748
2021-06-01,XLE,35.20061563,6.66562876,False,0.03849822,-0.00088066,-0.00931853,-0.00580381
2021-06-02,XLE,35.85633384,6.67610987,False,0.01862803,0.00157241,0.00000000,-0.00424052
2021-06-03,XLE,35.95371170,6.65133274,False,0.00271578,-0.00371131,0.00000000,-0.00793610
2021-06-04,XLE,36.19392264,6.71216679,False,0.00668112,0.00914614,0.00000000,0.00000000
2021-06-07,XLE,36.03810965,6.70565252,False,-0.00430495,-0.00097052,-0.00430495,-0.00097052
2021-06-08,XLE,36.34973561,6.70708285,False,0.00864712,0.00021330,0.00000000,-0.00075742
2021-06-09,XLE,36.12251059,6.69707522,False,-0.00625108,-0.00149210,-0.00625108,-0.00224839
2021-06-10,XLE,36.07705539,6.72820689,False,-0.00125836,0.00464855,-0.00750157,0.00000000
2021-06-11,XLE,35.95371170,6.73932538,False,-0.00341890,0.00165252,-0.01089482,0.00000000
2021-06-14,XLE,35.79789572,6.75441383,False,-0.00433379,0.00223887,-0.01518140,0.00000000
2021-06-15,XLE,36.47957976,6.74202578,False,0.01904257,-0.00183407,0.00000000,-0.00183407
2021-06-16,XLE,36.28481204,6.70438140,False,-0.00533909,-0.00558354,-0.00533909,-0.00740737
2021-06-17,XLE,35.05130011,6.70215864,False,-0.03399527,-0.00033154,-0.03915285,-0.00773645
2021-06-18,XLE,34.01254690,6.61174396,False,-0.02963523,-0.01349038,-0.06762778,-0.02112247
2021-06-21,XLE,35.46199056,6.70639760,False,0.04261497,0.01431599,-0.02789476,-0.00710887
2021-06-22,XLE,35.69809595,6.74225160,False,0.00665798,0.00534624,-0.02142250,-0.00180063
2021-06-23,XLE,35.79647019,6.73412593,False,0.00275573,-0.00120519,-0.01872581,-0.00300365
2021-06-24,XLE,36.10472287,6.77396185,False,0.00861126,0.00591553,-0.01027580,0.00000000
2021-06-25,XLE,36.29491385,6.79802356,False,0.00526776,0.00355209,-0.00506217,0.00000000
2021-06-28,XLE,35.06847860,6.81172851,False,-0.03379083,0.00201602,-0.03868195,0.00000000
2021-06-29,XLE,34.89795405,6.81539253,False,-0.00486262,0.00053790,-0.04335647,0.00000000
2021-06-30,XLE,35.33081691,6.82112946,False,0.01240367,0.00084176,-0.03149057,0.00000000
2021-07-01,XLE,35.94731628,6.85889611,False,0.01744934,0.00553672,-0.01459072,0.00000000
2021-07-02,XLE,35.86861148,6.91132145,False,-0.00218945,0.00764341,-0.01674823,0.00000000
2021-07-06,XLE,34.70119358,6.89873256,False,-0.03254706,-0.00182149,-0.04875018,-0.00182149
2021-07-07,XLE,34.13716308,6.92311322,False,-0.01625392,0.00353408,-0.06421172,0.00000000
2021-07-08,XLE,33.94040560,6.86670336,False,-0.00576373,-0.00814805,-0.06960536,-0.00814805
2021-07-09,XLE,34.66184269,6.94000454,False,0.02125599,0.01067487,-0.04982889,0.00000000
2021-07-12,XLE,34.60937683,6.96486180,False,-0.00151365,0.00358174,-0.05126712,0.00000000
2021-07-13,XLE,34.34703252,6.94112112,False,-0.00758015,-0.00340864,-0.05845866,-0.00340864
2021-07-14,XLE,33.32390622,6.95147684,False,-0.02978791,0.00149194,-0.08650521,-0.00192178
2021-07-15,XLE,32.85824996,6.92773409,False,-0.01397364,-0.00341550,-0.09927005,-0.00533072
2021-07-16,XLE,31.92693743,6.87339662,False,-0.02834334,-0.00784347,-0.12479975,-0.01313238
2021-07-19,XLE,30.79886142,6.77188998,False,-0.03533305,-0.01476805,-0.15572324,-0.02770648
2021-07-20,XLE,31.21205182,6.86893496,False,0.01341577,0.01433056,-0.14439662,-0.01377297
2021-07-21,XLE,32.30077395,6.92454771,False,0.03488147,0.00809627,-0.11455192,-0.00578821
2021-07-22,XLE,31.94005539,6.93904873,False,-0.01116749,0.00209415,-0.12444015,-0.00370619
2021-07-23,XLE,31.82200572,7.01043674,False,-0.00369598,0.01028787,-0.12767620,0.00000000
2021-07-26,XLE,32.60902362,7.02764701,False,0.02473188,0.00245495,-0.10610199,0.00000000
2021-07-27,XLE,32.30733443,6.99561781,False,-0.00925171,-0.00455760,-0.11437208,-0.00455760
2021-07-28,XLE,32.60246614,6.99274882,False,0.00913513,-0.00041011,-0.10628175,-0.00496584
2021-07-29,XLE,32.91727331,7.02175139,False,0.00965593,0.00414752,-0.09765207,-0.00083892
2021-07-30,XLE,32.39259669,6.98764979,False,-0.01593925,-0.00485657,-0.11203482,-0.00569141
2021-08-02,XLK,32.11928879,6.97299007,True,-0.00843736,-0.00209795,-0.11952690,-0.00777742
2021-08-03,XLK,32.32522810,7.02971993,True,0.00641170,0.00813566,-0.11388157,0.00000000
2021-08-04,XLK,32.39036792,6.99513964,True,0.00201514,-0.00491915,-0.11209591,-0.00491915
2021-08-05,XLK,32.56899225,7.03943930,True,0.00551474,0.00633292,-0.10719936,0.00000000
2021-08-06,XLK,32.54166396,7.05107134,True,-0.00083909,0.00165241,-0.10794850,0.00000000
2021-08-09,XLK,32.43659865,7.04533545,True,-0.00322864,-0.00081348,-0.11082861,-0.00081348
2021-08-10,XLK,32.20335435,7.05409850,True,-0.00719078,0.00124381,-0.11722244,0.00000000
2021-08-11,XLK,32.20754564,7.07162720,True,0.00013015,0.00248490,-0.11710755,0.00000000
2021-08-12,XLK,32.39246524,7.09282044,True,0.00574150,0.00299694,-0.11203842,0.00000000
2021-08-13,XLK,32.56899225,7.10572880,True,0.00544963,0.00181992,-0.10719936,0.00000000
2021-08-16,XLK,32.71608368,7.12246091,True,0.00451630,0.00235474,-0.10316720,0.00000000
2021-08-17,XLK,32.44499456,7.07576991,True,-0.00828611,-0.00655546,-0.11059846,-0.00655546
2021-08-18,XLK,31.99741504,6.99832654,True,-0.01379503,-0.01094487,-0.12286777,-0.01742858
2021-08-19,XLK,32.31051696,7.00916250,True,0.00978523,0.00154836,-0.11428484,-0.01590720
2021-08-20,XLK,32.72659021,7.06493550,True,0.01287733,0.00795716,-0.10287919,-0.00807662
2021-08-23,XLK,33.14896205,7.12708126,True,0.01290608,0.00879637,-0.09130088,0.00000000
2021-08-24,XLK,33.11113388,7.13839486,True,-0.00114116,0.00158741,-0.09233785,0.00000000
2021-08-25,XLK,33.09222146,7.15337301,True,-0.00057118,0.00209825,-0.09285629,0.00000000
2021-08-26,XLK,32.88418817,7.11114574,True,-0.00628647,-0.00590313,-0.09855902,-0.00590313
2021-08-27,XLK,33.20149803,7.17472599,True,0.00964931,0.00894093,-0.08986073,0.00000000
2021-08-30,XLK,33.55872339,7.20627807,True,0.01075931,0.00439767,-0.08006826,0.00000000
2021-08-31,XLK,33.38220969,7.19560184,True,-0.00525985,-0.00148152,-0.08490696,-0.00148152
2021-09-01,XLK,33.39061558,7.19942663,False,0.00025181,0.00053155,-0.08467653,-0.00095076
2021-09-02,XLK,33.35489471,7.22157568,False,-0.00106979,0.00307650,-0.08565573,0.00000000
2021-09-03,XLK,33.48728165,7.21982172,False,0.00396904,-0.00024288,-0.08202666,-0.00024288
2021-09-07,XLK,33.49567755,7.19400865,False,0.00025072,-0.00357531,-0.08179651,-0.00381732
2021-09-08,XLK,33.36750521,7.18524456,False,-0.00382653,-0.00121825,-0.08531004,-0.00503091
2021-09-09,XLK,33.24142019,7.15448959,False,-0.00377868,-0.00428030,-0.08876636,-0.00928967
2021-09-10,XLK,32.91361045,7.09807973,False,-0.00986148,-0.00788454,-0.09775248,-0.01710097
2021-09-13,XLK,32.92411032,7.11624425,False,0.00031901,0.00255908,-0.09746465,-0.01458566
2021-09-14,XLK,32.88208753,7.07784230,False,-0.00127635,-0.00539638,-0.09861660,-0.01990333
2021-09-15,XLK,33.16996845,7.13696037,False,0.00875495,0.00835256,-0.09072504,-0.01171702
2021-09-16,XLK,33.18889419,7.12564728,False,0.00057057,-0.00158514,-0.09020624,-0.01328358
2021-09-17,XLK,32.67195026,7.05623541,False,-0.01557581,-0.00974113,-0.10437701,-0.02289532
2021-09-20,XLK,32.07685319,6.93857941,False,-0.01821431,-0.01667405,-0.12069017,-0.03918761
2021-09-21,XLK,32.08948367,6.93202352,False,0.00039376,-0.00094485,-0.12034393,-0.04009543
2021-09-22,XLK,32.52943630,6.99964500,False,0.01371018,0.00975494,-0.10828369,-0.03073161
2021-09-23,XLK,32.96518766,7.08469009,False,0.01339560,0.01214991,-0.09633861,-0.01895509
2021-09-24,XLK,32.98834796,7.09636063,False,0.00070257,0.00164729,-0.09570373,-0.01733902
2021-09-27,XLK,32.66837485,7.07605972,False,-0.00969958,-0.00286075,-0.10447502,-0.02015017
2021-09-28,XLK,31.70003961,6.93346165,False,-0.02964137,-0.02015219,-0.13101961,-0.03989628
2021-09-29,XLK,31.66005088,6.94513271,False,-0.00126147,0.00168329,-0.13211580,-0.03828015
2021-09-30,XLK,31.43270234,6.86024788,False,-0.00718093,-0.01222220,-0.13834801,-0.05003448
2021-10-01,XLE,32.33768925,6.94177515,True,0.02879125,0.01188401,-0.11353997,-0.03874508
2021-10-04,XLE,32.86623936,6.85225489,True,0.01634471,-0.01289588,-0.09905104,-0.05114130
2021-10-05,XLE,33.05844830,6.92355236,True,0.00584822,0.01040497,-0.09378210,-0.04126846
2021-10-06,XLE,32.71008047,6.95232599,True,-0.01053794,0.00415591,-0.10333176,-0.03728406
2021-10-07,XLE,32.96234926,7.01243369,True,0.00771226,0.00864570,-0.09641642,-0.02896071
2021-10-08,XLE,33.97739838,6.99964500,True,0.03079420,-0.00182372,-0.06859129,-0.03073161
2021-10-11,XLE,33.85126671,6.94896999,True,-0.00371222,-0.00723965,-0.07204889,-0.03774878
2021-10-12,XLE,33.88130206,6.93186378,True,0.00088727,-0.00246169,-0.07122554,-0.04011755
2021-10-13,XLE,33.85126671,6.95680169,True,-0.00088649,0.00359758,-0.07204889,-0.03666430
2021-10-14,XLE,34.26569820,7.07382031,True,0.01224272,0.01682075,-0.06068824,-0.02046027
2021-10-15,XLE,34.43387830,7.12769314,True,0.00490812,0.00761580,-0.05607799,-0.01300029
2021-10-18,XLE,34.45789628,7.14879429,True,0.00069751,0.00296045,-0.05541959,-0.01007833
2021-10-19,XLE,34.84830166,7.20394708,True,0.01132992,0.00771498,-0.04471757,-0.00244110
2021-10-20,XLE,35.13060038,7.23224306,True,0.00810079,0.00392784,-0.03697903,0.00000000
2021-10-21,XLE,34.48191425,7.25110428,True,-0.01846499,0.00260793,-0.05476120,0.00000000
2021-10-22,XLE,34.80626682,7.24359205,True,0.00940645,-0.00103601,-0.04586985,-0.00103601
2021-10-25,XLE,35.31678921,7.28243783,True,0.01466754,0.00536278,-0.03187511,0.00000000
2021-10-26,XLE,35.52100849,7.28899217,True,0.00578250,0.00090002,-0.02627693,0.00000000
2021-10-27,XLE,34.49994469,7.25670021,True,-0.02874535,-0.00443024,-0.05426694,-0.00443024
2021-10-28,XLE,34.74619882,7.32672032,True,0.00713781,0.00964903,-0.04751647,0.00000000
2021-10-29,XLE,34.51796157,7.34158660,True,-0.00656870,0.00202905,-0.05377305,0.00000000
2021-11-01,XLE,35.11258080,7.35421555,False,0.01722637,0.00172019,-0.03747299,0.00000000
2021-11-02,XLE,34.78224071,7.38394967,False,-0.00940803,0.00404314,-0.04652847,0.00000000
2021-11-03,XLE,34.49393273,7.42903135,False,-0.00828894,0.00610536,-0.05443174,0.00000000
2021-11-04,XLE,34.54198496,7.46403933,False,0.00139306,0.00471232,-0.05311450,0.00000000
2021-11-05,XLE,34.99245836,7.48993565,False,0.01304133,0.00346948,-0.04076586,0.00000000
2021-11-08,XLE,35.31078811,7.49633129,False,0.00909710,0.00085390,-0.03203961,0.00000000
2021-11-09,XLE,35.45493666,7.47155364,False,0.00408228,-0.00330530,-0.02808813,-0.00330530
2021-11-10,XLE,34.51796157,7.41144542,False,-0.02642721,-0.00804494,-0.05377305,-0.01132366
2021-11-11,XLE,34.65009978,7.41384352,False,0.00382810,0.00032357,-0.05015080,-0.01100375
2021-11-12,XLE,34.56600837,7.46979395,False,-0.00242687,0.00754675,-0.05245596,-0.00354004
2021-11-15,XLE,34.85431633,7.47235231,False,0.00834079,0.00034249,-0.04455269,-0.00319876
2021-11-16,XLE,34.90836966,7.50192618,False,0.00155084,0.00395777,-0.04307095,0.00000000
2021-11-17,XLE,34.37381030,7.48370234,False,-0.01531321,-0.00242922,-0.05772461,-0.00242922
2021-11-18,XLE,34.16960188,7.50911998,False,-0.00594081,0.00339640,-0.06332249,0.00000000
2021-11-19,XLE,32.83621215,7.49569131,False,-0.03902269,-0.00178831,-0.09987417,-0.00178831
2021-11-22,XLE,33.41880746,7.47459068,False,0.01774246,-0.00281503,-0.08390372,-0.00459831
2021-11-23,XLE,34.44588864,7.48450258,False,0.03073363,0.00132608,-0.05574875,-0.00327833
2021-11-24,XLE,34.78224071,7.50448506,False,0.00976465,0.00266985,-0.04652847,-0.00061724
2021-11-26,XLE,33.38277915,7.33710830,False,-0.04023495,-0.02230356,-0.08489135,-0.02290704
2021-11-29,XLE,33.57497723,7.42711141,False,0.00575740,0.01226684,-0.07962270,-0.01092119
2021-11-30,XLE,32.78815992,7.28259809,False,-0.02343463,-0.01945754,-0.10119140,-0.03016624
2021-12-01,XLE,32.43979481,7.20170871,False,-0.01062472,-0.01110721,-0.11074099,-0.04093839
2021-12-02,XLE,33.38277915,7.31201170,False,0.02906875,0.01531622,-0.08489135,-0.02624919
2021-12-03,XLE,33.11850273,7.24838826,False,-0.00791655,-0.00870122,-0.09213585,-0.03472201
2021-12-06,XLE,33.61101640,7.33423307,False,0.01487125,0.01184330,-0.07863477,-0.02328993
2021-12-07,XLE,34.39783099,7.48594071,False,0.02340943,0.02068487,-0.05706614,-0.00308681
2021-12-08,XLE,34.39183531,7.50576346,False,-0.00017430,0.00264800,-0.05723050,-0.00044699
2021-12-09,XLE,34.12755889,7.45508741,False,-0.00768428,-0.00675162,-0.06447500,-0.00719559
2021-12-10,XLE,34.37981683,7.52526465,False,0.00739162,0.00941334,-0.05755995,0.00000000
2021-12-13,XLE,33.42482214,7.45860470,False,-0.02777777,-0.00885815,-0.08373884,-0.00885815
2021-12-14,XLE,33.28667469,7.40728815,False,-0.00413308,-0.00688018,-0.08752582,-0.01567739
2021-12-15,XLE,33.12451469,7.52302784,False,-0.00487162,0.01562511,-0.09197105,-0.00029724
2021-12-16,XLE,33.33472964,7.45668528,False,0.00634620,-0.00881860,-0.08620851,-0.00911322
2021-12-17,XLE,32.65601900,7.37732509,False,-0.02036047,-0.01064282,-0.10481373,-0.01965905
2021-12-20,XLE,32.25143907,7.29887909,False,-0.01238914,-0.01063339,-0.11590431,-0.03008340
2021-12-21,XLE,33.17012032,7.42850116,False,0.02848497,0.01775918,-0.09072088,-0.01285848
2021-12-22,XLE,33.38306427,7.50277584,False,0.00641975,0.00999861,-0.08488353,-0.00298844
2021-12-23,XLE,33.40131739,7.54945904,False,0.00054678,0.00622212,-0.08438316,0.00000000
2021-12-27,XLE,34.13140395,7.65629885,False,0.02185802,0.01415198,-0.06436960,0.00000000
2021-12-28,XLE,34.10706555,7.65004213,False,-0.00071308,-0.00081720,-0.06503677,-0.00081720
2021-12-29,XLE,33.88803632,7.65982915,False,-0.00642181,0.00127934,-0.07104093,0.00000000
2021-12-30,XLE,33.68118037,7.63865412,False,-0.00610410,-0.00276443,-0.07671139,-0.00276443
2021-12-31,XLE,33.76635795,7.61940267,False,0.00252894,-0.00252027,-0.07437645,-0.00527773
2022-01-03,XLE,34.81281643,7.66351814,False,0.03099116,0.00578989,-0.04569031,0.00000000
2022-01-04,XLE,36.01744866,7.66095041,False,0.03460312,-0.00033506,-0.01266821,-0.00033506
2022-01-05,XLE,36.01136881,7.51384438,False,-0.00016880,-0.01920206,-0.01283488,-0.01953068
2022-01-06,XLE,36.81445154,7.50678535,False,0.02230081,-0.00093947,0.00000000,-0.02045181
2022-01-07,XLE,37.31943988,7.47710742,False,0.01371712,-0.00395348,0.00000000,-0.02432443
2022-01-10,XLE,37.20383864,7.46780429,False,-0.00309761,-0.00124422,-0.00309761,-0.02553838
2022-01-11,XLE,38.46931549,7.53582173,False,0.03401468,0.00910809,0.00000000,-0.01666290
2022-01-12,XLE,38.54232251,7.55619549,False,0.00189780,0.00270359,0.00000000,-0.01400436
2022-01-13,XLE,38.34763168,7.45208158,False,-0.00505135,-0.01377861,-0.00505135,-0.02759001
2022-01-14,XLE,39.24806525,7.45513007,False,0.02348081,0.00040908,0.00000000,-0.02719222
2022-01-18,XLE,39.40624714,7.32310261,False,0.00403031,-0.01770961,0.00000000,-0.04442027
2022-01-19,XLE,39.12030702,7.24706200,False,-0.00725621,-0.01038366,-0.00725621,-0.05434268
2022-01-20,XLE,38.76134359,7.16685162,False,-0.00917588,-0.01106798,-0.01636552,-0.06480920
2022-01-21,XLE,37.99475352,7.02616257,False,-0.01977718,-0.01963052,-0.03581903,-0.08316749
2022-01-24,XLE,38.25028354,7.05599971,False,0.00672540,0.00424658,-0.02933453,-0.07927409
2022-01-25,XLE,39.73478962,6.96985365,False,0.03881033,-0.01220891,0.00000000,-0.09051515
2022-01-26,XLE,39.66786243,6.95236813,False,-0.00168435,-0.00250874,-0.00168435,-0.09279681
2022-01-27,XLE,40.09983288,6.91803708,False,0.01088968,-0.00493804,0.00000000,-0.09727661
2022-01-28,XLE,39.92947231,7.08985052,False,-0.00424841,0.02483558,-0.00424841,-0.07485695
2022-01-31,XLE,40.10591002,7.21754537,False,0.00441873,0.01801094,0.00000000,-0.05819426
2022-02-01,XLE,41.53566761,7.26631292,False,0.03564955,0.00675681,0.00000000,-0.05183066
2022-02-02,XLE,41.66950840,7.33689965,False,0.00322231,0.00971424,0.00000000,-0.04261991
2022-02-03,XLE,41.27405774,7.16444623,False,-0.00949017,-0.02350494,-0.00949017,-0.06512308
2022-02-04,XLE,41.91895314,7.19813418,False,0.01562472,0.00470210,0.00000000,-0.06072719
2022-02-07,XLE,42.45434887,7.17503349,False,0.01277216,-0.00320926,0.00000000,-0.06374157
2022-02-08,XLE,41.54174474,7.23406831,False,-0.02149613,0.00822781,-0.02149613,-0.05603821
2022-02-09,XLE,41.88853762,7.33994763,False,0.00834806,0.01463621,-0.01332752,-0.04222219
2022-02-10,XLE,41.62692232,7.20808146,False,-0.00624551,-0.01796555,-0.01948979,-0.05942919
2022-02-11,XLE,42.83764255,7.06594595,False,0.02908503,-0.01971891,0.00000000,-0.07797622
2022-02-14,XLE,41.82770115,7.04284629,False,-0.02357603,-0.00326915,-0.02357603,-0.08099046
2022-02-15,XLE,41.38963727,7.15642410,False,-0.01047306,0.01612669,-0.03380217,-0.06616987
2022-02-16,XLE,41.72426503,7.16444623,False,0.00808482,0.00112097,-0.02599063,-0.06512308
2022-02-17,XLE,41.65734328,7.01140295,False,-0.00160390,-0.02136149,-0.02755285,-0.08509345
2022-02-18,XLE,41.40181053,6.96600232,False,-0.00613416,-0.00647526,-0.03351800,-0.09101770
2022-02-22,XLE,40.73256589,6.89124635,False,-0.01616462,-0.01073155,-0.04914081,-0.10077249
2022-02-23,XLE,41.15237394,6.76900591,False,0.01030645,-0.01773851,-0.03934083,-0.11672344
2022-02-24,XLE,40.82991674,6.87087312,False,-0.00783569,0.01504906,-0.04686826,-0.10343096
2022-02-25,XLE,41.90678802,7.02247150,False,0.02637456,0.02206392,-0.02172983,-0.08364913
2022-02-28,XLE,42.94107867,7.00450417,False,0.02468074,-0.00255855,0.00000000,-0.08599366
2022-03-01,XLU,42.99372903,6.89782514,True,0.00122611,-0.01523006,0.00000000,-0.09991403
2022-03-02,XLU,43.51726597,7.02471923,True,0.01217705,0.01839625,0.00000000,-0.08335583
2022-03-03,XLU,44.28341082,6.98974560,True,0.01760554,-0.00497865,0.00000000,-0.08791948
2022-03-04,XLU,45.26024059,6.93295695,True,0.02205859,-0.00812457,0.00000000,-0.09532974
2022-03-07,XLU,45.84763197,6.72857943,True,0.01297809,-0.02947913,0.00000000,-0.12199863
2022-03-08,XLU,45.13894358,6.67756414,True,-0.01545747,-0.00758188,-0.01545747,-0.12865553
2022-03-09,XLU,44.81971307,6.85659635,True,-0.00707218,0.02681101,-0.02242033,-0.10529391
2022-03-10,XLU,45.11978585,6.82563534,True,0.00669511,-0.00451551,-0.01587533,-0.10933396
2022-03-11,XLU,44.96655464,6.73884669,True,-0.00339610,-0.01271510,-0.01921751,-0.12065887
2022-03-14,XLU,44.91548223,6.68959681,True,-0.00113579,-0.00730835,-0.02033147,-0.12708541
2022-03-15,XLU,45.49008879,6.83670336,True,0.01279306,0.02199035,-0.00779851,-0.10788971
2022-03-16,XLU,45.40709610,6.98830278,True,-0.00182441,0.02217435,-0.00960869,-0.08810775
2022-03-17,XLU,45.59863162,7.07573140,True,0.00421818,0.01251071,-0.00543104,-0.07669933
2022-03-18,XLU,45.20916816,7.15323149,True,-0.00854112,0.01095294,-0.01392578,-0.06658647
2022-03-21,XLU,45.51124258,7.15113932,True,0.00668171,-0.00029248,-0.00733712,-0.06685948
2022-03-22,XLU,45.57552915,7.23481756,True,0.00141254,0.01170139,-0.00593494,-0.05594044
2022-03-23,XLU,45.63979899,7.14164524,True,0.00141018,-0.01287832,-0.00453312,-0.06809835
2022-03-24,XLU,46.10898785,7.24929985,True,0.01028026,0.01507420,0.00000000,-0.05405067
2022-03-25,XLU,46.77741489,7.28470378,True,0.01449668,0.00488377,0.00000000,-0.04943087
2022-03-28,XLU,47.07949487,7.33651983,True,0.00645782,0.00711299,0.00000000,-0.04266948
2022-03-29,XLU,47.51654880,7.42727739,True,0.00928332,0.01237066,0.00000000,-0.03082667
2022-03-30,XLU,47.90861327,7.38141680,True,0.00825111,-0.00617462,0.00000000,-0.03681094
2022-03-31,XLU,47.85719516,7.26780673,True,-0.00107325,-0.01539136,-0.00107325,-0.05163574
2022-04-01,XLE,48.22136223,7.28840526,True,0.00760945,0.00283422,0.00000000,-0.04894787
2022-04-04,XLE,48.28393386,7.35084186,True,0.00129759,0.00856657,0.00000000,-0.04080062
2022-04-05,XLE,47.52675038,7.25799057,True,-0.01568189,-0.01263138,-0.01568189,-0.05291663
2022-04-06,XLE,47.80835307,7.18541522,True,0.00592514,-0.00999937,-0.00984967,-0.06238687
2022-04-07,XLE,48.43411900,7.22162303,True,0.01308905,0.00503907,0.00000000,-0.05766217
2022-04-08,XLE,49.76698454,7.20231227,True,0.02751914,-0.00267402,0.00000000,-0.06018200
2022-04-11,XLE,48.27140735,7.07920759,True,-0.03005159,-0.01709238,-0.03005159,-0.07624573
2022-04-12,XLE,49.07239483,7.05297723,True,0.01659341,-0.00370527,-0.01395684,-0.07966849
2022-04-13,XLE,49.80454191,7.13375943,True,0.01491973,0.01145363,0.00000000,-0.06912735
2022-04-14,XLE,49.96722588,7.04493273,True,0.00326645,-0.01245160,0.00000000,-0.08071820
2022-04-18,XLE,50.69937296,7.04782877,True,0.01465255,0.00041108,0.00000000,-0.08034030
2022-04-19,XLE,50.28638039,7.16159910,True,-0.00814591,0.01614261,-0.00814591,-0.06549460
2022-04-20,XLE,50.48036401,7.15628986,True,0.00385758,-0.00074135,-0.00431976,-0.06618739
2022-04-21,XLE,48.87840014,7.04927627,True,-0.03173440,-0.01495378,-0.03591707,-0.08015142
2022-04-22,XLE,47.68319878,6.85584918,True,-0.02445255,-0.02743928,-0.05949135,-0.10539141
2022-04-25,XLE,46.10627130,6.89559822,True,-0.03307092,0.00579783,-0.09059484,-0.10020462
2022-04-26,XLE,46.16884568,6.69589620,True,0.00135718,-0.02896080,-0.08936062,-0.12626341
2022-04-27,XLE,46.84468716,6.71472255,True,0.01463847,0.00281163,-0.07603025,-0.12380679
2022-04-28,XLE,48.26516071,6.88433352,True,0.03032304,0.02525956,-0.04801267,-0.10167453
2022-04-29,XLE,47.02614428,6.62991732,True,-0.02567103,-0.03695582,-0.07245117,-0.13487289
2022-05-02,XLU,45.99380135,6.66982661,True,-0.02195253,0.00601958,-0.09281321,-0.12966519
2022-05-03,XLU,46.16986941,6.70040155,True,0.00382808,0.00458407,-0.08934043,-0.12567551
2022-05-04,XLU,47.20020996,6.90444816,True,0.02231630,0.03045289,-0.06901788,-0.09904981
2022-05-05,XLU,46.71764425,6.65904424,True,-0.01022380,-0.03554287,-0.07853605,-0.13107216
2022-05-06,XLU,47.08935102,6.61929729,True,0.00795645,-0.00596887,-0.07120447,-0.13625868
2022-05-09,XLU,46.73720643,6.40736592,True,-0.00747822,-0.03201720,-0.07815021,-0.16391326
2022-05-10,XLU,46.16986941,6.42217028,True,-0.01213887,0.00231052,-0.08934043,-0.16198146
2022-05-11,XLU,46.50245184,6.32014750,True,0.00720345,-0.01588603,-0.08278053,-0.17529425
2022-05-12,XLU,46.03291721,6.31354841,True,-0.01009699,-0.00104413,-0.09204169,-0.17615535
2022-05-13,XLU,46.58069205,6.46449276,True,0.01189963,0.02390801,-0.08123731,-0.15645887
2022-05-16,XLU,46.72416686,6.43826293,True,0.00308013,-0.00405752,-0.07840740,-0.15988156
2022-05-17,XLU,47.20673256,6.57070039,True,0.01032797,0.02057037,-0.06888922,-0.14260001
2022-05-18,XLU,46.75025164,6.30582390,True,-0.00966983,-0.04031176,-0.07789290,-0.17716331
2022-05-19,XLU,46.65244360,6.26720342,True,-0.00209214,-0.00612457,-0.07982208,-0.18220283
2022-05-20,XLU,46.78285905,6.26994128,True,0.00279547,0.00043686,-0.07724975,-0.18184557
2022-05-23,XLU,47.34369041,6.38725128,True,0.01198797,0.01870990,-0.06618785,-0.16653798
2022-05-24,XLU,48.28924551,6.33849204,True,0.01997215,-0.00763384,-0.04753762,-0.17290050
2022-05-25,XLU,48.25663245,6.39449138,True,-0.00067537,0.00883480,-0.04818088,-0.16559323
2022-05-26,XLU,48.39358464,6.52226167,True,0.00283800,0.01998131,-0.04547962,-0.14892070
2022-05-27,XLU,49.15004343,6.68237960,True,0.01563139,0.02454945,-0.03055915,-0.12802717
2022-05-31,XLU,48.47185032,6.64488402,True,-0.01379842,-0.00561111,-0.04393590,-0.13291991
2022-06-01,XLU,48.39358464,6.59113607,False,-0.00161466,-0.00808862,-0.04547962,-0.13993339
2022-06-02,XLU,48.71964729,6.71665550,False,0.00673772,0.01904367,-0.03904833,-0.12355456
2022-06-03,XLU,48.48487857,6.60642432,False,-0.00481877,-0.01641162,-0.04367893,-0.13793845
2022-06-06,XLU,48.70007380,6.62653948,False,0.00443840,0.00304479,-0.03943440,-0.13531366
2022-06-07,XLU,48.99354602,6.69010099,False,0.00602611,0.00959196,-0.03364592,-0.12701962
2022-06-08,XLU,48.03491461,6.61736538,False,-0.01956648,-0.01087212,-0.05255407,-0.13651077
2022-06-09,XLU,46.88067840,6.45998688,False,-0.02402911,-0.02378265,-0.07532035,-0.15704683
2022-06-10,XLU,46.52201684,6.27267447,False,-0.00765052,-0.02899579,-0.08239463,-0.18148893
2022-06-13,XLU,44.38306445,6.03451378,False,-0.04597721,-0.03796797,-0.12458356,-0.21256613
2022-06-14,XLU,43.26142149,6.01632897,False,-0.02527187,-0.00301347,-0.14670697,-0.21493903
2022-06-15,XLU,43.54183435,6.10209989,False,0.00648182,0.01425635,-0.14117608,-0.20374692
2022-06-16,XLU,42.70060709,5.90014336,False,-0.01931998,-0.03309623,-0.15776854,-0.23009990
2022-06-17,XLU,42.30281552,5.91286337,False,-0.00931583,0.00215588,-0.16561462,-0.22844009
2022-06-21,XLU,43.10805528,6.06171087,False,0.01903513,0.02517351,-0.14973198,-0.20901722
2022-06-22,XLU,43.56161149,6.05072142,False,0.01052138,-0.00181293,-0.14078599,-0.21045122
2022-06-23,XLU,44.58706150,6.11003460,False,0.02354022,0.00980266,-0.12055990,-0.20271154
2022-06-24,XLU,45.36270907,6.30429627,False,0.01739625,0.03179387,-0.10526094,-0.17736265
2022-06-27,XLU,45.73081230,6.28021531,False,0.00811467,-0.00381977,-0.09800044,-0.18050493
2022-06-28,XLU,45.55990632,6.15189297,False,-0.00373722,-0.02043279,-0.10137140,-0.19724951
2022-06-29,XLU,45.59278809,6.14688291,False,0.00072173,-0.00081439,-0.10072284,-0.19790326
2022-06-30,XLU,46.09892117,6.09694362,False,0.01110117,-0.00812433,-0.09073982,-0.20441976
2022-07-01,XLU,47.22953908,6.16142816,False,0.02452591,0.01057654,-0.06843938,-0.19600527
2022-07-05,XLU,45.61906520,6.17306436,False,-0.03409887,0.00188856,-0.10020455,-0.19448689
2022-07-06,XLU,46.09234765,6.19391316,False,0.01037466,0.00337738,-0.09086947,-0.19176636
2022-07-07,XLU,46.04634994,6.28668120,False,-0.00099795,0.01497729,-0.09177674,-0.17966121
2022-07-08,XLU,45.89515040,6.28150984,False,-0.00328364,-0.00082259,-0.09475901,-0.18033601
2022-07-11,XLU,46.18437134,6.20975242,False,0.00630178,-0.01142360,-0.08905439,-0.18969952
2022-07-12,XLU,45.96088282,6.15480202,False,-0.00483905,-0.00884905,-0.09346250,-0.19686991
2022-07-13,XLU,45.77025627,6.12247884,False,-0.00414758,-0.00525170,-0.09722244,-0.20108771
2022-07-14,XLU,45.77025627,6.10761100,False,0.00000000,-0.00242840,-0.09722244,-0.20302779
2022-07-15,XLU,45.85571774,6.22429766,False,0.00186718,0.01910512,-0.09553679,-0.18780154
2022-07-18,XLU,45.21809154,6.17290307,False,-0.01390505,-0.00825709,-0.10811340,-0.19450793
2022-07-19,XLU,45.50732096,6.33969032,False,0.00639632,0.02701926,-0.10240860,-0.17274414
2022-07-20,XLU,44.90257369,6.38009442,False,-0.01328901,0.00637320,-0.11433671,-0.16747187
2022-07-21,XLU,45.02089430,6.44506337,False,0.00263505,0.01018307,-0.11200294,-0.15899418
2022-07-22,XLU,45.63878862,6.38526578,False,0.01372461,-0.00927805,-0.09981552,-0.16679707
2022-07-25,XLU,46.21067391,6.39302463,False,0.01253069,0.00121512,-0.08853559,-0.16578463
2022-07-26,XLU,46.48674779,6.31738726,False,0.00597424,-0.01183123,-0.08309028,-0.17565443
2022-07-27,XLU,46.52618046,6.48142779,False,0.00084826,0.02596652,-0.08231251,-0.15424904
2022-07-28,XLU,48.19582453,6.56271937,False,0.03588612,0.01254223,-0.04938026,-0.14364144
2022-07-29,XLU,48.60994523,6.65839594,False,0.00859246,0.01457880,-0.04121210,-0.13115676
2022-08-01,XLP/IEF,48.81671628,6.63867933,True,0.00425368,-0.00296116,-0.03713373,-0.13372955
2022-08-02,XLP/IEF,48.28584517,6.59488073,True,-0.01087478,-0.00659749,-0.04760469,-0.13944475
2022-08-03,XLP/IEF,48.54414278,6.69815330,True,0.00534934,0.01565950,-0.04251000,-0.12596889
2022-08-04,XLP/IEF,48.50328162,6.69362869,True,-0.00084173,-0.00067550,-0.04331595,-0.12655929
2022-08-05,XLP/IEF,48.09855400,6.68231456,True,-0.00834433,-0.00169028,-0.05129884,-0.12803566
2022-08-08,XLP/IEF,48.22575964,6.67455675,True,0.00264469,-0.00116095,-0.04878982,-0.12904796
2022-08-09,XLP/IEF,48.11870989,6.64805271,True,-0.00221976,-0.00397091,-0.05090128,-0.13250643
2022-08-10,XLP/IEF,48.31146271,6.78768761,True,0.00400578,0.02100388,-0.04709940,-0.11428570
2022-08-11,XLP/IEF,48.09426983,6.78768761,True,-0.00449568,0.00000000,-0.05138334,-0.11428570
2022-08-12,XLP/IEF,48.40002978,6.90259742,True,0.00635751,0.01692915,-0.04535250,-0.09929131
2022-08-15,XLP/IEF,48.71992574,6.93104065,True,0.00660942,0.00412066,-0.03904283,-0.09557979
2022-08-16,XLP/IEF,48.97215688,6.94461708,True,0.00517717,0.00195879,-0.03406780,-0.09380823
2022-08-17,XLP/IEF,48.73965362,6.89532453,True,-0.00474766,-0.00709795,-0.03865372,-0.10024033
2022-08-18,XLP/IEF,48.87022987,6.91536529,True,0.00267906,0.00290643,-0.03607822,-0.09762525
2022-08-19,XLP/IEF,48.58429503,6.82243596,True,-0.00585090,-0.01343809,-0.04171803,-0.10975144
2022-08-22,XLP/IEF,48.22703745,6.68037537,True,-0.00735336,-0.02082256,-0.04876462,-0.12828870
2022-08-23,XLP/IEF,48.06218669,6.66421508,True,-0.00341822,-0.00241907,-0.05201615,-0.13039743
2022-08-24,XLP/IEF,48.04584926,6.68554828,True,-0.00033992,0.00320116,-0.05233839,-0.12761369
2022-08-25,XLP/IEF,48.30914703,6.77993136,True,0.00548014,0.01411748,-0.04714508,-0.11529780
2022-08-26,XLP/IEF,47.66660401,6.55043643,True,-0.01330065,-0.03384915,-0.05981867,-0.14524422
2022-08-29,XLP/IEF,47.49421928,6.50712379,True,-0.00361647,-0.00661218,-0.06321880,-0.15089601
2022-08-30,XLP/IEF,47.23677899,6.43569000,True,-0.00542046,-0.01097778,-0.06829658,-0.16021729
2022-08-31,XLP/IEF,46.99379929,6.38672004,True,-0.00514387,-0.00760912,-0.07308914,-0.16660730
2022-09-01,XLP/IEF,46.93900704,6.40676080,False,-0.00116595,0.00313788,-0.07416987,-0.16399222
2022-09-02,XLP/IEF,46.76176366,6.33920487,False,-0.00377604,-0.01054447,-0.07766584,-0.17280748
2022-09-06,XLP/IEF,46.36861693,6.31528625,False,-0.00840744,-0.00377313,-0.08542031,-0.17592858
2022-09-07,XLP/IEF,46.93757392,6.42873970,False,0.01227030,0.01796490,-0.07419814,-0.16112423
2022-09-08,XLP/IEF,46.79018227,6.47076041,False,-0.00314016,0.00653638,-0.07710531,-0.15564101
2022-09-09,XLP/IEF,47.02354960,6.57128574,False,0.00498753,0.01553532,-0.07250234,-0.14252363
2022-09-12,XLP/IEF,47.06054364,6.64191046,False,0.00078671,0.01074747,-0.07177267,-0.13330792
2022-09-13,XLP/IEF,46.13397190,6.35310441,False,-0.01968893,-0.04348238,-0.09004847,-0.17099375
2022-09-14,XLP/IEF,46.13603305,6.37734667,False,0.00004468,0.00381581,-0.09000782,-0.16783042
2022-09-15,XLP/IEF,45.86407962,6.30494354,False,-0.00589460,-0.01135317,-0.09537186,-0.17727819
2022-09-16,XLP/IEF,45.93731448,6.25684250,False,0.00159678,-0.00762910,-0.09392736,-0.18355481
2022-09-19,XLP/IEF,46.02403037,6.30536395,False,0.00188770,0.00775494,-0.09221697,-0.17722333
2022-09-20,XLP/IEF,45.75559166,6.23298839,False,-0.00583258,-0.01147841,-0.09751169,-0.18666750
2022-09-21,XLP/IEF,45.75949758,6.12426090,False,0.00008536,-0.01744388,-0.09743464,-0.20085517
2022-09-22,XLP/IEF,45.38150883,6.07281896,False,-0.00826033,-0.00839970,-0.10489014,-0.20756775
2022-09-23,XLP/IEF,45.02197781,5.97106934,False,-0.00792241,-0.01675492,-0.11198157,-0.22084489
2022-09-26,XLP/IEF,44.66206500,5.91199965,False,-0.00799416,-0.00989265,-0.11908053,-0.22855279
2022-09-27,XLP/IEF,44.12268537,5.89690756,False,-0.01207691,-0.00255279,-0.12971931,-0.23052214
2022-09-28,XLP/IEF,44.88503278,6.01293811,False,0.01727790,0.01967651,-0.11468268,-0.21538150
2022-09-29,XLP/IEF,44.41174610,5.88733387,False,-0.01054442,-0.02088900,-0.12401784,-0.23177139
2022-09-30,XLP/IEF,43.97226274,5.79629325,False,-0.00989566,-0.01546381,-0.13268626,-0.24365113
2022-10-03,XLU,44.86308532,5.94932353,True,0.02025874,0.02640140,-0.11511558,-0.22368246
2022-10-04,XLU,45.81451274,6.13367278,True,0.02120736,0.03098659,-0.09634952,-0.19962703
2022-10-05,XLU,44.79655476,6.11939185,True,-0.02221912,-0.00232828,-0.11642783,-0.20149052
2022-10-06,XLU,43.31952851,6.05626583,True,-0.03297187,-0.01031573,-0.14556086,-0.20972774
2022-10-07,XLU,42.42132897,5.88733387,True,-0.02073429,-0.02789375,-0.16327705,-0.23177139
2022-10-10,XLU,42.49451941,5.84238122,True,0.00172532,-0.00763548,-0.16183343,-0.23763719
2022-10-11,XLU,42.34149287,5.80538098,True,-0.00360109,-0.00633308,-0.16485174,-0.24246529
2022-10-12,XLU,40.93099719,5.78623359,True,-0.03331237,-0.00329821,-0.19267252,-0.24496380
2022-10-13,XLU,41.95560366,5.93893763,True,0.02503253,0.02639092,-0.17246307,-0.22503770
2022-10-14,XLU,41.35015736,5.80359684,True,-0.01443064,-0.02278872,-0.18440496,-0.24269810
2022-10-17,XLU,42.21508594,5.95273103,True,0.02091718,0.02569686,-0.16734501,-0.22323782
2022-10-18,XLU,42.98686149,6.02267310,True,0.01828198,0.01174958,-0.15212242,-0.21411120
2022-10-19,XLU,42.42798885,5.97999420,True,-0.01300101,-0.00708637,-0.16314569,-0.21968030
2022-10-20,XLU,41.35681155,5.92985095,True,-0.02524695,-0.00838517,-0.18427371,-0.22622341
2022-10-21,XLU,42.12193291,6.07395479,True,0.01850049,0.02430143,-0.16918237,-0.20741953
2022-10-24,XLU,42.47455683,6.14827838,True,0.00837150,0.01223644,-0.16222718,-0.19772117
2022-10-25,XLU,43.32618271,6.24645816,True,0.02005026,0.01596866,-0.14542961,-0.18490985
2022-10-26,XLU,43.30621160,6.19939566,True,-0.00046095,-0.00753427,-0.14582353,-0.19105096
2022-10-27,XLU,43.65218986,6.16629149,True,0.00798911,-0.00533990,-0.13899941,-0.19537067
2022-10-28,XLU,44.84977694,6.31299168,True,0.02743475,0.02379067,-0.11537807,-0.17622800
2022-10-31,XLU,44.43062530,6.26739073,True,-0.00934568,-0.00722335,-0.12364547,-0.18217839
2022-11-01,XLU,44.60360589,6.23996574,False,0.00389327,-0.00437582,-0.12023358,-0.18575703
2022-11-02,XLU,44.17114303,6.08336615,False,-0.00969569,-0.02509623,-0.12876352,-0.20619146
2022-11-03,XLU,44.36408337,6.02072662,False,0.00436802,-0.01029685,-0.12495795,-0.21436519
2022-11-04,XLU,44.63687403,6.10738363,False,0.00614891,0.01439311,-0.11957739,-0.20305746
2022-11-07,XLU,43.78525099,6.16580500,False,-0.01907891,0.00956570,-0.13637490,-0.19543415
2022-11-08,XLU,44.09130408,6.19907203,False,0.00698987,0.00539541,-0.13033828,-0.19109319
2022-11-09,XLU,43.74534289,6.07135793,False,-0.00784647,-0.02060213,-0.13716205,-0.20775839
2022-11-10,XLU,45.80785854,6.40500475,False,0.04714823,0.05495423,-0.09648077,-0.16422136
2022-11-11,XLU,45.29554819,6.46699441,False,-0.01118390,0.00967832,-0.10658563,-0.15613243
2022-11-14,XLU,44.75664098,6.41198210,False,-0.01189758,-0.00850663,-0.11721510,-0.16331090
2022-11-15,XLU,45.24898306,6.46667026,False,0.01100043,0.00852906,-0.10750409,-0.15617473
2022-11-16,XLU,45.65482630,6.41733712,False,0.00896911,-0.00762883,-0.09949919,-0.16261213
2022-11-17,XLU,44.85642829,6.39770169,False,-0.01748770,-0.00305975,-0.11524688,-0.16517433
2022-11-18,XLU,45.80785854,6.42674952,False,0.02121057,0.00454035,-0.09648077,-0.16138392
2022-11-21,XLU,46.01411295,6.40338139,False,0.00450260,-0.00363607,-0.09241258,-0.16443319
2022-11-22,XLU,46.40666488,6.48955190,False,0.00853112,0.01345703,-0.08466985,-0.15318894
2022-11-23,XLU,46.92561520,6.53044614,False,0.01118267,0.00630155,-0.07443401,-0.14785272
2022-11-25,XLU,47.19838879,6.52898459,False,0.00581289,-0.00022381,-0.06905380,-0.14804343
2022-11-28,XLU,46.71270091,6.42480304,False,-0.01029035,-0.01595678,-0.07863356,-0.16163792
2022-11-29,XLU,46.36672550,6.41376728,False,-0.00740645,-0.00171768,-0.08545761,-0.16307795
2022-11-30,XLU,47.52439878,6.61580497,False,0.02496776,0.03150063,-0.06262354,-0.13671438
2022-12-01,XLE,47.45116951,6.61093748,True,-0.00154088,-0.00073574,-0.06406792,-0.13734954
2022-12-02,XLE,47.16912390,6.60330922,True,-0.00594391,-0.00115388,-0.06963102,-0.13834493
2022-12-05,XLE,45.76935872,6.48452051,True,-0.02967545,-0.01798927,-0.09724014,-0.15384548
2022-12-06,XLE,44.56284935,6.39104797,True,-0.02636064,-0.01441472,-0.12103747,-0.16604256
2022-12-07,XLE,44.45838333,6.38017559,True,-0.00234424,-0.00170119,-0.12309796,-0.16746128
2022-12-08,XLE,44.25990060,6.43015703,True,-0.00446446,0.00783387,-0.12701286,-0.16093928
2022-12-09,XLE,43.18396021,6.38212207,True,-0.02430960,-0.00747026,-0.14823483,-0.16720729
2022-12-12,XLE,44.31734698,6.47413566,True,0.02624555,0.01441740,-0.12587978,-0.15520058
2022-12-13,XLE,45.15826592,6.52314360,True,0.01897494,0.00756980,-0.10929340,-0.14880562
2022-12-14,XLE,44.88143820,6.48143716,True,-0.00613017,-0.00639361,-0.11475358,-0.15424782
2022-12-15,XLE,44.60984642,6.32289161,True,-0.00605132,-0.02446148,-0.12011049,-0.17493617
2022-12-16,XLE,44.06142690,6.24824230,True,-0.01229369,-0.01180620,-0.13092758,-0.18467704
2022-12-19,XLE,44.05615481,6.19525920,True,-0.00011965,-0.00847968,-0.13103156,-0.19159072
2022-12-20,XLE,44.72103017,6.20373660,True,0.01509154,0.00136837,-0.11791749,-0.19048452
2022-12-21,XLE,45.57060041,6.29649735,True,0.01899711,0.01495240,-0.10116047,-0.17838032
2022-12-22,XLE,44.52050999,6.20667114,True,-0.02304316,-0.01426606,-0.12187257,-0.19010159
2022-12-23,XLE,45.93997661,6.24237321,True,0.03188343,0.00575221,-0.09387486,-0.18544289
2022-12-27,XLE,46.43071483,6.21775634,True,0.01068216,-0.00394351,-0.08419548,-0.18865510
2022-12-28,XLE,45.39118214,6.14048259,True,-0.02238890,-0.01242791,-0.10469934,-0.19873843
2022-12-29,XLE,45.86610860,6.25101347,True,0.01046297,0.01800036,-0.09533184,-0.18431543
2022-12-30,XLE,46.15632211,6.23454672,True,0.00632741,-0.00263425,-0.08960763,-0.18646415
2023-01-03,XLU,45.69061777,6.20830127,True,-0.01008972,-0.00420968,-0.09879324,-0.18988888
2023-01-04,XLU,46.10541250,6.25623113,True,0.00907833,0.00772029,-0.09061178,-0.18363459
2023-01-05,XLU,45.10734173,6.18482595,True,-0.02164758,-0.01141345,-0.11029784,-0.19295213
2023-01-06,XLU,46.01467805,6.32665605,True,0.02011505,0.02293195,-0.09240144,-0.17444496
2023-01-09,XLU,46.32576996,6.32306955,True,0.00676071,-0.00056689,-0.08626543,-0.17491295
2023-01-10,XLU,46.33871633,6.36741292,True,0.00027946,0.00701295,-0.08601007,-0.16912666
2023-01-11,XLU,46.71461699,6.44794641,True,0.00811202,0.01264776,-0.07859576,-0.15861798
2023-01-12,XLU,46.39704092,6.47142276,True,-0.00679822,0.00364090,-0.08485967,-0.15555458
2023-01-13,XLU,46.22854583,6.49652925,True,-0.00363159,0.00387959,-0.08818309,-0.15227848
2023-01-17,XLU,46.16373708,6.48462718,True,-0.00140192,-0.00183207,-0.08946138,-0.15383156
2023-01-18,XLU,45.05549308,6.38224850,True,-0.02400681,-0.01578790,-0.11132051,-0.16719079
2023-01-19,XLU,44.60183453,6.33578591,True,-0.01006888,-0.00727997,-0.12026852,-0.17325362
2023-01-20,XLU,44.86754274,6.45381654,True,0.00595734,0.01862920,-0.11502766,-0.15785199
2023-01-23,XLU,44.88051109,6.53125366,True,0.00028904,0.01199866,-0.11477187,-0.14774735
2023-01-24,XLU,45.10734173,6.52424249,True,0.00505410,-0.00107348,-0.11029784,-0.14866222
2023-01-25,XLU,44.49814547,6.52668846,True,-0.01350548,0.00037491,-0.12231369,-0.14834305
2023-01-26,XLU,44.64719627,6.59841832,True,0.00334960,0.01099024,-0.11937380,-0.13898314
2023-01-27,XLU,44.64719627,6.61358065,True,0.00000000,0.00229787,-0.11937380,-0.13700463
2023-01-30,XLU,44.44628308,6.53059963,True,-0.00450002,-0.01254706,-0.12333663,-0.14783269
2023-01-31,XLU,44.77680553,6.62662168,True,0.00743645,0.01470341,-0.11681737,-0.13530293
2023-02-01,XLK,45.59971612,6.69704764,True,0.01837805,0.01062773,-0.10058619,-0.12611316
2023-02-02,XLK,46.84490756,6.79453801,True,0.02730700,0.01455722,-0.07602590,-0.11339180
2023-02-03,XLK,46.45496380,6.72231803,True,-0.00832414,-0.01062912,-0.08371719,-0.12281567
2023-02-06,XLK,45.88807506,6.68123596,True,-0.01220297,-0.00611129,-0.09489857,-0.12817640
2023-02-07,XLK,47.03494951,6.76861723,True,0.02499286,0.01307861,-0.07227749,-0.11677416
2023-02-08,XLK,46.46806590,6.69460271,True,-0.01205239,-0.01093496,-0.08345877,-0.12643220
2023-02-09,XLK,46.21247758,6.63656688,True,-0.00550030,-0.00866905,-0.08850002,-0.13400520
2023-02-10,XLK,45.99949415,6.65205389,True,-0.00460879,0.00233359,-0.09270093,-0.13198432
2023-02-13,XLK,46.79574651,6.73014192,True,0.01731002,0.01173894,-0.07699556,-0.12179474
2023-02-14,XLK,46.99563296,6.72704504,True,0.00427147,-0.00046015,-0.07305297,-0.12219885
2023-02-15,XLK,47.21517256,6.74889075,True,0.00467149,0.00324745,-0.06872275,-0.11934824
2023-02-16,XLK,46.39598385,6.65596505,True,-0.01735012,-0.01376903,-0.08488052,-0.13147396
2023-02-17,XLK,45.81598276,6.63933753,True,-0.01250111,-0.00249814,-0.09632052,-0.13364366
2023-02-21,XLK,44.72809851,6.50614717,True,-0.02374465,-0.02006079,-0.11777807,-0.15102345
2023-02-22,XLK,44.66256238,6.49718068,True,-0.00146521,-0.00137816,-0.11907071,-0.15219348
2023-02-23,XLK,45.40310264,6.53174171,True,0.01658078,0.00531939,-0.10446422,-0.14768366
2023-02-24,XLK,44.59374817,6.46196718,True,-0.01782597,-0.01068238,-0.12042801,-0.15678843
2023-02-27,XLK,44.83296142,6.48397627,True,0.00536428,0.00340594,-0.11570975,-0.15391650
2023-02-28,XLK,44.73465980,6.46001082,True,-0.00219262,-0.00369610,-0.11764866,-0.15704371
2023-03-01,XLE,45.55293005,6.43523004,True,0.01829164,-0.00383603,-0.10150901,-0.16027731
2023-03-02,XLE,45.95324586,6.48527912,True,0.00878793,0.00777736,-0.09361313,-0.15374649
2023-03-03,XLE,46.57778218,6.58929053,True,0.01359069,0.01603808,-0.08129471,-0.14017421
2023-03-06,XLE,46.59913261,6.59385364,True,0.00045838,0.00069250,-0.08087359,-0.13957878
2023-03-07,XLE,45.78778010,6.49277886,True,-0.01741132,-0.01532864,-0.09687680,-0.15276786
2023-03-08,XLE,45.31805716,6.50337496,True,-0.01025870,0.00163198,-0.10614166,-0.15138519
2023-03-09,XLE,44.67752172,6.38338954,True,-0.01413422,-0.01844972,-0.11877566,-0.16704190
2023-03-10,XLE,44.10637514,6.29128021,True,-0.01278376,-0.01442953,-0.13004101,-0.17906109
2023-03-13,XLE,43.20961182,6.28231320,True,-0.02033183,-0.00142531,-0.14772887,-0.18023118
2023-03-14,XLE,43.63664306,6.38616123,True,0.00988278,0.01653022,-0.13930606,-0.16668022
2023-03-15,XLE,41.29334767,6.34622020,True,-0.05370018,-0.00625431,-0.18552548,-0.17189206
2023-03-16,XLE,41.74172019,6.45756641,True,0.01085823,0.01754528,-0.17668173,-0.15736268
2023-03-17,XLE,41.08516737,6.38205859,True,-0.01572894,-0.01169292,-0.18963165,-0.16721557
2023-03-20,XLE,41.90767949,6.44342596,True,0.02001969,0.00961561,-0.17340833,-0.15920784
2023-03-21,XLE,43.35853922,6.52803242,True,0.03462038,0.01313066,-0.14479141,-0.14816768
2023-03-22,XLE,42.43624405,6.41675178,True,-0.02127136,-0.01704658,-0.16298286,-0.16268851
2023-03-23,XLE,41.84834890,6.43410045,True,-0.01385361,0.00270365,-0.17457857,-0.16042471
2023-03-24,XLE,42.01016334,6.47631940,True,0.00386669,0.00656175,-0.17138692,-0.15491563
2023-03-27,XLE,42.90549172,6.48842908,True,0.02131219,0.00186984,-0.15372737,-0.15333546
2023-03-28,XLE,43.56888564,6.47386510,True,0.01546175,-0.00224461,-0.14064251,-0.15523589
2023-03-29,XLE,44.17295811,6.56796305,True,0.01386477,0.01453505,-0.12872772,-0.14295720
2023-03-30,XLE,44.36713177,6.60641859,True,0.00439576,0.00585502,-0.12489782,-0.13793920
2023-03-31,XLE,44.67455587,6.69953368,True,0.00692910,0.01409464,-0.11883415,-0.12578876
2023-04-03,XLE,46.69713341,6.72506370,False,0.04527359,0.00381072,-0.07894061,-0.12245739
2023-04-04,XLE,45.85035072,6.68775179,False,-0.01813350,-0.00554819,-0.09564265,-0.12732616
2023-04-05,XLE,46.54072056,6.67024182,False,0.01505702,-0.00261821,-0.08202572,-0.12961101
2023-04-06,XLE,45.83417339,6.69626145,False,-0.01518127,0.00390085,-0.09596173,-0.12621575
2023-04-10,XLE,46.20092352,6.70313318,False,0.00800167,0.00102620,-0.08872791,-0.12531907
2023-04-11,XLE,46.63779825,6.70493397,False,0.00945597,0.00026865,-0.08011095,-0.12508409
2023-04-12,XLE,46.67016662,6.67760472,False,0.00069404,-0.00407599,-0.07947251,-0.12865024
2023-04-13,XLE,46.96141340,6.76630186,False,0.00624053,0.01328278,-0.07372792,-0.11707629
2023-04-14,XLE,47.04771077,6.74977319,False,0.00183762,-0.00244279,-0.07202579,-0.11923309
2023-04-17,XLE,46.49216572,6.77399307,False,-0.01180812,0.00358825,-0.08298342,-0.11607268
2023-04-18,XLE,46.67554993,6.77841102,False,0.00394441,0.00065219,-0.07936633,-0.11549619
2023-04-19,XLE,46.51375378,6.77726634,False,-0.00346640,-0.00016887,-0.08255761,-0.11564555
2023-04-20,XLE,46.10384583,6.74028171,False,-0.00881262,-0.00545716,-0.09064268,-0.12047162
2023-04-21,XLE,45.83417339,6.74551914,False,-0.00584924,0.00077703,-0.09596173,-0.11978819
2023-04-24,XLE,46.53531898,6.75255476,False,0.01529744,0.00104301,-0.08213226,-0.11887013
2023-04-25,XLE,45.66157407,6.64536687,False,-0.01877595,-0.01587368,-0.09936610,-0.13285690
2023-04-26,XLE,45.05210003,6.61721969,False,-0.01334764,-0.00423561,-0.11138743,-0.13652978
2023-04-27,XLE,45.21390532,6.74895526,False,0.00359152,0.01990799,-0.10819597,-0.11933982
2023-04-28,XLE,45.91506919,6.80655819,False,0.01550770,0.00853509,-0.09436613,-0.11182331
2023-05-01,XLK,45.35573083,6.79968595,True,-0.01218202,-0.00100965,-0.10539858,-0.11272006
2023-05-02,XLK,44.93198713,6.72326239,True,-0.00934267,-0.01123928,-0.11375655,-0.12269244
2023-05-03,XLK,44.55332094,6.67711407,True,-0.00842754,-0.00686398,-0.12122540,-0.12871426
2023-05-04,XLK,44.33994681,6.62982107,True,-0.00478919,-0.00708285,-0.12543402,-0.13488545
2023-05-05,XLK,45.45190903,6.75255476,True,0.02507811,0.01851237,-0.10350155,-0.11887013
2023-05-08,XLK,45.42785862,6.75435660,True,-0.00052914,0.00026684,-0.10397593,-0.11863501
2023-05-09,XLK,45.07925661,6.72473590,True,-0.00767375,-0.00438542,-0.11085179,-0.12250016
2023-05-10,XLK,45.62921926,6.75615583,True,0.01219990,0.00467229,-0.10000427,-0.11840023
2023-05-11,XLK,45.42485408,6.74437238,True,-0.00447882,-0.00174411,-0.10403519,-0.11993783
2023-05-12,XLK,45.36475852,6.73553649,True,-0.00132297,-0.00131011,-0.10522052,-0.12109081
2023-05-15,XLK,45.74041079,6.75877402,True,0.00828071,0.00344999,-0.09781111,-0.11805859
2023-05-16,XLK,45.78849755,6.71360701,True,0.00105130,-0.00668272,-0.09686265,-0.12395236
2023-05-17,XLK,46.39856043,6.79510306,True,0.01332350,0.01213894,-0.08482970,-0.11331807
2023-05-18,XLK,47.34823981,6.86056162,True,0.02046786,0.00963320,-0.06609812,-0.10477649
2023-05-19,XLK,47.32719864,6.85058001,True,-0.00044439,-0.00145493,-0.06651314,-0.10607897
2023-05-22,XLK,47.41735837,6.85336262,True,0.00190503,0.00040619,-0.06473482,-0.10571587
2023-05-23,XLK,46.71713106,6.77644841,True,-0.01476732,-0.01122284,-0.07854618,-0.11575228
2023-05-24,XLK,46.37452877,6.72735358,True,-0.00733355,-0.00724492,-0.08530370,-0.12215859
2023-05-25,XLK,48.15365425,6.78561158,True,0.03836428,0.00865987,-0.05021204,-0.11455660
2023-05-26,XLK,49.52105420,6.87349079,True,0.02839660,0.01295082,-0.02324129,-0.10308938
2023-05-30,XLK,49.78551493,6.87610795,True,0.00534037,0.00038076,-0.01802504,-0.10274787
2023-05-31,XLK,49.37079892,6.83797968,True,-0.00833005,-0.00554504,-0.02620494,-0.10772317
2023-06-01,XLK,49.87267950,6.90294655,False,0.01016553,0.00950089,-0.01630579,-0.09924575
2023-06-02,XLK,50.15818141,7.00277154,False,0.00572462,0.01446122,-0.01067452,-0.08621975
2023-06-05,XLK,49.86967027,6.98935172,False,-0.00575203,-0.00191636,-0.01636515,-0.08797088
2023-06-06,XLK,49.85764741,7.00457077,False,-0.00024109,0.00217746,-0.01660229,-0.08598497
2023-06-07,XLK,49.11233790,6.98035089,False,-0.01494875,-0.00345773,-0.03130285,-0.08914538
2023-06-08,XLK,49.64427328,7.02257296,False,0.01083099,0.00604870,-0.02081090,-0.08363589
2023-06-09,XLK,49.89070207,7.03517329,False,0.00496389,0.00179426,-0.01595031,-0.08199170
2023-06-12,XLK,50.97560933,7.09899548,False,0.02174568,0.00907187,0.00000000,-0.07366364
2023-06-13,XLK,51.28515228,7.14579835,False,0.00607237,0.00659289,0.00000000,-0.06755641
2023-06-14,XLK,51.81408313,7.15430853,False,0.01031353,0.00119093,0.00000000,-0.06644593
2023-06-15,XLK,52.48126045,7.24300462,False,0.01287637,0.01239758,0.00000000,-0.05487212
2023-06-16,XLK,52.04849843,7.21833363,False,-0.00824603,-0.00340618,-0.00824603,-0.05809140
2023-06-20,XLK,51.69675126,7.18088333,False,-0.00675807,-0.00518822,-0.01494837,-0.06297823
2023-06-21,XLK,50.93180206,7.14409069,False,-0.01479685,-0.00512369,-0.02952403,-0.06777924
2023-06-22,XLK,51.34740398,7.16987878,False,0.00815997,0.00360971,-0.02160498,-0.06441420
2023-06-23,XLK,50.79026512,7.11567451,False,-0.01085038,-0.00756000,-0.03222094,-0.07148722
2023-06-26,XLK,50.42585762,7.08660119,False,-0.00717475,-0.00408581,-0.03916451,-0.07528095
2023-06-27,XLK,51.41968644,7.16429430,False,0.01970871,0.01096338,-0.02022768,-0.06514291
2023-06-28,XLK,51.44979749,7.16790681,False,0.00058559,0.00050424,-0.01965393,-0.06467152
2023-06-29,XLK,51.54015878,7.19615857,False,0.00175630,0.00394142,-0.01793215,-0.06098499
2023-06-30,XLK,52.35929756,7.28107774,False,0.01589321,0.01180063,-0.00232393,-0.04990402
2023-07-03,XLE,52.29149479,7.28945576,True,-0.00129495,0.00115066,-0.00361587,-0.04881079
2023-07-05,XLE,52.00226356,7.27861512,True,-0.00553113,-0.00148717,-0.00912701,-0.05022537
2023-07-06,XLE,50.83251271,7.22161783,True,-0.02249423,-0.00783079,-0.03141593,-0.05766285
2023-07-07,XLE,51.92514063,7.20338567,True,0.02149467,-0.00252466,-0.01059654,-0.06004194
2023-07-10,XLE,52.33003737,7.22161783,True,0.00779770,0.00253105,-0.00288147,-0.05766285
2023-07-11,XLE,53.48050614,7.26760953,True,0.02198486,0.00636862,0.00000000,-0.05166147
2023-07-12,XLE,53.97540570,7.32608502,True,0.00925383,0.00804604,0.00000000,-0.04403110
2023-07-13,XLE,53.76973196,7.38423064,True,-0.00381051,0.00793679,-0.00381051,-0.03644377
2023-07-14,XLE,52.34933564,7.37963110,True,-0.02641628,-0.00062289,-0.03012613,-0.03704396
2023-07-17,XLE,52.24649607,7.40525530,True,-0.00196449,0.00347229,-0.03203143,-0.03370030
2023-07-18,XLE,52.77352524,7.46028166,True,0.01008736,0.00743072,-0.02226719,-0.02652000
2023-07-19,XLE,53.08202776,7.47686964,True,0.00584578,0.00222351,-0.01655157,-0.02435546
2023-07-20,XLE,53.70546195,7.42726490,True,0.01174473,-0.00663443,-0.00500124,-0.03082830
2023-07-21,XLE,54.18107944,7.42726490,True,0.00885604,0.00000000,0.00000000,-0.03082830
2023-07-24,XLE,55.05516450,7.46044555,True,0.01613266,0.00446741,0.00000000,-0.02649861
2023-07-25,XLE,55.34439034,7.48081202,True,0.00525338,0.00272993,0.00000000,-0.02384102
2023-07-26,XLE,55.36367241,7.48196139,True,0.00034840,0.00015364,0.00000000,-0.02369105
2023-07-27,XLE,55.01017657,7.43235717,True,-0.00638498,-0.00662984,-0.00638498,-0.03016382
2023-07-28,XLE,55.17728616,7.50512192,True,0.00303779,0.00979026,-0.00336658,-0.02066887
2023-07-31,XLE,56.22492074,7.51941326,True,0.01898670,0.00190421,0.00000000,-0.01880401
2023-08-01,XLE,55.96140077,7.49789482,False,-0.00468689,-0.00286172,-0.00468689,-0.02161192
2023-08-02,XLE,55.22869784,7.39359308,False,-0.01309301,-0.01391080,-0.01771853,-0.03522208
2023-08-03,XLE,55.78786743,7.37240400,False,0.01012462,-0.00286587,-0.00777330,-0.03798701
2023-08-04,XLE,55.86499575,7.33906102,False,0.00138253,-0.00452267,-0.00640152,-0.04233788
2023-08-07,XLE,55.92926577,7.40311995,False,0.00115045,0.00872849,-0.00525843,-0.03397894
2023-08-08,XLE,56.20563327,7.37092633,False,0.00494138,-0.00434866,-0.00034304,-0.03817983
2023-08-09,XLE,56.91262495,7.32164887,False,0.01257866,-0.00668538,0.00000000,-0.04460996
2023-08-10,XLE,56.90619579,7.32427695,False,-0.00011297,0.00035895,-0.00011297,-0.04426703
2023-08-11,XLE,57.78028085,7.32000677,False,0.01536010,-0.00058302,0.00000000,-0.04482424
2023-08-14,XLE,57.53605913,7.36041400,False,-0.00422673,0.00552011,-0.00422673,-0.03955157
2023-08-15,XLE,56.34059704,7.27467325,False,-0.02077762,-0.01164890,-0.02491652,-0.05073974
2023-08-16,XLE,55.85214284,7.22129055,False,-0.00866967,-0.00733816,-0.03337017,-0.05770556
2023-08-17,XLE,56.52057035,7.16626576,False,0.01196780,-0.00761980,-0.02180174,-0.06488565
2023-08-18,XLE,57.07972913,7.16971437,False,0.00989301,0.00048123,-0.01212441,-0.06443565
2023-08-21,XLE,56.71980953,7.21636166,False,-0.00630556,0.00650616,-0.01835352,-0.05834872
2023-08-22,XLE,56.28275620,7.19681624,False,-0.00770548,-0.00270849,-0.02591757,-0.06089917
2023-08-23,XLE,56.14135786,7.27697146,False,-0.00251229,0.01113759,-0.02836475,-0.05043985
2023-08-24,XLE,55.75573782,7.17612041,False,-0.00686873,-0.01385893,-0.03503865,-0.06359974
2023-08-25,XLE,56.29561991,7.22671010,False,0.00968299,0.00704973,-0.02569494,-0.05699837
2023-08-28,XLE,56.67481080,7.27253686,False,0.00673571,0.00634130,-0.01913231,-0.05101851
2023-08-29,XLE,56.82906206,7.37766069,False,0.00272169,0.01445490,-0.01646269,-0.03730107
2023-08-30,XLE,57.11186953,7.40804780,False,0.00497646,0.00411880,-0.01156816,-0.03333591
2023-08-31,XLE,57.15042829,7.39720767,False,0.00067514,-0.00146329,-0.01090082,-0.03475042
2023-09-01,XLE,58.32017374,7.41100368,False,0.02046783,0.00186503,0.00000000,-0.03295020
2023-09-05,XLE,58.62868166,7.37897447,False,0.00528990,-0.00432184,0.00000000,-0.03712964
2023-09-06,XLE,58.65438751,7.32936974,False,0.00043845,-0.00672244,0.00000000,-0.04360248
2023-09-07,XLE,58.59654126,7.30686740,False,-0.00098622,-0.00307016,-0.00098622,-0.04653877
2023-09-08,XLE,59.16214000,7.31787194,False,0.00965243,0.00150605,0.00000000,-0.04510281
2023-09-11,XLE,58.38444916,7.36599900,False,-0.01314508,0.00657665,-0.01314508,-0.03882279
2023-09-12,XLE,59.75986834,7.32559229,False,0.02355797,-0.00548557,0.00000000,-0.04409539
2023-09-13,XLE,59.30995670,7.33413317,False,-0.00752866,0.00116590,-0.00752866,-0.04298091
2023-09-14,XLE,60.00409546,7.39737105,False,0.01170358,0.00862241,0.00000000,-0.03472910
2023-09-15,XLE,59.13642336,7.30824570,False,-0.01446021,-0.01204825,-0.01446021,-0.04635892
2023-09-18,XLE,59.63755776,7.31253148,False,0.00847421,0.00058643,-0.00610854,-0.04579968
2023-09-19,XLE,59.08074716,7.29736447,False,-0.00933658,-0.00207411,-0.01538809,-0.04777880
2023-09-20,XLE,58.53040889,7.23027838,False,-0.00931502,-0.00919319,-0.02455977,-0.05653275
2023-09-21,XLE,57.72754662,7.11077424,False,-0.01371701,-0.01652829,-0.03793989,-0.07212665
2023-09-22,XLE,57.82468038,7.09478617,False,0.00168262,-0.00224843,-0.03632111,-0.07421291
2023-09-25,XLE,58.54982054,7.12462071,False,0.01254032,0.00420514,-0.02423626,-0.07031985
2023-09-26,XLE,58.21315064,7.01995060,False,-0.00575014,-0.01469132,-0.02984704,-0.08397808
2023-09-27,XLE,59.66345794,7.02275194,False,0.02491374,0.00039905,-0.00567690,-0.08361254
2023-09-28,XLE,59.72821377,7.06346511,False,0.00108535,0.00579732,-0.00459771,-0.07829994
2023-09-29,XLE,58.52392575,7.04632404,False,-0.02016280,-0.00242672,-0.02466781,-0.08053665
2023-10-02,XLE,57.35849881,7.04352113,False,-0.01991368,-0.00039778,-0.04409027,-0.08090240
2023-10-03,XLE,57.31965394,6.94923691,False,-0.00067723,-0.01338595,-0.04473764,-0.09320539
2023-10-04,XLE,55.51971585,6.99984064,False,-0.03140176,0.00728191,-0.07473456,-0.08660220
2023-10-05,XLE,55.17656281,6.99720423,False,-0.00618074,-0.00037664,-0.08045339,-0.08694622
2023-10-06,XLE,55.50675497,7.08027995,False,0.00598428,0.01187270,-0.07495056,-0.07610580
2023-10-09,XLE,57.35849881,7.12560930,False,0.03336069,0.00640220,-0.04409027,-0.07019085
2023-10-10,XLE,57.42972699,7.16269643,False,0.00124181,0.00520477,-0.04290321,-0.06535141
2023-10-11,XLE,56.69162595,7.19203720,False,-0.01285225,0.00409633,-0.05520406,-0.06152278
2023-10-12,XLE,56.75635479,7.14819125,False,0.00114177,-0.00609646,-0.05412532,-0.06724417
2023-10-13,XLE,58.00596542,7.11258648,False,0.02201711,-0.00498095,-0.03329989,-0.07189018
2023-10-16,XLE,58.39444107,7.18742257,False,0.00669717,0.01052164,-0.02682574,-0.06212493
2023-10-17,XLE,59.00304663,7.18709270,False,0.01042232,-0.00004590,-0.01668301,-0.06216798
2023-10-18,XLE,59.54044560,7.09132351,False,0.00910799,-0.01332516,-0.00772697,-0.07466474
2023-10-19,XLE,59.43683949,7.02901595,False,-0.00174010,-0.00878645,-0.00945362,-0.08279516
2023-10-20,XLE,58.43976368,6.94264355,False,-0.01677538,-0.01228798,-0.02607042,-0.09406575
2023-10-23,XLE,57.49447742,6.93061088,False,-0.01617539,-0.00173315,-0.04182411,-0.09563588
2023-10-24,XLE,56.68514820,6.98286294,False,-0.01407664,0.00753932,-0.05531201,-0.08881759
2023-10-25,XLE,56.58154750,6.88264407,False,-0.00182765,-0.01435212,-0.05703857,-0.10189498
2023-10-26,XLE,56.14127689,6.80022655,False,-0.00778117,-0.01197469,-0.06437592,-0.11264951
2023-10-27,XLE,54.79454870,6.76940238,False,-0.02398820,-0.00453281,-0.08681985,-0.11667171
2023-10-30,XLE,54.97585534,6.85033650,False,0.00330884,0.01195587,-0.08379828,-0.10611075
2023-10-31,XLE,55.15712958,6.89335777,False,0.00329734,0.00628017,-0.08077725,-0.10049697
2023-11-01,XLU,56.00790177,6.96687384,True,0.01542452,0.01066477,-0.06659868,-0.09090398
2023-11-02,XLU,57.05624569,7.10039043,True,0.01871779,0.01916449,-0.04912748,-0.07348162
2023-11-03,XLU,57.39023980,7.16516998,True,0.00585377,0.00912338,-0.04356129,-0.06502864
2023-11-06,XLU,57.24179968,7.18165286,True,-0.00258650,0.00230042,-0.04603512,-0.06287781
2023-11-07,XLU,56.82431474,7.20209218,True,-0.00729336,0.00284605,-0.05299273,-0.06021072
2023-11-08,XLU,56.40683363,7.20736759,True,-0.00734687,0.00073248,-0.05995027,-0.05952234
2023-11-09,XLU,55.66463689,7.15115857,True,-0.01315792,-0.00779883,-0.07231937,-0.06685697
2023-11-10,XLU,55.96151327,7.26275036,True,0.00533330,0.01560472,-0.06737177,-0.05229553
2023-11-13,XLU,55.29353658,7.25582765,True,-0.01193636,-0.00095318,-0.07850396,-0.05319887
2023-11-14,XLU,57.50156605,7.39659631,True,0.03993287,0.01940077,-0.04170598,-0.03483019
2023-11-15,XLU,57.32529821,7.41225554,True,-0.00306544,0.00211709,-0.04464357,-0.03278685
2023-11-16,XLU,57.63145307,7.42132193,True,0.00534066,0.00122316,-0.03954134,-0.03160379
2023-11-17,XLU,57.78917166,7.43055222,True,0.00273668,0.00124375,-0.03691288,-0.03039934
2023-11-20,XLU,57.61289229,7.48774931,True,-0.00305039,0.00769756,-0.03985067,-0.02293579
2023-11-21,XLU,57.73350470,7.47142980,True,0.00209350,-0.00217949,-0.03784060,-0.02506529
2023-11-22,XLU,58.01182800,7.50027628,True,0.00482083,0.00386090,-0.03320219,-0.02130116
2023-11-24,XLU,58.16026811,7.50489142,True,0.00255879,0.00061533,-0.03072836,-0.02069894
2023-11-27,XLU,58.25303358,7.49137482,True,0.00159500,-0.00180104,-0.02918237,-0.02246270
2023-11-28,XLU,58.43859141,7.49879287,True,0.00318538,0.00099021,-0.02608995,-0.02149473
2023-11-29,XLU,57.97472180,7.49351850,True,-0.00793773,-0.00070336,-0.03382059,-0.02218298
2023-11-30,XLU,58.22521354,7.52302368,True,0.00432071,0.00393743,-0.02964601,-0.01833289
2023-12-01,XLK,58.47839271,7.56752939,True,0.00434827,0.00591593,-0.02542664,-0.01252542
2023-12-04,XLK,57.76624730,7.52780428,True,-0.01217792,-0.00524941,-0.03729492,-0.01770908
2023-12-05,XLK,58.11286480,7.52632036,True,0.00600035,-0.00019713,-0.03151836,-0.01790271
2023-12-06,XLK,57.62129193,7.49599153,True,-0.00845893,-0.00402970,-0.03971068,-0.02186027
2023-12-07,XLK,58.32084509,7.55318862,True,0.01214053,0.00763036,-0.02805226,-0.01439672
2023-12-08,XLK,58.81872142,7.58566113,True,0.00853685,0.00429918,-0.01975489,-0.01015943
2023-12-11,XLK,59.33235154,7.61516683,True,0.00873243,0.00388967,-0.01119497,-0.00630928
2023-12-12,XLK,59.72623529,7.64994639,True,0.00663860,0.00456714,-0.00463069,-0.00177096
2023-12-13,XLK,60.25247235,7.75543912,True,0.00881082,0.01379000,0.00000000,0.00000000
2023-12-14,XLK,60.10436525,7.78033072,True,-0.00245811,0.00320957,-0.00245811,0.00000000
2023-12-15,XLK,60.40687313,7.76752018,True,0.00503304,-0.00164653,0.00000000,-0.00164653
2023-12-18,XLK,60.58753022,7.81121264,True,0.00299067,0.00562502,0.00000000,0.00000000
2023-12-19,XLK,60.81805717,7.85871116,True,0.00380486,0.00608081,0.00000000,0.00000000
2023-12-20,XLK,59.89906198,7.74981145,True,-0.01511056,-0.01385720,-0.01511056,-0.01385720
2023-12-21,XLK,60.57173239,7.82329422,True,0.01123007,0.00948188,-0.00405019,-0.00450671
2023-12-22,XLK,60.65068239,7.83901693,True,0.00130341,0.00200973,-0.00275206,-0.00250604
2023-12-26,XLK,60.90333021,7.87211745,True,0.00416562,0.00422253,0.00000000,0.00000000
2023-12-27,XLK,60.90016869,7.88635051,True,-0.00005191,0.00180803,-0.00005191,0.00000000
2023-12-28,XLK,60.97281521,7.88933033,True,0.00119288,0.00037784,0.00000000,0.00000000
2023-12-29,XLK,60.78647619,7.86648979,True,-0.00305610,-0.00289512,-0.00305610,-0.00289512
2024-01-02,XLK,59.19481058,7.82246693,False,-0.02618453,-0.00559625,-0.02916061,-0.00847517
2024-01-03,XLK,58.59162028,7.75858230,False,-0.01018992,-0.00816681,-0.03905339,-0.01657277
2024-01-04,XLK,58.16212290,7.73359185,False,-0.00733036,-0.00322101,-0.04609747,-0.01974039
2024-01-05,XLK,58.14633486,7.74418482,False,-0.00027145,0.00136974,-0.04635640,-0.01839770
2024-01-08,XLK,59.60536819,7.85473964,False,0.02509244,0.01427585,-0.02242716,-0.00438449
2024-01-09,XLK,59.70011112,7.84282351,False,0.00158950,-0.00151706,-0.02087330,-0.00589490
2024-01-10,XLK,60.20855360,7.88717781,False,0.00851661,0.00565540,-0.01253446,-0.00027284
2024-01-11,XLK,60.51489349,7.88370318,False,0.00508798,-0.00044054,-0.00751026,-0.00071326
2024-01-12,XLK,60.71069261,7.88916435,False,0.00323555,0.00069272,-0.00429901,-0.00002104
2024-01-16,XLK,60.86226956,7.86020029,False,0.00249671,-0.00367137,-0.00181303,-0.00369233
2024-01-17,XLK,60.56225761,7.81650887,False,-0.00492936,-0.00555856,-0.00673345,-0.00923037
2024-01-18,XLK,61.79074931,7.88601960,False,0.02028477,0.00889281,0.00000000,-0.00041965
2024-01-19,XLK,63.21503035,7.98432841,False,0.02305007,0.01246621,0.00000000,0.00000000
2024-01-22,XLK,63.49294100,8.00120933,False,0.00439627,0.00211426,0.00000000,0.00000000
2024-01-23,XLK,63.74874544,8.02454521,False,0.00402886,0.00291654,0.00000000,0.00000000
2024-01-24,XLK,64.18772251,8.03331658,False,0.00688605,0.00109307,0.00000000,0.00000000
2024-01-25,XLK,64.45615837,8.07700852,False,0.00418204,0.00543884,0.00000000,0.00000000
2024-01-26,XLK,63.71401273,8.06674854,False,-0.01151396,-0.00127027,-0.01151396,-0.00127027
2024-01-29,XLK,64.29825348,8.13063108,False,0.00916974,0.00791924,-0.00244980,0.00000000
2024-01-30,XLK,63.76769991,8.12434366,False,-0.00825145,-0.00077330,-0.01068103,-0.00077330
2024-01-31,XLK,62.42867723,7.99177560,False,-0.02099845,-0.01631739,-0.03145520,-0.01707807
2024-02-01,XLK,63.21503035,8.09637287,False,0.01259602,0.01308811,-0.01925538,-0.00421347
2024-02-02,XLK,63.86875121,8.18160631,False,0.01034123,0.01052736,-0.00911328,0.00000000
2024-02-05,XLK,64.01402468,8.15181548,False,0.00227456,-0.00364120,-0.00685945,-0.00364120
2024-02-06,XLK,63.72032110,8.17548279,False,-0.00458811,0.00290332,-0.01141609,-0.00074845
2024-02-07,XLK,64.56352781,8.24366986,False,0.01323293,0.00834043,0.00000000,0.00000000
2024-02-08,XLK,64.76564020,8.24731150,False,0.00313044,0.00044175,0.00000000,0.00000000
2024-02-09,XLK,65.63726636,8.29497600,False,0.01345816,0.00577940,0.00000000,0.00000000
2024-02-12,XLK,65.13828888,8.29133488,False,-0.00760205,-0.00043896,-0.00760205,-0.00043896
2024-02-13,XLK,64.03297424,8.17713790,False,-0.01696874,-0.01377305,-0.02444179,-0.01420596
2024-02-14,XLK,64.70248314,8.25144848,False,0.01045569,0.00908760,-0.01424165,-0.00524746
2024-02-15,XLK,64.56669423,8.30838177,False,-0.00209867,0.00689979,-0.01631043,0.00000000
2024-02-16,XLK,63.97296892,8.26700625,False,-0.00919554,-0.00497997,-0.02535598,-0.00497997
2024-02-20,XLK,63.32240470,8.22149219,False,-0.01016936,-0.00550551,-0.03526749,-0.01045806
2024-02-21,XLK,62.92448830,8.22893990,False,-0.00628397,0.00090588,-0.04132985,-0.00956165
2024-02-22,XLK,64.98355041,8.39924236,False,0.03272275,0.02069555,-0.00995952,0.00000000
2024-02-23,XLK,64.83195878,8.40503392,False,-0.00233277,0.00068953,-0.01226906,0.00000000
2024-02-26,XLK,64.89513053,8.37425190,False,0.00097439,-0.00366233,-0.01130662,-0.00366233
2024-02-27,XLK,64.95196944,8.38980863,False,0.00087586,0.00185769,-0.01044067,-0.00181145
2024-02-28,XLK,64.64562955,8.37872032,False,-0.00471641,-0.00132164,-0.01510783,-0.00313070
2024-02-29,XLK,65.36567877,8.40884103,False,0.01113841,0.00359491,-0.00413770,0.00000000
2024-03-01,XLE,65.75425718,8.48778497,True,0.00594469,0.00938821,0.00000000,0.00000000
2024-03-04,XLE,65.05249786,8.47868319,True,-0.01067245,-0.00107234,-0.01067245,-0.00107234
2024-03-05,XLE,65.53542982,8.39394613,True,0.00742373,-0.00999413,-0.00332796,-0.01105575
2024-03-06,XLE,65.73917724,8.43648038,True,0.00310897,0.00506725,-0.00022934,-0.00604452
2024-03-07,XLE,66.29755875,8.52022365,True,0.00849389,0.00992633,0.00000000,0.00000000
2024-03-08,XLE,66.53147852,8.46908453,True,0.00352833,-0.00600209,0.00000000,-0.00600209
2024-03-11,XLE,67.21815168,8.46180176,True,0.01032103,-0.00085992,0.00000000,-0.00685685
2024-03-12,XLE,67.11251108,8.55282780,True,-0.00157161,0.01075729,-0.00157161,0.00000000
2024-03-13,XLE,68.18400934,8.53942203,True,0.01596570,-0.00156741,0.00000000,-0.00156741
2024-03-14,XLE,68.88577490,8.52254111,True,0.01029223,-0.00197682,0.00000000,-0.00354113
2024-03-15,XLE,69.08951610,8.46402088,True,0.00295767,-0.00686652,0.00000000,-0.01038334
2024-03-18,XLE,69.32835866,8.51432335,True,0.00345700,0.00594309,0.00000000,-0.00450196
2024-03-19,XLE,70.11947597,8.56163820,True,0.01141116,0.00555709,0.00000000,0.00000000
2024-03-20,XLE,70.02058397,8.64082616,True,-0.00141034,0.00924916,-0.00141034,0.00000000
2024-03-21,XLE,70.43895883,8.66938334,True,0.00597503,0.00330491,0.00000000,0.00000000
2024-03-22,XLE,70.28681968,8.65294781,True,-0.00215987,-0.00189581,-0.00215987,-0.00189581
2024-03-25,XLE,70.94101488,8.62904064,True,0.00930751,-0.00276289,0.00000000,-0.00465347
2024-03-26,XLE,70.39332643,8.61310408,True,-0.00772034,-0.00184685,-0.00772034,-0.00649173
2024-03-27,XLE,71.04750917,8.68548640,True,0.00929325,0.00840374,0.00000000,0.00000000
2024-03-28,XLE,71.81578847,8.68382609,True,0.01081360,-0.00019116,0.00000000,-0.00019116
2024-04-01,XLE,72.34825989,8.66871891,False,0.00741441,-0.00173969,0.00000000,-0.00193052
2024-04-02,XLE,73.35998052,8.61360254,False,0.01398404,-0.00635808,0.00000000,-0.00827632
2024-04-03,XLE,73.86201165,8.62306488,False,0.00684339,0.00109854,0.00000000,-0.00718688
2024-04-04,XLE,73.81636680,8.51781098,False,-0.00061797,-0.01220609,-0.00061797,-0.01930524
2024-04-05,XLE,74.60748411,8.60679533,False,0.01071737,0.01044686,0.00000000,-0.00906006
2024-04-08,XLE,74.13585588,8.61160923,False,-0.00632146,0.00055931,-0.00632146,-0.00850582
2024-04-09,XLE,74.15868143,8.62157107,False,0.00030789,0.00115679,-0.00601552,-0.00735887
2024-04-10,XLE,74.38689325,8.53524186,False,0.00307734,-0.01001316,-0.00295669,-0.01729834
2024-04-11,XLE,74.33363988,8.59965720,False,-0.00071590,0.00754698,-0.00367047,-0.00988191
2024-04-12,XLE,73.12416017,8.48095486,False,-0.01627096,-0.01380315,-0.01988170,-0.02354866
2024-04-15,XLE,72.43954961,8.37470457,False,-0.00936230,-0.01252811,-0.02905787,-0.03578174
2024-04-16,XLE,71.80817996,8.35942985,False,-0.00871581,-0.00182391,-0.03752042,-0.03754039
2024-04-17,XLE,71.60279990,8.30995675,False,-0.00286012,-0.00591824,-0.04027323,-0.04323646
2024-04-18,XLE,71.38219035,8.29285730,False,-0.00308102,-0.00205771,-0.04323016,-0.04520519
2024-04-19,XLE,72.24177808,8.22047394,False,0.01204205,-0.00872840,-0.03170870,-0.05353902
2024-04-22,XLE,72.71338138,8.29617844,False,0.00652812,0.00920926,-0.02538757,-0.04482282
2024-04-23,XLE,73.11655789,8.39462617,False,0.00554474,0.01186664,-0.01998360,-0.03348808
2024-04-24,XLE,73.16978634,8.39064164,False,0.00072799,-0.00047465,-0.01927015,-0.03394683
2024-04-25,XLE,73.50450491,8.35876645,False,0.00457455,-0.00379890,-0.01478376,-0.03761677
2024-04-26,XLE,72.82748418,8.43795598,False,-0.00921060,0.00947383,-0.02385820,-0.02849932
2024-04-29,XLE,73.32193172,8.46783787,False,0.00678930,0.00354137,-0.01723088,-0.02505888
2024-04-30,XLE,71.13878019,8.33369795,False,-0.02977488,-0.01584111,-0.04649271,-0.04050302
2024-05-01,XLE,70.00536071,8.30663718,False,-0.01593251,-0.00324715,-0.06168447,-0.04361865
2024-05-02,XLE,70.40853724,8.38433289,False,0.00575922,0.00935345,-0.05628050,-0.03467319
2024-05-03,XLE,70.41613328,8.48825897,False,0.00010789,0.01239527,-0.05617869,-0.02270770
2024-05-06,XLE,70.97143647,8.57591497,False,0.00788602,0.01032673,-0.04873570,-0.01261546
2024-05-07,XLE,70.90295985,8.58537939,False,-0.00096485,0.00110361,-0.04965352,-0.01152578
2024-05-08,XLE,70.81929734,8.58620877,False,-0.00117996,0.00009660,-0.05077489,-0.01143029
2024-05-09,XLE,71.77014984,8.63568082,False,0.01342646,0.00576180,-0.03803016,-0.00573434
2024-05-10,XLE,71.37459431,8.64680504,False,-0.00551142,0.00128817,-0.04333198,-0.00445356
2024-05-13,XLE,71.18441881,8.64796689,False,-0.00266447,0.00013437,-0.04588099,-0.00431979
2024-05-14,XLE,71.27569608,8.68764412,False,0.00128226,0.00458804,-0.04465756,0.00000000
2024-05-15,XLE,71.43544996,8.79522225,False,0.00224135,0.01238289,-0.04251630,0.00000000
2024-05-16,XLE,71.23767218,8.77712693,False,-0.00276862,-0.00205740,-0.04516721,-0.00205740
2024-05-17,XLE,72.23416333,8.78974547,False,0.01398826,0.00143766,-0.03181076,-0.00062270
2024-05-20,XLE,71.76254134,8.79987381,False,-0.00652907,0.00115229,-0.03813214,0.00000000
2024-05-21,XLE,71.41262442,8.82145520,False,-0.00487604,0.00245247,-0.04282224,0.00000000
2024-05-22,XLE,70.04339705,8.79605474,False,-0.01917346,-0.00287940,-0.06117465,-0.00287940
2024-05-23,XLE,69.40442512,8.73180590,False,-0.00912251,-0.00730428,-0.06973910,-0.01016264
2024-05-24,XLE,69.50332958,8.78957897,False,0.00142505,0.00661639,-0.06841344,-0.00361349
2024-05-28,XLE,70.21835552,8.79572278,False,0.01028765,0.00069899,-0.05882960,-0.00291703
2024-05-29,XLE,68.97845421,8.73412960,False,-0.01765779,-0.00700263,-0.07544860,-0.00989923
2024-05-30,XLE,69.17621951,8.67619003,False,0.00286706,-0.00663370,-0.07279785,-0.01646726
2024-05-31,XLE,70.89536379,8.75521358,False,0.02485167,0.00910809,-0.04975533,-0.00750915
2024-06-03,XLK,70.22889510,8.76235222,True,-0.00940074,0.00081536,-0.05868833,-0.00669991
2024-06-04,XLK,70.37555526,8.77214757,True,0.00208832,0.00111789,-0.05672258,-0.00558951
2024-06-05,XLK,71.93886618,8.87640612,True,0.02221383,0.01188518,-0.03576877,0.00000000
2024-06-06,XLK,71.69885902,8.87623962,True,-0.00333627,-0.00001876,-0.03898570,-0.00001876
2024-06-07,XLK,71.86552837,8.86545048,True,0.00232457,-0.00121551,-0.03675175,-0.00123424
2024-06-10,XLK,72.04886001,8.89284165,True,0.00255104,0.00308965,-0.03429447,0.00000000
2024-06-11,XLK,73.38884154,8.91425758,True,0.01859823,0.00240822,-0.01633405,0.00000000
2024-06-12,XLK,75.01214393,8.98746928,True,0.02211920,0.00821288,0.00000000,0.00000000
2024-06-13,XLK,75.60545772,9.00556668,True,0.00790957,0.00201363,0.00000000,0.00000000
2024-06-14,XLK,75.88880437,9.01104762,True,0.00374770,0.00060862,0.00000000,0.00000000
2024-06-17,XLK,77.03877594,9.08276394,True,0.01515338,0.00795871,0.00000000,0.00000000
2024-06-18,XLK,77.13544406,9.10584070,True,0.00125480,0.00254072,0.00000000,0.00000000
2024-06-20,XLK,76.26878821,9.08110415,True,-0.01123551,-0.00271656,-0.01123551,-0.00271656
2024-06-21,XLK,76.13546408,9.06892995,True,-0.00174808,-0.00134061,-0.01296395,-0.00405352
2024-06-24,XLK,74.26888497,9.03944922,True,-0.02451655,-0.00325074,-0.03716267,-0.00729109
2024-06-25,XLK,75.63125307,9.07425792,True,0.01834373,0.00385075,-0.01950065,-0.00346841
2024-06-26,XLK,75.54443485,9.08558610,True,-0.00114791,0.00124839,-0.02062618,-0.00222435
2024-06-27,XLK,75.58116821,9.09990813,True,0.00048625,0.00157635,-0.02014996,-0.00065151
2024-06-28,XLK,75.54109310,9.06409940,True,-0.00053023,-0.00393507,-0.02066950,-0.00458401
2024-07-01,XLK,76.11208736,9.08275353,False,0.00755872,0.00205802,-0.01326701,-0.00253542
2024-07-02,XLK,76.49274676,9.14387740,False,0.00500130,0.00672966,-0.00833206,0.00000000
2024-07-03,XLK,77.52454032,9.18468318,False,0.01348878,0.00446263,0.00000000,0.00000000
2024-07-05,XLK,77.76162346,9.23764651,False,0.00305817,0.00576648,0.00000000,0.00000000
2024-07-08,XLK,78.29253745,9.24830557,False,0.00682746,0.00115387,0.00000000,0.00000000
2024-07-09,XLK,78.22909593,9.25729964,False,-0.00081031,0.00097251,-0.00081031,0.00000000
2024-07-10,XLK,79.36439581,9.34890426,False,0.01451250,0.00989539,0.00000000,0.00000000
2024-07-11,XLK,77.37761200,9.26829273,False,-0.02503369,-0.00862256,-0.02503369,-0.00862256
2024-07-12,XLK,78.06882128,9.32675053,False,0.00893294,0.00630729,-0.01632438,-0.00236966
2024-07-15,XLK,78.20906611,9.35240282,False,0.00179643,0.00275040,-0.01455728,0.00000000
2024-07-16,XLK,77.94861142,9.40786260,False,-0.00333024,0.00593000,-0.01783904,0.00000000
2024-07-17,XLK,74.91667224,9.27595481,False,-0.03889664,-0.01402102,-0.05604180,-0.01402102
2024-07-18,XLK,74.92336088,9.20466826,False,0.00008928,-0.00768509,-0.05595752,-0.02159835
2024-07-19,XLK,73.75131217,9.14354440,False,-0.01564330,-0.00664053,-0.07072546,-0.02809546
2024-07-22,XLK,75.49768656,9.23781301,False,0.02367923,0.01030985,-0.04872096,-0.01807526
2024-07-23,XLK,75.19717223,9.22332343,False,-0.00398044,-0.00156851,-0.05250747,-0.01961542
2024-07-24,XLK,72.08510346,9.01429955,False,-0.04138545,-0.02266253,-0.09171987,-0.04183342
2024-07-25,XLK,71.31375944,8.96733226,False,-0.01070046,-0.00521031,-0.10143889,-0.04682576
2024-07-26,XLK,72.21865966,9.06776342,False,0.01268900,0.01119967,-0.09003705,-0.03615053
2024-07-29,XLK,71.89810519,9.07309347,False,-0.00443867,0.00058780,-0.09407607,-0.03558397
2024-07-30,XLK,70.09164133,9.02712518,False,-0.02512533,-0.00506644,-0.11683771,-0.04047013
2024-07-31,XLK,73.06012352,9.17385762,False,0.04235144,0.01625462,-0.07943451,-0.02487334
2024-08-01,XLK,70.33540279,9.04394678,False,-0.03729423,-0.01416098,-0.11376629,-0.03868209
2024-08-02,XLK,68.35863906,8.87556426,False,-0.02810482,-0.01861826,-0.13867373,-0.05658016
2024-08-05,XLK,66.08134551,8.61707352,False,-0.03331391,-0.02912387,-0.16736788,-0.08405619
2024-08-06,XLK,66.97957256,8.69652008,False,0.01359275,0.00921967,-0.15605012,-0.07561149
2024-08-07,XLK,65.89435239,8.63839112,False,-0.01620226,-0.00668416,-0.16972401,-0.08179026
2024-08-08,XLK,68.35529216,8.83808741,False,0.03734675,0.02311730,-0.13871590,-0.06056372
2024-08-09,XLK,68.66248997,8.87706171,False,0.00449413,0.00440981,-0.13484517,-0.05642099
2024-08-12,XLK,69.22346416,8.88172472,False,0.00817002,0.00052529,-0.12777684,-0.05592534
2024-08-13,XLK,71.35048765,9.02779221,False,0.03072691,0.01644585,-0.10097611,-0.04039923
2024-08-14,XLK,71.74117228,9.05627083,False,0.00547557,0.00315455,-0.09605344,-0.03737212
2024-08-15,XLK,73.80474909,9.21149680,False,0.02876419,0.01714017,-0.07005215,-0.02087252
2024-08-16,XLK,73.92829037,9.23214996,False,0.00167389,0.00224211,-0.06849552,-0.01867721
2024-08-19,XLK,75.14708221,9.32042357,False,0.01648614,0.00956154,-0.05313861,-0.00929425
2024-08-20,XLK,74.88328577,9.30526696,False,-0.00351040,-0.00162617,-0.05646247,-0.01090531
2024-08-21,XLK,75.32405526,9.33724517,False,0.00588609,0.00343657,-0.05090873,-0.00750621
2024-08-22,XLK,73.59104267,9.26396272,False,-0.02300743,-0.00784840,-0.07274488,-0.01529570
2024-08-23,XLK,74.78312120,9.36239380,False,0.01619869,0.01062516,-0.05772456,-0.00483306
2024-08-26,XLK,73.84481904,9.34007565,False,-0.01254698,-0.00238381,-0.06954727,-0.00720535
2024-08-27,XLK,74.29226169,9.35290024,False,0.00605923,0.00137307,-0.06390944,-0.00584217
2024-08-28,XLK,73.26715162,9.29860596,False,-0.01379834,-0.00580507,-0.07682594,-0.01161333
2024-08-29,XLK,72.60600770,9.29943741,False,-0.00902374,0.00008942,-0.08515642,-0.01152495
2024-08-30,XLK,73.57100769,9.38821052,False,0.01329091,0.00954607,-0.07299732,-0.00208890
2024-09-03,XLK,70.19181621,9.19501028,False,-0.04593102,-0.02057903,-0.11557550,-0.02262494
2024-09-04,XLK,70.01149111,9.17619069,False,-0.00256903,-0.00204672,-0.11784761,-0.02462535
2024-09-05,XLK,69.90464822,9.15387150,False,-0.00152608,-0.00243229,-0.11919385,-0.02699775
2024-09-06,XLK,68.09150087,8.99980997,False,-0.02593744,-0.01683020,-0.14203970,-0.04337357
2024-09-09,XLK,69.20676577,9.10057309,False,0.01637891,0.01119614,-0.12798724,-0.03266305
2024-09-10,XLK,70.24189592,9.14021442,False,0.01495707,0.00435592,-0.11494449,-0.02844941
2024-09-11,XLK,72.63938901,9.23398249,False,0.03413195,0.01025885,-0.08473582,-0.01848242
2024-09-12,XLK,73.24043831,9.31176250,False,0.00827443,0.00842324,-0.07716253,-0.01021487
2024-09-13,XLK,73.60773590,9.36039582,False,0.00501496,0.00522278,-0.07253454,-0.00504544
2024-09-16,XLK,73.32725139,9.37422044,False,-0.00381053,0.00147693,-0.07606867,-0.00357596
2024-09-17,XLK,73.18366997,9.37805200,False,-0.00195809,0.00040873,-0.07787782,-0.00316869
2024-09-18,XLK,72.51585288,9.35023730,False,-0.00912522,-0.00296594,-0.08629238,-0.00612523
2024-09-19,XLK,74.66957935,9.50979225,False,0.02970008,0.01706427,-0.05915520,0.00000000
2024-09-20,XLK,74.30561834,9.49335255,False,-0.00487429,-0.00172871,-0.06374115,-0.00172871
2024-09-23,XLK,74.29191102,9.51707762,False,-0.00018447,0.00249912,-0.06391386,0.00000000
2024-09-24,XLK,74.80036108,9.54430749,False,0.00684395,0.00286116,-0.05750733,0.00000000
2024-09-25,XLK,75.01445943,9.52325785,False,0.00286226,-0.00220546,-0.05480967,-0.00220546
2024-09-26,XLK,76.00795190,9.56101462,False,0.01324401,0.00396469,-0.04229156,0.00000000
2024-09-27,XLK,75.29880139,9.54714838,False,-0.00932995,-0.00145029,-0.05122693,-0.00145029
2024-09-30,XLK,75.51956260,9.58540569,False,0.00293180,0.00400720,-0.04844532,0.00000000
2024-10-01,XLK,73.67974836,9.49953591,False,-0.02436209,-0.00895839,-0.07162717,-0.00895839
2024-10-02,XLK,74.22499884,9.50354437,False,0.00740028,0.00042196,-0.06475696,-0.00854020
2024-10-03,XLK,74.53275877,9.48617020,False,0.00414631,-0.00182818,-0.06087915,-0.01035277
2024-10-04,XLK,75.36234089,9.57237298,False,0.01113044,0.00908721,-0.05042633,-0.00135964
2024-10-07,XLK,74.84385013,9.48583616,False,-0.00687997,-0.00904027,-0.05695937,-0.01038762
2024-10-08,XLK,76.24210585,9.57554895,False,0.01868231,0.00945755,-0.03934119,-0.00102831
2024-10-09,XLK,77.09512656,9.64187278,False,0.01118832,0.00692637,-0.02859304,0.00000000
2024-10-10,XLK,77.07504518,9.62499915,False,-0.00026048,-0.00175004,-0.02884607,-0.00175004
2024-10-11,XLK,77.20885407,9.68263590,False,0.00173609,0.00598823,-0.02716006,0.00000000
2024-10-14,XLK,78.21573928,9.76182282,False,0.01304106,0.00817824,-0.01447320,0.00000000
2024-10-15,XLK,76.49634120,9.68597837,False,-0.02198276,-0.00776950,-0.03613780,-0.00776950
2024-10-16,XLK,76.73384720,9.72807764,False,0.00310480,0.00434641,-0.03314520,-0.00345685
2024-10-17,XLK,76.96800116,9.72891222,False,0.00305151,0.00008579,-0.03019483,-0.00337136
2024-10-18,XLK,77.24230758,9.76633495,False,0.00356390,0.00384655,-0.02673854,0.00000000
2024-10-21,XLK,77.60358179,9.75029693,False,0.00467715,-0.00164217,-0.02218645,-0.00164217
2024-10-22,XLK,77.52329748,9.74511673,False,-0.00103454,-0.00053129,-0.02319804,-0.00217259
2024-10-23,XLK,76.41270999,9.65607307,False,-0.01432585,-0.00913726,-0.03719156,-0.01129000
2024-10-24,XLK,76.63684388,9.67695620,False,0.00293320,0.00216269,-0.03436745,-0.00915172
2024-10-25,XLK,77.03490302,9.67361478,False,0.00519410,-0.00034530,-0.02935186,-0.00949386
2024-10-28,XLK,77.01149021,9.70352008,False,-0.00030392,0.00309143,-0.02964687,-0.00643178
2024-10-29,XLK,78.04848719,9.71922301,False,0.01346548,0.00161827,-0.01658059,-0.00482391
2024-10-30,XLK,76.80743771,9.68982033,False,-0.01590101,-0.00302521,-0.03221795,-0.00783453
2024-10-31,XLK,74.34207839,9.49986995,False,-0.03209792,-0.01960309,-0.06328174,-0.02728403
2024-11-01,XLE,72.89062103,9.53996395,True,-0.01952404,0.00422048,-0.08157026,-0.02317871
2024-11-04,XLE,74.16579095,9.51941485,True,0.01749429,-0.00215400,-0.06550299,-0.02528278
2024-11-05,XLE,74.66259394,9.63452185,True,0.00669855,0.01209181,-0.05924321,-0.01349668
2024-11-06,XLE,77.46957749,9.87408998,True,0.03759558,0.02486560,-0.02387492,0.00000000
2024-11-07,XLE,77.11353314,9.95043705,True,-0.00459592,0.00773206,-0.02836111,0.00000000
2024-11-08,XLE,77.62690066,9.99354052,True,0.00665729,0.00433182,-0.02189263,0.00000000
2024-11-11,XLE,78.06575442,10.00306218,True,0.00565337,0.00095278,-0.01636302,0.00000000
2024-11-12,XLE,77.65174080,9.97199035,True,-0.00530340,-0.00310623,-0.02157964,-0.00310623
2024-11-13,XLE,78.25620001,9.97683547,True,0.00778423,0.00048587,-0.01396339,-0.00262187
2024-11-14,XLE,78.55429515,9.91268340,True,0.00380922,-0.00643010,-0.01020736,-0.00903511
2024-11-15,XLE,78.43837667,9.78571335,True,-0.00147565,-0.01280885,-0.01166794,-0.02172823
2024-11-18,XLE,79.48166294,9.82581047,True,0.01330071,0.00409752,0.00000000,-0.01771975
2024-11-19,XLE,78.97657767,9.86172743,True,-0.00635474,0.00365537,-0.00635474,-0.01412915
2024-11-20,XLE,79.77148247,9.86506989,True,0.01006507,0.00033893,0.00000000,-0.01379500
2024-11-21,XLE,80.41733969,9.91802698,True,0.00809634,0.00536814,0.00000000,-0.00850092
2024-11-22,XLE,80.54154044,9.94876790,True,0.00154445,0.00309950,0.00000000,-0.00542777
2024-11-25,XLE,78.95173753,9.98251621,True,-0.01973892,0.00339221,-0.01973892,-0.00205397
2024-11-26,XLE,78.84410133,10.03463768,True,-0.00136332,0.00522128,-0.02107532,0.00000000
2024-11-27,XLE,78.76130529,10.00423288,True,-0.00105012,-0.00302998,-0.02210332,-0.00302998
2024-11-29,XLE,79.10078509,10.06637863,True,0.00431024,0.00621195,-0.01788835,0.00000000
2024-12-02,XLE,78.26448228,10.08442400,False,-0.01057262,0.00179264,-0.02827185,0.00000000
2024-12-03,XLE,78.25620001,10.08909950,False,-0.00010582,0.00046364,-0.02837468,0.00000000
2024-12-04,XLE,76.36831531,10.15174787,False,-0.02412441,0.00620951,-0.05181457,0.00000000
2024-12-05,XLE,76.66640377,10.13504178,False,0.00390330,-0.00164564,-0.04811352,-0.00164564
2024-12-06,XLE,75.36642040,10.15425368,False,-0.01695636,0.00189559,-0.06425405,0.00000000
2024-12-09,XLE,75.24221299,10.10196259,False,-0.00164805,-0.00514967,-0.06579620,-0.00514967
2024-12-10,XLE,74.72883878,10.07055672,False,-0.00682295,-0.00310889,-0.07217023,-0.00824255
2024-12-11,XLE,74.85304620,10.14840749,False,0.00166211,0.00773053,-0.07062808,-0.00057574
2024-12-12,XLE,74.24858699,10.09611743,False,-0.00807528,-0.00515254,-0.07813302,-0.00572531
2024-12-13,XLE,73.87597809,10.09411216,False,-0.00501840,-0.00019862,-0.08275931,-0.00592279
2024-12-16,XLE,72.25305276,10.13721459,False,-0.02196824,0.00427006,-0.10290948,-0.00167802
2024-12-17,XLE,71.71484507,10.09544728,False,-0.00744893,-0.00412020,-0.10959184,-0.00579131
2024-12-18,XLE,69.59510342,9.79456901,False,-0.02955792,-0.02980336,-0.13591045,-0.03542207
2024-12-19,XLE,68.99065090,9.79155955,False,-0.00868527,-0.00030726,-0.14341530,-0.03571844
2024-12-20,XLE,69.66963054,9.90916715,False,0.00984162,0.01201112,-0.13498512,-0.02413634
2024-12-23,XLE,70.07876554,9.96850532,False,0.00587250,0.00598821,-0.12990532,-0.01829267
2024-12-24,XLE,70.67159887,10.07930624,False,0.00845953,0.01111510,-0.12254473,-0.00738089
2024-12-26,XLE,70.61314910,10.07997744,False,-0.00082706,0.00006659,-0.12327044,-0.00731479
2024-12-27,XLE,70.60479342,9.97387075,False,-0.00011833,-0.01052648,-0.12337419,-0.01776427
2024-12-30,XLE,70.59645106,9.86005307,False,-0.00011816,-0.01141159,-0.12347776,-0.02897314
2024-12-31,XLE,71.52326492,9.82418086,False,0.01312834,-0.00363814,-0.11197049,-0.03250587
2025-01-02,XLE,72.35823297,9.80004267,False,0.01167408,-0.00245702,-0.10160356,-0.03488302
2025-01-03,XLE,73.03454974,9.92257761,False,0.00934678,0.01250351,-0.09320645,-0.02281567
2025-01-06,XLE,72.70056919,9.97973671,False,-0.00457291,0.00576051,-0.09735313,-0.01718659
2025-01-07,XLE,73.42699339,9.86692428,False,0.00999200,-0.01130415,-0.08833388,-0.02829646
2025-01-08,XLE,73.50212785,9.88133997,False,0.00102325,0.00146101,-0.08740102,-0.02687679
2025-01-10,XLE,73.80272567,9.73047835,False,0.00408965,-0.01526732,-0.08366881,-0.04173377
2025-01-13,XLE,75.35575555,9.74556420,False,0.02104299,0.00155037,-0.06438646,-0.04024811
2025-01-14,XLE,76.16568323,9.75897465,False,0.01074805,0.00137606,-0.05433044,-0.03892743
2025-01-15,XLE,77.29287340,9.93649068,False,0.01479919,0.01819003,-0.04033530,-0.02144550
2025-01-16,XLE,77.85230400,9.91738076,False,0.00723780,-0.00192321,-0.03338943,-0.02332746
2025-01-17,XLE,78.45348633,10.01695028,False,0.00772209,0.01003990,-0.02592518,-0.01352176
2025-01-21,XLE,78.05270701,10.10864128,False,-0.00510850,0.00915358,-0.03090124,-0.00449195
2025-01-22,XLE,76.63326133,10.16546635,False,-0.01818573,0.00562143,-0.04852501,0.00000000
2025-01-23,XLE,76.98393990,10.22095006,False,0.00457606,0.00545806,-0.04417100,0.00000000
2025-01-24,XLE,76.24081100,10.19111344,False,-0.00965304,-0.00291916,-0.05339766,-0.00291916
2025-01-27,XLE,75.44761473,10.04695444,False,-0.01040383,-0.01414556,-0.06324594,-0.01702343
2025-01-28,XLE,74.72953953,10.13328105,False,-0.00951753,0.00859232,-0.07216153,-0.00857738
2025-01-29,XLE,74.89652646,10.08785388,False,0.00223455,-0.00448297,-0.07008823,-0.01302190
2025-01-30,XLE,75.28060776,10.14199727,False,0.00512816,0.00536719,-0.06531949,-0.00772460
2025-01-31,XLE,73.17649632,10.08802246,False,-0.02795025,-0.00532191,-0.09144404,-0.01300541
2025-02-03,XLE,73.63572539,10.02013457,False,0.00627564,-0.00672955,-0.08574228,-0.01964744
2025-02-04,XLE,75.18041293,10.08735334,False,0.02097742,0.00670837,-0.06656351,-0.01307087
2025-02-05,XLE,75.33907088,10.12825278,False,0.00211036,0.00405453,-0.06459362,-0.00906934
2025-02-06,XLE,73.95301458,10.16345483,False,-0.01839758,0.00347563,-0.08180283,-0.00562523
2025-02-07,XLE,73.94465223,10.07042248,False,-0.00011308,-0.00915362,-0.08190666,-0.01472736
2025-02-10,XLE,75.57285658,10.13881298,False,0.02201923,0.00679122,-0.06169095,-0.00803615
2025-02-11,XLE,76.18237458,10.14652397,False,0.00806530,0.00076054,-0.05412320,-0.00728172
2025-02-12,XLE,74.34545157,10.11383813,False,-0.02411218,-0.00322138,-0.07693035,-0.01047965
2025-02-13,XLE,74.90487548,10.22061498,False,0.00752466,0.01055750,-0.06998457,-0.00003278
2025-02-14,XLE,75.20546664,10.22011132,False,0.00401297,-0.00004928,-0.06625244,-0.00008206
2025-02-18,XLE,76.23247533,10.25011652,False,0.01365604,0.00293590,-0.05350115,0.00000000
2025-02-19,XLE,76.83364431,10.27425575,False,0.00788600,0.00235502,-0.04603706,0.00000000
2025-02-20,XLE,77.53502815,10.23151026,False,0.00912860,-0.00416045,-0.03732872,-0.00416045
2025-02-21,XLE,75.92354184,10.05651044,False,-0.02078398,-0.01710401,-0.05733685,-0.02119329
2025-02-24,XLE,75.94023318,10.01074923,False,0.00021984,-0.00455041,-0.05712962,-0.02564726
2025-02-25,XLE,74.84642572,9.96096291,False,-0.01440353,-0.00497329,-0.07071028,-0.03049300
2025-02-26,XLE,74.42059269,9.96599222,False,-0.00568942,0.00050490,-0.07599740,-0.03000349
2025-02-27,XLE,74.82137867,9.80691700,False,0.00538542,-0.01596181,-0.07102126,-0.04548639
2025-02-28,XLE,75.98197826,9.95995767,False,0.01551160,0.01560538,-0.05661131,-0.03059084
2025-03-03,XLE,73.32679190,9.78546048,False,-0.03494495,-0.01751987,-0.08957798,-0.04757476
2025-03-04,XLE,72.61706572,9.66962921,False,-0.00967895,-0.01183708,-0.09838991,-0.05884870
2025-03-05,XLE,71.55665430,9.77355788,False,-0.01460279,0.01074795,-0.11155593,-0.04873325
2025-03-06,XLE,71.77374866,9.60006592,False,0.00303388,-0.01775116,-0.10886049,-0.06561934
2025-03-07,XLE,73.00114702,9.65387320,False,0.01710094,0.00560489,-0.09362117,-0.06038224
2025-03-10,XLE,73.54388626,9.39673630,False,0.00743467,-0.02663562,-0.08688255,-0.08540954
2025-03-11,XLE,72.95939527,9.31862226,False,-0.00794751,-0.00831289,-0.09413956,-0.09301243
2025-03-12,XLE,73.29338917,9.36807246,False,0.00457781,0.00530660,-0.08999271,-0.08819941
2025-03-13,XLE,72.79241502,9.24319093,False,-0.00683519,-0.01333055,-0.09621278,-0.10035421
2025-03-14,XLE,74.94662723,9.43411533,False,0.02959391,0.02065568,-0.06946618,-0.08177141
2025-03-17,XLE,76.14062284,9.50686707,False,0.01593128,0.00771156,-0.05464159,-0.07469044
2025-03-18,XLE,76.26587139,9.40411117,False,0.00164496,-0.01080860,-0.05308651,-0.08469174
2025-03-19,XLE,77.50996776,9.50653095,False,0.01631262,0.01089096,-0.03763986,-0.07472316
2025-03-20,XLE,77.79386758,9.47904196,False,0.00366275,-0.00289159,-0.03411498,-0.07739868
2025-03-21,XLE,77.25112833,9.48216798,False,-0.00697663,0.00032978,-0.04085360,-0.07709442
2025-03-24,XLE,78.13131852,9.65197927,False,0.01139388,0.01790849,-0.02992520,-0.06056658
2025-03-25,XLE,78.45108372,9.67518195,False,0.00409266,0.00240393,-0.02595501,-0.05830824
2025-03-26,XLE,78.91389669,9.55967639,False,0.00589938,-0.01193833,-0.02020875,-0.06955047
2025-03-27,XLE,78.14815003,9.53428841,False,-0.00970357,-0.00265574,-0.02971622,-0.07202150
2025-03-28,XLE,77.77790367,9.34228281,False,-0.00473775,-0.02013843,-0.03431318,-0.09070953
2025-03-31,XLE,78.63621024,9.40499570,False,0.01103535,0.00671280,-0.02365649,-0.08460565
2025-04-01,XLU,78.84896301,9.43156061,True,0.00270553,0.00282455,-0.02101496,-0.08202007
2025-04-02,XLU,79.21801730,9.49124634,True,0.00468052,0.00632830,-0.01643280,-0.07621082
2025-04-03,XLU,78.71928400,9.02351215,True,-0.00629571,-0.04928059,-0.02262505,-0.12173569
2025-04-04,XLU,74.34045937,8.49524724,True,-0.05562582,-0.05854316,-0.07699233,-0.17315206
2025-04-07,XLU,73.20335787,8.48011613,True,-0.01529586,-0.00178113,-0.09111053,-0.17462478
2025-04-08,XLU,72.90411316,8.34729415,True,-0.00408785,-0.01566275,-0.09482594,-0.18755243
2025-04-09,XLU,75.77678985,9.22392179,True,0.03940349,0.10501938,-0.05915892,-0.10222969
2025-04-10,XLU,75.20823908,8.81973922,True,-0.00750297,-0.04381895,-0.06621802,-0.14156904
2025-04-11,XLU,76.12590078,8.97710784,True,0.01220161,0.01784277,-0.05482438,-0.12625225
2025-04-14,XLU,77.49242168,9.06419930,True,0.01795080,0.00970151,-0.03785772,-0.11777558
2025-04-15,XLU,77.48243425,9.03881028,True,-0.00012888,-0.00280102,-0.03798172,-0.12024671
2025-04-16,XLU,76.78423599,8.83789490,True,-0.00901105,-0.02222808,-0.04665052,-0.13980194
2025-04-17,XLU,77.57221868,8.85050408,True,0.01026230,0.00142672,-0.03686696,-0.13857468
2025-04-21,XLU,75.73689527,8.63983862,True,-0.02365955,-0.02380265,-0.05965425,-0.15907888
2025-04-22,XLU,77.80163018,8.86462735,True,0.02726194,0.02601770,-0.03401860,-0.13720005
2025-04-23,XLU,78.13078202,9.00198903,True,0.00423065,0.01549548,-0.02993186,-0.12383055
2025-04-24,XLU,78.25048146,9.19147322,True,0.00153204,0.02104915,-0.02844568,-0.10538793
2025-04-25,XLU,78.01109830,9.25788446,True,-0.00305919,0.00722531,-0.03141785,-0.09892408
2025-04-28,XLU,78.48988038,9.26141320,True,0.00613736,0.00038116,-0.02547332,-0.09858062
2025-04-29,XLU,79.09832572,9.31975549,True,0.00775190,0.00629950,-0.01791889,-0.09290213
2025-04-30,XLU,78.69934852,9.32345281,True,-0.00504407,0.00039672,-0.02287257,-0.09254227
2025-05-01,XLP/IEF,78.80340595,9.38952794,True,0.00132221,0.00708698,-0.02158060,-0.08611113
2025-05-02,XLP/IEF,78.75348306,9.52890737,True,-0.00063351,0.01484414,-0.02220044,-0.07254524
2025-05-05,XLP/IEF,78.64928946,9.47426552,True,-0.00132303,-0.00573432,-0.02349410,-0.07786357
2025-05-06,XLP/IEF,78.68018160,9.39507652,True,0.00039278,-0.00835833,-0.02311054,-0.08557109
2025-05-07,XLP/IEF,78.84656596,9.43458777,True,0.00211469,0.00420553,-0.02104472,-0.08172543
2025-05-08,XLP/IEF,78.49263330,9.50032678,True,-0.00448888,0.00696787,-0.02543914,-0.07532701
2025-05-09,XLP/IEF,78.29280720,9.48822022,True,-0.00254579,-0.00127433,-0.02792017,-0.07650535
2025-05-12,XLP/IEF,78.10367770,9.80178154,True,-0.00241567,0.03304743,-0.03026839,-0.04598622
2025-05-13,XLP/IEF,77.54442500,9.86651323,True,-0.00716039,0.00660407,-0.03721205,-0.03968585
2025-05-14,XLP/IEF,77.19080623,9.87912137,True,-0.00456021,0.00127787,-0.04160256,-0.03845869
2025-05-15,XLP/IEF,78.23559325,9.92737486,True,0.01353512,0.00488439,-0.02863053,-0.03376214
2025-05-16,XLP/IEF,78.70048301,9.99025529,True,0.00594218,0.00633404,-0.02285848,-0.02764195
2025-05-19,XLP/IEF,78.79664204,10.00118283,True,0.00122184,0.00109382,-0.02166458,-0.02657837
2025-05-20,XLP/IEF,78.88824172,9.96755731,True,0.00116248,-0.00336215,-0.02052728,-0.02985116
2025-05-21,XLP/IEF,78.15297059,9.79959520,True,-0.00932041,-0.01685088,-0.02965637,-0.04619902
2025-05-22,XLP/IEF,78.13192672,9.80346422,True,-0.00026927,0.00039481,-0.02991765,-0.04582245
2025-05-23,XLP/IEF,78.38928294,9.73654724,True,0.00329387,-0.00682585,-0.02672233,-0.05233552
2025-05-27,XLP/IEF,78.91024278,9.93897672,True,0.00664580,0.02079068,-0.02025412,-0.03263293
2025-05-28,XLP/IEF,78.53049441,9.88147525,True,-0.00481241,-0.00578545,-0.02496905,-0.03822958
2025-05-29,XLP/IEF,78.85195916,9.92048180,True,0.00409350,0.00394744,-0.02097776,-0.03443305
2025-05-30,XLP/IEF,79.31781993,9.90938568,True,0.00590804,-0.00111851,-0.01519366,-0.03551304
2025-06-02,XLK,79.92352196,9.96520447,True,0.00763639,0.00563292,-0.00767329,-0.03008016
2025-06-03,XLK,81.12435306,10.02203162,True,0.01502475,0.00570256,0.00000000,-0.02454914
2025-06-04,XLK,81.24443512,10.01934058,True,0.00148022,-0.00026851,0.00000000,-0.02481106
2025-06-05,XLK,81.01456601,9.97091955,True,-0.00282935,-0.00483276,-0.00282935,-0.02952391
2025-06-06,XLK,81.77966477,10.07331123,True,0.00944397,0.01026903,0.00000000,-0.01955806
2025-06-09,XLK,82.18108042,10.08238855,True,0.00490850,0.00090113,0.00000000,-0.01867456
2025-06-10,XLK,82.64082390,10.13955390,True,0.00559427,0.00566982,0.00000000,-0.01311062
2025-06-11,XLK,82.45898235,10.11063511,True,-0.00220038,-0.00285208,-0.00220038,-0.01592530
2025-06-12,XLK,83.22408638,10.15081860,True,0.00927860,0.00397438,0.00000000,-0.01201422
2025-06-13,XLK,82.05756142,10.03733080,True,-0.01401667,-0.01118016,-0.01401667,-0.02306006
2025-06-16,XLK,83.38533264,10.13282942,True,0.01618097,0.00951434,0.00000000,-0.01376512
2025-06-17,XLK,82.79522264,10.04624370,True,-0.00707690,-0.00854507,-0.00707690,-0.02219256
2025-06-18,XLK,82.89470942,10.04472856,True,0.00120160,-0.00015082,-0.00588381,-0.02234003
2025-06-20,XLK,82.52760518,10.02113877,True,-0.00442856,-0.00234847,-0.01028631,-0.02463604
2025-06-23,XLK,83.46855193,10.12012139,True,0.01140160,0.00987738,0.00000000,-0.01500200
2025-06-24,XLK,84.96692085,10.23192234,True,0.01795130,0.01104739,0.00000000,-0.00412034
2025-06-25,XLK,85.69204147,10.23765511,True,0.00853415,0.00056028,0.00000000,-0.00356236
2025-06-26,XLK,86.28314775,10.31775258,True,0.00689803,0.00782381,0.00000000,0.00000000
2025-06-27,XLK,86.18004481,10.36901450,True,-0.00119494,0.00496832,-0.00119494,0.00000000
2025-06-30,XLK,87.02544779,10.41859166,True,0.00980973,0.00478128,0.00000000,0.00000000
2025-07-01,XLE,87.19086811,10.41521901,True,0.00190083,-0.00032371,0.00000000,-0.00032371
2025-07-02,XLE,88.69064434,10.46243396,True,0.01720107,0.00453327,0.00000000,0.00000000
2025-07-03,XLE,88.79266866,10.54489259,True,0.00115034,0.00788140,0.00000000,0.00000000
2025-07-07,XLE,87.93566746,10.46631235,True,-0.00965171,-0.00745197,-0.00965171,-0.00745197
2025-07-08,XLE,90.30263848,10.46057958,True,0.02691708,-0.00054774,0.00000000,-0.00799563
2025-07-09,XLE,89.84352496,10.52330808,True,-0.00508417,0.00599666,-0.00508417,-0.00204692
2025-07-10,XLE,90.52710646,10.55298757,True,0.00760858,0.00282036,0.00000000,0.00000000
2025-07-11,XLE,90.93519579,10.51588743,True,0.00450792,-0.00351561,0.00000000,-0.00351561
2025-07-14,XLE,89.93535569,10.53595472,True,-0.01099508,0.00190828,-0.01099508,-0.00161403
2025-07-15,XLE,88.63962815,10.49093235,True,-0.01440732,-0.00427321,-0.02524400,-0.00588035
2025-07-16,XLE,87.87444162,10.52600640,True,-0.00863256,0.00334327,-0.03365863,-0.00255673
2025-07-17,XLE,88.41518424,10.59042071,True,0.00615358,0.00611954,-0.02771217,0.00000000
2025-07-18,XLE,87.70098981,10.58266601,True,-0.00807774,-0.00073224,-0.03556605,-0.00073224
2025-07-21,XLE,86.79297241,10.60273122,True,-0.01035356,0.00189604,-0.04555138,0.00000000
2025-07-22,XLE,87.20107778,10.60424949,True,0.00470206,0.00014320,-0.04106351,0.00000000
2025-07-23,XLE,88.56820870,10.69446281,True,0.01567791,0.00850728,-0.02602938,0.00000000
2025-07-24,XLE,89.20077405,10.69800507,True,0.00714213,0.00033122,-0.01907316,0.00000000
2025-07-25,XLE,88.86408007,10.74319707,True,-0.00377456,0.00422434,-0.02277573,0.00000000
2025-07-28,XLE,89.87413786,10.74049874,True,0.01136632,-0.00025117,-0.01166829,-0.00025117
2025-07-29,XLE,90.75155840,10.71216998,True,0.00976277,-0.00263757,-0.00201943,-0.00288807
2025-07-30,XLE,89.45583888,10.69867940,True,-0.01427766,-0.00125937,-0.01626825,-0.00414380
2025-07-31,XLE,88.97631409,10.65854689,True,-0.00536046,-0.00375116,-0.02154151,-0.00787942
2025-08-01,XLE,87.32349735,10.48384886,False,-0.01857592,-0.01639042,-0.03971728,-0.02414069
2025-08-04,XLE,87.12965833,10.64320089,False,-0.00221978,0.01519976,-0.04184889,-0.00930786
2025-08-05,XLE,87.24188430,10.58923960,False,0.00128803,-0.00507002,-0.04061476,-0.01433069
2025-08-06,XLE,86.43588322,10.67035167,False,-0.00923869,0.00765986,-0.04947823,-0.00678061
2025-08-07,XLE,86.09919728,10.66141276,False,-0.00389521,-0.00083773,-0.05318071,-0.00761266
2025-08-08,XLE,86.65014155,10.74454571,False,0.00639895,0.00779755,-0.04712207,0.00000000
2025-08-11,XLE,85.95636641,10.72329835,False,-0.00800662,-0.00197750,-0.05475140,-0.00197750
2025-08-12,XLE,86.37467343,10.83745839,False,0.00486650,0.01064598,-0.05015134,0.00000000
2025-08-13,XLE,87.37451354,10.87455749,False,0.01157562,0.00342323,-0.03915626,0.00000000
2025-08-14,XLE,87.29289246,10.87556897,False,-0.00093415,0.00009301,-0.04005384,0.00000000
2025-08-15,XLE,87.29289246,10.85010607,False,0.00000000,-0.00234129,-0.04005384,-0.00234129
2025-08-18,XLE,86.77256913,10.84774595,False,-0.00596066,-0.00021752,-0.04577575,-0.00255831
2025-08-19,XLE,86.80317405,10.78889480,False,0.00035270,-0.00542520,-0.04543919,-0.00796962
2025-08-20,XLE,87.52756207,10.76022783,False,0.00834518,-0.00265708,-0.03747321,-0.01060553
2025-08-21,XLE,88.12949844,10.71705984,False,0.00687711,-0.00401181,-0.03085381,-0.01457479
2025-08-22,XLE,89.92514602,10.88163994,False,0.02037510,0.01535683,-0.01110736,0.00000000
2025-08-25,XLE,90.15980761,10.83374963,False,0.00260952,-0.00440102,-0.00852682,-0.00440102
2025-08-26,XLE,90.01698478,10.87910916,False,-0.00158411,0.00418687,-0.01009742,-0.00023257
2025-08-27,XLE,91.02702652,10.90389774,False,0.01122057,0.00227855,0.00000000,0.00000000
2025-08-28,XLE,91.72079362,10.94251302,False,0.00762155,0.00354142,0.00000000,0.00000000
2025-08-29,XLE,92.22072972,10.87725478,False,0.00545063,-0.00596373,0.00000000,-0.00596373
2025-09-02,XLE,92.35335895,10.79665157,False,0.00143817,-0.00741025,0.00000000,-0.01332979
2025-09-03,XLE,90.28224325,10.85516452,False,-0.02242599,0.00541955,-0.02242599,-0.00798249
2025-09-04,XLE,90.88419566,10.94588670,False,0.00666745,0.00835751,-0.01590807,0.00000000
2025-09-05,XLE,89.12935460,10.91418425,False,-0.01930854,-0.00289629,-0.03490944,-0.00289629
2025-09-08,XLE,88.92530593,10.94099580,False,-0.00228935,0.00245658,-0.03711888,-0.00044683
2025-09-09,XLE,89.35381456,10.96629116,False,0.00481875,0.00231198,-0.03247900,0.00000000
2025-09-10,XLE,90.91480055,10.99799153,False,0.01746972,0.00289071,-0.01557668,0.00000000
2025-09-11,XLE,90.93519579,11.08938699,False,0.00022433,0.00831020,-0.01535584,0.00000000
2025-09-12,XLE,90.39446921,11.08567822,False,-0.00594628,-0.00033444,-0.02121081,-0.00033444
2025-09-15,XLE,90.08839620,11.14469588,False,-0.00338597,0.00532377,-0.02452496,0.00000000
2025-09-16,XLE,91.59836601,11.12935195,False,0.01676098,-0.00137679,-0.00817505,-0.00137679
2025-09-17,XLE,91.81262435,11.11552421,False,0.00233911,-0.00124246,-0.00585506,-0.00261754
2025-09-18,XLE,91.52694656,11.16746045,False,-0.00311153,0.00467241,-0.00894837,0.00000000
2025-09-19,XLE,90.31284011,11.22277246,False,-0.01326502,0.00495296,-0.02209469,0.00000000
2025-09-22,XLE,90.20892154,11.27586795,False,-0.00115065,0.00473105,-0.02321992,0.00000000
2025-09-23,XLE,91.76265160,11.21448705,False,0.01722369,-0.00544356,-0.00639617,-0.00544356
2025-09-24,XLE,92.95624243,11.17880736,False,0.01300737,-0.00318157,0.00000000,-0.00860782
2025-09-25,XLE,93.78970204,11.12723429,False,0.00896615,-0.00461347,0.00000000,-0.01318157
2025-09-26,XLE,94.65403141,11.19098156,False,0.00921561,0.00572894,0.00000000,-0.00752815
2025-09-29,XLE,92.91508274,11.22243426,False,-0.01837163,0.00281054,-0.01837163,-0.00473877
2025-09-30,XLE,91.92728233,11.26470627,False,-0.01063122,0.00376674,-0.02880753,-0.00098987
2025-10-01,XLE,91.92728233,11.30309158,False,0.00000000,0.00340757,-0.02880753,0.00000000
2025-10-02,XLE,91.00122145,11.31611076,False,-0.01007384,0.00115182,-0.03859117,0.00000000
2025-10-03,XLE,91.48483174,11.31594426,False,0.00531433,-0.00001471,-0.03348193,-0.00001471
2025-10-06,XLE,91.93757225,11.35652527,False,0.00494880,0.00358618,-0.02869882,0.00000000
2025-10-07,XLE,92.08163117,11.31442183,False,0.00156692,-0.00370742,-0.02717687,-0.00370742
2025-10-08,XLE,91.54657127,11.38188931,False,-0.00581071,0.00596296,-0.03282966,0.00000000
2025-10-09,XLE,90.30153082,11.34891626,False,-0.01360008,-0.00289697,-0.04598326,-0.00289697
2025-10-10,XLE,87.68797089,11.04217932,False,-0.02894259,-0.02702786,-0.07359497,-0.02984654
2025-10-13,XLE,88.88155369,11.21161182,False,0.01361171,0.01534412,-0.06098502,-0.01496039
2025-10-14,XLE,88.87127982,11.19791520,False,-0.00011559,-0.00122165,-0.06109356,-0.01616376
2025-10-15,XLE,88.81983021,11.24762868,False,-0.00057892,0.00443953,-0.06163711,-0.01179599
2025-10-16,XLE,87.74971042,11.17102977,False,-0.01204821,-0.00681023,-0.07294270,-0.01852588
2025-10-17,XLE,88.46997285,11.23443988,False,0.00820815,0.00567630,-0.06533328,-0.01295474
2025-10-20,XLE,89.40633168,11.35128367,False,0.01058392,0.01040050,-0.05544085,-0.00268898
2025-10-21,XLE,89.20054929,11.35111405,False,-0.00230165,-0.00001494,-0.05761490,-0.00270388
2025-10-22,XLE,90.34269052,11.29209952,False,0.01280419,-0.00519901,-0.04554841,-0.00788883
2025-10-23,XLE,91.54657127,11.35906230,False,0.01332571,0.00593006,-0.03282966,-0.00200556
2025-10-24,XLE,90.62051039,11.45189485,False,-0.01011574,0.00817255,-0.04261330,0.00000000
2025-10-27,XLE,90.83658270,11.58700047,False,0.00238436,0.01179766,-0.04033055,0.00000000
2025-10-28,XLE,89.88994197,11.61777573,False,-0.01042136,0.00265602,-0.05033161,0.00000000
2025-10-29,XLE,90.55876282,11.62335552,False,0.00744044,0.00048028,-0.04326565,0.00000000
2025-10-30,XLE,90.02370293,11.49552175,False,-0.00590843,-0.01099801,-0.04891845,-0.01099801
2025-10-31,XLE,90.68224188,11.53322962,False,0.00731517,0.00328022,-0.04196112,-0.00775386
2025-11-03,XLK,90.11959255,11.55487345,True,-0.00620463,0.00187665,-0.04790540,-0.00589176
2025-11-04,XLK,87.74055679,11.41790616,True,-0.02639865,-0.01185364,-0.07303941,-0.01767556
2025-11-05,XLK,88.08383292,11.45747465,True,0.00391240,0.00346548,-0.06941277,-0.01427134
2025-11-06,XLK,86.31374076,11.33454428,True,-0.02009554,-0.01072927,-0.08811342,-0.02484749
2025-11-07,XLK,86.01523183,11.34570283,True,-0.00345842,0.00098447,-0.09126711,-0.02388748
2025-11-10,XLK,88.21517137,11.52274434,True,0.02557616,0.01560428,-0.06802521,-0.00865595
2025-11-11,XLK,87.46295445,11.54912403,True,-0.00852707,0.00228936,-0.07597222,-0.00638641
2025-11-12,XLK,87.73459393,11.55554881,True,0.00310577,0.00055630,-0.07310241,-0.00583366
2025-11-13,XLK,85.54659840,11.36379711,True,-0.02493880,-0.01659391,-0.09621812,-0.02233076
2025-11-14,XLK,86.01225954,11.36193544,True,0.00544336,-0.00016382,-0.09129851,-0.02249093
2025-11-17,XLK,84.66603361,11.25608371,True,-0.01565156,-0.00931635,-0.10552110,-0.03159774
2025-11-18,XLK,83.28994765,11.16156014,True,-0.01625311,-0.00839755,-0.12005916,-0.03972995
2025-11-19,XLK,83.86904035,11.20467922,True,0.00695273,0.00386318,-0.11394117,-0.03602026
2025-11-20,XLK,81.23628114,11.03389495,True,-0.03139131,-0.01524223,-0.14175572,-0.05071346
2025-11-21,XLK,81.54970638,11.14380511,True,0.00385819,0.00996114,-0.13844445,-0.04125749
2025-11-24,XLK,83.49293189,11.30782639,True,0.02382872,0.01471861,-0.11791468,-0.02714613
2025-11-25,XLK,83.71679531,11.41418699,True,0.00268123,0.00940593,-0.11554961,-0.01799554
2025-11-26,XLK,84.70781023,11.49298473,True,0.01183771,0.00690349,-0.10507974,-0.01121628
2025-11-28,XLK,85.43614826,11.55571843,True,0.00859824,0.00545843,-0.09738500,-0.00581907
2025-12-01,XLK,85.47496174,11.50296114,False,0.00045430,-0.00456547,-0.09697495,-0.01035797
2025-12-02,XLK,86.35552653,11.52426677,False,0.01030202,0.00185219,-0.08767196,-0.00852497
2025-12-03,XLK,86.56149221,11.56417345,False,0.00238509,0.00346284,-0.08549598,-0.00509165
2025-12-04,XLK,86.88387089,11.57262848,False,0.00372427,0.00073114,-0.08209012,-0.00436423
2025-12-05,XLK,87.51967481,11.59460947,False,0.00731786,0.00189939,-0.07537298,-0.00247313
2025-12-08,XLK,88.13458127,11.55977684,False,0.00702592,-0.00300421,-0.06887662,-0.00546991
2025-12-09,XLK,88.36740727,11.54980043,False,0.00264171,-0.00086303,-0.06641687,-0.00632822
2025-12-10,XLK,88.79127350,11.62639933,False,0.00479664,0.00663205,-0.06193881,0.00000000
2025-12-11,XLK,88.33755637,11.65345438,False,-0.00510993,0.00232704,-0.06673223,0.00000000
2025-12-12,XLK,85.78241497,11.52815660,False,-0.02892475,-0.01075199,-0.09372677,-0.01075199
2025-12-15,XLK,84.95258939,11.51073976,False,-0.00967361,-0.00151081,-0.10249370,-0.01224655
2025-12-16,XLK,85.10780672,11.47928810,False,0.00182711,-0.00273238,-0.10085386,-0.01494546
2025-12-17,XLK,83.21533870,11.35297468,False,-0.02223613,-0.01100359,-0.12084739,-0.02578460
2025-12-18,XLK,84.49887227,11.43870397,False,0.01542424,0.00755126,-0.10728713,-0.01842805
2025-12-19,XLK,86.32568478,11.54237874,False,0.02161937,0.00906351,-0.08798724,-0.00953156
2025-12-22,XLK,86.79144652,11.61428549,False,0.00539540,0.00622980,-0.08306656,-0.00336114
2025-12-23,XLK,87.26377473,11.66736849,False,0.00544211,0.00457049,-0.07807651,0.00000000
2025-12-24,XLK,87.47305108,11.70841050,False,0.00239820,0.00351767,-0.07586555,0.00000000
2025-12-26,XLK,87.61056273,11.70722315,False,0.00157205,-0.00010141,-0.07441277,-0.00010141
2025-12-29,XLK,87.21595294,11.66550266,False,-0.00450413,-0.00356365,-0.07858174,-0.00366470
2025-12-30,XLK,86.94092048,11.65125659,False,-0.00315346,-0.00122121,-0.08148740,-0.00488144
2025-12-31,XLK,86.07993620,11.56493415,False,-0.00990310,-0.00740885,-0.09058352,-0.01225413
2026-01-02,XLE,88.79433330,11.58613259,True,0.03153345,0.00183299,-0.06190648,-0.01044360
2026-01-05,XLE,91.20626247,11.66329863,True,0.02716310,0.00666021,-0.03642496,-0.00385295
2026-01-06,XLE,88.77486547,11.73266212,True,-0.02665822,0.00594716,-0.06211216,0.00000000
2026-01-07,XLE,87.78287040,11.69484291,True,-0.01117428,-0.00322341,-0.07259238,-0.00322341
2026-01-08,XLE,90.54491990,11.69365556,True,0.03146456,-0.00010153,-0.04341190,-0.00332461
2026-01-09,XLE,90.77833094,11.77099019,True,0.00257785,0.00661338,-0.04094596,0.00000000
2026-01-12,XLE,90.13645622,11.78947574,True,-0.00707079,0.00157043,-0.04772723,0.00000000
2026-01-13,XLE,91.42022824,11.76590260,True,0.01424254,-0.00199951,-0.03416445,-0.00199951
2026-01-14,XLE,93.48204460,11.70807022,True,0.02255317,-0.00491525,-0.01238179,-0.00690493
2026-01-15,XLE,92.60674379,11.73995477,True,-0.00936330,0.00272330,-0.02162916,-0.00420044
2026-01-16,XLE,92.76235115,11.73011780,True,0.00168030,-0.00083791,-0.01998521,-0.00503482
2026-01-20,XLE,92.58729098,11.49133014,True,-0.00188719,-0.02035680,-0.02183468,-0.02528913
2026-01-21,XLE,94.82416751,11.62395284,True,0.02415965,0.01154111,0.00000000,-0.01403989
2026-01-22,XLE,95.13538976,11.68466774,True,0.00328210,0.00522326,0.00000000,-0.00888996
2026-01-23,XLE,95.68001553,11.68890618,True,0.00572474,0.00036274,0.00000000,-0.00853045
2026-01-26,XLE,95.73837393,11.74826516,True,0.00060993,0.00507823,0.00000000,-0.00349554
2026-01-27,XLE,96.61366723,11.79507219,True,0.00914255,0.00398417,0.00000000,0.00000000
2026-01-28,XLE,97.35281348,11.79388484,True,0.00765054,-0.00010066,0.00000000,-0.00010066
2026-01-29,XLE,98.24756710,11.77048132,True,0.00919083,-0.00198438,0.00000000,-0.00208484
2026-01-30,XLE,99.29792057,11.73537605,True,0.01069089,-0.00298248,0.00000000,-0.00506111
2026-02-02,XLE,97.35281348,11.79371522,False,-0.01958860,0.00497122,-0.01958860,-0.00011505
2026-02-03,XLE,100.50388890,11.69399481,False,0.03236758,-0.00845539,0.00000000,-0.00856946
2026-02-04,XLE,102.76022575,11.63735081,False,0.02245024,-0.00484385,0.00000000,-0.01337180
2026-02-05,XLE,101.55425740,11.49200863,False,-0.01173575,-0.01248928,-0.01173575,-0.02569408
2026-02-06,XLE,103.57717569,11.71248036,False,0.01991958,0.01918479,0.00000000,-0.00700223
2026-02-09,XLE,104.33576721,11.76895474,False,0.00732393,0.00482173,0.00000000,-0.00221427
2026-02-10,XLE,104.21905795,11.73791932,False,-0.00111859,-0.00263706,-0.00111859,-0.00484549
2026-02-11,XLE,106.94220935,11.73520643,False,0.02612911,-0.00023112,0.00000000,-0.00507549
2026-02-12,XLE,104.99709474,11.55391087,False,-0.01818846,-0.01544886,-0.01818846,-0.02044594
2026-02-13,XLE,105.71678821,11.56205059,False,0.00685441,0.00070450,-0.01145872,-0.01975584
2026-02-17,XLE,104.54972547,11.58070576,False,-0.01103952,0.00161348,-0.02237175,-0.01817424
2026-02-18,XLE,106.55319094,11.63904597,False,0.01916280,0.00503771,-0.00363765,-0.01322808
2026-02-19,XLE,107.33123529,11.60834980,False,0.00730193,-0.00263734,0.00000000,-0.01583054
2026-02-20,XLE,106.74770392,11.69229964,False,-0.00543673,0.00723185,-0.00543673,-0.00871318
2026-02-23,XLE,107.27288440,11.57290529,False,0.00491983,-0.01021137,-0.00054365,-0.01883557
2026-02-24,XLE,107.17562041,11.65702266,False,-0.00090670,0.00726848,-0.00144986,-0.01170400
2026-02-25,XLE,106.72825111,11.75538819,False,-0.00417417,0.00843831,-0.00561797,-0.00336446
2026-02-26,XLE,107.07837144,11.69009353,False,0.00328048,-0.00555445,-0.00235592,-0.00890021
2026-02-27,XLE,108.77061468,11.63395839,False,0.01580378,-0.00480194,0.00000000,-0.01365942
2026-03-02,XLE,110.94914784,11.64057256,False,0.02002869,0.00056852,0.00000000,-0.01309866
2026-03-03,XLE,109.93768493,11.53796963,False,-0.00911645,-0.00881425,-0.00911645,-0.02179745
2026-03-04,XLE,109.29579516,11.61937412,False,-0.00583867,0.00705536,-0.01490190,-0.01489589
2026-03-05,XLE,109.85988126,11.55458832,False,0.00516110,-0.00557567,-0.00981771,-0.02038850
2026-03-06,XLE,110.03494141,11.40314083,False,0.00159349,-0.01310713,-0.00823987,-0.03322840
2026-03-09,XLE,109.54865901,11.50303190,False,-0.00441935,0.00875996,-0.01262280,-0.02475952
2026-03-10,XLE,108.14817770,11.48454635,False,-0.01278410,-0.00160702,-0.02524553,-0.02632674
2026-03-11,XLE,110.83243104,11.47013170,False,0.02482014,-0.00125513,-0.00105198,-0.02754883
2026-03-12,XLE,111.86333921,11.29595814,False,0.00930150,-0.01518497,0.00000000,-0.04231547
2026-03-13,XLE,112.23291235,11.23202148,False,0.00330379,-0.00566014,0.00000000,-0.04773610
2026-03-16,XLE,112.62194578,11.34632824,False,0.00346630,0.01017687,0.00000000,-0.03804504
2026-03-17,XLE,113.80845381,11.37617527,False,0.01053532,0.00263054,0.00000000,-0.03551457
2026-03-18,XLE,113.65284645,11.21743617,False,-0.00136727,-0.01395364,-0.00136727,-0.04897266
2026-03-19,XLE,115.46179897,11.18979213,False,0.01591647,-0.00246438,0.00000000,-0.05131635
2026-03-20,XLE,115.36454247,11.02937867,False,-0.00084233,-0.01433570,-0.00084233,-0.06491639
2026-03-23,XLE,116.74480372,11.14518705,False,0.01196435,0.01049999,0.00000000,-0.05509802
2026-03-24,XLE,119.11376520,11.10777472,False,0.02029179,-0.00335681,0.00000000,-0.05826988
2026-03-25,XLE,118.58515453,11.16967489,False,-0.00443786,0.00557269,-0.00443786,-0.05302191
2026-03-26,XLE,120.44508602,10.97019868,False,0.01568435,-0.01785873,0.00000000,-0.06993374
2026-03-27,XLE,122.48122106,10.78313601,False,0.01690509,-0.01705189,0.00000000,-0.08579313
2026-03-30,XLE,121.30652313,10.74708378,False,-0.00959084,-0.00334339,-0.00959084,-0.08884968
2026-03-31,XLE,119.93604849,11.05947857,False,-0.01129762,0.02906787,-0.02078010,-0.06236449
2026-04-01,XLU,117.64606206,11.14280611,True,-0.01909340,0.00753449,-0.03947674,-0.05529988
2026-04-02,XLU,118.23289340,11.15283976,True,0.00498811,0.00090046,-0.03468554,-0.05444922
2026-04-06,XLU,117.79914894,11.20555750,True,-0.00366856,0.00472685,-0.03822686,-0.04997974
2026-04-07,XLU,118.05429043,11.21048795,True,0.00216590,0.00044000,-0.03614375,-0.04956173
2026-04-08,XLU,119.35551405,11.49601501,True,0.01102225,0.02546964,-0.02551989,-0.02535442
2026-04-09,XLU,120.29955133,11.56233572,True,0.00790946,0.00576902,-0.01781228,-0.01973167
2026-04-10,XLU,119.81477463,11.55468405,True,-0.00402975,-0.00066178,-0.02177025,-0.02038039
2026-04-13,XLU,118.36046416,11.66760159,True,-0.01213799,0.00977245,-0.03364399,-0.01080711
2026-04-14,XLU,118.56458322,11.80976989,True,0.00172455,0.01218488,-0.03197746,0.00000000
2026-04-15,XLU,117.41643669,11.90296042,True,-0.00968372,0.00789097,-0.04135152,0.00000000
2026-04-16,XLU,118.25839971,11.93221013,True,0.00717074,0.00245735,-0.03447730,0.00000000
2026-04-17,XLU,117.77363282,12.07641907,True,-0.00409922,0.01208569,-0.03843518,0.00000000
2026-04-20,XLU,116.72755071,12.05226943,True,-0.00888214,-0.00199974,-0.04697594,-0.00199974
2026-04-21,XLU,114.68641868,11.97336452,True,-0.01748629,-0.00654689,-0.06364080,-0.00853354
2026-04-22,XLU,114.48229962,12.09461533,True,-0.00177980,0.01012671,-0.06530733,0.00000000
2026-04-23,XLU,117.59503966,12.04767927,True,0.02718971,-0.00388074,-0.03989331,-0.00388074
2026-04-24,XLU,117.82466503,12.14104046,True,0.00195268,0.00774931,-0.03801853,0.00000000
2026-04-27,XLU,117.85017137,12.16195689,True,0.00021648,0.00172279,-0.03781028,0.00000000
2026-04-28,XLU,118.00326800,12.10277691,True,0.00129908,-0.00486599,-0.03656032,-0.00486599
2026-04-29,XLU,116.54895752,12.10090691,True,-0.01232432,-0.00015451,-0.04843407,-0.00501975
2026-04-30,XLU,119.53411702,12.22130650,True,0.02561292,0.00994963,-0.02406168,0.00000000
2026-05-01,XLE,118.96458023,12.25514847,True,-0.00476464,0.00276910,-0.02871167,0.00000000
2026-05-04,XLE,120.05619023,12.21025305,True,0.00917592,-0.00366339,-0.01979921,-0.00366339
2026-05-05,XLE,120.17747936,12.30820649,True,0.00101027,0.00802223,-0.01880894,0.00000000
2026-05-06,XLE,115.22483446,12.47928318,True,-0.04121109,0.01389940,-0.05924489,0.00000000
2026-05-07,XLE,113.10227458,12.44102067,True,-0.01842103,-0.00306608,-0.07657457,-0.00306608
2026-05-08,XLE,112.59690059,12.54373494,True,-0.00446829,0.00825610,-0.08070070,0.00000000
2026-05-11,XLE,115.56848443,12.57230409,True,0.02639135,0.00227756,-0.05643916,0.00000000
2026-05-12,XLE,116.37708126,12.55325764,True,0.00699669,-0.00151495,-0.04983735,-0.00151495
2026-05-13,XLE,116.49837039,12.62349108,True,0.00104221,0.00559484,-0.04884709,0.00000000
2026-05-14,XLE,117.38782923,12.72314490,True,0.00763495,0.00789431,-0.04158508,0.00000000
2026-05-15,XLE,120.15726191,12.57009381,True,0.02359216,-0.01202934,-0.01897400,-0.01202934
2026-05-18,XLE,122.46176325,12.56125063,True,0.01917904,-0.00070351,-0.00015886,-0.01272439
2026-05-19,XLE,123.89702321,12.47758280,True,0.01172007,-0.00666079,0.00000000,-0.01930042
2026-05-20,XLE,120.88499673,12.60546548,True,-0.02431073,0.01024899,-0.02431073,-0.00924924
2026-05-21,XLE,119.53060656,12.63046323,True,-0.01120396,0.00198309,-0.03524230,-0.00728449
2026-05-22,XLE,120.25834136,12.68012051,True,0.00608827,0.00393155,-0.02936860,-0.00338158
2026-05-26,XLE,116.94309205,12.76429929,True,-0.02756773,0.00663864,-0.05612670,0.00000000
2026-05-27,XLE,115.20462479,12.76208797,True,-0.01486593,-0.00017324,-0.07015825,-0.00017324
2026-05-28,XLE,115.12376276,12.83249103,True,-0.00070190,0.00551658,-0.07081091,0.00000000
2026-05-29,XLE,113.78958228,12.86446196,True,-0.01158910,0.00249140,-0.08157937,0.00000000
2026-06-01,XLE,115.83128014,12.89949335,False,0.01794275,0.00272311,-0.06510038,0.00000000
2026-06-02,XLE,117.16546064,12.91701009,False,0.01151831,0.00135794,-0.05433192,0.00000000
2026-06-03,XLE,118.68157485,12.82636907,False,0.01293994,-0.00701718,-0.04209503,-0.00701718
2026-06-04,XLE,118.76243685,12.87483589,False,0.00068134,0.00377869,-0.04144237,-0.00326501
2026-06-05,XLE,116.57922464,12.54254447,False,-0.01838302,-0.02580937,-0.05906355,-0.02899012
2026-06-08,XLE,117.91341290,12.57094296,False,0.01144448,0.00226417,-0.04829503,-0.02679158
2026-06-09,XLE,116.01321384,12.53404157,False,-0.01611521,-0.00293545,-0.06363195,-0.02964839
2026-06-10,XLE,117.75169664,12.33643536,False,0.01498521,-0.01576556,-0.04960028,-0.04494653
2026-06-11,XLE,115.46741273,12.54611587,False,-0.01939916,0.01699685,-0.06803723,-0.02871363
2026-06-12,XLE,116.33665413,12.61396838,False,0.00752802,0.00540825,-0.06102139,-0.02346067
2026-06-15,XLE,112.29367775,12.83640272,False,-0.03475239,0.01763397,-0.09365314,-0.00624040
2026-06-16,XLE,111.90959291,12.75987770,False,-0.00342036,-0.00596156,-0.09675317,-0.01216476
2026-06-17,XLE,110.51476007,12.60053399,False,-0.01246393,-0.01248787,-0.10801118,-0.02450072
2026-06-18,XLE,108.69543081,12.73154165,False,-0.01646232,0.01039699,-0.12269538,-0.01435847
2026-06-22,XLE,110.06977433,12.69147574,False,0.01264399,-0.00314698,-0.11160275,-0.01746026
2026-06-23,XLE,110.88419639,12.50717072,False,0.00739914,-0.01452195,-0.10502937,-0.03172866
2026-06-24,XLE,109.07209818,12.50137343,False,-0.01634226,-0.00046352,-0.11965522,-0.03217747
2026-06-25,XLE,110.13085385,12.51944586,False,0.00970693,0.00144564,-0.11110977,-0.03077835
2026-06-26,XLE,109.62183715,12.42891307,False,-0.00462193,-0.00723137,-0.11521815,-0.03778715
2026-06-29,XLE,109.09246320,12.63367770,False,-0.00482909,0.01647486,-0.11949085,-0.02193483
2026-06-30,XLE,108.13550932,12.73205363,False,-0.00877195,0.00778680,-0.12721463,-0.01431883
2026-07-01,XLK,107.20647904,12.71483347,True,-0.00859135,-0.00135250,-0.13471304,-0.01565197
2026-07-02,XLK,104.30135851,12.69812530,True,-0.02709837,-0.00131407,-0.15816090,-0.01694547
2026-07-06,XLK,106.02249036,12.80894703,True,0.01650153,0.00872741,-0.14426927,-0.00836595
2026-07-07,XLK,103.48699836,12.74808020,True,-0.02391466,-0.00475190,-0.16473378,-0.01307810
2026-07-08,XLK,104.76917981,12.70869590,True,0.01238978,-0.00308943,-0.15438501,-0.01612712
2026-07-09,XLK,107.05054448,12.81627819,True,0.02177515,0.00846525,-0.13597162,-0.00779839
2026-07-10,XLK,107.29889058,12.87151840,True,0.00231990,0.00431016,-0.13396716,-0.00352184
2026-07-13,XLK,104.69987556,12.77297180,True,-0.02422220,-0.00765617,-0.15494438,-0.01115105
2026-07-14,XLK,106.05136126,12.81832405,True,0.01290819,0.00355064,-0.14403624,-0.00764001
2026-07-15,XLK,104.87314499,12.86913122,True,-0.01110986,0.00396364,-0.15354589,-0.00370665
2026-07-16,XLK,102.52825729,12.79939831,True,-0.02235928,-0.00541862,-0.17247199,-0.00910519
2026-07-17,XLK,101.41356404,12.67272067,True,-0.01087206,-0.00989716,-0.18146892,-0.01891223
2026-07-20,XLK,101.48287710,12.65226211,True,0.00068347,-0.00161438,-0.18090948,-0.02049607
2026-07-21,XLK,104.41109611,12.75779854,True,0.02885432,0.00834131,-0.15727518,-0.01232573
2026-07-22,XLK,104.11654425,12.74296452,True,-0.00282108,-0.00116274,-0.15965258,-0.01347414
2026-07-23,XLK,103.06538283,12.58559799,True,-0.01009601,-0.01234929,-0.16813673,-0.02565703
2026-07-24,XLK,101.58106106,12.59838511,True,-0.01440175,0.00101601,-0.18011702,-0.02466708
2026-07-27,XLK,100.66851695,12.60111362,True,-0.00898341,0.00021658,-0.18748236,-0.02445585
2026-07-28,XLK,98.81454902,12.63129052,True,-0.01841656,0.00239478,-0.20244614,-0.02211964
2026-07-29,XLK,96.20398916,12.43692687,True,-0.02641878,-0.01538747,-0.22351654,-0.03716674
2026-07-30,XLK,101.49442194,12.64544189,True,0.05499182,0.01676580,-0.18081630,-0.02102408
2026-07-31,XLK,101.27495555,12.73648667,True,-0.00216235,0.00719981,-0.18258766,-0.01397564
2026-08-03,XLK,102.82858157,12.91789253,False,0.01534067,0.01424301,-0.17004801,0.00000000
2026-08-04,XLK,107.94575372,13.15078925,False,0.04976410,0.01802900,-0.12874619,0.00000000
2026-08-05,XLK,107.37397606,13.12453236,False,-0.00529690,-0.00199660,-0.13336113,-0.00199660
2026-08-06,XLK,107.03899084,13.10356181,False,-0.00311980,-0.00159781,-0.13606487,-0.00359122
2026-08-07,XLK,108.56374597,13.18369466,False,0.01424486,0.00611535,-0.12375824,0.00000000
2026-08-10,XLK,107.61077732,13.17977360,False,-0.00877796,-0.00029742,-0.13144986,-0.00029742
2026-08-11,XLK,107.47793243,13.13766080,False,-0.00123449,-0.00319526,-0.13252208,-0.00349173
2026-08-12,XLK,109.07777303,13.17056621,False,0.01488529,0.00250466,-0.11960941,-0.00099581
2026-08-13,XLK,110.18091263,13.26246325,False,0.01011333,0.00697746,-0.11070573,0.00000000
2026-08-14,XLK,109.74196224,13.23620740,False,-0.00398391,-0.00197971,-0.11424860,-0.00197971
2026-08-17,XLK,109.92101289,13.17363499,False,0.00163156,-0.00472737,-0.11280344,-0.00669772
2026-08-18,XLK,107.20647904,13.08463712,False,-0.02469531,-0.00675576,-0.13471304,-0.01340823
2026-08-19,XLK,106.06291490,13.11208656,False,-0.01066693,0.00209784,-0.14394299,-0.01133852
2026-08-20,XLK,105.75103697,13.00194643,False,-0.00294050,-0.00839989,-0.14646023,-0.01964317
2026-08-21,XLK,105.87231941,13.05514078,False,0.00114687,0.00409126,-0.14548133,-0.01563228
2026-08-24,XLK,103.98948059,13.01677941,False,-0.01778405,-0.00293841,-0.16067814,-0.01852475
2026-08-25,XLK,104.96555653,13.05838022,False,0.00938629,0.00319594,-0.15280001,-0.01538802
2026-08-26,XLK,105.60086602,13.06127939,False,0.00605255,0.00022202,-0.14767229,-0.01516942
2026-08-27,XLK,108.93338331,13.14686716,False,0.03155767,0.00655279,-0.12077481,-0.00871603
2026-08-28,XLK,107.24691239,13.11703054,False,-0.01548167,-0.00226949,-0.13438669,-0.01096574
2026-08-31,XLK,107.71473369,13.07781690,False,0.00436210,-0.00298952,-0.13061080,-0.01392248
2026-09-01,XLK,106.09756702,12.99188781,False,-0.01501342,-0.00657060,-0.14366331,-0.02040160
