,HAA gross,HAA net 5bp,HAA net 10bp,HAA MOC comparison 5bp,SPY,60 SPY 40 IEF
2015-11-30,1.0,1.0,1.0,0.9995,1.0,1.0
2015-12-01,1.0052711332760602,1.0047684977094222,1.0042658621427842,1.0048153624832339,1.0054175430901962,1.0051579249378866
2015-12-02,1.0024467991853172,1.0019455757857245,1.001444352386132,1.0019923088917961,0.9951571724837591,0.9978725338045455
2015-12-03,0.9919051759535893,0.9914092233656124,0.9909132707776359,0.9914554650313433,0.9812224787938769,0.9852971766225714
2015-12-04,0.9955761111334178,0.9950783230778512,0.9945805350222846,0.995124735879051,1.0003590446726347,0.9982467560347215
2015-12-07,0.9987758640054885,0.9982764760734857,0.9977770881414831,0.9983230380440884,0.9942981493168686,0.9958894800195156
2015-12-08,0.9993407860187531,0.9988411156257438,0.9983414452327346,0.9988877039324676,0.9876171580449505,0.992106741077268
2015-12-09,1.0008474287045128,1.0003470049901606,0.9998465812758085,1.0003936635351178,0.979933682730471,0.988099011634347
2015-12-10,0.9986818483244013,0.9981825074002392,0.9976831664760772,0.9982290649879211,0.9824633674610356,0.9887510234367173
2015-12-11,1.006683116337711,1.0061797747795425,1.0056764332213737,1.0062267053786471,0.9634219195399178,0.9805250616357679
2015-12-14,0.9992463103783651,0.9987466872231759,0.9982470640679868,0.9987932711255362,0.9682893109986314,0.9804722614884495
2015-12-15,0.9967050352413455,0.9962066827237248,0.9957083302061042,0.9962531481542813,0.9784544765430716,0.9855553590153333
2015-12-16,0.9940702043825395,0.9935731692803482,0.993076134178157,0.9936195118776231,0.9927712970462924,0.9930920459399152
2015-12-17,0.9982115859352446,0.9977124801422771,0.9972133743493095,0.9977590158067786,0.9776433607724283,0.9856710085203682
2015-12-18,1.0017882294584057,1.0012873353436764,1.0007864412289473,1.0013340377478606,0.9602265833145875,0.9766508841262235
2015-12-21,1.0022587678231425,1.001757638439231,1.0012565090553196,1.0018043627794613,0.9681474180013828,0.9815915061765224
2015-12-22,0.9994354456428612,0.99893572792004,0.9984360101972187,0.9989823206397044,0.9769327634295475,0.9857339492257448
2015-12-23,0.9971759415735227,0.9966773536027362,0.9961787656319495,0.9967238409864931,0.9890304262342424,0.9920891971816401
2015-12-24,0.9990052917047363,0.9985057890588842,0.9980062864130318,0.9985523617251854,0.9873979163788522,0.991841065450865
2015-12-28,0.9991942429855124,0.9986946458640199,0.9981950487425271,0.998741227339048,0.9851418264330374,0.9905629542054303
2015-12-29,0.9939141861877021,0.9934172290946085,0.9929202720015146,0.9934635644184646,0.995655322300373,0.9947600850180671
2015-12-30,0.9942917207818136,0.9937945749214229,0.9932974290610319,0.9938409278455789,0.9885983015200929,0.9906768108806248
2015-12-31,0.9954223927350844,0.994924681538717,0.9944269703423495,0.9949710871737125,0.9787089954736795,0.9851952698996944
2016-01-04,0.99966505732583,0.9991652247971672,0.9986653922685043,0.999211828221107,0.9650269915229122,0.9787011295333862
2016-01-05,0.9993819983721066,0.9988823073729207,0.9983826163737346,0.9989288976009242,0.9666595884826593,0.9795851614532746
2016-01-06,1.0054153765127969,1.0049126688245404,1.004409961136284,1.0049595403228326,0.9544656753636862,0.9745142429074868
2016-01-07,1.0075839006324336,1.0070801086821175,1.0065763167318011,1.0071270812749191,0.9315664625836749,0.9614103281785112
2016-01-08,1.010129499386881,1.0096244346371877,1.009119369887494,1.0096715259033557,0.9213411950330336,0.9561755185599129
2016-01-11,1.0069236750520396,1.0064202132145135,1.0059167513769876,1.0064671550282331,0.9222533518575801,0.9554781631289989
2016-01-12,1.0114493066046484,1.010943581951346,1.0104378572980437,1.010990734745658,0.9296942415383352,0.9617805737213113
2016-01-13,1.0154085442742298,1.0149008400020925,1.0143931357299554,1.0149481773722586,0.9065070617547001,0.9492011680285422
2016-01-14,1.0133336678682399,1.0128270010343055,1.0123203342003713,1.0128742416757281,0.9213893637423513,0.9574573136246738
2016-01-15,1.0180477907423238,1.0175387668469524,1.017029742951581,1.0175862272562515,0.9016104903364541,0.9472495190264829
2016-01-19,1.0167280755164168,1.0162197114786584,1.0157113474409,1.0162671103641023,0.9028108754776948,0.9474650130466135
2016-01-20,1.021724521409343,1.021213659148638,1.0207027968879332,1.021261290963586,0.8912409779709304,0.9423689646865121
2016-01-21,1.0191792906223363,1.018669700977025,1.0181601113317136,1.0187172141357606,0.8962338868078115,0.9444160570399668
2016-01-22,1.0169166588297522,1.0164082005003372,1.0158997421709222,1.016455608177354,0.9146203970700519,0.9547337827324321
2016-01-25,1.0203098705837468,1.0197997156484548,1.019289560713163,1.0198472815137416,0.9007944096174727,0.9476365181031692
2016-01-26,1.02106512375569,1.020554591193812,1.0200440586319341,1.0206021922682758,0.9130839633202267,0.955419251974782
2016-01-27,1.0218189050578705,1.0213079956053415,1.0207970861528126,1.021355631820365,0.9031467498775662,0.9496595548948895
2016-01-28,1.0231385282919174,1.0226269590277715,1.0221153897636255,1.0226746567623615,0.9078512561890392,0.9530416325679105
2016-01-29,1.0286069844193428,1.0280926809271331,1.0275783774349234,1.028140633595891,0.9299823827506729,0.9686627326708044
2016-02-01,1.0262367221503674,1.0257236037892923,1.0252104854282171,1.0257714459587015,0.9296460728290178,0.9676226662992082
2016-02-02,1.0335062869079361,1.032989533764482,1.032472780621028,1.0330377148340117,0.9128920724221675,0.9598616757297416
2016-02-03,1.0323731311744409,1.0318569446088537,1.0313407580432663,1.0319050728517523,0.9183644907433044,0.9628629348399352
2016-02-04,1.034828117946627,1.0343107038876536,1.0337932898286801,1.0343589465796756,0.919804935491922,0.9646870827901765
2016-02-05,1.0361496730097373,1.035631598173232,1.0351135233367272,1.035679902474881,0.9022825875536239,0.9542107926940374
2016-02-08,1.043891523977386,1.0433695782153969,1.0428476324534084,1.0434182434346955,0.8901368431439683,0.9495129389033339
2016-02-09,1.0440799233070013,1.0435578833453472,1.043035843383694,1.0436065573476412,0.8901846634358588,0.9496136497953321
2016-02-10,1.0471955036270224,1.046671905875208,1.0461483081233949,1.0467207251228614,0.8894170127392653,0.9503031922598465
2016-02-11,1.0520110935228668,1.0514850879761046,1.0509590824293433,1.0515341317219293,0.8778471152325009,0.9448667972354783
2016-02-12,1.0439859076259144,1.0434639146721005,1.0429419217182878,1.0435125842914739,0.8959455713867606,0.9531858791339554
2016-02-16,1.0408703273058935,1.0403498921422396,1.0398294569785869,1.0403984165162536,0.9110678458774317,0.9614853573911828
2016-02-17,1.0383215088363407,1.0378023480819214,1.0372831873275035,1.0378507536324688,0.9259498865520127,0.9698472819645925
2016-02-18,1.0431357188542825,1.0426141509948543,1.0420925831354273,1.0426627809792446,0.9221572757520154,0.9692805897174471
2016-02-19,1.0431357188542825,1.0426141509948543,1.042092583135427,1.0426627809792446,0.9217252381422228,0.9690100430920037
2016-02-22,1.0420975907123362,1.041576541916979,1.0410554931216227,1.0416251235048333,0.9350711934844054,0.9769774899024255
2016-02-23,1.0441747669148305,1.0436526795313719,1.0431305921479146,1.043701357955184,0.9232614105789777,0.9703622912394096
2016-02-24,1.0441747669148305,1.0436526795313719,1.0431305921479146,1.043701357955184,0.9274861460931244,0.973007866325551
2016-02-25,1.047290715202292,1.0467670698446896,1.0462434244870886,1.0468158935310152,0.9387192981564496,0.9812125795278476
2016-02-26,1.0421921583445846,1.0416710622654108,1.0411499661862387,1.0417196482619173,0.93655954562927,0.9779450329853577
2016-02-29,1.043891523977387,1.0433695782153967,1.0428476324534082,1.0431573888738366,0.9292143836366523,0.9739837175376279
2016-03-01,1.0332992215590093,1.0325243763052412,1.0317497893762804,1.0324504480383425,0.9510571947772349,0.9846219532915322
2016-03-02,1.0330101418064377,1.032235513326349,1.0314611430987977,1.0321610678274131,0.9553296634789152,0.9866290814605774
2016-03-03,1.034870558012143,1.034094534452452,1.0333187696104025,1.0340197288516104,0.959073931360881,0.9894382955004218
2016-03-04,1.030589350968184,1.0298165377786253,1.0290439822364061,1.029742321607755,0.9621947062567792,0.9900854994068155
2016-03-07,1.0289495275088916,1.0281779439819492,1.0274066176923908,1.0281036894329179,0.9629627924751566,0.9897881703293542
2016-03-08,1.036252546172744,1.0354754862946811,1.0346986854797569,1.0354002222820202,0.952449209503464,0.9854241563755456
2016-03-09,1.0316258427583618,1.0308522523295216,1.0300789198071445,1.0307775236041863,0.9571540642323643,0.9868525803502979
2016-03-10,1.0278017769641679,1.0270310541066652,1.026260588199609,1.0269566509787078,0.9579222375550986,0.9859530756504934
2016-03-11,1.023007611987465,1.0222404841544241,1.0214736120732886,1.0221670933891178,0.9733802993412841,0.9945523319442945
2016-03-14,1.0243737517012343,1.0236055994341757,1.0228377032605571,1.0235318920975278,0.9721319196994394,0.9940525559175477
2016-03-15,1.0244716752160012,1.023703449518547,1.0229354799390138,1.0236296326845038,0.9705480140751508,0.9929881642874585
2016-03-16,1.0292721832605782,1.028500357782154,1.027728789621778,1.0284264034295274,0.9761645030024566,0.9985302032658822
2016-03-17,1.0311818549492424,1.0304085974557609,1.029635597757745,1.0303342282906116,0.9823571872500807,1.0028401221564132
2016-03-18,1.0330681620667839,1.0322934900787526,1.0315190763577635,1.0322189521499314,0.9862176523440352,1.0059346889466525
2016-03-21,1.0288926709349786,1.0281211300433597,1.0273498463749102,1.028047338641265,0.9876172451493074,1.0057146666442922
2016-03-22,1.0272017688848254,1.0264314959583813,1.0256614798323813,1.026357654285056,0.9870860827814614,1.0045668047168004
2016-03-23,1.0336436109133726,1.0328685074106374,1.0320936623188068,1.0327935875309082,0.9805720705615538,1.00225160046037
2016-03-24,1.0329631540724338,1.032188560827272,1.0314142258229009,1.032113561700348,0.9801375940297703,1.0015892776991453
2016-03-28,1.0344375692354604,1.0336618703632285,1.0328864301003908,1.0335867783119204,0.9807170122112909,1.0025195921192311
2016-03-29,1.042400267192384,1.0416185972920218,1.0408371879917282,1.0415425836171037,0.9897884083472298,1.010830931149588
2016-03-30,1.038581010330088,1.0378022043949655,1.0370236581050973,1.0377273245322491,0.994131257369215,1.0130241949124579
2016-03-31,1.043254592162282,1.0424722816249832,1.041690231901334,1.0416148942927412,0.9917188151029207,1.012927516474241
2016-04-01,1.0523739428737098,1.0507961053678239,1.0492197142841504,1.042965898008874,0.9984741934955571,1.0168713553684359
2016-04-04,1.0481083313984592,1.0465368893775782,1.0449668879160934,1.038786730349216,0.9952411410837271,1.015362163864493
2016-04-05,1.0414675484526912,1.0399060630413133,1.0383460090619905,1.0323065371852127,0.9853008789885781,1.0108691419730902
2016-04-06,1.0461441939696112,1.044575696804713,1.0430086374996275,1.0368768081118427,0.9960617512292629,1.016599044046271
2016-04-07,1.039373970788185,1.0378156243041654,1.0362587063747095,1.0302738388166117,0.9841430007734622,1.0113674483504853
2016-04-08,1.0442792903320257,1.0427135892406376,1.0411493234458682,1.0350557007092926,0.9867969834211991,1.0123745831596835
2016-04-11,1.0461461014704194,1.0445776014455814,1.0430105392831772,1.036848890147997,0.9844809656778968,1.0108786863217007
2016-04-12,1.0526845989445948,1.0511062956681496,1.0495294392408943,1.0432561919725774,0.9936489605455412,1.0148972078240066
2016-04-13,1.059856937924825,1.0582678810702202,1.056680280922737,1.0502988252702838,1.003685734268039,1.021354851021463
2016-04-14,1.0558527217107352,1.0542696684279282,1.0526880663486977,1.04633085287367,1.003734164290427,1.020431853085291
2016-04-15,1.0581696620146464,1.0565831349140629,1.0549980622015454,1.0486829912894973,1.0026239321584878,1.0209591742172792
2016-04-18,1.0613947271268407,1.0598033646455187,1.0582134609849132,1.0518536883513872,1.0096694551636685,1.0248834826605704
2016-04-19,1.0656746548261253,1.0640768753953036,1.0624805606676913,1.056024616812227,1.01285381624004,1.0261797742596375
2016-04-20,1.0573785341528987,1.0557931932002815,1.0542093055483748,1.0477720972565767,1.013819193826599,1.0247205372180945
2016-04-21,1.047082046781374,1.0455121434819443,1.0439436793313466,1.037572877256263,1.008366286881388,1.0207118296303823
2016-04-22,1.0475358747271621,1.0459652909977781,1.044396147040984,1.0380514016440918,1.008366286881388,1.0202720389213138
2016-04-25,1.0464286686010724,1.0448597449197772,1.0432922594892862,1.0369769187255966,1.0066291646934653,1.0187652815012682
2016-04-26,1.0495502387001858,1.0479766348095285,1.0464044734600788,1.0400183931301146,1.0081252691260865,1.018841447385808
2016-04-27,1.0541118394696989,1.0525313963135603,1.0509524019682643,1.0445418177894787,1.0102000949053733,1.0223143561492214
2016-04-28,1.0494047084404001,1.0478313227450944,1.0462593793909736,1.0399277436621455,1.0010317516203018,1.0180758143011093
2016-04-29,1.0450897519725413,1.0435228357458093,1.0419573559296242,1.0354020894764613,0.9956273618018358,1.0146100007660515
2016-05-02,1.0482710026736668,1.0464276493614741,1.044586551936272,1.0381188063050677,1.0035409668270154,1.0182715117729486
2016-05-03,1.0512180400277433,1.0493695044382065,1.0475232310777065,1.0410186571685387,0.9948069258650136,1.0153488590003854
2016-05-04,1.0554848949205622,1.0536288561938794,1.0517750888785367,1.0452349844498625,0.9892576815011676,1.0127027342555952
2016-05-05,1.0586815830302991,1.0568199230228597,1.054960541306057,1.0483950170548753,0.9890649195595403,1.013696599546075
2016-05-06,1.0608425597654882,1.0589770997448726,1.0571139226653319,1.0505425171530043,0.9926838442720524,1.0149421497672075
2016-05-09,1.0653919403266288,1.0635184803559006,1.061647313116548,1.0550461539935767,0.9935039317914472,1.0162208889339865
2016-05-10,1.0685639739613781,1.0666849360640525,1.0648081977243427,1.0581989322682217,1.0058571587790313,1.0236863891922063
2016-05-11,1.0621011242966314,1.0602334511278018,1.0583680636084876,1.0517846695280355,0.9964475364255874,1.0185732045723588
2016-05-12,1.0618092310078984,1.0599420711247165,1.0580771962628934,1.0515001143190115,0.996736984203277,1.0176383514711551
2016-05-13,1.060688344375973,1.058823155538523,1.0569602493102752,1.0503735900071298,0.9880512861593066,1.0138928952002841
2016-05-16,1.0625261379410325,1.060657717398378,1.058791583419871,1.0522102951919847,0.9977986992084716,1.018360407976299
2016-05-17,1.055133236987835,1.0532778166411452,1.0514246669490248,1.0448788259384016,0.9884858497954472,1.0121206244962464
2016-05-18,1.0451087608852827,1.043270968281018,1.0414354247585753,1.0349637972285106,0.988775297573137,1.0089998995546205
2016-05-19,1.0426733535259989,1.0408398435129826,1.039008577340774,1.032545026723562,0.9853493961153227,1.007316510119054
2016-05-20,1.0467471040780847,1.0449064304961497,1.043068009521764,1.0365846268828407,0.9915740476618972,1.0113750053070354
2016-05-23,1.0471810352463897,1.0453395986094296,1.0435004155138417,1.0370112987775622,0.9902227977746563,1.010809549898341
2016-05-24,1.052190260551118,1.0503400153407705,1.0484920344516853,1.0419880068778429,1.0030584086902712,1.0179769824679112
2016-05-25,1.052856339860907,1.051004923369947,1.0491557726336573,1.0426568624529289,1.0098622171052958,1.0219444452369126
2016-05-26,1.05561302108364,1.053756757050919,1.0519027647052666,1.0453826246718878,1.0101518390916993,1.0233807753028172
2016-05-27,1.0573003120975981,1.0554410810139225,1.0535841252483782,1.0470593073356453,1.0144946881136845,1.0252533417028575
2016-05-31,1.057702637624951,1.0558426990638279,1.0539850366866435,1.0474496940898743,1.0125645426710639,1.0245569256545644
2016-06-01,1.0594427369350778,1.0575767219180598,1.0557129974443722,1.049179324310052,1.0146395426590644,1.0256692457626682
2016-06-02,1.0643385423880765,1.0624639043033104,1.0605915673467363,1.054031471247434,1.0177277405255143,1.0288158285741014
2016-06-03,1.0708627368197934,1.0689766075572986,1.0670927935284775,1.0605169055923993,1.0146877113683819,1.030767020016197
2016-06-06,1.067451482418174,1.0655713614577027,1.0636935483556829,1.057129235397125,1.0198510834315462,1.0328285343150767
2016-06-07,1.0705197562652904,1.068634231100443,1.0667510204277368,1.0601644465191926,1.0214435252828022,1.0343938271640556
2016-06-08,1.0748564644193754,1.0729633009346284,1.0710724613181006,1.064457773123114,1.024773176426338,1.0369046195356746
2016-06-09,1.0772429298424213,1.075345563034397,1.073450525254194,1.066830353139193,1.0233734965167087,1.0366863578765648
2016-06-10,1.0756868196121039,1.0737921936082373,1.0718998932678399,1.06531260568455,1.013674426385575,1.0322373047325564
2016-06-13,1.0754459080315708,1.0735517063494835,1.071659829810008,1.0650890283734833,1.0058571587790306,1.0283002381594235
2016-06-14,1.0739548154544876,1.0720632400598282,1.0701739865839988,1.0636156967043873,1.0038788446270925,1.0269845867223244
2016-06-15,1.07799738006969,1.0760986844352896,1.0742023194598507,1.0676183355673154,1.0024795131348907,1.0273999187008642
2016-06-16,1.0819297967877617,1.080024174919037,1.0781208922112635,1.071511741835331,1.0054710251652783,1.0296676056870773
2016-06-17,1.077867860471478,1.0759693929622103,1.07407325583188,1.0674833205333012,1.0017264959702419,1.0259726924339423
2016-06-20,1.0758475773076155,1.0739526681584088,1.0720600850202342,1.065456763914293,1.0081776188445304,1.028109625104613
2016-06-21,1.0757775284805051,1.0738827427095226,1.0719902827981245,1.065372718100345,1.011039432487623,1.0289196002160945
2016-06-22,1.075904195661491,1.0740091867893877,1.0721165040507268,1.0655048696078666,1.0093903728044382,1.0287358182655795
2016-06-23,1.0763519450403123,1.0744561475393992,1.0725626771399743,1.0659110444336735,1.022535291291096,1.0347600056394632
2016-06-24,1.0751668274888844,1.0732731173562367,1.0713817317628214,1.064828631577468,0.9858167980939802,1.0181167709828536
2016-06-27,1.0799309795265921,1.0780288782096588,1.0761291117321812,1.0696046806733102,0.968161180489758,1.0109873101110822
2016-06-28,1.0907769057068857,1.088855701270529,1.0869368551228085,1.080309993484609,0.9856230780044277,1.0215395003161125
2016-06-29,1.0952628611707615,1.093333755542609,1.0914070179018474,1.0847095598969836,1.0024055615359557,1.0300385106011165
2016-06-30,1.1033957404962624,1.1014523102855498,1.099511265645729,1.0924697602623317,1.0160841684168074,1.039294175103623
2016-07-01,1.1112472976400665,1.1090084251783672,1.1067729478137085,1.1007500234823913,1.0182182251587273,1.041723715880451
2016-07-05,1.1109100737701199,1.1086718807262579,1.106437081749146,1.1004698345298383,1.010893881107388,1.0394996247528012
2016-07-06,1.111747888301478,1.1095080072806138,1.1072715228862013,1.1013009965297,1.0169573024895016,1.0433010765317787
2016-07-07,1.100265923939377,1.0980491760715663,1.0958357897503619,1.0899704523033307,1.016326666946175,1.042361829852255
2016-07-08,1.1107485801823473,1.1085107125057974,1.1062762384026004,1.100344385986876,1.0314603521075887,1.0524755037593108
2016-07-11,1.107425379205094,1.1051942069087433,1.1029664180326584,1.0970323999783376,1.0350979171524586,1.0525059533867713
2016-07-12,1.1061081678895606,1.103879649429261,1.1016545103648667,1.0956686659487325,1.042616503919491,1.0546657480972832
2016-07-13,1.1083705520246383,1.106137475452433,1.1039077851881978,1.0979465003185578,1.0424708654348995,1.0556424423744792
2016-07-14,1.1015646631966372,1.0993452987091377,1.0971292997361692,1.0911740792505604,1.0482913527658615,1.057493199940856
2016-07-15,1.0968434294220992,1.0946335769849826,1.092427075638023,1.0864835085119782,1.0468847916120445,1.0550478539426644
2016-07-18,1.0963312524617344,1.0941224319271425,1.091916960917898,1.085975583309873,1.0496981752327494,1.0566673922456753
2016-07-19,1.0984232848438957,1.0962102494115946,1.094000569896245,1.088062650656505,1.0486310597574329,1.0571139527896987
2016-07-20,1.0943761325182748,1.0921712510386623,1.0899697131110893,1.0840494544340922,1.0529964688078326,1.0589526832672693
2016-07-21,1.095015138280006,1.0928089693710283,1.0906061459663887,1.0846890495578774,1.0490191967713915,1.0574261543160661
2016-07-22,1.0971419942540468,1.0949315402869364,1.092724438322162,1.086795598044019,1.0537243128133622,1.0599879635189127
2016-07-25,1.093401027025116,1.091198110127861,1.0889985338034909,1.0831016859995903,1.0508622378571988,1.0578976935094386
2016-07-26,1.0913606563183005,1.0891618502340004,1.0869663784888182,1.0810934971389818,1.0513471478115772,1.058453078525279
2016-07-27,1.091248024554514,1.0890494453937394,1.0868542002279682,1.081027399284862,1.0502315152095156,1.059531695912556
2016-07-28,1.0927261666312684,1.090524609401078,1.0883263906819303,1.082482018298787,1.0514442691694237,1.0604975249557136
2016-07-29,1.1020312823247826,1.0998109777218668,1.0975940400591027,1.0911518460380298,1.053142020188067,1.063122291812734
2016-08-01,1.095891177510444,1.0931364019898941,1.0903871792358866,1.0884824513530353,1.0522689732197297,1.0611401840690782
2016-08-02,1.0828904263359098,1.0801683312053654,1.0774517229679097,1.0755690088920367,1.0455264862719016,1.0560432022285298
2016-08-03,1.0845733636658286,1.0818470380837082,1.0791262079219448,1.0772490775920696,1.0485824555263308,1.0581180067410194
2016-08-04,1.0872727880479918,1.0845396768393785,1.0818120747288242,1.0799195405965851,1.049698175232749,1.0598119152171357
2016-08-05,1.0917134441161545,1.0889691702931477,1.086230428068542,1.08438189735089,1.058283441953314,1.0623627890034015
2016-08-08,1.094525554213149,1.0917742115020852,1.089028414638092,1.087179595890539,1.0576529806187012,1.0617551636964213
2016-08-09,1.1008278660170692,1.098060680990056,1.0952990737432713,1.093427191481129,1.0582834419533138,1.063646141313393
2016-08-10,1.0996754207148798,1.096911132625238,1.0941524164765046,1.092267185536355,1.0556643881526588,1.0631939537467898
2016-08-11,1.099102776421898,1.0963399278059125,1.0935826482293065,1.091737790301705,1.0605630500754681,1.0641191449801815
2016-08-12,1.1017390835772367,1.098969607994482,1.0962057148090005,1.0943334930690738,1.0596415730847428,1.0650712262179238
2016-08-15,1.1045645288889976,1.1017879508970445,1.099016969618602,1.0971841317008242,1.0626975423391718,1.065674457303571
2016-08-16,1.0970886284567192,1.0943308428667193,1.091578616110621,1.0897492362583823,1.0572164135823536,1.0616418439057063
2016-08-17,1.097158500611486,1.0944005393816914,1.091648137339833,1.0897946047271652,1.059204918944039,1.0635240849426761
2016-08-18,1.1012878509760433,1.098519509670623,1.0957567484761277,1.0939101537957134,1.0615817355283965,1.065716446778676
2016-08-19,1.0965792728224548,1.093822767615454,1.0910718186615027,1.0892370240620672,1.060029535889988,1.0633434048074635
2016-08-22,1.0971561056773533,1.0943981504677787,1.0916457544340052,1.0897760846538256,1.0599814542850274,1.0642578335635833
2016-08-23,1.0984107647042103,1.0956496556194655,1.092894112067749,1.0910208539172657,1.0621152497138768,1.0655109071136522
2016-08-24,1.0950774311152143,1.0923247011341262,1.089577519796412,1.0877108418839974,1.0566829865012306,1.0620741182065259
2016-08-25,1.095994756099341,1.0932397202100912,1.0904902376122054,1.0886346583776885,1.0559552296000576,1.0609545334502979
2016-08-26,1.0888131473528146,1.0860761640954126,1.083344697740911,1.0815001821150558,1.0539663758209452,1.058128606458609
2016-08-29,1.0985838262435519,1.0958222821286672,1.093066304423696,1.0911900924168576,1.0591564889216512,1.0630042425088544
2016-08-30,1.0967856703125287,1.0940286462777784,1.0912771795418725,1.0894109677600559,1.0574103078806196,1.061910233043681
2016-08-31,1.0927666717583895,1.0900197504045086,1.0872783659856247,1.085386556050865,1.054402942857292,1.059600596170668
2016-09-01,1.094688305393978,1.0919273843658772,1.0891720561303322,1.0872929152301836,1.0544514599840369,1.0602993261715117
2016-09-02,1.101913797248824,1.0991346527572021,1.0963611379733718,1.094502666530206,1.0592049189440391,1.0620596225094674
2016-09-06,1.1122523493965646,1.109447129970293,1.1066475930717594,1.1047768196436936,1.0624063524743461,1.0659659257567604
2016-09-07,1.114540548011046,1.111729557503052,1.108924261213265,1.1070556740249033,1.0623096666382836,1.0661355735828864
2016-09-08,1.1063945598462377,1.1036041143919435,1.1008193215377797,1.0989758158699583,1.0598841587184673,1.0625829290654636
2016-09-09,1.0728440065732932,1.0701381792039637,1.0674378330240684,1.0656194702710202,1.034516060048947,1.0452866918549855
2016-09-12,1.0817121890683683,1.0789839951939697,1.0762613278167927,1.0744445721750595,1.0493585553455345,1.0546072249399114
2016-09-13,1.0598166868843781,1.0571437158091113,1.0544761593663452,1.0526766813625512,1.0342734744152222,1.0439616249110084
2016-09-14,1.061908609816025,1.0592303626873074,1.0565575408787824,1.054755657031701,1.0338855116099768,1.0446787345716904
2016-09-15,1.0695675280658339,1.0668699643258541,1.0641778650356903,1.062387643251113,1.0442172206846434,1.0510161003756202
2016-09-16,1.0695532469708462,1.0668557192493158,1.064163655904639,1.0623561165267927,1.0401805434768558,1.049041024901081
2016-09-19,1.0750188169222443,1.072307504448529,1.0696016842754141,1.0678030338932365,1.0403755701317603,1.048436063184278
2016-09-20,1.0745419250254882,1.0718318153241595,1.0691271954869777,1.0673210113459946,1.040424087258505,1.049111676619779
2016-09-21,1.0916846413636712,1.0889312958976196,1.0861835278783227,1.0843656622622082,1.0521242928830619,1.0568439599652297
2016-09-22,1.1045466720440178,1.1017608871604676,1.0989807454361396,1.0971497541541932,1.0587543281062444,1.0620923988607058
2016-09-23,1.09949779587029,1.096724744792635,1.0939573110793548,1.0921268995944104,1.0529530037337813,1.0587880111810029
2016-09-26,1.095011794500801,1.092250057598562,1.0894939151415939,1.0876483420481278,1.044421915923154,1.0548664809732096
2016-09-27,1.0991645808243136,1.0963923701506555,1.0936257751389673,1.0917652187523301,1.05090535451382,1.0594943547256042
2016-09-28,1.105440538440388,1.1026524991301505,1.0998701075459225,1.09801642749641,1.0561217731302832,1.0624464953022899
2016-09-29,1.0935251715789083,1.0907671840987336,1.0880147834686327,1.0861516105382656,1.0465667736053184,1.0569571866947765
2016-09-30,1.0934222469008223,1.0906645190076978,1.0879123774388022,1.0857918225251884,1.0544646998462717,1.0606494618503393
2016-10-03,1.0901587277399998,1.0871298321397656,1.0841079162383178,1.0811016970402125,1.0519292662281572,1.058134053651435
2016-10-04,1.0806874596263967,1.0776848789852487,1.074689217403462,1.0717135712302497,1.0465667736053184,1.0529605590636693
2016-10-05,1.0820524454839062,1.0790460723678157,1.0760466270503555,1.0731169950531259,1.051197763839641,1.0548094149288014
2016-10-06,1.0822690814013824,1.0792621063843388,1.0762620605529285,1.073332568996317,1.051929266228157,1.054378824582995
2016-10-07,1.0774704439602756,1.0744768014712964,1.0714900574448616,1.06856990212971,1.0483214908733172,1.0528066608094895
2016-10-10,1.0867270195705157,1.083707658623824,1.0806952554045415,1.0777557933117536,1.0537816274801437,1.0550046890165672
2016-10-11,1.0693327971332345,1.0663617642716823,1.0633975777717077,1.060486940659943,1.0404729528026773,1.0468524746313383
2016-10-12,1.0719404417497056,1.0689621638117213,1.0659907489306575,1.0630542022594203,1.0418381393870084,1.0476770361971652
2016-10-13,1.0684917914133027,1.0655230952009562,1.0625612399656805,1.0596107255417155,1.0384256520001434,1.0464882603910617
2016-10-14,1.0668128924683657,1.063848860906678,1.060891659572976,1.0579547182176294,1.0389616922119709,1.0455226246230827
2016-10-17,1.0658489238274993,1.0628875705550376,1.05993304133879,1.0569936124034147,1.035354352378915,1.0442539745143127
2016-10-18,1.075460854354532,1.0724727953067166,1.069491621855126,1.066540742969117,1.0418381393870084,1.0490045796945213
2016-10-19,1.0795495585271515,1.076550139428947,1.0735576321047366,1.0706009074466603,1.044616681264988,1.0508723827713904
2016-10-20,1.0768472600711065,1.0738553490354399,1.070870332472407,1.0679202260826695,1.0426669373420845,1.049315507391776
2016-10-21,1.075785181395115,1.0727962212374689,1.0698141487525394,1.0668721420747005,1.0431543733228104,1.0500649733505898
2016-10-24,1.0803995055392368,1.0773977249493523,1.0744028615752148,1.0714510207541599,1.0475904240065856,1.052175552481454
2016-10-25,1.077298074325216,1.0743049107478084,1.071318644529355,1.0683792212524468,1.0440804668444466,1.049979863929486
2016-10-26,1.067741562655564,1.0647749508778286,1.0618151752738534,1.0589068524404528,1.0419843004977403,1.0478033505197215
2016-10-27,1.0548194581855637,1.0518887491661872,1.0489647935873005,1.0461184357513675,1.0392053230979768,1.044683480474735
2016-10-28,1.052807411724492,1.0498822929724025,1.046963914778754,1.044113971410804,1.0361341976854619,1.0429045411005076
2016-10-31,1.059540230713954,1.0565964055062855,1.0536593639636693,1.0505089190784855,1.0361828890209204,1.0432751985504343
2016-11-01,1.049028233745803,1.0458486126133102,1.0426771811080937,1.0443270217477751,1.0286751902984896,1.0387673900257914
2016-11-02,1.038433203863185,1.0352856964334796,1.0321462959170271,1.033779825045499,1.0224843352423585,1.0362909517898402
2016-11-03,1.0340727269258034,1.0309384361705134,1.0278122182867986,1.0294385785209597,1.0178040439420792,1.0332019876199074
2016-11-04,1.0310035634214807,1.0278785753492106,1.0247616361879546,1.0263679159306274,1.0166830108698952,1.0338208331671621
2016-11-07,1.0537536467186366,1.0505597027848457,1.0473739853690167,1.0489795589086979,1.0391078533227023,1.0455912132732113
2016-11-08,1.056941482234553,1.0537378759210023,1.0505425210124315,1.0521426713125572,1.0437877962055542,1.0469280398249874
2016-11-09,1.0610738584049906,1.057857726794049,1.054649878849012,1.0562422034857577,1.054854317634296,1.0472422493247648
2016-11-10,1.0560932299556414,1.0528921947081353,1.0496994042434138,1.0512546670715472,1.0574867855059,1.0463545728138395
2016-11-11,1.0521316116954478,1.0489425841754114,1.0457617705103202,1.0472597668861887,1.055049431393557,1.0440472434766226
2016-11-14,1.0548649356005166,1.0516676233325861,1.0484785462583055,1.049970661341336,1.0558780551399196,1.042186236174141
2016-11-15,1.0672811081415083,1.064046162258651,1.0608195485008916,1.0623499496061877,1.0641167336247257,1.0471540043397791
2016-11-16,1.0621291921485396,1.0589098618043655,1.05569882336495,1.0572061646690154,1.0621182112620071,1.0463296099848218
2016-11-17,1.0657269519603565,1.0624967167494122,1.0592748015304703,1.0607787388830636,1.0675779123470495,1.0478322355984893
2016-11-18,1.0671754514492933,1.0639408258135374,1.0607145314780315,1.062230440058097,1.065189249570165,1.0446022622816404
2016-11-21,1.080380780677825,1.0771061294807676,1.073839912676252,1.0754170403460115,1.0732329885044232,1.0497951791455273
2016-11-22,1.0872144510497492,1.0839190868899438,1.0806322104722579,1.0822047417875968,1.0753293290598431,1.0514400199948761
2016-11-23,1.0875690652565844,1.0842726262555211,1.080984677765005,1.0825613373392602,1.07591458323327,1.0503459562435047
2016-11-25,1.0883745296539789,1.085075649277615,1.0817852656999545,1.0833382731242478,1.079911715063064,1.052413457974485
2016-11-28,1.0856927551944662,1.0824020033188135,1.079119727305599,1.0806953391132723,1.0748416317660465,1.05118396778707
2016-11-29,1.080560323308934,1.0772851279153277,1.07401836831593,1.0755420079110867,1.076938059425823,1.0528669178742132
2016-11-30,1.086396758102905,1.0831038723833262,1.079819468022245,1.0813899212147295,1.0743542828896775,1.04860560380434
2016-12-01,1.0855360807277412,1.082221393936368,1.0789153298248502,1.0804756540004175,1.070405581082271,1.0447988880886439
2016-12-02,1.0882742063071487,1.0849511586433436,1.081636755408998,1.0832207577415813,1.0709417083984554,1.0469948980684103
2016-12-05,1.0984578113144428,1.0951036679905248,1.091758249986944,1.0933544401029376,1.077376978279804,1.0505942500621048
2016-12-06,1.1026904365389565,1.099323368884679,1.095965060171521,1.097546381671644,1.0807892043535985,1.0527479028241755
2016-12-07,1.1111617391272794,1.1077688043320624,1.104384695767603,1.1059147367121316,1.0949265898817844,1.0624089284787446
2016-12-08,1.118250444086021,1.1148358639147433,1.111430166281549,1.112969123475117,1.0976079232975604,1.0623731945126105
2016-12-09,1.1205481765463812,1.1171265802440216,1.113713884731199,1.1152762219735268,1.1042380456250993,1.0640832904980244
2016-12-12,1.117194575456227,1.1137832193821144,1.1103807374590615,1.111967428297046,1.1029705030247559,1.0634231279043669
2016-12-13,1.122925670861758,1.1194968148753182,1.1160768785634372,1.117651895356376,1.1103318664277408,1.0679637539476587
2016-12-14,1.1060096295316886,1.1026324267143646,1.099264009203326,1.1008529720361002,1.1011670073169417,1.059124634750577
2016-12-15,1.1092476174595052,1.1058605274389774,1.102482248444869,1.1040663644734698,1.1057006148803474,1.0606115098783964
2016-12-16,1.1084779839413295,1.1050932439984291,1.10171730896856,1.1033242868885627,1.1035383363268203,1.0598691258465347
2016-12-19,1.1074485168739145,1.104066920410951,1.1006941206837089,1.1022971228639686,1.105940848696438,1.0631954012883336
2016-12-20,1.112335085709178,1.1089385680976125,1.1055508860369856,1.1071571489344496,1.1102073943018549,1.064806859732051
2016-12-21,1.1075981218591109,1.1042160685769986,1.100842813218957,1.1024424293498059,1.107117715661339,1.0636827219161185
2016-12-22,1.1011551000688844,1.0977927205678686,1.0944390878124182,1.0960491392623735,1.1052054266118652,1.0623847214087376
2016-12-23,1.1047778050663015,1.1014043636276707,1.0980396977106412,1.0996450702890044,1.1068238255614518,1.063731563101632
2016-12-27,1.1127809451340422,1.10938306608975,1.1059940261379675,1.1076461129021629,1.1095697033056267,1.0647341583970913
2016-12-28,1.1090957168691895,1.1057090906774458,1.1023312743055382,1.1039640326331368,1.1003999663508461,1.0609016480081825
2016-12-29,1.114374585763344,1.1109718405339124,1.1075779470556697,1.1091930790385314,1.1001546804820608,1.0620423071084155
2016-12-30,1.1108170758635787,1.1074251934983892,1.1040421346262133,1.1056652934915743,1.096133507849786,1.0609369200325178
2017-01-03,1.116033022610319,1.1126201019407684,1.1092160774252748,1.1108697194201158,1.1045188700714652,1.065649367404879
2017-01-04,1.1249239399250168,1.1214838300998948,1.1180526873003618,1.1197708981411791,1.1110899356450852,1.0699376812135362
2017-01-05,1.1253448342028676,1.1219034372484658,1.1184710106746973,1.1201681072722292,1.1102073943018553,1.0721989974016168
2017-01-06,1.1241459689083424,1.1207082381825029,1.1172794682808673,1.118960612649717,1.1141792658681735,1.0725386847761953
2017-01-09,1.1169044474290235,1.1134888618707863,1.1100821794129325,1.111812893427973,1.1105017199235263,1.0720432384669707
2017-01-10,1.1197174944824324,1.1162933063952034,1.112878043831798,1.1146756551230446,1.1105017199235263,1.0718392070531075
2017-01-11,1.1281536750169154,1.1247036883965476,1.1212626945467241,1.1230329923698181,1.1136398285864302,1.0741427205469785
2017-01-12,1.1303319902777107,1.1268753421903184,1.1234277042373189,1.1251182917138236,1.1108446497762992,1.072771386614123
2017-01-13,1.1324128326732918,1.1289498211989046,1.12549583644578,1.127213320098048,1.1133948911350717,1.0733081277118162
2017-01-17,1.1276515064148263,1.1242030554672988,1.120763593287415,1.1224340013816712,1.1094717109042116,1.0732005058793275
2017-01-18,1.124645295726425,1.1212060380181545,1.1177757451143358,1.11949579947331,1.1119236114441422,1.0715609107715756
2017-01-19,1.1200016071896057,1.1165765502623777,1.1131604211236996,1.1148538362757074,1.1078044464104528,1.0675489580847155
2017-01-20,1.1256925446582948,1.1222500843767553,1.1188165972475275,1.1204867421590643,1.1118748330043267,1.0701060919567489
2017-01-23,1.1284800943554336,1.1250291095179124,1.121587120052898,1.123272525236965,1.1089811391666402,1.0706747203549232
2017-01-24,1.1367636396883574,1.1332873230886829,1.1298200678915467,1.1315635886740936,1.1160917291263601,1.0731555646547772
2017-01-25,1.143570483260802,1.1400733507742746,1.1365853339491898,1.138420954619908,1.1257522120274257,1.0766210045670919
2017-01-26,1.1415456349420667,1.1380546946080472,1.1345728537949418,1.1363731960342167,1.1245752579581678,1.0765113080532545
2017-01-27,1.1384106133945548,1.1349292602139818,1.13145698156435,1.133281937140311,1.122809652645567,1.0760204625010976
2017-01-30,1.1297238163897618,1.1262690281480834,1.1228232451929037,1.1246126006644337,1.115846356153218,1.0718721949345047
2017-01-31,1.1336437113367057,1.130176935734245,1.1267191966646608,1.1284942250925551,1.115748015334376,1.073282925672729
2017-02-01,1.1365317489994333,1.1330454840733695,1.1295683439137278,1.1313787103319142,1.1161896344234181,1.0727172587531382
2017-02-02,1.137552829265371,1.134063432217111,1.130583168133125,1.132392277823016,1.116925404925418,1.0733053750656787
2017-02-03,1.145069518625058,1.1415570644378332,1.138053803563425,1.1398824212987135,1.1246243848154103,1.0780714474450974
2017-02-06,1.1399105012076243,1.1364138720965502,1.1329263948785704,1.1347408132257712,1.1226137549470947,1.0789629298309604
2017-02-07,1.1362396865060007,1.13275431746976,1.1292780708550862,1.1310818086502266,1.1226626204912666,1.0797702928229507
2017-02-08,1.1388473045396472,1.13535393674112,1.1318697122996997,1.133674963126494,1.124133900182196,1.082381575098071
2017-02-09,1.1466296559448403,1.143112416099826,1.1396043820933572,1.141429629057214,1.1308029581572308,1.083642407571593
2017-02-10,1.15613749381511,1.1525910890640394,1.149053966486205,1.1508987498594756,1.1352653143567637,1.0859276081324776
2017-02-13,1.1556690136264545,1.152124045919313,1.1485883566241644,1.1504283081919702,1.1414441490116545,1.088833150590089
2017-02-14,1.159249257775653,1.1556933078151648,1.152146665011042,1.1539915065577175,1.1460044976126018,1.0899036287228863
2017-02-15,1.1645311511971088,1.1609589992433242,1.15739619685215,1.1592499395823008,1.151986911942879,1.0925320344385046
2017-02-16,1.160921437265727,1.1573603579626477,1.153808599241205,1.15565422617374,1.1510062039895208,1.0936890611948968
2017-02-17,1.1593231039129994,1.1557669274324878,1.1522200587012228,1.1540603738399278,1.1528206748462937,1.0958829676777395
2017-02-21,1.1667020510137294,1.1631232399130311,1.159553795804244,1.1614076183486413,1.1596858918328712,1.0996355743607937
2017-02-22,1.1650669242750258,1.1614931288591104,1.1579286873073165,1.1597763778468213,1.1586561441266274,1.0997390719551954
2017-02-23,1.1637739750656206,1.1602041457188308,1.1566436598555818,1.158482601272849,1.1594407801727995,1.1013394620612431
2017-02-24,1.1606142131592998,1.1570540762536745,1.1535032574631043,1.1553344571597945,1.1609117985506583,1.1041968558057336
2017-02-27,1.1621621251553942,1.1585972400926625,1.1550416855725627,1.1568829680350057,1.1627263565117878,1.1036844426811083
2017-02-28,1.1547017173243121,1.151159716759245,1.1476269868401294,1.1494374971751222,1.1595878994314566,1.1016704112348146
2017-03-01,1.169518683543661,1.1659238445003353,1.1623384404080246,1.1641804216406733,1.1758192736974282,1.1079361152196003
2017-03-02,1.154761310550876,1.151211832373826,1.1476716700944634,1.1494940513232559,1.168414706533464,1.1024762208449337
2017-03-03,1.1584590884877894,1.1548982441678226,1.1513467455769206,1.1531676917510603,1.1691501286180368,1.1033146295639182
2017-03-06,1.1557629989106089,1.1522104417674206,1.1486672086029195,1.1504755778113795,1.165668567476219,1.101257566638853
2017-03-07,1.1518051525675612,1.1482647609594445,1.1447336614005668,1.1465329851897712,1.162187006334401,1.0986526081622343
2017-03-08,1.1400747609228254,1.1365704259168574,1.1330752883266075,1.1348717870747043,1.1600290829987145,1.095954395005302
2017-03-09,1.1343352442059962,1.1308485511916218,1.127371009290106,1.1291635842572547,1.1615004497940007,1.0955651354022273
2017-03-10,1.1376001270616074,1.134103398527043,1.1306158474443861,1.1324243393015652,1.1655706621791613,1.09879881051098
2017-03-13,1.1417684358195823,1.1382588948355217,1.134758564930697,1.1365767412965082,1.1661589650050768,1.0980356742415114
2017-03-14,1.1367855038680814,1.1332912793031438,1.1298062256182393,1.131614879017695,1.161696260388117,1.0959711288228897
2017-03-15,1.1538012486873703,1.1502547215259131,1.1467175025169594,1.1485585099561815,1.1717491484166251,1.105503625907662
2017-03-16,1.1552584953624587,1.1517074889504197,1.1481658024470465,1.1500107245501499,1.1694441058222813,1.1029748603900187
2017-03-17,1.1556988182579309,1.1521464583917242,1.1486034219864354,1.1504534910012074,1.1673907077147703,1.102992193121738
2017-03-20,1.1577947521765082,1.1542359498778816,1.1506864879488667,1.1525321957105588,1.1661103607739751,1.1033211156398968
2017-03-21,1.1410910756044939,1.137583616674343,1.134085363358906,1.135877874911415,1.1511377315683087,1.0963143012740015
2017-03-22,1.143104028420031,1.1395903821228242,1.1360859576795856,1.1378813951043816,1.1538464157521242,1.0986922495018057
2017-03-23,1.1436563522501575,1.1401410082329426,1.1366348905255017,1.1384413417114068,1.152615456981642,1.097531037985786
2017-03-24,1.1459291894176693,1.1424068592069851,1.1388937736419151,1.1406992944423946,1.1517782970083117,1.0973095868229634
2017-03-27,1.1449837890055026,1.1414643647443865,1.1379541775019806,1.1397622315717342,1.1505961166776448,1.09773658735242
2017-03-28,1.1510289342365383,1.1474909285500847,1.1439622086508219,1.1457847662048914,1.1589684132458018,1.100961513632046
2017-03-29,1.1554504904741174,1.1518988939120167,1.1483566188074787,1.1501806509650356,1.1600522527576267,1.1028405522387112
2017-03-30,1.1576869093513475,1.1541284385374626,1.15057930722318,1.1524140828216898,1.1637460872169978,1.1036682810040699
2017-03-31,1.1566931661922852,1.1531377499227675,1.149591665135949,1.1511353561252518,1.1610373159288254,1.1030190154727042
2017-04-03,1.1551691716033778,1.1513287996609367,1.1474995282866565,1.1487910574762257,1.159018062729185,1.1040383411558181
2017-04-04,1.1550708651145687,1.1512308199930736,1.1474018744950656,1.1486928707855837,1.159756620570603,1.1038321705957892
2017-04-05,1.1485589486771735,1.1447405524896983,1.140933193349618,1.142213494551253,1.156309117232299,1.1027025054944704
2017-04-06,1.151528395082762,1.1477001269397835,1.1438829243790185,1.145170556925966,1.159559938932919,1.104263672430938
2017-04-07,1.1504077172650307,1.1465831748271296,1.1427696872023174,1.1440557465835683,1.1583775843935387,1.1022508930395123
2017-04-10,1.149710235294295,1.14588801164247,1.1420768361012992,1.1433622657837388,1.1590671024820707,1.1034389810629548
2017-04-11,1.1523253894579815,1.1484944716989016,1.144674627180732,1.1459633725193712,1.157688153409363,1.1047018795287509
2017-04-12,1.1483139219564849,1.1444963403628945,1.1406897934621214,1.141969706388988,1.1526154569816411,1.1031896436828976
2017-04-13,1.1405632918424076,1.136771477299357,1.1329906229696445,1.134260856703132,1.1451292730353433,1.1002588123141384
2017-04-17,1.1511693745000215,1.14734229992471,1.1435262874816126,1.1448131822645362,1.1552748400995008,1.1053333300667048
2017-04-18,1.145400793700188,1.141592896831827,1.137796006662653,1.139074940149766,1.1518273367611969,1.1059187031878863
2017-04-19,1.1429344950318425,1.1391347973990917,1.1353460827656945,1.136625356377068,1.1497097427427148,1.1035401087331624
2017-04-20,1.154705807893333,1.1508669764083723,1.1470392410388905,1.1483368401346794,1.1590671024820705,1.107872145600228
2017-04-21,1.1533195901701176,1.1494853671804155,1.1456622269853693,1.1469572432000084,1.1553731809183425,1.1059748386723485
2017-04-24,1.1715033430239152,1.1676086679584612,1.1637252504239641,1.1650312419782907,1.1680800515945877,1.1123008413016116
2017-04-25,1.180697753439683,1.1767725114610392,1.1728586153668004,1.174177825733913,1.1748766303479965,1.113876000854508
2017-04-26,1.1800868574454866,1.1761636463969383,1.1722517753624055,1.1735744118189033,1.1741378111935081,1.1146256396794807
2017-04-27,1.1801614960964124,1.1762380369108916,1.1723259184566248,1.173646751086656,1.17512278726035,1.1154804054855532
2017-04-28,1.175667049633697,1.1717585322822526,1.1678613124727957,1.1691677460530903,1.1725617449613326,1.114480151151419
2017-05-01,1.1809815226976887,1.177051998096853,1.1731338443195625,1.1744550802734814,1.1755170215792858,1.1151997659193191
2017-05-02,1.1832398875338062,1.1793028485900185,1.1753772022139506,1.176701074169462,1.1759602085467507,1.1163756737601525
2017-05-03,1.1784868494285998,1.174565625448725,1.1706557482729767,1.1719719987627661,1.1745317841993734,1.1146387235663842
2017-05-04,1.1779447256427364,1.17402530549189,1.17011722692545,1.1714275898180637,1.175911081689508,1.114416946241838
2017-05-05,1.1867238456488862,1.1827752143991574,1.178838009261681,1.1801586234174903,1.1805405040454082,1.1171370871519333
2017-05-08,1.183117496664431,1.1791808649564233,1.1752556246377217,1.1765726804067753,1.180343561094654,1.1159334798755611
2017-05-09,1.1857195164601302,1.181774226952993,1.1778403538881432,1.1791644553137692,1.1792600700002562,1.114812798623416
2017-05-10,1.1905076367685048,1.18654641556711,1.1825966569093767,1.1839283215062288,1.181377838227452,1.1158509166506732
2017-05-11,1.1877751310811369,1.1838230018495264,1.1798823088522414,1.1812112842060598,1.178964699126303,1.1148125228236037
2017-05-12,1.1886445664246843,1.184689544287888,1.1807459667565863,1.1820757032485179,1.1769946598882621,1.1159572440336878
2017-05-15,1.1971354237269405,1.1931521496386868,1.189180401908299,1.1905214547614862,1.1834950838285068,1.119365118466442
2017-05-16,1.199198471808939,1.1952083332625754,1.1912297409376875,1.192572639534105,1.1824120282558932,1.1193359834703112
2017-05-17,1.1773728768607516,1.1734553594440402,1.169549178105814,1.170865071901993,1.1614312018303328,1.1109562744184442
2017-05-18,1.175104522502931,1.1711945526676857,1.1672958970705694,1.168603725228476,1.1661103607739731,1.1134950343446237
2017-05-19,1.1881873998855488,1.1842338988963128,1.180291838110843,1.1816172294970995,1.173694450017329,1.1176878435871618
2017-05-22,1.1922879770980483,1.1883208321027678,1.1843651667927688,1.1856949167447384,1.1796541301104781,1.120577728417849
2017-05-23,1.194232672564899,1.1902590569106528,1.1862969396657652,1.1876290469980302,1.1822641250580244,1.1208887675578922
2017-05-24,1.1964721071129274,1.1924910401031947,1.188521493064729,1.189856528372538,1.185022197412153,1.1233828043214626
2017-05-25,1.199549505931386,1.1955581993758762,1.191578442421698,1.1929169853454724,1.1906862453182787,1.1268599544074718
2017-05-26,1.1996267015198208,1.1956351381085024,1.1916551250417766,1.1929952900012852,1.1904399141972115,1.1270136263980028
2017-05-30,1.195150769551628,1.1911740990784654,1.1872089358543585,1.1885415909668398,1.1894055499600567,1.1275579277837295
2017-05-31,1.1928041118854849,1.1888352495353554,1.1848778718399988,1.1861952201768382,1.18911000487739,1.127599573506359
2017-06-01,1.2054078220454627,1.201386659100286,1.197377171159648,1.198724176622978,1.1985662280617286,1.1327399145059343
2017-06-02,1.2131903235398371,1.2091431986703576,1.20510782418301,1.2064654698872141,1.2025553462906962,1.136988879518111
2017-06-05,1.2090341301151264,1.2050008700395256,1.200979320091152,1.2023310122377173,1.2016690594601234,1.1357262415004572
2017-06-06,1.2070736378427158,1.2030469178432086,1.1990318889825369,1.2003812607826263,1.197827583115954,1.1349788164459673
2017-06-07,1.2076423476827798,1.2036137305038337,1.199596809971975,1.2009466026470992,1.2000436050576349,1.1353935481099302
2017-06-08,1.2132153159726664,1.209168107730039,1.2051326501116082,1.2064878452708312,1.2006346952229683,1.1350119306471897
2017-06-09,1.2109107673905395,1.2068712469737202,1.2028434548603406,1.2041959776241797,1.198812646287153,1.1335549009164538
2017-06-12,1.2076256861689412,1.2035971245717336,1.1995802594602374,1.2009284969568275,1.1985662280617289,1.1333305310962483
2017-06-13,1.2144193813240418,1.210368156396865,1.2063286937558864,1.2076852666540736,1.204427131814252,1.1368284118012333
2017-06-14,1.2119009093219841,1.2078580858553818,1.2038270002822606,1.2051807715435523,1.202900366648033,1.1383243474842872
2017-06-15,1.2035198781943026,1.1995050133083538,1.195501805141221,1.196844506075655,1.2005853070526555,1.1362077742221302
2017-06-16,1.2058529275847396,1.2018302797961196,1.197819311323118,1.1991666576926832,1.2008480137928037,1.1366100403324524
2017-06-19,1.2148224544958968,1.2107698849425503,1.2067290815793763,1.2080852068072543,1.2108449808242379,1.1410223522124183
2017-06-20,1.203894318316818,1.1998782043227103,1.1958737506740664,1.197217577771885,1.2026792086860845,1.1375233475325608
2017-06-21,1.2033419636570246,1.1993276922825264,1.1953250759036487,1.196667838433694,1.2023819215162816,1.137312385463529
2017-06-22,1.2058462875654337,1.2018236619274913,1.1978127155408544,1.1991580340582864,1.2018375192862,1.1374254145772837
2017-06-23,1.2105742768291883,1.2065358789232343,1.202509206061632,1.2038599247365052,1.2032729119821224,1.1383670304132223
2017-06-26,1.2145581138777701,1.2105064261477199,1.2064665020475644,1.2078213426527107,1.2040649518986237,1.139196906786813
2017-06-27,1.2058016220504595,1.2017791454138016,1.1977683475958403,1.199115745384538,1.1943644009934242,1.1314503583616313
2017-06-28,1.2181053208409203,1.2140417998566482,1.2099900768588236,1.2113513240338143,1.2050547187050902,1.137100443009745
2017-06-29,1.2067763268585563,1.2027505986693654,1.1987365587393966,1.200085156140536,1.1944637870645478,1.1293967882063327
2017-06-30,1.2084190783784867,1.2043878700759107,1.2003683659434636,1.2005165268515203,1.1966909583639007,1.1296070675014864
2017-07-03,1.2122505217194135,1.2069983254363774,1.2017659349299437,1.20064772469257,1.1987198801471473,1.129101000959801
2017-07-05,1.2119858428589938,1.2067347933235166,1.2015035452403129,1.2003855791493478,1.201491453676582,1.1310082948990456
2017-07-06,1.2122505217194137,1.2069983254363774,1.2017659349299439,1.20064772469257,1.1905042843168971,1.1239453980927128
2017-07-07,1.2122505217194137,1.2069983254363774,1.2017659349299439,1.20064772469257,1.1982251274004494,1.1275870400248054
2017-07-10,1.2122505217194137,1.2069983254363774,1.2017659349299439,1.20064772469257,1.1995116587505783,1.1289099524023887
2017-07-11,1.2122505217194137,1.2069983254363774,1.2017659349299439,1.20064772469257,1.1986206682847376,1.12900243130648
2017-07-12,1.2119858428589938,1.2067347933235166,1.2015035452403129,1.2003855791493478,1.2076282169271322,1.1354143764522018
2017-07-13,1.2119858428589938,1.2067347933235166,1.2015035452403129,1.2003855791493478,1.2096571387103787,1.1360931199834572
2017-07-14,1.2125152005798336,1.2072618575492382,1.2020283246195744,1.200909870235792,1.2152991492142304,1.1399210813390093
2017-07-17,1.2122505217194137,1.2069983254363774,1.2017659349299437,1.20064772469257,1.2151508104945778,1.1403907836306453
2017-07-18,1.2122505217194137,1.2069983254363774,1.2017659349299437,1.20064772469257,1.2157945116914264,1.1424144757715635
2017-07-19,1.2122505217194137,1.2069983254363774,1.2017659349299437,1.20064772469257,1.2223764653096478,1.1461356401350011
2017-07-20,1.2122505217194137,1.2069983254363774,1.2017659349299437,1.20064772469257,1.222921041748443,1.1465712019788683
2017-07-21,1.2122505217194137,1.2069983254363774,1.2017659349299437,1.20064772469257,1.2218324114969932,1.1467642594562348
2017-07-24,1.2122505217194137,1.2069983254363774,1.2017659349299437,1.20064772469257,1.221535211431547,1.146298515135571
2017-07-25,1.2122505217194137,1.2069983254363774,1.2017659349299437,1.20064772469257,1.2245045989553038,1.1454234243437311
2017-07-26,1.2125152005798336,1.2072618575492382,1.2020283246195747,1.200909870235792,1.2245538129169034,1.1468982570321073
2017-07-27,1.2127811422210761,1.2075266469717978,1.2022919661684117,1.2011732664733998,1.2234158815994978,1.1455315952066114
2017-07-28,1.2125152005798336,1.2072618575492382,1.2020283246195747,1.200909870235792,1.221980750216646,1.1454861949921185
2017-07-31,1.2125152005798336,1.2072618575492382,1.2020283246195744,1.200909870235792,1.2212876608494847,1.145222031775903
2017-08-01,1.2128344315717905,1.2075797054410857,1.2023447946269155,1.201226045776472,1.2240096719998927,1.1479069539501023
2017-08-02,1.213099362988375,1.2078434890158862,1.2026074346883877,1.2014884414585714,1.2246034624002873,1.1478098830452355
2017-08-03,1.2130993629883748,1.2078434890158862,1.2026074346883875,1.2014884414585714,1.2222278652769247,1.1480684785328366
2017-08-04,1.2130993629883748,1.2078434890158862,1.2026074346883877,1.2014884414585714,1.2244552107849913,1.1480709406366851
2017-08-07,1.2130993629883746,1.2078434890158862,1.2026074346883875,1.2014884414585714,1.226731770254657,1.1496079907186172
2017-08-08,1.2130993629883746,1.2078434890158862,1.2026074346883875,1.2014884414585714,1.2237124719344459,1.1475247795564119
2017-08-09,1.2130993629883746,1.2078434890158862,1.2026074346883875,1.2014884414585714,1.2236631708684897,1.1480566626335587
2017-08-10,1.2130993629883746,1.2078434890158862,1.2026074346883877,1.2014884414585714,1.2063907253298884,1.1400774453685931
2017-08-11,1.2133641681268768,1.2081071468597169,1.2028699495639392,1.201750712071232,1.2081725320528562,1.1415948865488363
2017-08-14,1.2130993629883746,1.2078434890158862,1.2026074346883877,1.2014884414585714,1.2201492069059376,1.14720235950003
2017-08-15,1.2133641681268768,1.2081071468597169,1.2028699495639392,1.201750712071232,1.2200008681862848,1.145741458865073
2017-08-16,1.2130993629883746,1.2078434890158862,1.2026074346883877,1.2014884414585714,1.2221290018319413,1.1477977836896016
2017-08-17,1.2133641681268768,1.2081071468597169,1.2028699495639392,1.201750712071232,1.2030750979877993,1.138731859552052
2017-08-18,1.2130993629883746,1.2078434890158862,1.2026074346883877,1.2014884414585714,1.2011945149242056,1.137761538404778
2017-08-21,1.213364168126877,1.2081071468597169,1.2028699495639392,1.201750712071232,1.2021349806647161,1.1385912644905842
2017-08-22,1.2136303623242841,1.2083721877442164,1.2031338414846178,1.202014358447717,1.2147052717094784,1.1447473970436852
2017-08-23,1.2136303623242841,1.2083721877442164,1.2031338414846178,1.202014358447717,1.2103503151818962,1.1438941829624911
2017-08-24,1.2136303623242843,1.2083721877442166,1.203133841484618,1.202014358447717,1.2075291792734348,1.1415777836893324
2017-08-25,1.2133641681268772,1.2081071468597173,1.2028699495639397,1.201750712071232,1.210350315181896,1.1439372082222417
2017-08-28,1.2136303623242843,1.2083721877442166,1.203133841484618,1.202014358447717,1.210399616247852,1.1443955598744946
2017-08-29,1.2136303623242843,1.2083721877442166,1.203133841484618,1.202014358447717,1.2117856207734614,1.1462503907373351
2017-08-30,1.2136303623242843,1.2083721877442166,1.203133841484618,1.202014358447717,1.217526146304869,1.149087062546791
2017-08-31,1.2138954200189513,1.2086360970499872,1.2033966067320108,1.2010746023200556,1.2248509258779923,1.1539328985271353
2017-09-01,1.2153359909331234,1.2088603561204585,1.20241506891126,1.2058112981775486,1.2265833444306473,1.153536847772389
2017-09-05,1.204217849204431,1.1978014548208884,1.1914151304147407,1.194779051537808,1.2177738710956454,1.1517713731740788
2017-09-06,1.2096834818065,1.2032379650724179,1.1968226547955618,1.2002041042721736,1.221931187837619,1.153006240162616
2017-09-07,1.21359867740117,1.2071322994590923,1.2006962257388132,1.2040943190807114,1.221782500700539,1.1549332174380345
2017-09-08,1.2115045351311495,1.2050493153384951,1.1986243474757634,1.2020143728926793,1.2203474564220438,1.1537806004292963
2017-09-11,1.2243307986994356,1.2178072371482067,1.211314247805707,1.2147404061865914,1.2333635475649753,1.1584772135336234
2017-09-12,1.2278354066773522,1.2212931716386302,1.2147815963206128,1.2182150101206077,1.237520777202592,1.1597122745894515
2017-09-13,1.225602409072689,1.2190720720417056,1.2125723389722571,1.2159949942589228,1.238114393394273,1.1591063135006305
2017-09-14,1.2265742459235638,1.2200387306862321,1.213533843677732,1.2169610565551878,1.237718765405628,1.1589684379698406
2017-09-15,1.2303353973730697,1.2237798417160977,1.2172550082059634,1.2206934094343707,1.2393845491253208,1.1604651888817836
2017-09-18,1.2345762096437032,1.2279980578061038,1.2214507340107412,1.2248997905961243,1.242020675379911,1.1601568338953896
2017-09-19,1.2370044221665515,1.2304133321639816,1.2238531308374412,1.2273107548184838,1.2432644384908447,1.1603457462958184
2017-09-20,1.2360185091609714,1.2294326723662623,1.2228776996287964,1.2263291422701583,1.243712067780507,1.1596998867624804
2017-09-21,1.2342364635203773,1.2276601219408794,1.2211145999199722,1.2245617016232488,1.2403798035062668,1.1572196899353944
2017-09-22,1.2348164808945807,1.2282370488275727,1.2216884508025063,1.2251345470218558,1.2406283993406113,1.1581729030795225
2017-09-25,1.2276678945382649,1.2211265520489667,1.2146158650975047,1.2180344699233119,1.2380915720527879,1.1581094510753691
2017-09-26,1.22736300355349,1.2208232856048045,1.2143142155806605,1.2177291812128617,1.2388377950776053,1.158145799078925
2017-09-27,1.2338540608756419,1.2272797568395866,1.2207362628133192,1.224160749870807,1.2436623311927668,1.1585170272415275
2017-09-28,1.235682043652822,1.2290979996362204,1.2225448112751351,1.2259736469409215,1.245154254616261,1.1592736431901436
2017-09-29,1.2427720225177743,1.2361502011998324,1.2295594125780518,1.231778826001052,1.2495311614417601,1.161188720029328
2017-10-02,1.2424252188275338,1.234569440126923,1.2267578633614338,1.2318327333556043,1.2549526237141615,1.1636780380509064
2017-10-03,1.242425218827534,1.234569440126923,1.226757863361434,1.2318327333556043,1.2576382252434215,1.165830299741781
2017-10-04,1.2421531060236648,1.2342990478756763,1.2264891819818151,1.2315629404908977,1.2591306712930563,1.166531386595232
2017-10-05,1.2424252188275342,1.2345694401269227,1.2267578633614342,1.2318327333556043,1.2665906368279536,1.1702095785791171
2017-10-06,1.2421531060236648,1.2342990478756761,1.2264891819818151,1.2315629404908977,1.2651485370965567,1.1688377079616035
2017-10-09,1.2421531060236648,1.2342990478756761,1.2264891819818151,1.2315629404908977,1.2630594262027524,1.1681973416180784
2017-10-10,1.2421531060236648,1.2342990478756761,1.2264891819818151,1.2315629404908977,1.2663918646857062,1.1702295941484466
2017-10-11,1.2421531060236648,1.2342990478756761,1.2264891819818151,1.2315629404908977,1.2683812410909596,1.171862905659992
2017-10-12,1.242696298455119,1.2348388057345954,1.2270255245934323,1.2321015018525288,1.26649125075683,1.1712462437039661
2017-10-13,1.242696298455119,1.2348388057345954,1.2270255245934323,1.2321015018525288,1.2680332591854915,1.1736782916052575
2017-10-16,1.242425218827534,1.2345694401269225,1.226757863361434,1.2318327333556045,1.269723954751233,1.1738345720947188
2017-10-17,1.242696298455119,1.2348388057345954,1.2270255245934323,1.2321015018525288,1.2706193875392713,1.1741591505781241
2017-10-18,1.242696298455119,1.2348388057345954,1.2270255245934323,1.2321015018525288,1.2718628022327774,1.1736728655795214
2017-10-19,1.242696298455119,1.2348388057345954,1.2270255245934323,1.2321015018525288,1.2722108712426026,1.1743472574956935
2017-10-20,1.242968540406024,1.2351093263162887,1.2272943334915039,1.2323714227632083,1.2787760137199593,1.1760852202149108
2017-10-23,1.242696298455119,1.2348388057345954,1.2270255245934323,1.2321015018525288,1.2738025291546478,1.1737495183924471
2017-10-24,1.2432400074747156,1.2353790769153017,1.22756237727886,1.232640575398051,1.2760405884986026,1.173599387168606
2017-10-25,1.2432400074747159,1.235379076915302,1.22756237727886,1.232640575398051,1.2697239547512336,1.16933538451517
2017-10-26,1.243240007474716,1.2353790769153021,1.22756237727886,1.232640575398051,1.271365697668446,1.169638974262343
2017-10-27,1.2432400074747163,1.2353790769153024,1.22756237727886,1.232640575398051,1.2817604702974457,1.176918960621004
2017-10-30,1.2429685404060247,1.2351093263162893,1.227294333491504,1.2323714227632083,1.2769854965613108,1.175916859187419
2017-10-31,1.2432400074747163,1.2353790769153024,1.22756237727886,1.231407934822653,1.2789751342796345,1.176720227487321
2017-11-01,1.2358872061995807,1.2268446941861486,1.2178616924438834,1.231678824304022,1.2806660040540894,1.1779630772097986
2017-11-02,1.2382493538300585,1.2291895588896578,1.2201893879622328,1.2340336973232777,1.2811636312445625,1.1788603826256119
2017-11-03,1.2369924620200756,1.2279418632743069,1.2189508280198318,1.2327743120950405,1.2854409777902245,1.181974732552758
2017-11-06,1.2417310950961284,1.2326458255921362,1.2236203477534475,1.2375048787162102,1.2874301799867642,1.1836494480357918
2017-11-07,1.2346853317518556,1.2256516133921462,1.216677347431111,1.2304730662265047,1.2865351827205103,1.1833344525173408
2017-11-08,1.2381150870801674,1.2290562745180067,1.2200570795036283,1.2338925467310409,1.2887234183723677,1.183961712763763
2017-11-09,1.2322004332511074,1.2231848959393388,1.2142286913737528,1.2279971714589244,1.2840484404378545,1.181207277163418
2017-11-10,1.2297009739999574,1.2207037242715477,1.2117656869357019,1.2255040026463162,1.2836501122141484,1.1785834462484404
2017-11-13,1.22811791211918,1.2191322450465363,1.210205714139078,1.2239263653729089,1.2848438774242712,1.1790190186275387
2017-11-14,1.2242835747637053,1.2153259620648156,1.206427300900625,1.2201001691035491,1.28186011768164,1.1780424988419966
2017-11-15,1.2184671771773992,1.209552120825711,1.2006957359383434,1.2143039578002826,1.27544374944572,1.1761976753463597
2017-11-16,1.2342813281820535,1.2252505657612964,1.2162792362856893,1.230078518303448,1.286286151364382,1.1809714099871085
2017-11-17,1.2351900784005503,1.2261526670034735,1.2171747323095623,1.230995956539504,1.2825063449048364,1.1795112934827838
2017-11-20,1.2402148694853488,1.2311406936218048,1.2221262364144776,1.2360097516872195,1.2846948418697641,1.17996077872812
2017-11-21,1.2519776492365935,1.2428174096314084,1.2337174550821965,1.2477403471926656,1.2931002380935104,1.1846822476161902
2017-11-22,1.252930922977025,1.2437637086340105,1.2346568252488757,1.248690880281014,1.2919566449929119,1.1855656480146195
2017-11-24,1.2556455591650617,1.2464584828716854,1.237331868250978,1.2513877121183783,1.2949405789442565,1.1868093947014668
2017-11-27,1.248012694473686,1.2388814649196582,1.2298103295016458,1.2437701223853297,1.2942939161992764,1.1867645533883786
2017-11-28,1.260195647266066,1.2509752797256335,1.2418155929530874,1.2559155059676474,1.3074245495714172,1.1940903218485825
2017-11-29,1.2548194650532267,1.2456384329731842,1.23651782278784,1.2505488994170335,1.3066285899588597,1.1921379948751591
2017-11-30,1.2550848992352408,1.2459019250752352,1.2367793855910785,1.2507880807519345,1.318068179347832,1.1969732159357318
2017-12-01,1.2501351767917122,1.2409790701293977,1.231883296693277,1.2458446494771769,1.3153324928134045,1.1972220111048852
2017-12-04,1.2480833868889514,1.2389423077272999,1.2298614627696673,1.243802550425937,1.3137413575275005,1.1961275508205949
2017-12-05,1.242977559659267,1.233873876052578,1.2248301802357322,1.238715791390813,1.3090160332747491,1.1939127324766525
2017-12-06,1.236739767024961,1.2276817695934614,1.218683458907437,1.2324996956123975,1.3092643677960232,1.1950448743131128
2017-12-07,1.2415580612738077,1.232464774205722,1.2234314064205536,1.2373006292062394,1.3133927658915348,1.1964357789608415
2017-12-08,1.2488097402446745,1.2396633412032831,1.2305772114207125,1.244529898217988,1.3205548345261315,1.199979555348403
2017-12-11,1.2520035975360484,1.2428338063858941,1.233724438634463,1.2477144000257594,1.3245333260235679,1.20183230503769
2017-12-12,1.2498930688820984,1.240738735440701,1.2316447235410393,1.2456113322323104,1.3268715553778574,1.2026998191931537
2017-12-13,1.2566492121081327,1.2474453960434542,1.238302227581185,1.252342354593027,1.3267219971972093,1.2045662681867217
2017-12-14,1.247866170804141,1.2387266825533594,1.2296474180234525,1.2435917352871535,1.3213008833422355,1.2014281910267708
2017-12-15,1.2554446168952886,1.2462496233983278,1.237115219368371,1.2511464046308456,1.3323039927992173,1.2073392079167842
2017-12-18,1.2689208967340333,1.2596272017063057,1.2503947465292005,1.2645720923597696,1.3407527669926562,1.2108595778724236
2017-12-19,1.2623614714063496,1.2531158182216633,1.2439310883207997,1.2580360033539797,1.3356035929396526,1.205877142884383
2017-12-20,1.2626790168078754,1.253431037891044,1.2442439975832087,1.2583527413036226,1.3349034481195892,1.2040909125950223
2017-12-21,1.2679092746945169,1.2586229888809832,1.2493978940958141,1.2635642906468432,1.3376528100380365,1.2059261667439454
2017-12-22,1.2707603573305006,1.261453189921758,1.2522073511385112,1.2664059530137424,1.3373029989410752,1.2059166523116749
2017-12-26,1.270198412444788,1.2608953607728133,1.251653610606109,1.2658449327562955,1.3357034145325604,1.2052257249790317
2017-12-27,1.2714626050272413,1.2621502942908536,1.2528993460713922,1.2671048018596316,1.3363533001387427,1.2076218610698954
2017-12-28,1.275737760297132,1.2663941379247103,1.2571120843940307,1.2713664784270318,1.3391027491615466,1.2085318691086324
2017-12-29,1.273678438722374,1.2643498990132842,1.2550828287602722,1.268995862280367,1.3340533967014505,1.2065489796267064
2018-01-02,1.2861163530845998,1.2763742250153258,1.266698894090812,1.2814229808846795,1.3436014278778703,1.2101354181826092
2018-01-03,1.2946080265498052,1.28480157539637,1.2750623624205304,1.2898933651354652,1.3521001999721198,1.2152424259958552
2018-01-04,1.301308802763112,1.291451594289099,1.2816619720115199,1.296565800439419,1.357799089620971,1.2180998772455904
2018-01-05,1.3068303225161,1.296931289402783,1.2871001292575854,1.302077708458892,1.3668476644154248,1.2224043401672322
2018-01-08,1.307155001526954,1.2972535090214539,1.2874199063469576,1.3024000758778091,1.3693473852472458,1.2235290804663925
2018-01-09,1.3099162775042794,1.2999938687697452,1.2901394932788621,1.3051411000196298,1.3724466453670112,1.2229150573228682
2018-01-10,1.3079772115576145,1.2980694909411046,1.2882297028587972,1.303195477584052,1.3703468206373188,1.221640156725912
2018-01-11,1.3146543845701153,1.304696085423543,1.2948060656041291,1.309848994953796,1.3803450071297485,1.22737643595462
2018-01-12,1.325653060576434,1.3156114481977508,1.3056386863854859,1.320810768199726,1.3893436711277483,1.231928838673401
2018-01-16,1.3209139899664557,1.3109082752985053,1.3009711650634217,1.3160864081093113,1.3845943060725165,1.2295860380126191
2018-01-17,1.3305245421804024,1.320446029098638,1.3104366195938855,1.3256792524337206,1.397791661381976,1.235678875321533
2018-01-18,1.3297730375730732,1.3197002170199137,1.3096964610128012,1.3249366586821083,1.3954425439830849,1.2328937120321108
2018-01-19,1.3349921175447905,1.3248797632858613,1.3148367446368219,1.3301479013167326,1.4017912321337611,1.235094116498054
2018-01-22,1.3424883493109245,1.3323192122813483,1.3222198001941488,1.3376164202659613,1.4131891856401764,1.2410836961183414
2018-01-23,1.348647212276853,1.338431422833884,1.3282856782067312,1.3437555145663675,1.4161887112713907,1.244084001449159
2018-01-24,1.3550963326441534,1.3448316921338597,1.3346374313879465,1.3501968409348168,1.4156380375276185,1.2428688111108857
2018-01-25,1.3524420448965644,1.342197510196377,1.3320232174045803,1.3475564236180742,1.4162380994417039,1.2442481709959419
2018-01-26,1.3665033307908039,1.3561522840727325,1.3458722095653666,1.3615777151387103,1.4326353204030478,1.2517075688273525
2018-01-29,1.3546994474403506,1.344437813272737,1.3342465382564406,1.3497957465209793,1.4231368516056548,1.2453710278971422
2018-01-30,1.341409415379847,1.3312484511042442,1.321157155734326,1.3365414628546006,1.4085401648039935,1.23636528364179
2018-01-31,1.3439822405679556,1.333801787548257,1.323691137059305,1.3387916279409433,1.4092392643717748,1.2368812932745448
2018-02-01,1.3425335166338483,1.3320309464595737,1.3216031534494739,1.335887164970241,1.4076402025894006,1.2334165638072603
2018-02-02,1.3133788343017456,1.303104339697509,1.2929029983840468,1.3068844700928022,1.3769957575059295,1.215442596729132
2018-02-05,1.2617441753008602,1.2518736159599617,1.242073333934433,1.2554953156849245,1.3194061893728377,1.1891079616901572
2018-02-06,1.2881675917542512,1.2780903233948386,1.2680848040966595,1.2817684021137101,1.345401526515769,1.200655815359498
2018-02-07,1.2731454294416449,1.2631856786800446,1.2532968402670865,1.2668558786905977,1.338102791145333,1.195371549392638
2018-02-08,1.232547930068821,1.2229057714423743,1.2133322639429036,1.2264657424898833,1.2879123026017263,1.1693449841663106
2018-02-09,1.2461704538447196,1.2364217269202493,1.2267424098775157,1.24000986654445,1.3072582673542625,1.178681133381139
2018-02-12,1.263338751092863,1.2534557174681227,1.2436430499743043,1.2570917581551502,1.326454935239221,1.1886565798731705
2018-02-13,1.2662432029392827,1.256337447938162,1.2465022208417065,1.259969572069036,1.329754622484013,1.191210358329807
2018-02-14,1.289730179050346,1.279640686651438,1.2696230303476037,1.2833276250929002,1.3477009944312772,1.1977010313637928
2018-02-15,1.3059980037858634,1.2957812490365184,1.2856372364764233,1.299497090712457,1.364897746283808,1.2069098993680487
2018-02-16,1.3076486115856407,1.2974189442169586,1.2872621109739801,1.3011490037306954,1.3652979036990072,1.2082704366233066
2018-02-20,1.2953550372239502,1.285221541850847,1.2751601958692365,1.2889247277150284,1.356749395017017,1.2032372695378817
2018-02-21,1.292281209223257,1.2821717602474176,1.2721342894553223,1.2858608618002336,1.3500005494511418,1.1982425575531541
2018-02-22,1.2940615365312655,1.2839381601470943,1.2738868611083085,1.287636524454362,1.351750127562089,1.1998354938868312
2018-02-23,1.3117596514677228,1.3014978236469434,1.2913090589308098,1.305236443368784,1.3732960870546522,1.213061290324556
2018-02-26,1.3238222257354062,1.3134660330208205,1.3031835752787222,1.3172399506462975,1.3892434140130565,1.222042370385748
2018-02-27,1.3003633797216678,1.2901907043445744,1.280090457316366,1.2939207086139126,1.3718963200406662,1.2113655004935893
2018-02-28,1.2841896730947262,1.2741435237869807,1.2641689019761857,1.2765555393705048,1.3579996038503548,1.2051893498335768
2018-03-01,1.2832675445001391,1.2719553803476777,1.260734627249761,1.276680952812268,1.3382529590564787,1.196746869292725
2018-03-02,1.2834082168252094,1.2720948126285814,1.260872829507016,1.2768209031124023,1.3451517983247863,1.198630671106014
2018-03-05,1.2834082168252094,1.2720948126285814,1.260872829507016,1.2768209031124023,1.3606988807636344,1.2063038562348696
2018-03-06,1.2834082168252094,1.2720948126285814,1.260872829507016,1.2768209031124023,1.3641483003977881,1.2080948576466495
2018-03-07,1.2834082168252094,1.2720948126285816,1.260872829507016,1.2768209031124023,1.3636480600766108,1.207828235478903
2018-03-08,1.2832675445001391,1.271955380347678,1.260734627249761,1.2766809528122682,1.3702471732531245,1.2123366594616771
2018-03-09,1.2835476936347692,1.2722330599325935,1.2610098572408381,1.2769596640332153,1.3940921651394118,1.224007527657106
2018-03-12,1.2836877017845558,1.272371833893002,1.2611474069850748,1.2770989535670598,1.3923430225502489,1.2242079063050515
2018-03-13,1.2836877017845558,1.272371833893002,1.2611474069850748,1.2770989535670598,1.383344358552249,1.2202140138235118
2018-03-14,1.2836877017845558,1.272371833893002,1.2611474069850748,1.2770989535670598,1.3762457018894123,1.217374367504689
2018-03-15,1.283547693634769,1.2722330599325935,1.261009857240838,1.2769596640332153,1.374745590656378,1.21638602867047
2018-03-16,1.2838289054498528,1.2725117928303016,1.261286131252744,1.2772394324802256,1.3762366430363038,1.2166144386192241
2018-03-19,1.2838289054498528,1.2725117928303016,1.2612861312527437,1.2772394324802256,1.3576158220542363,1.2062176574826413
2018-03-20,1.2836877017845556,1.2723718338930017,1.261147406985074,1.2770989535670598,1.359924784344637,1.2065044977248551
2018-03-21,1.2839687807645828,1.2726504351266108,1.2614235504943767,1.2773785898608123,1.3573149636058042,1.2054439448524128
2018-03-22,1.2841094530896533,1.2727898674075144,1.2615617527516318,1.2775185401609463,1.323385639018199,1.189341878822527
2018-03-23,1.2842499925796667,1.2729291680243189,1.261699824506283,1.2776583583078225,1.2951781125252868,1.1749685468766553
2018-03-26,1.284109453089653,1.2727898674075144,1.2615617527516316,1.2775185401609463,1.3306129488160485,1.1925333581664017
2018-03-27,1.28439013356451,1.2730680736488262,1.2618375047531232,1.2777977799949247,1.30797713961104,1.1832059242718818
2018-03-28,1.2845305402194669,1.2732072426015315,1.2619754460051706,1.277937465988543,1.304112232194888,1.181051597883228
2018-03-29,1.2848108221891539,1.2734850538505462,1.2622508064988516,1.2769380930533851,1.320775818279366,1.1909241781341744
2018-04-02,1.267127496071946,1.254701650859684,1.2423882262496808,1.255235421646106,1.292267259129308,1.1759823148773259
2018-04-03,1.2775290039157001,1.2650011582916079,1.252586656100176,1.2655350094655513,1.3088301525773103,1.1834238710369114
2018-04-04,1.282460408840025,1.2698842043298235,1.2574217807706167,1.270423267456698,1.3228337458134314,1.1907277062379977
2018-04-05,1.2893297648520314,1.2766861973063202,1.2641570201665657,1.2772311201826008,1.3332735513949032,1.1951778765504784
2018-04-06,1.2718863322204679,1.259413820385032,1.2470541513597446,1.2599591718059107,1.30356007767705,1.1811717551038214
2018-04-09,1.2795807242354307,1.2670327588055643,1.2545983188386867,1.26759120110129,1.3099845466181534,1.1847418807254857
2018-04-10,1.3006592140373672,1.2879045463992393,1.275265274325195,1.2884712005478531,1.3308138985672158,1.195186163717621
2018-04-11,1.3024135423083496,1.2896416711831107,1.2769853512674145,1.2902161431988837,1.3238376235257012,1.191871650234579
2018-04-12,1.3050312055355213,1.292233664792837,1.2795519075009478,1.2928098970651387,1.3347286296754646,1.1960582105985291
2018-04-13,1.3007847503659136,1.2880288516796143,1.2753883596950857,1.2886131074619014,1.3308138985672153,1.1943547298379233
2018-04-16,1.3032587010425034,1.2904785420286007,1.2778140092074244,1.2910620459746274,1.3417556865570006,1.2000471310315668
2018-04-17,1.309353546339388,1.296513619382254,1.2837898593575756,1.2971021530952982,1.3561101361423646,1.2080949318655618
2018-04-18,1.321031948218225,1.3080774992303383,1.2952402532924063,1.3086790342477765,1.3571139267502783,1.2067903858440037
2018-04-19,1.3145112583622938,1.3016207532814552,1.2888468727295601,1.302220792774805,1.3495852358778557,1.2014210673516506
2018-04-20,1.3069197468356661,1.2941036864712823,1.2814035771106438,1.2947114164540419,1.338141291271043,1.1936552102161355
2018-04-23,1.303651320049866,1.2908673108922106,1.2781989627607657,1.2914826227583558,1.3379413867721572,1.1930847665758224
2018-04-24,1.2969597327263351,1.284241343349297,1.271638021315293,1.284851793430968,1.3199226311043815,1.182776320998455
2018-04-25,1.2940481242574688,1.2813582870160802,1.2687832587974075,1.2819770735876326,1.3231850376844578,1.1835256082471048
2018-04-26,1.3029266386706027,1.2901497359633045,1.2774884299878837,1.2907611801350267,1.3366356924635296,1.1921471623165019
2018-04-27,1.3047266084736044,1.291932054704177,1.2792532573614406,1.2925367210476046,1.3378913017669898,1.1936122887253169
2018-04-30,1.2999277521347592,1.2871802574389035,1.2745480934112248,1.2865038695860072,1.3276021867228045,1.1885501403579823
2018-05-01,1.2953581814471848,1.2813728418813153,1.2675276030851548,1.2866021948935245,1.3299607984965884,1.189058630181173
2018-05-02,1.2955001181008656,1.281513246115371,1.2676664902508876,1.2867431721249785,1.3210269401400574,1.1843485337985826
2018-05-03,1.2955001181008656,1.281513246115371,1.2676664902508876,1.2867431721249785,1.3181153028048673,1.1839993049572264
2018-05-04,1.2957833225267303,1.2817933929235674,1.2679436100716759,1.2870244622277005,1.3351805270786106,1.1932212952196806
2018-05-07,1.2957833225267303,1.2817933929235676,1.2679436100716759,1.2870244622277005,1.3396975848142219,1.1954160235331759
2018-05-08,1.2959252591804111,1.2819337971576235,1.2680824972374087,1.2871654394591545,1.3396975848142219,1.1946207758630725
2018-05-09,1.2959252591804111,1.2819337971576235,1.2680824972374087,1.2871654394591545,1.3526468669154774,1.200507379428579
2018-05-10,1.2959252591804111,1.2819337971576235,1.2680824972374087,1.2871654394591545,1.3652949421508738,1.2082899255027097
2018-05-11,1.2959252591804111,1.2819337971576237,1.2680824972374087,1.2871654394591545,1.3694610564328855,1.2105766136087577
2018-05-14,1.2959252591804111,1.2819337971576237,1.2680824972374087,1.2871654394591545,1.3701133809610582,1.2098982617535754
2018-05-15,1.296208196053677,1.2822136793018541,1.2683593552539263,1.2874464638178023,1.3606778886136408,1.2022061309843073
2018-05-16,1.2963508015888552,1.2823547451958257,1.2684988969303364,1.287588105409442,1.3663993382909063,1.204300234129235
2018-05-17,1.2963508015888552,1.2823547451958257,1.2684988969303364,1.287588105409442,1.3652447700413493,1.2033987912621438
2018-05-18,1.2964922031373385,1.2824946201019494,1.2686372604875273,1.2877285511527472,1.3618316729239865,1.2033876658632638
2018-05-21,1.2964922031373385,1.2824946201019494,1.2686372604875273,1.2877285511527472,1.3720711384847881,1.209220383643431
2018-05-22,1.2964922031373385,1.2824946201019494,1.2686372604875273,1.2877285511527472,1.3682564031781603,1.2069825110597283
2018-05-23,1.2966325344754264,1.2826334363522085,1.2687745768276348,1.287867933919755,1.3720204437491228,1.2111575534132522
2018-05-24,1.2969168091116867,1.2829146418162698,1.2690527438655073,1.2881502869987747,1.3692099345721926,1.210862302394883
2018-05-25,1.2970584782127688,1.2830547813863595,1.2691913692269692,1.2882909984861544,1.3659475279921165,1.2109790137407856
2018-05-29,1.2970584782127688,1.2830547813863595,1.2691913692269692,1.2882909984861544,1.3502381701365251,1.207677540224244
2018-05-30,1.2969168091116867,1.2829146418162698,1.2690527438655073,1.2881502869987749,1.3682564031781597,1.2153072118009052
2018-05-31,1.2972000135375514,1.2831947886244663,1.2693298636862957,1.2871431455243953,1.3598746122351097,1.2105669972282815
2018-06-01,1.3003671840001716,1.2850414369543408,1.2698841299854535,1.2914541570407316,1.373225358316917,1.2159383863424045
2018-06-04,1.3030271394651722,1.287670042962733,1.2724817310884602,1.294116600894243,1.3797503456857827,1.2176958351097324
2018-06-05,1.3040719920517927,1.2887025812225696,1.2735020903640935,1.2951723394236976,1.3807540491893395,1.219467776383986
2018-06-06,1.3108344436601689,1.2953853325554892,1.280106017380196,1.3019054112372346,1.3922981638064873,1.2236573316520665
2018-06-07,1.310898824402054,1.2954489545247931,1.2801688889163303,1.3019494436562944,1.3921474732692007,1.2256248082018197
2018-06-08,1.3138887225942009,1.2984036146519153,1.283088698268024,1.3049238317767964,1.39626280571119,1.2271475763829804
2018-06-11,1.3136375494035706,1.2981554017149979,1.2828434130496769,1.304684972759413,1.3981203932245854,1.2276599121336766
2018-06-12,1.3175514142492457,1.3020231388950918,1.2866655295376843,1.3085727932099442,1.3999270246892448,1.2283351067172448
2018-06-13,1.3100892792055816,1.2946489503910728,1.2793783209827843,1.3011734691070853,1.3954598777500873,1.2253872257934704
2018-06-14,1.3123219144012839,1.2968552724017948,1.2815586190077988,1.303407409221774,1.398973057773428,1.228779897932333
2018-06-15,1.3038388083914931,1.2884721457966435,1.273274372967631,1.295023268510814,1.3971883766066855,1.228211433035333
2018-06-18,1.3074059072167843,1.29199720383918,1.2767578522833674,1.2985576445296216,1.3943149780841364,1.2269207540000955
2018-06-19,1.3030585844100206,1.2877011173066648,1.272512438904624,1.294250524597762,1.3889705160631578,1.2253629450876475
2018-06-20,1.3092867921894846,1.29385592125208,1.278594645772582,1.3004395478733248,1.3913405385076842,1.225052557054494
2018-06-21,1.303578205940778,1.2882146147301408,1.2730198795288001,1.294746884499586,1.3826177340077113,1.2216973921992962
2018-06-22,1.311915501865949,1.2964536497256547,1.2811617335471386,1.3029789334229174,1.3851393180330922,1.2231341952783
2018-06-25,1.297686279694032,1.2823921290017204,1.2672660711215693,1.2888197003105517,1.366283489496343,1.2137685943144796
2018-06-26,1.3043261541956692,1.2889537478858055,1.273750294468998,1.2954073370784482,1.3693084495997465,1.215616366631118
2018-06-27,1.2968070047167954,1.2815232169020236,1.2664074080045475,1.2878960517510554,1.3579645007945556,1.2114378109007358
2018-06-28,1.3026377179725697,1.2872852110778683,1.2721014383685147,1.2936861759158322,1.365729070265228,1.2150925190565842
2018-06-29,1.3070038027786093,1.2915998384862273,1.276365173929962,1.2979914393066883,1.3676944929723578,1.2157573228231275
2018-07-02,1.302059809572674,1.2867001052054725,1.2715093906321486,1.2929792054697318,1.3706194572741404,1.2170168640503571
2018-07-03,1.30287742090298,1.2875080716114609,1.272307818228737,1.293805762192256,1.3657792423747526,1.215657774012159
2018-07-05,1.315846808061314,1.3003244658342081,1.2849729027673478,1.3066890755845226,1.3769211961764944,1.2216655997736678
2018-07-06,1.3242837432992607,1.3086618750518697,1.2932118809650737,1.3150638019067455,1.3885674842041837,1.2283217893979823
2018-07-09,1.328896634065355,1.3132203500085484,1.2977165388033138,1.319618124555388,1.4010707048942002,1.233780244536375
2018-07-10,1.3290602626509167,1.3133820483550522,1.2978763281475423,1.3197845048829793,1.406112130857826,1.2360988665384673
2018-07-11,1.3116639478825476,1.2961909486236243,1.2808881856461365,1.3025265328924511,1.395827545240195,1.2315906310396294
2018-07-12,1.318380011338261,1.302827786264646,1.287446669126879,1.309190145638235,1.4084811951544272,1.2381703152876111
2018-07-13,1.3173535723866932,1.3018134556653451,1.2864443136619195,1.3081661924804437,1.409590730451512,1.2395684061116155
2018-07-16,1.3072576941582765,1.291836673121916,1.2765853164947132,1.2981420081339174,1.4083305917214977,1.2380897483254023
2018-07-17,1.3084826120061426,1.2930471412679487,1.277781493916721,1.2993409441154886,1.4140273037614282,1.240853597071376
2018-07-18,1.3106505377606088,1.2951894931598062,1.2798985533134795,1.3014809097229851,1.4170020046509508,1.24206642538884
2018-07-19,1.31537266590913,1.2998559168838364,1.2845098854815338,1.3061883349873227,1.4116579781517562,1.2405323577611473
2018-07-20,1.3127527270615345,1.297266884055967,1.2819514186406804,1.3035712407911995,1.410044544150508,1.2379660670628407
2018-07-23,1.3143638950577343,1.2988590459635634,1.283524783567539,1.3051641664349056,1.4126666466036517,1.2370026829056397
2018-07-24,1.3124132624945195,1.296931423971199,1.2816199189802397,1.3032198369280694,1.4197749718500945,1.2411367856761955
2018-07-25,1.3231647112962368,1.3075560436719031,1.29211910497291,1.3138964987512498,1.4318748122637095,1.247278302303766
2018-07-26,1.3252389872505115,1.3096058505002595,1.2941447118883773,1.31596034180281,1.4284965568890722,1.244950866163052
2018-07-27,1.3120857904731802,1.296607814962449,1.281300130482629,1.3028987038243875,1.4188171723425782,1.240529726046396
2018-07-30,1.3101563328401322,1.2947011181109063,1.2794159439950263,1.300989598334019,1.4114059852474965,1.235949889913586
2018-07-31,1.3184344829351828,1.3028816152892229,1.2874998626487892,1.309218650541648,1.4183636199566527,1.2403344082895802
2018-08-01,1.3156465307914542,1.300110859146805,1.2847463111865511,1.3063164241135996,1.4159939459295536,1.2379647741513273
2018-08-02,1.320060619481822,1.3044728245419723,1.289056727418781,1.310711617934896,1.423707820664561,1.242593623809926
2018-08-03,1.3253862893654769,1.3097356068211956,1.2942573147934968,1.315984603658136,1.4298078258765359,1.2470618848942914
2018-08-06,1.3283656504696673,1.3126797864577633,1.2971667004823706,1.3189542014863176,1.435051421052325,1.2500537444008817
2018-08-07,1.3324099699664798,1.316676349039433,1.3011160321859734,1.3229652876892757,1.439790420689096,1.2515082301776235
2018-08-08,1.3254335668902215,1.3097823260743346,1.29430348192433,1.3160664346187714,1.439185568035386,1.251632191159077
2018-08-09,1.3252555433848772,1.3096064047405533,1.2941296396069273,1.3158934594047167,1.437218838762904,1.2519726278331151
2018-08-10,1.3193718236988499,1.3037921623304902,1.2883841091884098,1.3100458220344693,1.427589800534648,1.2490824419557687
2018-08-13,1.3135237473210284,1.298013142338432,1.2826733849337546,1.3042392861293381,1.422245077200599,1.246135515161409
2018-08-14,1.3214255594488022,1.305821646761027,1.2903896094251,1.3120964330723628,1.431320480136951,1.2504004753864448
2018-08-15,1.3097680971273993,1.2943018403392876,1.2790059426386955,1.3005276596961841,1.4206322529298483,1.2460249762814457
2018-08-16,1.3211259429095858,1.305525568211737,1.290097029895173,1.311804662992149,1.4321266309592557,1.2518996396520903
2018-08-17,1.3281138721419983,1.3124309812276052,1.2969208356013864,1.3187374978573703,1.4371688408620928,1.2547371338271383
2018-08-20,1.3307346567494018,1.315020818579679,1.2994800665786843,1.3213416822755688,1.4402441472837346,1.2579153377335468
2018-08-21,1.3338531747140763,1.3181025118577956,1.3025253407900443,1.3244574962017066,1.4436217929278745,1.2589990598828977
2018-08-22,1.3371928617225104,1.3214027625286235,1.3057865895101106,1.3277568203981316,1.4427645118481205,1.2594801539821585
2018-08-23,1.3343202777361003,1.3185640991436365,1.3029814730949183,1.3249044935662693,1.4408494354592287,1.2584278459524418
2018-08-24,1.3425382836748965,1.3266850636363825,1.3110064650422812,1.3330618278860884,1.4495209354930387,1.2631176346036816
2018-08-27,1.345574004999874,1.3296849379700857,1.3139708872353069,1.3360887397345018,1.4609654027259924,1.2679869016998564
2018-08-28,1.349284581730419,1.3333516987513245,1.3175943146950173,1.3397681157060175,1.4616706867031077,1.267230403081369
2018-08-29,1.3556727391987589,1.3396644223439842,1.3238324353076951,1.3461048078696056,1.46953638433204,1.271204090227579
2018-08-30,1.351288300783953,1.3353317571022643,1.319550972963354,1.3417530170996286,1.4635866341355672,1.2690172286521204
2018-08-31,1.3546755015965977,1.3386789605156166,1.3228586195442906,1.3451060226203095,1.4636378514973731,1.2691421535878862
2018-09-04,1.3464957976788463,1.3305917840828478,1.3148630026784633,1.3369924834559161,1.4611171385155604,1.266664300836733
2018-09-05,1.345503810811803,1.32961151397916,1.3138943202415285,1.3360040423791608,1.457183941283667,1.2645683530630965
2018-09-06,1.3409517802567443,1.3251132493221915,1.3094492290840023,1.331480105392633,1.4527980627094161,1.263327274757088
2018-09-07,1.3373819624901848,1.3215855961360135,1.3059632759041668,1.3279413935264908,1.4499744878789642,1.2595781270303945
2018-09-10,1.3406137500846413,1.3247792117629595,1.3091191401465887,1.3311496842882744,1.4524949395477067,1.2611868776434496
2018-09-11,1.3455815494050996,1.3296883343700772,1.3139702325469227,1.3360875890786557,1.4572849823375704,1.2618450832978492
2018-09-12,1.3476283584852562,1.3317109677495034,1.3159689565961796,1.3381243150543187,1.4576382776088044,1.2626238022810932
2018-09-13,1.3478190209755818,1.3318993782470314,1.3161551399136173,1.3383048846016095,1.4662589958025924,1.2670594680620173
2018-09-14,1.3452872718459914,1.3293975326438003,1.3136828683563646,1.3357899019635386,1.4665110758112092,1.2662490740470136
2018-09-17,1.3404574847475288,1.3246247921397736,1.308966545901048,1.3309934585062806,1.4587470289666775,1.2623084688824895
2018-09-18,1.344858845254637,1.3289741663744652,1.3132645066538577,1.3353692197601965,1.4666624631833498,1.264345025557992
2018-09-19,1.3423282283304996,1.3264734396037445,1.3107933407035173,1.3328645709578981,1.4682249411358628,1.2643154644367751
2018-09-20,1.3512621112837553,1.335301800804761,1.3195173428027034,1.3417302691435464,1.4801233962765261,1.27055609664481
2018-09-21,1.3501535523108459,1.3342063354761151,1.3184348268510915,1.34063165728687,1.4787710140326464,1.2700505676412364
2018-09-24,1.3462548825114602,1.3303537144632185,1.3146277472540302,1.3367753707111718,1.4738586767258175,1.266949286094615
2018-09-25,1.347977618367042,1.332056102379715,1.316310011427299,1.3384885024766038,1.4724914867412797,1.2657423219037949
2018-09-26,1.3381265634515713,1.3223214023103427,1.3066903841933821,1.328709037174902,1.468085051538821,1.2650852134012316
2018-09-27,1.3417672039960526,1.3259190417575926,1.3102454963342751,1.3323237617561676,1.4721874925360021,1.2672197570603605
2018-09-28,1.351130715256838,1.3351719567501574,1.31938903362061,1.3402812374069553,1.4723394025342842,1.2675466208079254
2018-10-01,1.3548164964752494,1.3374753894926448,1.320342249508102,1.3403690436506803,1.4774548672012013,1.2689304316267696
2018-10-02,1.3549645565050004,1.3376215544134844,1.320486542047536,1.3405155248021843,1.476593056694893,1.2697969418177406
2018-10-03,1.3549645565050004,1.3376215544134844,1.320486542047536,1.3405155248021843,1.4774041724655358,1.266434263157894
2018-10-04,1.3552610932437608,1.3379142956010948,1.3207755332029694,1.3408088993410783,1.46585727050897,1.2591740773258508
2018-10-05,1.355409292166598,1.3380605976372448,1.3209199611012585,1.3409555179045443,1.4576524756189642,1.253736452512476
2018-10-08,1.355409292166598,1.3380605976372448,1.3209199611012585,1.3409555179045443,1.457652475618964,1.2539381689460367
2018-10-09,1.3552610932437608,1.3379142956010948,1.3207755332029694,1.3408088993410783,1.4555257356430162,1.2537997706606323
2018-10-10,1.3555573521963489,1.3382067625580842,1.3210642536406927,1.3411019990560482,1.4094386462445156,1.2303034410183646
2018-10-11,1.3557059677984442,1.3383534759401652,1.321209087615547,1.3412490298554003,1.3783938695371318,1.2163725678085644
2018-10-12,1.3557059677984442,1.3383534759401652,1.321209087615547,1.3412490298554003,1.3975375779731483,1.2256324417184017
2018-10-15,1.355853750042023,1.338499366630384,1.321353109437271,1.3413952361829802,1.3896875591284423,1.2218898506279139
2018-10-16,1.356001810071774,1.3386455315512236,1.3214974019767052,1.3415417173344841,1.4200739140026761,1.2374972528404626
2018-10-17,1.356001810071774,1.3386455315512233,1.3214974019767052,1.3415417173344841,1.4203276489940724,1.2361663974542503
2018-10-18,1.3560018100717737,1.3386455315512233,1.3214974019767052,1.3415417173344841,1.399816576364805,1.2265042693358934
2018-10-19,1.3561501478876967,1.3387919707026836,1.3216419652338491,1.341688473309912,1.3990565037472542,1.2255080657336272
2018-10-22,1.3564468235195428,1.3390848490056042,1.3219310917481373,1.341981985260768,1.3927766280384604,1.2223727044144883
2018-10-23,1.3564468235195428,1.3390848490056042,1.3219310917481373,1.341981985260768,1.3856865076025915,1.2200297534118163
2018-10-24,1.3565940501907774,1.3392301912345816,1.3220745721344414,1.3421276419404997,1.3437021205143427,1.201117056248002
2018-10-25,1.356743360258303,1.3393775901932143,1.3222200829035704,1.342275359799662,1.367808773888496,1.2123294864600813
2018-10-26,1.356891003608796,1.339523343768123,1.3223639693664397,1.34242142871528,1.343752641041294,1.2022014934620913
2018-10-29,1.356891003608796,1.339523343768123,1.3223639693664397,1.34242142871528,1.3363080929775526,1.198315022292942
2018-10-30,1.356891003608796,1.339523343768123,1.3223639693664397,1.34242142871528,1.356110571664146,1.2074103927297426
2018-10-31,1.3570390636385468,1.3396695086889625,1.3225082619058737,1.3425679098667838,1.3705940228019502,1.2136135629522404
2018-11-01,1.3573361559496513,1.3399627983378142,1.3227977944967269,1.3428618340535257,1.3851803441851505,1.2216535639999673
2018-11-02,1.3573361559496515,1.3399627983378142,1.322797794496727,1.3428618340535257,1.3769758977125721,1.214589428423653
2018-11-05,1.3574844937655748,1.3401092374892747,1.3229423577538713,1.3430085900289537,1.3845721815658818,1.2189083279526696
2018-11-06,1.3574844937655748,1.3401092374892747,1.3229423577538713,1.3430085900289537,1.3933340959220637,1.223021723966374
2018-11-07,1.35763310936767,1.3402559508713556,1.3230871917287252,1.3431556208283055,1.423163505538835,1.2388400147034941
2018-11-08,1.3577808916112486,1.3404018415615744,1.3232312135504491,1.3433018271558854,1.420580861359328,1.236792270231625
2018-11-09,1.358078539494697,1.3406956796716674,1.3235212875767222,1.3435963009904754,1.4067041791710837,1.2313232474015339
2018-11-12,1.3579299238926017,1.3405489662895864,1.323376453601868,1.3434492701911236,1.380419307146106,1.218838217343853
2018-11-13,1.3580785394946968,1.3406956796716674,1.323521287576722,1.3435963009904757,1.3778365758622424,1.217856197816645
2018-11-14,1.3579299238926015,1.3405489662895864,1.3233764536018677,1.3434492701911238,1.3684165009859812,1.2138780713794741
2018-11-15,1.3583745206611126,1.3409878723980362,1.323809737296735,1.3438891258815215,1.3826985668508336,1.2217911194073496
2018-11-16,1.3585227195839498,1.3411341744341863,1.3239541651950242,1.3440357444449875,1.3862945831175038,1.225200053724095
2018-11-19,1.3583745206611126,1.3409878723980364,1.3238097372967352,1.3438891258815215,1.3628456547416457,1.2134922024880916
2018-11-20,1.3586716129722172,1.341281162046888,1.3240992698875886,1.3441830500682637,1.3376248495394962,1.200020977370169
2018-11-21,1.3589687052833217,1.3415744516957397,1.3243888024784418,1.3444769742550056,1.3421824979053822,1.2023405287080449
2018-11-23,1.3589687052833217,1.3415744516957397,1.3243888024784418,1.3444769742550056,1.3332186756501079,1.1978781879992908
2018-11-26,1.3591166264199865,1.341720479501269,1.324532959659021,1.3446233179945475,1.354742771949111,1.2089045233308156
2018-11-27,1.3591166264199865,1.341720479501269,1.324532959659021,1.3446233179945475,1.3593008558367812,1.2118062379830317
2018-11-28,1.35926565870134,1.3418676042292812,1.3246781997104402,1.3447707610297857,1.3905988449094207,1.2283549294154699
2018-11-29,1.359413857624177,1.342013906265431,1.3248226276087292,1.3449173795932514,1.3875603836307107,1.2280034218934728
2018-11-30,1.3595624732262723,1.342160619647512,1.3249674615835831,1.3450644103926035,1.3960179553641876,1.2334573791722723
2018-12-03,1.3595171940802133,1.342115920056336,1.3249233345968519,1.3450196140929878,1.4145030677583403,1.2443709145697155
2018-12-04,1.3596660874684807,1.3422629076690376,1.3250684392894159,1.3451669197162637,1.368669800455593,1.2225537186389916
2018-12-06,1.359963040886499,1.3425560602025788,1.325357836521414,1.3454607064910435,1.366593145484813,1.2227373577133862
2018-12-07,1.3601120731678527,1.3427031849305908,1.325503076572833,1.3456081495262815,1.3348395135216846,1.207496364529826
2018-12-10,1.3602611054492062,1.3428503096586029,1.3256483166242523,1.3457555925615194,1.3373714629655264,1.2091237139343007
2018-12-11,1.3601120731678529,1.3427031849305908,1.325503076572833,1.3456081495262813,1.3376752829620904,1.2080069600174363
2018-12-12,1.3604097210513018,1.342997023040684,1.3257931505991063,1.3459026233608713,1.3444108015613734,1.210177292259993
2018-12-13,1.360558197760311,1.3431435993074547,1.3259378492151055,1.3460495167482613,1.3439555941926682,1.210232303736303
2018-12-14,1.3607069522554922,1.3432904498048461,1.3260828185488147,1.3461966849595755,1.3191393887279155,1.1979557227284585
2018-12-17,1.3608555678575875,1.3434371631869273,1.326227652523669,1.3463437157589275,1.2932600745882594,1.1858067257084006
2018-12-18,1.3608555678575875,1.3434371631869273,1.326227652523669,1.3463437157589275,1.2918420156593429,1.1863052282922144
2018-12-19,1.3607069522554924,1.3432904498048461,1.3260828185488147,1.3461966849595755,1.2724959638024502,1.177893450328373
2018-12-20,1.361004461245855,1.343584150799629,1.326372757216233,1.3464910213822032,1.2517822864392356,1.166350868257741
2018-12-21,1.3613022480223897,1.3438781260250323,1.3266629666013612,1.3467856326287553,1.2261336246364205,1.1532931605162178
2018-12-24,1.3614514191968294,1.3440253878683548,1.3268083420116354,1.3469332130759555,1.193735681745946,1.1375192850550087
2018-12-26,1.36130224802239,1.3438781260250323,1.3266629666013612,1.3467856326287555,1.2540490902209385,1.1668552830825631
2018-12-27,1.3617490670802783,1.3443192259784478,1.3270984160379085,1.3472276869105455,1.2636768218838423,1.1732022052828277
2018-12-28,1.3618978215754596,1.3444660764758392,1.3272433853716177,1.3473748551218594,1.2620468380547998,1.175099750311046
2018-12-31,1.3620471316429852,1.3446134754344718,1.3273888961407467,1.3461750504080403,1.2731009035605174,1.1828372329752335
2019-01-02,1.363632240621891,1.3448321173594635,1.3262758035786408,1.3490171682371441,1.274425238201503,1.1852792485018946
2019-01-03,1.3744715600855517,1.3555219973071557,1.3368181820173877,1.3597403145612708,1.2440139714812206,1.171934054788803
2019-01-04,1.3633705206237499,1.3445740056422641,1.326021253348376,1.348758253289077,1.2856830407978062,1.1915111416151327
2019-01-07,1.3595839359744861,1.3408396258734874,1.3223384014408628,1.3450122523155956,1.2958200716349957,1.1958997651407823
2019-01-08,1.3561892701097606,1.3374917615838422,1.3190367317798648,1.3416539696382552,1.3079947346911132,1.2015676255483654
2019-01-09,1.3569723863559207,1.338264081163923,1.3197983947104783,1.3424286926385811,1.3141075442435395,1.2052700713286468
2019-01-10,1.3563189880142137,1.3376196910936526,1.319162896087837,1.3417822972583584,1.3187435865305572,1.207648510070642
2019-01-11,1.3603681342050207,1.3416130125208416,1.3231011167151017,1.3457880457038556,1.3192526243917728,1.2093287995310436
2019-01-14,1.3595839359744863,1.3408396258734872,1.3223384014408628,1.3450122523155958,1.3112042689266035,1.2045390402202312
2019-01-15,1.3582783414959327,1.3395520313632507,1.321068573466275,1.3437206508750774,1.3262314254596348,1.2125281967785309
2019-01-16,1.3574945039268562,1.338779000404987,1.3203062089732445,1.3429452142827956,1.3294406983820548,1.2140604871207823
2019-01-17,1.355013633976632,1.3363323337094772,1.3178933019673884,1.3404909336818254,1.3395269473792224,1.2188702503899664
2019-01-18,1.3507038497720585,1.3320819676323625,1.3137015834534842,1.3362273406761953,1.3573559026535027,1.2273982360941948
2019-01-22,1.3554056729816562,1.3367189677516391,1.318274601140973,1.340878770909959,1.33901756110058,1.2187192042292823
2019-01-23,1.354752034198977,1.3360743405553082,1.3176388686641927,1.340232137665751,1.3418190985287584,1.2200673606851986
2019-01-24,1.3590618184035506,1.3403247066324229,1.3218305871780969,1.3444957306713812,1.342532221897987,1.221952015621859
2019-01-25,1.3559271894501612,1.3372332941775515,1.3187818307683912,1.3413946978942104,1.3538922850091886,1.2272519732038283
2019-01-28,1.3563189880142135,1.3376196910936529,1.319162896087837,1.3417822972583584,1.3436022118170785,1.221608322069696
2019-01-29,1.3602376949776516,1.341484371632849,1.3229742508447124,1.3456590044917964,1.3418190985287584,1.2219564922898147
2019-01-30,1.36337052062375,1.3445740056422646,1.326021253348376,1.348758253289077,1.3630614122334714,1.234964369844152
2019-01-31,1.3696398987510146,1.350756949115038,1.3321188830948565,1.3539442174470795,1.3750322510946462,1.243845836865463
2019-02-01,1.3618228849537037,1.3420404211335453,1.3225292408308538,1.3452676885606911,1.3756944184151392,1.2415818790503126
2019-02-04,1.3626482779532054,1.3428538240957737,1.323330818179185,1.3460874163901064,1.3853730190224218,1.2457343521299877
2019-02-05,1.371463666073387,1.3515411558449875,1.3318918496371117,1.3547810708392518,1.3911806149085755,1.2497403346739961
2019-02-06,1.3649287620612773,1.3451011808457591,1.3255455018575828,1.34834106233049,1.3893467197802334,1.2491267643455708
2019-02-07,1.3676813664610887,1.3478137996515904,1.3282186834052068,1.3510890773197377,1.3761021539093812,1.2435646224253296
2019-02-08,1.3676848635095382,1.3478172459003102,1.3282220795508304,1.3511032576032538,1.377782919578446,1.2451427001748459
2019-02-11,1.3656339358704561,1.345796110976761,1.3262303287853803,1.3490845680698476,1.3785471732051238,1.244795094763678
2019-02-12,1.3649305000266343,1.345102893564634,1.3255471896761895,1.348367655726404,1.3962744776950031,1.2537405404392175
2019-02-13,1.3621490070436209,1.34236180582441,1.3228459530881982,1.345636127767284,1.4008076497366249,1.2549601497169312
2019-02-14,1.3674380170358174,1.3475739852316817,1.3279823555139543,1.3508641062234996,1.397700637329103,1.2556089357957942
2019-02-15,1.3694993885279074,1.34960541229604,1.3299842487884947,1.3529109562016637,1.4129320535788608,1.2633911168362186
2019-02-19,1.3735152130878066,1.3535629011465438,1.3338842019066228,1.3568659314520348,1.4153774212920305,1.2655741301688066
2019-02-20,1.3722127795193662,1.3522793873254735,1.332619348380123,1.3555617619183304,1.4182296534558738,1.2670254823632263
2019-02-21,1.3677402807048684,1.3478718580800446,1.3282758977544158,1.3511452634331427,1.4131863983007549,1.262814803196923
2019-02-22,1.3765821347647331,1.3565852713125632,1.3368626315114474,1.359870654023348,1.4219485739700075,1.269041895266044
2019-02-25,1.3761377034001276,1.3561472959617962,1.33643102364105,1.3594024262806041,1.423884294091464,1.269329463461387
2019-02-26,1.3765774200085656,1.3565806250451065,1.3368580527934923,1.3598409179676205,1.422865173116751,1.270253011657846
2019-02-27,1.3668086108374002,1.3469537220763772,1.3273711100201655,1.3501955662158909,1.4222539618449939,1.2681597242290346
2019-02-28,1.3611982726489624,1.3414248822336183,1.3219226509091178,1.3443382840562572,1.4196052925630225,1.2654381577802407
2019-03-01,1.3585717539765798,1.3384974238877563,1.3187035894606576,1.3411870325569988,1.428468944807962,1.2685842209226408
2019-03-04,1.3625785830921266,1.3424450478784802,1.3225928355910597,1.34512225412292,1.4232729086109932,1.2673801407901142
2019-03-05,1.3639601529330778,1.3438062035683591,1.3239338623737968,1.3464796779108854,1.4213371013851799,1.2666417095349451
2019-03-06,1.3625337167410412,1.3424008444750373,1.3225492858719894,1.3450537242872629,1.4127278809664912,1.2634707662657911
2019-03-07,1.3623608417931448,1.3422305239367684,1.3223814840509582,1.3448560703742622,1.40090999735588,1.2588827330615688
2019-03-08,1.364005724164331,1.3438511014366221,1.3239780962878718,1.3464693035164634,1.3981083728233452,1.2581233942539325
2019-03-11,1.3725374286601588,1.3522567410030355,1.3322594324115873,1.3549222003506618,1.418382608706438,1.2685417655370825
2019-03-12,1.3787713426706487,1.3583985423612304,1.3383104081940294,1.3610723852819475,1.4237313388409005,1.2728129828907326
2019-03-13,1.3819333939446286,1.3615138709936967,1.3413796670335796,1.36420919801776,1.4331546365783638,1.2776415978102138
2019-03-14,1.379238847240108,1.358859139057758,1.3387641935403174,1.3615576037237613,1.4322383858490473,1.2764187374284388
2019-03-15,1.3831963047513847,1.3627581209617203,1.3426055169080255,1.3654651564559328,1.4393148309008965,1.2818071276145726
2019-03-18,1.3820363568547294,1.3616153125182409,1.3414796084306637,1.3643304246771593,1.444532991604496,1.283903964572986
2019-03-19,1.3800671758550886,1.3596752282440958,1.3395682143177485,1.3623909614309022,1.4448915131371387,1.283752591893418
2019-03-20,1.3861046473809924,1.3656234897625354,1.3454285123470369,1.3683264788934377,1.4405422183927494,1.2850068547526226
2019-03-21,1.3967542973071527,1.376115779882471,1.355765641426175,1.3788567099884286,1.4568129638280005,1.2934370986480292
2019-03-22,1.3955257204858098,1.374905356579026,1.354573117984192,1.3775800482767493,1.428774158474235,1.2823053715210946
2019-03-25,1.397172852366696,1.3765281503497018,1.356171913717492,1.3792005657522564,1.427699726232946,1.2830543302638804
2019-03-26,1.4019559727930009,1.3812405951285769,1.3608146703893633,1.3839375207726017,1.4383428333832193,1.288288362512208
2019-03-27,1.4034478820940692,1.3827104598967126,1.3622627986495823,1.385386122194351,1.4308206753375576,1.2857949462675067
2019-03-28,1.4094439745333038,1.388617953748117,1.3680829318881929,1.3913062955692612,1.4362442281145222,1.288735719238477
2019-03-29,1.4103754615446567,1.3895356770567544,1.3689870838123084,1.3922326014465787,1.4453006423010892,1.2927325380049857
2019-04-01,1.4067802466495267,1.3859849460591955,1.3654803499457002,1.3888226262094943,1.4624406892173347,1.2982909922533372
2019-04-02,1.4106698333757932,1.389817036154174,1.3692557471740703,1.392661250795744,1.4631568612390515,1.2995537813610438
2019-04-03,1.4066877054914995,1.3858937728626552,1.3653905255874548,1.388756969260743,1.4654600746419022,1.2991707720502585
2019-04-04,1.4084113000447311,1.3875918889042884,1.3670635192901432,1.390457894989444,1.469348238921323,1.3017859385502286
2019-04-05,1.413219295015337,1.3923288111534167,1.3717303623671884,1.3952182497107273,1.476460309655109,1.305830034271042
2019-04-08,1.4097041507031247,1.3888656283915353,1.3683184147677099,1.3917572804521359,1.47758552373642,1.3056002447408612
2019-04-09,1.407736697448598,1.3869272584155965,1.3664087215054599,1.3897886668366697,1.4700133677899476,1.3024834958383051
2019-04-10,1.4138651824197954,1.3929651509240102,1.3723572879734907,1.3958450468199015,1.4750270945681068,1.306384595209105
2019-04-11,1.4106724129276358,1.3898195775745767,1.3692582509960856,1.392707662771492,1.4746178782997992,1.304992635535095
2019-04-12,1.4106846720324837,1.3898316554629404,1.369270150201251,1.3927624595616865,1.484595508164021,1.3079268755490083
2019-04-15,1.409963510039574,1.389121153827576,1.3685701598987208,1.3920391207852343,1.4836229009158464,1.308092106619402
2019-04-16,1.398815502961311,1.378137938769053,1.357749433177061,1.3810423347070913,1.4845955081640212,1.3068512211079164
2019-04-17,1.3949837922351942,1.3743628691398768,1.3540302128399473,1.377247138093358,1.4809630822762032,1.305008324050648
2019-04-18,1.4009534844421254,1.3802443161897051,1.3598246483413003,1.3831356140014035,1.4838791619335907,1.3077887771179713
2019-04-22,1.3952968837575261,1.3746713324821254,1.354334112700993,1.3775609588109166,1.4851578538916064,1.3077384827944953
2019-04-23,1.4044278392827048,1.3836673124378962,1.36319700395608,1.386600803363475,1.4985116486259022,1.315802145411055
2019-04-24,1.4103173361273127,1.389469749588923,1.3689135984501615,1.3923897393019695,1.4951856558653525,1.3159811969396247
2019-04-25,1.4084268512212728,1.3876072102002983,1.3670786139191982,1.3905252018420668,1.4942646143964111,1.3148533030322518
2019-04-26,1.4149770812600309,1.3940606134582454,1.373436543970356,1.3969985981683675,1.5012237298796334,1.3199404197332143
2019-04-29,1.4091499351930916,1.3883196054035043,1.3677804697756697,1.3912625131343503,1.5035772896007225,1.3201220462285674
2019-04-30,1.415127089082907,1.394208403836162,1.3735821479017187,1.3967964122345813,1.504344330566818,1.3215586399007122
2019-05-01,1.4100695102858236,1.3888702004912652,1.3679727902366832,1.3925849136320962,1.4930374882176292,1.3153783576605123
2019-05-02,1.4096197364479182,1.3884271886568338,1.3675364441079805,1.3921395564234242,1.489814104389405,1.3121781158546735
2019-05-03,1.4237876182359446,1.402382067246815,1.3812813528801597,1.40613298292795,1.5043957221373376,1.3205586015479296
2019-05-06,1.4225659585760613,1.4011787742996396,1.3800961650851897,1.4049285002621437,1.4982050412899204,1.3186505909590356
2019-05-07,1.405860214017473,1.3847241877525271,1.3638891598063074,1.3884354177123133,1.4731851858389389,1.3072776890922289
2019-05-08,1.4017467375006107,1.3806725541890636,1.3598984884902499,1.3843713477915556,1.4711389302886866,1.305198231079065
2019-05-09,1.4017875262814343,1.3807127297419617,1.3599380595482058,1.3844095830325116,1.4666880718642532,1.3042567665513762
2019-05-10,1.4077466458057855,1.3865822584908383,1.3657192733845565,1.390289419484027,1.4740548357373604,1.3077855688509585
2019-05-13,1.3903442625772433,1.3694415066999908,1.3488364271360114,1.3730935861849545,1.4370116174980456,1.2909324615366098
2019-05-14,1.3979079634232499,1.3768914931253549,1.3561743185487047,1.3805648173138112,1.4500080230563372,1.2972758616072306
2019-05-15,1.4056326612324275,1.3845000560484635,1.3636684004635842,1.3881926309351766,1.4585008720543238,1.303451331737763
2019-05-16,1.4111749643509963,1.3899590349054063,1.369045241680376,1.393666033863839,1.4720085801871081,1.3095130347365633
2019-05-17,1.4042252298205367,1.3831137842845882,1.3623029870130086,1.386800050434603,1.4624920807878548,1.304751824058714
2019-05-20,1.3936583368336535,1.3727057564007092,1.3520515618329343,1.3763702028504445,1.4528221035118967,1.2987578268995994
2019-05-21,1.403737212200715,1.3826331036340664,1.3618295388459485,1.386322868541291,1.4659199856458756,1.3050544090412006
2019-05-22,1.4029232230979765,1.3818313522309817,1.3610398508653396,1.3855160448238866,1.4614173872334955,1.3042859385840744
2019-05-23,1.396601852793579,1.3756050188637223,1.3549072010134378,1.3792675445515026,1.4435614296086035,1.2981382771921148
2019-05-24,1.401913619474694,1.3808369272211105,1.360060388310125,1.3845139852839,1.4468358565899198,1.2997122854464578
2019-05-28,1.3951568954122513,1.3741817853044778,1.3535053819071532,1.3778455539589152,1.4333794529232982,1.2949798574293876
2019-05-29,1.3864879247093227,1.3656431459037939,1.345095217759599,1.3692902017056248,1.4237600832786483,1.2897134944887805
2019-05-30,1.3911347444129596,1.3702201042497186,1.3496033096439644,1.3738787387361746,1.4276488572885668,1.293714988438837
2019-05-31,1.388703240763231,1.3678251563859005,1.347244396974818,1.3707855678866088,1.4084105535210516,1.2871897489342752
2019-06-03,1.3947961119774035,1.3731395127579018,1.351802214060721,1.377204245876385,1.404829693412467,1.2877167918034513
2019-06-04,1.3867008983156779,1.3651699911570896,1.3439565313424768,1.3692101064573867,1.435323622167365,1.3025556371036655
2019-06-05,1.3919706954417168,1.3703579656544684,1.3490638895874973,1.3744212554206583,1.4477565496414333,1.3093776162364348
2019-06-06,1.3936289985054238,1.371990520722087,1.3506710762822787,1.3760598016965093,1.4571711369432152,1.3144488351413155
2019-06-07,1.4006737787167982,1.37892591865148,1.3574987046399505,1.383016085916636,1.4717524933780775,1.3244846471250447
2019-06-10,1.3927955189301442,1.3711699823451406,1.3498632883012527,1.3752374375092478,1.4785063909966478,1.325635065562856
2019-06-11,1.3939640086927185,1.3723203293022805,1.3509957599468152,1.3763923478486118,1.4781485662988598,1.3254387262351641
2019-06-12,1.3972142404676329,1.3755200956605544,1.3541458049403525,1.3796017752353695,1.475539268186168,1.3253321098076045
2019-06-13,1.401642551861664,1.3798796499335584,1.3584376158334264,1.3839750754868019,1.4816275143099733,1.3299505419774968
2019-06-14,1.403223412718341,1.3814359652170862,1.3599697474387749,1.385536093530008,1.4799904750280288,1.32943078072395
2019-06-17,1.4075326232120957,1.3856782678353352,1.3641461286577137,1.389795615589884,1.4805529949643277,1.3296448044721343
2019-06-18,1.4102561374865903,1.3883594948847617,1.3667856919563726,1.3924838723248438,1.4960565252247697,1.3391454868754933
2019-06-19,1.414629752286394,1.3926652018218704,1.3710244922505903,1.3968033592295686,1.4994330385122707,1.342418105396932
2019-06-20,1.4185382495025916,1.3965130129227032,1.3748125119798793,1.4006641057820775,1.5137590920773136,1.3511305390901416
2019-06-21,1.406665371750992,1.3848244819389508,1.3633056097924832,1.388936068006806,1.511558487606789,1.347793790081354
2019-06-24,1.4104411133731372,1.3885415987037673,1.36696496605302,1.3926617244074895,1.5097076942332253,1.3485761839915205
2019-06-25,1.4073028183460858,1.385452031083575,1.3639234074126472,1.3895564114827772,1.4949006504098608,1.3412561120395785
2019-06-26,1.3951233026273195,1.3734616232124315,1.3521193192212382,1.3775238132479275,1.493409946447362,1.3383085421980412
2019-06-27,1.4041441527448268,1.3823424091772383,1.3608621061109063,1.3864351787749458,1.4987055429241685,1.3427760720172017
2019-06-28,1.4054348780318866,1.3836130937429307,1.3621130454315773,1.387015900903855,1.5064172400502553,1.3472441240564668
2019-07-01,1.4013511378995054,1.3789013859104897,1.3567939216674165,1.3908294206607938,1.5200927982786183,1.3541219069187367
2019-07-02,1.4120603241464633,1.389439010177908,1.3671625997331127,1.4014421304256715,1.5240516912957716,1.3581644213560575
2019-07-03,1.4240195285792254,1.4012066272445627,1.3787415505353156,1.4133114921106613,1.536237242396491,1.365709849312318
2019-07-05,1.4149070513427358,1.3922401325876221,1.3699188126850905,1.4042925624618021,1.5344887095378255,1.3613148602538514
2019-07-08,1.412705116582379,1.3900734729898774,1.367786890415246,1.4020875321660495,1.5260571820070357,1.3562683830092832
2019-07-09,1.4127272004913238,1.3900952031129186,1.3678082721465,1.4021078654494885,1.5279598895772601,1.356938395029412
2019-07-10,1.4157729915525805,1.3930922003693347,1.3707572195493445,1.4051549656196032,1.5352602799304758,1.3611335859593743
2019-07-11,1.4071045113332081,1.384562589863472,1.3623643614328786,1.3965919668365467,1.5388590835365639,1.3603852599398112
2019-07-12,1.409036515300919,1.386463642980433,1.3642349356017172,1.398516272071625,1.545748689743049,1.3646577384276746
2019-07-15,1.411184183172487,1.3885769050490813,1.3663143164471714,1.40063535145434,1.5462622570308187,1.3660691849823359
2019-07-16,1.4067269077243392,1.3841910354931837,1.3619987640694076,1.3962097526230952,1.541275706811985,1.3622195623134585
2019-07-17,1.406372825538291,1.3838426257307312,1.3616559402440236,1.3958189358356405,1.5307872969994112,1.3591406079147321
2019-07-18,1.4087528023735576,1.386184475155782,1.3639602435813294,1.398190314402039,1.5363912428993358,1.363468068003762
2019-07-19,1.3991529174123367,1.376738381082993,1.354665595572113,1.3886595971726445,1.527856583810079,1.3579216797207527
2019-07-22,1.4007337349973918,1.3782938738499033,1.356196149644294,1.39022949998771,1.5316099105451533,1.3601729610479985
2019-07-23,1.4074825806372904,1.3849346024685,1.362730409684366,1.3969572145150122,1.5425610187011176,1.3651310171595352
2019-07-24,1.4112135335931983,1.3886057852738172,1.3663427336449334,1.4006585312193318,1.549810191692527,1.3697931823261855
2019-07-25,1.4022010237112923,1.3797376564868238,1.357616784597597,1.3917087828357195,1.5424068439895582,1.3649003175748413
2019-07-26,1.4076974642834366,1.3851460436622642,1.3629384609122641,1.397171086327677,1.5527405564644319,1.3703197890245693
2019-07-29,1.40885343805043,1.386283498641444,1.3640576794566002,1.3983155763482809,1.5499124522074255,1.3693040689678133
2019-07-30,1.4076365267672313,1.3850860823697109,1.3628794609590384,1.397084584798951,1.5461084307366857,1.3675198610120318
2019-07-31,1.4028681718642544,1.3803941168755496,1.3582627201767035,1.3919584460645995,1.5291936356871587,1.3598717998870384
2019-08-01,1.4106562817111425,1.3877104462442125,1.3651202984861959,1.3997862060956792,1.5158769474088656,1.358929267515829
2019-08-02,1.4137621550520334,1.3907657992283124,1.3681259142390523,1.402881708802597,1.5044636635356512,1.3539774002195326
2019-08-05,1.4057093008784898,1.382843933353833,1.36033300618939,1.394934160223679,1.4592197443111012,1.3345866168357596
2019-08-06,1.4177417252850792,1.3946806374887437,1.3719770239493445,1.406871677362274,1.4796822998136239,1.346401088754254
2019-08-07,1.4214706079530626,1.3983488658858856,1.3755855382888993,1.410568708377546,1.4805563049298862,1.3468675985160652
2019-08-08,1.4351662283669273,1.4118217123634567,1.3888390640908403,1.4241441080930584,1.5096049110921852,1.3624220843312131
2019-08-09,1.4310877080735485,1.4078095335714156,1.3848921984280542,1.420099407412733,1.4993220675616903,1.356090755244903
2019-08-12,1.43591375606533,1.4125570807231196,1.3895624615959592,1.4249208453466722,1.481070220635083,1.349868146324921
2019-08-13,1.4391473184108843,1.4157380457134463,1.392691644552549,1.4281165200137385,1.5041039225420134,1.360179834268039
2019-08-14,1.4343400379109819,1.4110089607802627,1.3880395430619057,1.4233960034230497,1.4596309639796154,1.3401596832275247
2019-08-15,1.4453132438359229,1.421803675756726,1.3986585339116364,1.43429252620566,1.463486812542659,1.3457866383047237
2019-08-16,1.4498771384656979,1.426293333751666,1.4030751060277726,1.4387993820215577,1.4850803310140426,1.3558254931164975
2019-08-19,1.4493580791617797,1.4257827175033235,1.402572801957615,1.4382573489068444,1.5029726111557258,1.3626988385243777
2019-08-20,1.4496720147871505,1.4260915466294708,1.4028766037413434,1.4385879814979263,1.4914558473066175,1.3590300972508484
2019-08-21,1.4504440558506622,1.4268510296181018,1.4036237233201727,1.439339892941922,1.5035893100019622,1.3640194090744997
2019-08-22,1.4486665506788654,1.425102437471925,1.4019035960133701,1.4375666930706914,1.503126263241144,1.362532934268596
2019-08-23,1.443353268286949,1.4198755813095125,1.3967618263712314,1.4323337398871916,1.4645149923704808,1.3456910434753913
2019-08-26,1.4479312123541612,1.4243790602127404,1.40119199440898,1.4368623540745467,1.4807104796414459,1.353790205433532
2019-08-27,1.4530405784432467,1.4294053169894156,1.406136430166319,1.4419545282685158,1.4749007932507285,1.3531180684313893
2019-08-28,1.4572397715109784,1.433536205683874,1.4102000732864344,1.4461177435502015,1.485286245713549,1.3588597241109115
2019-08-29,1.4622221009276921,1.4384374921757306,1.4150215731150464,1.4510470466817487,1.5042577488361457,1.36789557394867
2019-08-30,1.4625465302601994,1.4387566443176274,1.4153355298690566,1.4513456640568119,1.5035893100019624,1.3676874390297413
2019-09-03,1.4654679835361728,1.4416077455251188,1.4181177589684826,1.4541098829355859,1.4947982156862483,1.3641940414561797
2019-09-04,1.4738272579838365,1.4498309171850303,1.4262069398168546,1.4623894628703495,1.5117642280975814,1.374341868476327
2019-09-05,1.4663063306670887,1.4424324429807744,1.4189290185578345,1.4548818701653463,1.531199126398424,1.3805755769013168
2019-09-06,1.470208511954949,1.446271090315429,1.422705117827964,1.4587585660721463,1.5323807841029498,1.3815574078221466
2019-09-09,1.459940532116558,1.4361702901395,1.412768903102606,1.448550776025899,1.5331521802868862,1.378628819561289
2019-09-10,1.4471900445113777,1.4236274015214245,1.4004303920525165,1.4358783415770076,1.5327926135019618,1.3745069160829895
2019-09-11,1.4492769873378488,1.4256803654734922,1.4024499043976648,1.4379344457403611,1.5436930269222608,1.3799464165359154
2019-09-12,1.4494387985387882,1.4258395421209573,1.4026064873733628,1.4380849639910893,1.5490393181347322,1.3816758440572587
2019-09-13,1.43459788018248,1.4112402584153287,1.3882450887505842,1.423335560535206,1.5480107898894835,1.3762304314457028
2019-09-16,1.4424566056821413,1.4189710308904329,1.3958498937133212,1.431153994467432,1.5432298059527287,1.375911439472651
2019-09-17,1.4501635996785347,1.4265525423016252,1.4033078697164383,1.4388064444136954,1.547136958981935,1.379437972760519
2019-09-18,1.4507156387791398,1.4270955932943494,1.4038420720743252,1.4393545648614205,1.5480625298774304,1.3801361938324033
2019-09-19,1.4532005353883994,1.4295400316846676,1.4062466800564721,1.441824132371321,1.547959746736391,1.3803192982948298
2019-09-20,1.4580574427127058,1.4343178605398041,1.4109466575432836,1.4466648523072765,1.5406455938947987,1.379379369929126
2019-09-23,1.4590019782374077,1.4352470174668959,1.4118606745102897,1.4476040578402556,1.540283936605311,1.379947551771443
2019-09-24,1.4612660105882187,1.4374741876335022,1.4140515545019612,1.4498757035859544,1.528197161845218,1.3760124002984198
2019-09-25,1.4566078702166363,1.4328918894769689,1.409543921678234,1.445229177844123,1.537236677786563,1.3774180079210303
2019-09-26,1.461967631441861,1.4381643849413903,1.414730505529067,1.4505606921074046,1.5340340247952604,1.376813875648405
2019-09-27,1.459253500713286,1.4354944447416462,1.4121040701312315,1.4478778311310208,1.5257702602556922,1.373056488302493
2019-09-30,1.462779192413586,1.4389627323607463,1.4155158444374696,1.4513564634690426,1.5328462697857574,1.3773603621052881
2019-10-01,1.4573399446487119,1.4335936244171217,1.4102161023711377,1.4457137609287833,1.5146137600263627,1.3691848133788058
2019-10-02,1.4516455932061925,1.4279920583904977,1.4047058807332227,1.440012373440629,1.487858263161524,1.3567227037057898
2019-10-03,1.4633223140600267,1.4394785153641245,1.4160050287675814,1.451595143199468,1.50004799527137,1.366183539705871
2019-10-04,1.473804912022895,1.4497903068319131,1.4261486664934266,1.462008120583781,1.5203467945830837,1.3781803766775862
2019-10-07,1.4671050635839475,1.443199627668891,1.4196654611254933,1.4553753456525613,1.513786791262779,1.3727810778196787
2019-10-08,1.4614053231034854,1.4375927604148733,1.4141500247069698,1.4496721324750579,1.490286035794617,1.3613296450537655
2019-10-09,1.4624028179842254,1.4385740018243802,1.4151152650738574,1.4507022227851964,1.5044382290634615,1.3675089293366884
2019-10-10,1.4575384767547699,1.4337889215833952,1.4104082148386705,1.4459390105276961,1.5146137600263625,1.3694805928977836
2019-10-11,1.4540518488782412,1.4303591058339122,1.4070343288812373,1.4425412308373589,1.530315365594197,1.3741275067673915
2019-10-14,1.4574473223507018,1.4336992524756558,1.4103200079594926,1.4458859564700015,1.528611081748793,1.3747387983847534
2019-10-15,1.4553309144260589,1.4316173299162867,1.4082720351817777,1.4438465560807472,1.5437447669102067,1.3802137255376619
2019-10-16,1.455938215832538,1.432214735777304,1.4088596991825857,1.4444413151850393,1.5412656027065936,1.3799651243729563
2019-10-17,1.4583940267017985,1.4346305309511573,1.4112361001348315,1.4468975187042608,1.5458103596276715,1.3822112270392128
2019-10-18,1.459932610189501,1.436144044312747,1.412724932728193,1.4484205921842481,1.5390444416078608,1.3790665710901129
2019-10-21,1.461176120452889,1.4373672924588203,1.4139282334428498,1.4496995542715485,1.549477453049501,1.382654886135878
2019-10-22,1.4618191564782033,1.4379998506684175,1.4145504765650758,1.450309898780268,1.5444163415012355,1.3812153114681254
2019-10-23,1.4641978829132682,1.4403398174442292,1.4168522856482495,1.4526755981972395,1.548910055269221,1.3838283457162408
2019-10-24,1.4630708083780204,1.4392311077887319,1.4157616556521286,1.4515646299834313,1.5514404368346404,1.3850901010905812
2019-10-25,1.4588709814664733,1.4350997140764017,1.4116976323200414,1.4474141534442526,1.557793654411871,1.387323002229967
2019-10-28,1.454101481895308,1.430407930116187,1.4070823569889785,1.4427168611661836,1.5665742962047675,1.3899738751472681
2019-10-29,1.4567792269038446,1.4330420431700073,1.4096735157251048,1.445376183368014,1.5661093331480995,1.3902166063661459
2019-10-30,1.4661969427458328,1.4423063040154072,1.4187867048452512,1.4546872818745038,1.570913312635053,1.395460244597264
2019-10-31,1.4717070756917965,1.4477266532551505,1.4241186647871553,1.4600976930370748,1.5667295161686081,1.3967098186217488
2019-11-01,1.4732302728314983,1.4492188135567499,1.425580376489043,1.4615892927367036,1.58124336672694,1.4034309145742097
2019-11-04,1.4654300392773512,1.4415457121921678,1.4180324322932916,1.453873117595763,1.58759606167803,1.4039738121827938
2019-11-05,1.4527667892293754,1.4290888542598172,1.4057787601390588,1.4413207931542897,1.5858398636359654,1.4000409251191088
2019-11-06,1.4568534978658998,1.4331089556321526,1.4097332890026697,1.4453678634735128,1.5862016951341669,1.4018320424379853
2019-11-07,1.4451071133140005,1.4215540196538368,1.3983668274109613,1.4337423097368966,1.5917798581444749,1.4003639283829272
2019-11-08,1.4431829201150619,1.4196611879382217,1.3965048699725573,1.4318420554610793,1.5957051288798985,1.401708926317782
2019-11-11,1.4438798497967955,1.4203467587041232,1.397179258285365,1.4325291406825778,1.5926583926872915,1.4006824814242604
2019-11-12,1.443759802624183,1.4202286681216305,1.3970630938970239,1.4324078554145736,1.596015220390153,1.4027230918189841
2019-11-13,1.4504052964196548,1.4267658502657787,1.4034936470302393,1.4389943972932357,1.5965320976434818,1.4044967199092904
2019-11-14,1.459245090565325,1.4354615689325232,1.4120475284557474,1.4477540670510298,1.5988562160919675,1.4085328055624908
2019-11-15,1.4632122563967067,1.4393640758693975,1.4158863809853157,1.4517042836212974,1.610425590972591,1.414255577360723
2019-11-18,1.4665227626540376,1.4426206258052743,1.4190898128206013,1.4549874434120196,1.6116140428169483,1.4158378508435179
2019-11-19,1.470736586608438,1.446765770705125,1.4231673456069915,1.4591583030740884,1.6111489055515664,1.416638449707577
2019-11-20,1.4742543258197918,1.4502261760065187,1.426571307690715,1.4626291087279117,1.6051576936812508,1.415489394519226
2019-11-21,1.465319536356828,1.44143701030467,1.4179255034594582,1.4537683599616253,1.6025752237104574,1.4127138018950132
2019-11-22,1.4652321597969011,1.4413510578525348,1.4178409529913516,1.4536837570357293,1.6061390113651064,1.4145150603572492
2019-11-25,1.4705104112421146,1.4465432816604156,1.4229484856162478,1.4589304309959723,1.6185870949972598,1.4214055788100708
2019-11-26,1.4789606043589283,1.4548557492148173,1.4311253671988666,1.4673123175618543,1.622253491584235,1.4244098393974338
2019-11-27,1.4803429962948578,1.4562156102210726,1.432463047297369,1.4686968414364812,1.6294854179129958,1.4268201466377686
2019-11-29,1.4761726978607017,1.4521132814403115,1.4284276322495844,1.4638204354930748,1.6234424660547333,1.4231470107236581
2019-12-02,1.4590676539136573,1.4345645661630695,1.4104544828970216,1.450379547175045,1.6096510590318087,1.4139254440436502
2019-12-03,1.4618322955709548,1.437282779365219,1.413127012308992,1.4530213790896727,1.598856216091967,1.4133367834266053
2019-12-04,1.4661452222931073,1.4415232762575063,1.4172962410718595,1.4573804091105864,1.6087213071271864,1.4163091252145439
2019-12-05,1.4646537612209367,1.4400568622771757,1.4158544724536144,1.4559215897029028,1.6116140428169479,1.4164938932189581
2019-12-06,1.4735288313955794,1.44878288753077,1.424433843314365,1.4648103853724224,1.6263346791183542,1.4224759135038991
2019-12-09,1.470529301437016,1.4458337306618902,1.4215342516022935,1.4618073304047223,1.6212209565385733,1.4202535125722777
2019-12-10,1.4705355931251964,1.4458399166895914,1.4215403336642016,1.4618131975331359,1.6194135411347026,1.4186388350750507
2019-12-11,1.4762963570400671,1.451503936287406,1.4271091606249298,1.46751414941994,1.6240109090872956,1.4234096547856259
2019-12-12,1.4789951148130465,1.454157372036865,1.4297180012698048,1.4703012712556325,1.6380077081835853,1.4262432380256853
2019-12-13,1.4846014725618382,1.4596695785134306,1.4351375665643251,1.4758244281403012,1.6389892000761548,1.4300911386493327
2019-12-16,1.4904402452595626,1.4654102968410345,1.44078180321369,1.481698614857519,1.6502488318639512,1.4333335427338094
2019-12-17,1.4896999885361015,1.464682471738139,1.4400662103408717,1.4809747465251035,1.6506103149447253,1.4335743424778211
2019-12-18,1.486957642301206,1.4619861795366231,1.4374152335131085,1.4782859531437256,1.6507137949206194,1.4320905345083168
2019-12-19,1.4906787587075758,1.4656448047750263,1.4410123698780113,1.4819933272533106,1.6574804097752847,1.4360834030016125
2019-12-20,1.4936167030732743,1.468533410298618,1.4438524279040983,1.484918476883265,1.6647468294293433,1.4398967352484242
2019-12-23,1.4950078314607813,1.4699011765473922,1.4451972067189678,1.4863149779593907,1.6672901024395705,1.440717661790919
2019-12-24,1.4965392130460164,1.471406840629219,1.4466775657798563,1.4878294787229926,1.6673425392623722,1.4417210801720535
2019-12-26,1.5010565177139368,1.4758482832133097,1.4510443630304086,1.4923212115897135,1.6762174279693407,1.4471998294797817
2019-12-27,1.5001533728338299,1.4749603054422737,1.4501713091035155,1.4914096058754691,1.675802637022197,1.4478036021532035
2019-12-30,1.492948576209899,1.4678765037313803,1.4432065616709158,1.484243593585208,1.6665636521037497,1.4425959723773032
2019-12-31,1.4925631928854828,1.4674975924039206,1.442834018536196,1.4835400299154597,1.6706115657735656,1.4426661358070976
2020-01-02,1.5071110248802415,1.4814306627596736,1.4561686977408375,1.4985156362350969,1.686235125837696,1.4534293030051173
2020-01-03,1.4910724134195783,1.4656653406210454,1.4406722123600733,1.4825531704126256,1.673466672381184,1.4506925581558288
2020-01-06,1.4935360506050206,1.4680869987525151,1.4430525753809837,1.4849958692742906,1.6798512475268672,1.4533707170725463
2020-01-07,1.4899700967049248,1.4645818067909546,1.4396071553945438,1.4814531793595285,1.6751279266743224,1.4500861795173503
2020-01-08,1.4963460725359021,1.470849139419468,1.4457676148891314,1.48779419184691,1.6840556006215197,1.453348265268398
2020-01-09,1.5026973312274954,1.4770921760753726,1.4519041927160286,1.494111213100044,1.6954744591735702,1.4596813477789163
2020-01-10,1.5007998184766638,1.4752269959223159,1.4500708183821471,1.4922351973541792,1.6905955699397575,1.4584118698316326
2020-01-13,1.5136300574586288,1.4878386145254827,1.4624673784773508,1.5050033977560147,1.7022224336958776,1.4637529264415028
2020-01-14,1.5126460148009142,1.4868713394259474,1.4615165977506823,1.5040176140824641,1.6996274206977031,1.4635611437479568
2020-01-15,1.5123259969146492,1.4865567744725243,1.4612073968882355,1.5036855760971153,1.7034682002070178,1.4670173659525008
2020-01-16,1.5243262220176037,1.4983525221872276,1.4728019986609582,1.5156129740703805,1.7176378143472246,1.4731512129249296
2020-01-17,1.5277681525195304,1.5017358040426882,1.4761275874025725,1.5190408077119937,1.7229841055596962,1.4754487088414208
2020-01-21,1.5111555680270565,1.4854062890643263,1.4600765300304475,1.5024956961479567,1.7196103796116131,1.4760065791132626
2020-01-22,1.5147717621745485,1.4889608652064605,1.4635704920781007,1.50610165227161,1.719817862189542,1.476218870754206
2020-01-23,1.5101579501930131,1.4844256701021732,1.4591126329861954,1.5015004126649636,1.7217909500800712,1.478707748053981
2020-01-24,1.497493651955186,1.471977164702021,1.4468764046205753,1.4889111349447226,1.706478526778477,1.472872147641394
2020-01-27,1.4666399315481047,1.4416491751135325,1.4170655803853738,1.4582094075511802,1.679124448773619,1.462685621405719
2020-01-28,1.480063556503575,1.4548440687120314,1.4300354692307704,1.4715541105492642,1.6967198772672831,1.46980840709782
2020-01-29,1.4794250743053023,1.4542164659073726,1.4294185685672887,1.4709280428183096,1.6953188907923018,1.4719114194493197
2020-01-30,1.474948570790518,1.4498162396073364,1.4250933767360674,1.4664562520437805,1.7008207503860417,1.4753374485504587
2020-01-31,1.4469339685651215,1.4222789911521232,1.3980257047684197,1.437522436866422,1.6699370296344052,1.462327768112003
2020-02-03,1.4578874679648939,1.4319710644206345,1.4064960480957587,1.4407807187970496,1.6823420837142928,1.4682415000081637
2020-02-04,1.4601692812823044,1.4342123146657597,1.4086974261060314,1.4430917035276274,1.7079835158554926,1.4782682931172808
2020-02-05,1.4591688537706147,1.4332296714369308,1.4077322642725452,1.4421461580965618,1.7277079490383815,1.486072238732296
2020-02-06,1.4635266755819336,1.4375100256308118,1.4119364702147785,1.4464531444475386,1.7335209453946574,1.4895296956248456
2020-02-07,1.4676383179760335,1.4415485766609644,1.4159031747139654,1.450483857310145,1.7242817862674966,1.4874758991199795
2020-02-10,1.47627369117246,1.4500304415644454,1.4242341457535617,1.4590290572286626,1.7371537196999023,1.4953533779606827
2020-02-11,1.4770579225684497,1.4508007319274148,1.4249907325159075,1.459817261024329,1.7401645688975023,1.4955376095212027
2020-02-12,1.478972416665998,1.4526811926700538,1.4268377395322058,1.4617325501725091,1.751375944871624,1.4999141605876292
2020-02-13,1.4825504731996542,1.4561956432265215,1.430289667397033,1.465260480904454,1.7495073822092704,1.4994514163449721
2020-02-14,1.4895804625354288,1.4631006626695293,1.4370718453333895,1.4722040385201338,1.7523107488289416,1.5023640352018153
2020-02-18,1.4912347608475132,1.4647255530447318,1.438667828623901,1.4738221079851719,1.7477949105543258,1.500927324524343
2020-02-19,1.487768247684143,1.4613206629874023,1.4353235121577212,1.4704058886167808,1.7561513541295428,1.5052013145797392
2020-02-20,1.4946482862848236,1.4680783973220175,1.4419610252135895,1.4771835136817553,1.7489366744634314,1.5031243148493458
2020-02-21,1.4967771129540233,1.470169380514099,1.4440148094480405,1.479248772070281,1.7309255839790552,1.49606309961332
2020-02-24,1.487470739079406,1.4610284430988574,1.4350364909122328,1.4699525595713725,1.6735191092039847,1.4705846604424535
2020-02-25,1.4692234049901445,1.4431054860855057,1.4174323864468479,1.451845365789324,1.622807649502279,1.4456724080757217
2020-02-26,1.4617466558335035,1.4357616487293985,1.4102191972450102,1.4444569447996485,1.6168385621385941,1.4422361900168024
2020-02-27,1.4324315302176849,1.4069676488123082,1.381937447635326,1.415373540848798,1.5442236666639646,1.4070887355828332
2020-02-28,1.435422736260691,1.4099056811333377,1.3848232118461956,1.417584099224702,1.5377354373336738,1.4103964715435373
2020-03-02,1.4329373835571146,1.4067766522872103,1.3810742286068969,1.4142506669032961,1.6043289828305307,1.4464564837638723
2020-03-03,1.4509823151007832,1.424492142635252,1.3984660492111385,1.4320579512535525,1.5583938034303124,1.427771502761511
2020-03-04,1.4447424348726292,1.4183661821300937,1.3924520126791968,1.4259045449310663,1.6238974992147244,1.4625191206650794
2020-03-05,1.4633238293628854,1.4366083413729078,1.410360879707543,1.4442340681162034,1.5699164903756841,1.4379161897183836
2020-03-06,1.4935818224541877,1.4663139228689017,1.439523727259212,1.4740717041590372,1.5439644440980893,1.4294905582439885
2020-03-09,1.5139928707146038,1.4863523324120893,1.4591960263106443,1.4942045810456892,1.4233887574055535,1.368430856948487
2020-03-10,1.4731297305496471,1.4462352190037564,1.4198118700806777,1.4538969569755074,1.4970413270828975,1.3981523204746886
2020-03-11,1.4483210862334779,1.4218794990683548,1.3959011397829706,1.429428922533143,1.4240639032752118,1.3523012965242085
2020-03-12,1.451122062363919,1.424629338572253,1.3986007385184662,1.4321899230761788,1.2878130036349555,1.2777048640623052
2020-03-13,1.435786951424336,1.4095741964023372,1.3838206603695444,1.4170646517656322,1.3979033291674066,1.334497164716645
2020-03-16,1.4874077145375328,1.4602525338888124,1.4335730825023822,1.4679894335868846,1.244939542376716,1.2653825769793186
2020-03-17,1.4342956713859794,1.4081101422405466,1.3823833551165419,1.4155969418646766,1.3121566679639975,1.2877554292140978
2020-03-18,1.3992961740018552,1.373749620750383,1.34865061535689,1.3810789672285413,1.2457180811179107,1.2433754562537913
2020-03-19,1.4119041398816197,1.3861274065741132,1.3608022536290894,1.3935092403824256,1.2483652696258163,1.2466636775871394
2020-03-20,1.4649750938742203,1.4382294592165434,1.4119523790203443,1.44586002266631,1.1945679638752946,1.2313773209254146
2020-03-23,1.4931744433771201,1.4659139811960658,1.4391310926953658,1.4736733805010036,1.164024995367511,1.221393084641098
2020-03-24,1.4784699874670728,1.4514779803657358,1.424958843903419,1.4591684672774516,1.2694895569270477,1.2754019699978953
2020-03-25,1.4782551210445272,1.4512670366985065,1.4247517542690948,1.4589581912187846,1.2884939854965198,1.2861848297447969
2020-03-26,1.4827762858802673,1.45570565991055,1.4291092818970115,1.4634187761646047,1.3637293284415135,1.3289344597911723
2020-03-27,1.5010704705511193,1.4736658528421482,1.4467413342617632,1.4814620475391669,1.3231095182070978,1.3109035061635865
2020-03-30,1.5004437506027728,1.4730505747420908,1.4461372975612437,1.4808502655155988,1.3660785329447613,1.3358708367069636
2020-03-31,1.4993349383488161,1.4719620057588714,1.445068617208651,1.479755202493307,1.3457162345569305,1.3257407617923387
2020-04-01,1.5093181662182702,1.48175075798556,1.4546665331417734,1.4894565626839498,1.2851527494735278,1.2944299821452037
2020-04-02,1.5118876237583063,1.4842732848740423,1.4571429519482764,1.4920198128195183,1.3148081245853867,1.3124013399531915
2020-04-03,1.5136246289793893,1.4859785640262926,1.458817061105349,1.4937413523959495,1.2958036960159145,1.3013228274010102
2020-04-06,1.5075173530709596,1.479982836346676,1.4529309265106032,1.4877228396841462,1.3828378467173774,1.351471844733705
2020-04-07,1.4985344132591265,1.4711639682159936,1.4442732543206225,1.4788308535402563,1.3842477178367536,1.3500202273201163
2020-04-08,1.494417579963822,1.4671223280950758,1.440305489437617,1.4747413463833905,1.4307144951266022,1.3774064869521634
2020-04-09,1.497511830044578,1.4701600622886852,1.4432876983173557,1.4777933688922302,1.4524861420076685,1.3916460390591385
2020-04-13,1.4916970308067616,1.4644514692491166,1.4376834499636877,1.47202425355131,1.4392248521003084,1.382539378363209
2020-04-14,1.4930962100085412,1.4658250927098275,1.4390319656075408,1.4733980817923822,1.4816717633232348,1.4088228062089274
2020-04-15,1.5129051459406475,1.4852722222079304,1.4581236301767044,1.4930227834253083,1.4501893743272223,1.394438183741629
2020-04-16,1.5184097410450996,1.4906762769334243,1.463428906728835,1.4985012363097983,1.4571848123272355,1.3992115525659785
2020-04-17,1.5103048140927842,1.482719384924961,1.455617455005152,1.4904537411109464,1.4965519748063223,1.4215911504954173
2020-04-20,1.516318347865068,1.488623082650656,1.4614132418181982,1.4964125001427713,1.470185834416438,1.4070529198344321
2020-04-21,1.524271514718969,1.496430986429937,1.4690784285984313,1.5043054863357057,1.425545635488959,1.3815781051817022
2020-04-22,1.516800433138361,1.4890963627284448,1.4618778710321545,1.496899865631836,1.457184812327235,1.3990410157751747
2020-04-23,1.5195689594920532,1.4918143224766964,1.464546150473147,1.4996530880219647,1.4570808968295572,1.3993194525964374
2020-04-24,1.5207471752368147,1.4929710183357578,1.4656817036329022,1.5008253956568582,1.477390584185873,1.411696592679659
2020-04-27,1.5075477237329764,1.480012652294348,1.4529601974665975,1.4877384539462142,1.4986923030619326,1.42177362496776
2020-04-28,1.5168198065057559,1.4891153822449819,1.4618965428998985,1.4969206905328125,1.4918002579334566,1.4198760710793603
2020-04-29,1.51428301324962,1.4866249230334887,1.4594516056204068,1.494395954541645,1.5308536705193028,1.4431748672884661
2020-04-30,1.5071547165384753,1.479626823301244,1.4525814208601002,1.4869475958178182,1.5166006104052692,1.4333422574049655
2020-05-01,1.5088431175012194,1.4809132869401866,1.4534800539771218,1.4813172279714537,1.4764509023845735,1.4101849544020921
2020-05-04,1.5082182106471542,1.4802999475859815,1.452878076450471,1.4806744251885884,1.4805232052742974,1.412604171545757
2020-05-05,1.5087156704142761,1.4807881989954912,1.4533572832286847,1.4810879559787373,1.4942020734682195,1.4199981979313967
2020-05-06,1.4973068542386294,1.4695905686608322,1.4423670838113616,1.4698701922508934,1.4840732304405704,1.4121169216750975
2020-05-07,1.5126019371243824,1.484602527961064,1.4571009535162422,1.4848803972414728,1.5019810151577664,1.4257921050357172
2020-05-08,1.511550975247501,1.4835710201856773,1.456088553944796,1.483703152156577,1.5268339786610943,1.4381246403699315
2020-05-11,1.5066324692085566,1.4787435594241962,1.4513505196587593,1.4788427877522288,1.527146683302053,1.4367198875531058
2020-05-12,1.5051606594673572,1.4772989939976724,1.449932714137914,1.4775569407086602,1.4967084142311584,1.4211969351075635
2020-05-13,1.502591040966239,1.4747769410840632,1.447457381086794,1.475164976197153,1.470238097030526,1.407241620749861
2020-05-14,1.5118891312969864,1.4839029167101956,1.456414302239869,1.484256337568177,1.4878328286893359,1.4181765554781571
2020-05-15,1.5121575363733417,1.4841663534050025,1.4566728588918783,1.4844833887527147,1.4946719143688698,1.4217102532726102
2020-05-18,1.5107957493349842,1.482829774077639,1.455361039077705,1.4828847039686908,1.5401992711704895,1.4442219336106918
2020-05-19,1.5102683743151013,1.4823121611693875,1.454853014708919,1.482448383633275,1.52437972630353,1.4367694336204613
2020-05-20,1.5181302482240502,1.4900285058290579,1.4624264176565127,1.4900734481057154,1.5502760257927644,1.4517008052615137
2020-05-21,1.5168365602789162,1.4887587650290495,1.461180198216922,1.4888547792969606,1.5395729908450035,1.4459601143890457
2020-05-22,1.521238885286619,1.4930795996617001,1.465420991388592,1.4931878836009862,1.5424967356857904,1.4487010282579766
2020-05-26,1.51906604211583,1.490946977466102,1.4633278750317422,1.4909332937465793,1.561501338463976,1.4580660467851105
2020-05-27,1.524904065901276,1.496676935003144,1.4689516877584377,1.496570019149046,1.5847348577654354,1.471802331618396
2020-05-28,1.5221257753132458,1.4939500726812291,1.466275339298472,1.4938409646666746,1.5818107645072212,1.469619842225818
2020-05-29,1.5289518867683272,1.500649827635678,1.4728509843944422,1.5005298005915333,1.5888594232692472,1.4754625312687841
2020-06-01,1.5276873183690443,1.4993878150724644,1.4715918840243722,1.499224509399358,1.5952812790796465,1.478771995149953
2020-06-02,1.5282220738229175,1.4999126644980896,1.4721070036934272,1.4997565760613278,1.608490306372919,1.4851649652777619
2020-06-03,1.523802838826645,1.4955752932142676,1.4678500394076635,1.495439669619663,1.6298963762684406,1.493608077513867
2020-06-04,1.5143377116869436,1.4862855019521846,1.4587324640291408,1.4861687406910127,1.625614848713652,1.4888975997162508
2020-06-05,1.5179594972084864,1.4898401960407657,1.4622212605355287,1.4897386204193304,1.6672784304557582,1.5092116115855454
2020-06-08,1.525027411838449,1.496777181735883,1.4690296470956359,1.4966749796837757,1.6874321139090218,1.5210730812096511
2020-06-09,1.5288810039719563,1.5005593883561543,1.4727417384639558,1.5004397311237754,1.6748491927325215,1.516142969243339
2020-06-10,1.5377964000902373,1.5093096320385893,1.4813297684965225,1.5091718415274715,1.6655034178726218,1.5152927641907115
2020-06-11,1.5245598772237663,1.4963183079231919,1.4685792799712938,1.4961311690973,1.5694888079837332,1.4638647297114857
2020-06-12,1.5236719366875964,1.4954468159598602,1.4677239438885679,1.4952779729998444,1.5882845345142813,1.4730325076259532
2020-06-15,1.5268206673207547,1.4985372182218515,1.4707570556968674,1.4983697077108635,1.6031126575919945,1.4808120008070045
2020-06-16,1.5268182991609613,1.4985348939308167,1.4707547744939735,1.4983982308757093,1.6339679823233098,1.4967977702830884
2020-06-17,1.527928405612105,1.4996244363170526,1.4718241187401837,1.4994811344555454,1.627181507675291,1.493935400790412
2020-06-18,1.5337656832778088,1.5053535818692294,1.4774470563232602,1.5051950129401477,1.627807265374636,1.4955916748898455
2020-06-19,1.5320862927196917,1.503705301027128,1.4758293316189202,1.5035436851309476,1.6185050426931427,1.490601149882357
2020-06-22,1.5339396977690767,1.5055243728450498,1.4776146811441073,1.5053637510311662,1.6288880562339725,1.4958551001551874
2020-06-23,1.5328823009490535,1.5044865636752178,1.476596111074284,1.5043390187778625,1.6363872187294357,1.4998408400400423
2020-06-24,1.5283575173195398,1.5000455989841084,1.472237473815144,1.4998726816352765,1.5946452430661977,1.4776912137488456
2020-06-25,1.5336955176165,1.505284715985263,1.4773794670878988,1.5051107843422256,1.6117405183430413,1.4873153149008427
2020-06-26,1.5306756973375832,1.5023208360895062,1.474470532150604,1.502123080548022,1.5734593729846997,1.4675786807619475
2020-06-29,1.5357634479463604,1.507314339129822,1.479371464699949,1.5071284326698282,1.5965852313011384,1.4810482822130235
2020-06-30,1.5374202790338116,1.5089404784020979,1.480967458299016,1.508387441674852,1.6170364632372753,1.491380742800578
2020-07-01,1.5402573576095326,1.5113463450643947,1.4829570874529054,1.5139515412505438,1.6283636880059582,1.4967411130352608
2020-07-02,1.5520339887281314,1.5229019258966063,1.4942956072771176,1.5255741180784956,1.637331081539862,1.5024295268473464
2020-07-06,1.572853324187855,1.5433304772671101,1.5143404270103429,1.5461529704244983,1.6626070237998745,1.5154993132824626
2020-07-07,1.568556097060367,1.5391139101584028,1.5102030642549436,1.5418459998020928,1.645458614865375,1.507949029181082
2020-07-08,1.5798763742804445,1.5502217029679324,1.5211022073445761,1.553045700059487,1.6580446717987205,1.5139638958434836
2020-07-09,1.5850532890615858,1.5553014457748946,1.5260865318328862,1.5580865180271992,1.6486056952770307,1.5106699356093085
2020-07-10,1.5836220118923645,1.5538970340330582,1.5247085006800272,1.556693683383609,1.6654391348572941,1.5187837997001064
2020-07-13,1.5791512332314166,1.5495101729962102,1.520404042812041,1.552265240801541,1.6510177891258977,1.5114609268782555
2020-07-14,1.585317462309786,1.5555606604257184,1.526340877373778,1.558342807068859,1.6724134064986018,1.523224588607435
2020-07-15,1.588225609329611,1.5584142208048382,1.5291408362333139,1.5612311287534346,1.6877784408317107,1.531510688740822
2020-07-16,1.5832351275250693,1.5535174115812742,1.5243360090884945,1.556280752285008,1.6822194407799014,1.5288841049191524
2020-07-17,1.5857594463345666,1.5559943483007534,1.5267664188190764,1.5587823873911737,1.6870962395091507,1.5314290855732948
2020-07-20,1.595451913728052,1.5655048856777893,1.5360983094573935,1.568339787689466,1.7007306844810979,1.5393499381270053
2020-07-21,1.6007725800822599,1.5707256818051452,1.541221037708593,1.5735889791334121,1.704349522089253,1.5419871307389033
2020-07-22,1.602557763981048,1.5724773573594752,1.542939809641112,1.575335089701131,1.7140503343075228,1.547539775820889
2020-07-23,1.599380891291403,1.5693601153579946,1.539881122177118,1.5721508131803617,1.6935989281626724,1.5368384179177008
2020-07-24,1.5962069789804785,1.566245778168192,1.5368252849605737,1.5690210530428055,1.6826913721851144,1.5305212645483497
2020-07-27,1.6034185419248863,1.5733219782878578,1.5437685651385173,1.5761612481696392,1.6949621113467965,1.5363618227512217
2020-07-28,1.601114696103616,1.5710613762239451,1.541550426415029,1.5738523849879984,1.6842125626724977,1.5318529032964663
2020-07-29,1.6125160121834068,1.5822486867736953,1.5525275935769227,1.5851115672958411,1.7049259787226418,1.544075566258533
2020-07-30,1.6089092542511765,1.578709628582233,1.549055013353947,1.5815179437500642,1.698843307277673,1.5415529439247535
2020-07-31,1.6090551632864163,1.5788527988687,1.5491954943176403,1.5816426301931439,1.712267830749701,1.5491123807236573
2020-08-03,1.6124922162325062,1.58220805941534,1.552470775855554,1.5849476500229671,1.724171512151773,1.5553622632676685
2020-08-04,1.6246438919980684,1.5941315150067077,1.5641701324873551,1.5968872921021247,1.730831337064985,1.5610977296561137
2020-08-05,1.6266869606865466,1.5961362128975305,1.5661371524828618,1.5989601073511384,1.7415812341567112,1.5648377555372641
2020-08-06,1.6334184962645737,1.6027413237542392,1.572618121604025,1.6055774676983143,1.7532232540709165,1.571850159894598
2020-08-07,1.621635805479798,1.5911799232503478,1.561274015306851,1.5939881586413482,1.7544820862355788,1.5712129436352613
2020-08-10,1.6216460460226991,1.5911899714659905,1.561283874668293,1.594025505256554,1.7597257685157248,1.5733925331984149
2020-08-11,1.6109884308847047,1.5807325166046704,1.551022965576459,1.5835688269213921,1.7452005943910072,1.563399224966748
2020-08-12,1.617338471199674,1.5869632970467809,1.5571366397481878,1.5898976800816607,1.7695316285883111,1.57474517240788
2020-08-13,1.6103620625575592,1.5801179120779658,1.5504199124187283,1.583068696863441,1.766332982397422,1.5717456131626917
2020-08-14,1.608310104540375,1.5781044918085916,1.548444333980028,1.5810618878316072,1.7663857676376507,1.5720785992407744
2020-08-17,1.6164342985636613,1.5860761056436838,1.5562661229298071,1.5890664200236162,1.7719968560948338,1.5761304135700946
2020-08-18,1.620334655418855,1.589903210040691,1.5600212976662433,1.5928786025526422,1.775824395741913,1.5792673800687074
2020-08-19,1.6105446908182832,1.5802971104040637,1.550595742748181,1.5832473584464237,1.76843045530948,1.5744532777633655
2020-08-20,1.6152006113466466,1.584865588260773,1.5550783569786413,1.5877942469175759,1.773937018538488,1.5792091932545291
2020-08-21,1.6213545108927412,1.590903911646552,1.561003191285863,1.5938389235134807,1.7802299599008036,1.5830724001878875
2020-08-24,1.6289031590760137,1.5983107889468158,1.568270857810869,1.6013072696335855,1.7982687495706462,1.5919756621900958
2020-08-25,1.6305684330009866,1.599944787423647,1.569874145613619,1.6029964462811852,1.8045620393503894,1.5939117288238704
2020-08-26,1.634243637358703,1.6035509679039246,1.573412548654089,1.6066509006702268,1.822653440051747,1.603452202463937
2020-08-27,1.623616681414214,1.5931235964269277,1.5631811575353955,1.5962558585311644,1.826638987002085,1.603428824758234
2020-08-28,1.6322041972557662,1.601549830450312,1.5714490221780884,1.604736190441468,1.8384374463411266,1.6108302833529526
2020-08-31,1.6242705785619131,1.5937652127564226,1.5638107148144935,1.5960708011694427,1.831778318262769,1.607884709805789
2020-09-01,1.6398655912895717,1.6082628024573873,1.5772464126019818,1.6116370429070943,1.8490312524254442,1.6191223558932495
2020-09-02,1.653434777807634,1.6215704894120508,1.5902974521940199,1.624939073905434,1.8757754257238974,1.6340943621498893
2020-09-03,1.6097291180200115,1.5787071064210003,1.5482607173075829,1.582008900708055,1.8112220384723159,1.6009819059816193
2020-09-04,1.6046246678654694,1.573701027048305,1.5433511834181464,1.5770035451579274,1.7964331123551682,1.589593269149106
2020-09-08,1.574111243099032,1.5437756439631876,1.5140029307292067,1.5470148999263396,1.747349981499726,1.5651503039287529
2020-09-09,1.6010534827758653,1.5701986643115005,1.5399163660152846,1.573489324094037,1.7818558498250763,1.5829851963890211
2020-09-10,1.5778115137581081,1.5474046045875378,1.5175619044973525,1.5506388530250363,1.7509155112415111,1.5675037435194985
2020-09-11,1.5831973187561037,1.5526866166533888,1.5227420495392288,1.5559586219059267,1.7518071114378497,1.5689806529797137
2020-09-14,1.607242615103808,1.5762685223263206,1.5458691628866978,1.5795836490459974,1.7748810555576278,1.5805362980408422
2020-09-15,1.6168775844938053,1.585717810704012,1.5551362156174968,1.5890711044343064,1.783847926465391,1.5849353342771364
2020-09-16,1.6185680892436805,1.587375736768833,1.5567621675042798,1.5907138229524855,1.7767686069697668,1.5808395932840043
2020-09-17,1.611073194150351,1.580025280090586,1.5495534691441382,1.5833490823325305,1.7611419111487912,1.5728303856685224
2020-09-18,1.5990404586253935,1.568224434302134,1.5379802103104045,1.5715154324867096,1.740865933178562,1.5615798613878238
2020-09-21,1.5666141940844742,1.536423074873162,1.5067921606965162,1.539704106580304,1.7214913110926342,1.552553917580267
2020-09-22,1.5703776026858154,1.5401139566723379,1.510411861449523,1.543370506483582,1.7390235018232518,1.5617775889959462
2020-09-23,1.540311176640229,1.5106269579397609,1.481493538586933,1.5138385602981963,1.698693661992667,1.5405600927594572
2020-09-24,1.539128196500121,1.5094667756873328,1.4803557312007205,1.5126647799990873,1.703221520668523,1.5432607651861394
2020-09-25,1.5530715781251199,1.523141446420755,1.4937666770516396,1.5263410544398748,1.730757298361693,1.5582777748625614
2020-09-28,1.5792454288362467,1.5488108858671157,1.5189410647315715,1.5520393771961918,1.7595041750319917,1.5732952303929313
2020-09-29,1.5746206060940355,1.544275190732243,1.514492843415252,1.547501162014778,1.7499218247389876,1.5687319129331345
2020-09-30,1.5831450661688014,1.552635371055618,1.5226917922460035,1.5559107491121107,1.763190082994893,1.5739613858279207
2020-10-01,1.597974774193961,1.567173503984776,1.5369438760987935,1.5704924204286486,1.7745096425801765,1.580214874848229
2020-10-02,1.5905829008320584,1.5599241103994312,1.5298343180006662,1.5632216187299912,1.757661221050541,1.5706035601205022
2020-10-05,1.6200579044425751,1.5888309776630636,1.5581835929884544,1.5921894877951706,1.788830121466383,1.5832234119004076
2020-10-06,1.60958846779743,1.578563341416931,1.5481140119175787,1.5818997733732392,1.7634000044948117,1.5711156703114395
2020-10-07,1.6333301255215456,1.601847374135581,1.570948912716259,1.6052367693521439,1.794095405627018,1.5856676151291222
2020-10-08,1.6478269057282602,1.6160647261238275,1.5848920224083998,1.6194850054846435,1.8099956091283862,1.5952933903961566
2020-10-09,1.6596281137982176,1.6276384636451706,1.5962425110184828,1.6310838852681229,1.8261588677873297,1.603602638055092
2020-10-12,1.6750502740741442,1.6427633588243387,1.6110756580587764,1.6462466912282152,1.8555372510445227,1.6199494074741954
2020-10-13,1.6631418338689903,1.6310844560877684,1.5996220327933637,1.634546365423082,1.8434283517777992,1.6148952498073827
2020-10-14,1.652823314836205,1.6209648284880773,1.5896976053906549,1.6244027138633537,1.8318446917826585,1.6089246038308718
2020-10-15,1.6489469126292013,1.617163144676974,1.5859692532729843,1.6205972541322782,1.8295811979665144,1.6070409368973597
2020-10-16,1.6509457310973286,1.6191234355358235,1.5878917315583947,1.6225594331541604,1.8284751468437024,1.6060868509952824
2020-10-19,1.6369255564668292,1.6053735024599143,1.57440702461047,1.608775207340426,1.800676313992957,1.5902182651604682
2020-10-20,1.645946895498232,1.614220953451504,1.5830838147591249,1.617642244524881,1.8078894257806462,1.5927132486191204
2020-10-21,1.6407683320700701,1.6091422078264903,1.5781030344136295,1.612555972321635,1.8044669213927476,1.5900551017825026
2020-10-22,1.650476736197801,1.6186634806029212,1.5874406488189226,1.6220981504498597,1.8143651120835562,1.5931499603356192
2020-10-23,1.6593803013411406,1.6273954278207254,1.5960041631769042,1.6308469508965382,1.8205251321973757,1.597320356736335
2020-10-26,1.6298653669733514,1.5984493994728246,1.5676164824934509,1.601840540443828,1.7868819454219016,1.5810395656472178
2020-10-27,1.623544306816054,1.592250178962221,1.5615368404014092,1.595632672886546,1.780722099516796,1.5791586840110714
2020-10-28,1.5749407303201732,1.5445834457237926,1.514789563499292,1.5478634011627572,1.7198588012372427,1.5466420981779239
2020-10-29,1.5895394077352436,1.5589007308321632,1.528830678674938,1.5622140431719924,1.7373383809363452,1.5533124123328792
2020-10-30,1.5734925411540865,1.5431631706815947,1.5133966845213542,1.5460461693695329,1.719227294650348,1.54162308532901
2020-11-02,1.5938494001236125,1.5627290413995156,1.532194226862425,1.5628622095172806,1.7384970430906725,1.5529752154270342
2020-11-03,1.6130966543759877,1.5816004875882548,1.5506969359930085,1.5817814100501457,1.7691919215967384,1.5680405138576292
2020-11-04,1.6385292397063063,1.6065364945224594,1.57514570788719,1.606740706841727,1.8087318991197425,1.594459700700638
2020-11-05,1.6651121007673357,1.632600317729556,1.6007002591817077,1.6328589672761635,1.8440070731244655,1.613272470791784
2020-11-06,1.6622824470734305,1.6298259138214917,1.5979800655087764,1.6300883355584583,1.8435861848723447,1.6109292352172109
2020-11-09,1.6827829023735,1.6499260919542855,1.6176874978774691,1.6502539120057338,1.8667519369842036,1.618755060197245
2020-11-10,1.684285734854637,1.6513995812076925,1.6191321960097778,1.651741299660905,1.864014247049569,1.6155310805823981
2020-11-11,1.690629950534766,1.6576199242887082,1.6252309972128964,1.6579694380945116,1.8778608782347128,1.6239373691722876
2020-11-12,1.6787317798719779,1.6459540687613134,1.6137930857023521,1.6462618404658331,1.8596435246334035,1.6176803606647825
2020-11-13,1.6990349140140613,1.6658607784873412,1.633310829924172,1.6662135548013008,1.8853900046289198,1.6306602887473356
2020-11-16,1.7200151749672299,1.686431393932636,1.6534795075345028,1.6868289415614541,1.9089242081700977,1.6428157999694788
2020-11-17,1.720383752479008,1.6867927748646223,1.6538338272937307,1.6871827791565177,1.898657740258684,1.63891155058422
2020-11-18,1.707103996047841,1.6737723094203418,1.6410677741544595,1.6741352257557247,1.8758076543359152,1.6264516281032844
2020-11-19,1.7135134976841166,1.6800566637308114,1.6472293358449213,1.6804296522864595,1.8837052321594412,1.6313581558322439
2020-11-20,1.7141212766451521,1.6806525756363455,1.6478136039791849,1.6810196885738151,1.8708057737502821,1.625525440376209
2020-11-23,1.7255687392082033,1.6918765232666715,1.658818242215376,1.6922736702907326,1.8820201112725357,1.6302995436828625
2020-11-24,1.7464243955560874,1.7123249670467167,1.678867135323581,1.7127693171464835,1.9123467125579958,1.6455804345993148
2020-11-25,1.7417984258602173,1.7077893207128725,1.6744201128752223,1.7082239809680329,1.9093980558711603,1.644205788429473
2020-11-27,1.7503460695358481,1.7161700692367965,1.6826371064582188,1.7166116550711137,1.9147157768545973,1.6489167119855508
2020-11-30,1.7280035396730518,1.6942637835662557,1.6611588568402669,1.694239657548266,1.9062391292669782,1.6439580797402396
2020-12-01,1.7473977032100452,1.71285095077678,1.6789628909400764,1.7211101011514416,1.927088428113751,1.651637524398315
2020-12-02,1.7494453378071337,1.714858102817797,1.6809303322938112,1.7231242778776164,1.9311427875059712,1.6526237674205786
2020-12-03,1.7575230259166446,1.7227760917982315,1.6886916670807017,1.7310963693214827,1.9306161545646796,1.6541150856764406
2020-12-04,1.779772102880206,1.744585295599366,1.7100693846494417,1.753010493787831,1.9472532609246862,1.6600946587954917
2020-12-07,1.7756844341445726,1.740578441711766,1.7061418047373376,1.7489803893726354,1.9432522093988351,1.6600722099413292
2020-12-08,1.7844295967998929,1.749150708998913,1.714544473200587,1.7575895702514392,1.9489378591854503,1.6636612620887388
2020-12-09,1.7739038104632097,1.7388330216737318,1.7044309171252927,1.7472325114990475,1.9314588021124883,1.6537230045782179
2020-12-10,1.784440282651379,1.7491611835868357,1.714554740553045,1.7576275670327346,1.9308267728994528,1.654884758781331
2020-12-11,1.7771800469650805,1.7420444856678132,1.7075788436096182,1.7504676008643796,1.9285624080397403,1.6550405618018706
2020-12-14,1.7737035334845341,1.738636704251137,1.7042384837631062,1.7470464356627593,1.9199286241924307,1.6502083890281776
2020-12-15,1.8002196995407318,1.7646286350845575,1.729716174809956,1.7731552753821789,1.9458841546442984,1.662914881359388
2020-12-16,1.8031058433550489,1.7674577186797515,1.73248928613616,1.77600542412827,1.94893785918545,1.663936644729573
2020-12-17,1.8171666316974682,1.7812405196052308,1.7459993999476389,1.7898563681089688,1.959837053144754,1.669070394065819
2020-12-18,1.810247871008527,1.7744585455861055,1.7393516045278055,1.783044236837277,1.9520112493112418,1.6644888506707642
2020-12-21,1.7960168198835171,1.7605088480414386,1.7256778960789108,1.7690025916723777,1.945031925617239,1.661335226735883
2020-12-22,1.7958984080624203,1.7603927772694694,1.7255641217199855,1.7688746484823712,1.941753666044223,1.6607491221037174
2020-12-23,1.8095879306701652,1.7738116525325425,1.7387175099903636,1.7823787355926306,1.9434983663111882,1.6602700027328912
2020-12-24,1.8092215675555734,1.7734525325634563,1.7383654950638938,1.7820044797163157,1.9510595471087022,1.6651011335933414
2020-12-28,1.8161452986254376,1.7802393786970832,1.7450180662054238,1.7888182989779167,1.9678208642815243,1.673788162609021
2020-12-29,1.8157096740693983,1.7798123666129866,1.7445995023818428,1.7884227730338143,1.9640670149203092,1.671744666215885
2020-12-30,1.8277275654313603,1.7915926594495017,1.756146726912936,1.8002740443895793,1.966868639452844,1.6736286331499142
2020-12-31,1.8254337044076427,1.789344148976925,1.7539427023061047,1.7979806170909856,1.976861948101292,1.6792159672154394
2021-01-04,1.8185137476788744,1.7825468063467935,1.7472659269860118,1.7912040031050138,1.9499496633941897,1.665767377753772
2021-01-05,1.8443276033168845,1.8078501102045534,1.7720684177331951,1.816669134252352,1.9633794131276263,1.6710220105417335
2021-01-06,1.8671913240731812,1.8302616275589652,1.7940363573721394,1.8390928432971738,1.9751174220430396,1.673056003259669
2021-01-07,1.8874228461112847,1.8500930063662948,1.8134752255981095,1.8589532272211564,2.00446253143593,1.685615620563488
2021-01-08,1.9057558300858577,1.8680633967889098,1.8310899388658193,1.8770969730785063,2.0158836547012573,1.6895115834496939
2021-01-11,1.8895260846768112,1.8521546466441041,1.815496061066941,1.8610577738732774,2.00229485241228,1.6813097473842074
2021-01-12,1.90508922838644,1.867409979275889,1.8304494540535654,1.8763878344163696,2.0027176569602507,1.6814123532887852
2021-01-13,1.9032458636246639,1.865603072963946,1.828678310754061,1.8745800565673851,2.0081108103166874,1.6864588665571847
2021-01-14,1.919611828757097,1.8816453486502516,1.8444030713035153,1.8907204958815866,2.0010785271737426,1.681365812207603
2021-01-15,1.894577602824569,1.8571062548202766,1.8203496650335838,1.8660335464025584,1.9864855858594244,1.6757446454914455
2021-01-19,1.9157787005341762,1.8778880328307774,1.8407201217815625,1.8869265281764853,2.0020830146165105,1.6840682238390037
2021-01-20,1.9361106202109195,1.8978178235914676,1.8602554541521503,1.9069615325134963,2.02978934264032,1.6984363674552085
2021-01-21,1.9334420605976945,1.895202043302662,1.8576914464330607,1.9043576025912559,2.0316392649703157,1.6984217359970588
2021-01-22,1.931006876651597,1.8928150229287313,1.855351670921113,1.9019048742733873,2.024448800315398,1.6957774917409656
2021-01-25,1.9355031999420393,1.897222417006401,1.8596718320923615,1.9063382267449958,2.03243313407831,1.702534902790238
2021-01-26,1.9283633890698881,1.8902238187916127,1.8528117529326866,1.8993117787600002,2.0292606191944653,1.7006968784693584
2021-01-27,1.8833822771326594,1.8461323525973228,1.8095929626726845,1.854989758124473,1.979664095259967,1.6762666533875767
2021-01-28,1.8920342229046876,1.8546131783949278,1.8179059325740068,1.8635263283462742,1.9966898612600736,1.6831810551069712
2021-01-29,1.8538957306086525,1.8172289970941529,1.7812616739421783,1.825913386691227,1.9567169750837088,1.6616768921448553
2021-02-01,1.8910869502662486,1.8536602272001772,1.8169479118697014,1.8624790446292352,1.9892872103919597,1.6790576811624838
2021-02-02,1.9154260505361718,1.8775176294892901,1.8403328109120207,1.886449166948343,2.0174168655898805,1.6916429615482909
2021-02-03,1.9208205738260986,1.8828053891376948,1.8455158448416797,1.8917732716729494,2.019003035927446,1.6908130801565493
2021-02-04,1.9368290242663015,1.8984970144624485,1.8608966926633523,1.9075066838722297,2.041950678729845,1.702234239805519
2021-02-05,1.9526752225050896,1.914029598738087,1.8761216492931816,1.9231206485602343,2.0499869266894173,1.704903399452124
2021-02-08,1.9731718502409445,1.9341205753165744,1.8958147178534552,1.9432786928905195,2.064792054216932,1.7126997991870778
2021-02-09,1.9830710079471374,1.9438238176345273,1.90532578444984,1.9530571083441017,2.063417199048995,1.7125094373675853
2021-02-10,1.979530863937868,1.9403537370294972,1.901924429866723,1.949589592356665,2.0625184562953978,1.7137448033780973
2021-02-11,1.9882741520998513,1.9489239857526122,1.9103249421575799,1.9582283454889282,2.065849326899929,1.7149277827720446
2021-02-12,1.9952712793797658,1.9557826320679543,1.9170477508568506,1.9651069872566913,2.076054473344146,1.7179082556552216
2021-02-16,1.99635155983674,1.9568415325680253,1.9180856795043177,1.9661789813634127,2.074256639419525,1.7122025719264689
2021-02-17,1.9897558633833115,1.9503763723147198,1.9117485637536664,1.959693073055527,2.074732403416438,1.7128951528942467
2021-02-18,1.9704771369742415,1.9314791934353799,1.8932256493590982,1.9406810930666696,2.0659024605575853,1.7083572665689817
2021-02-19,1.9845999907104521,1.945322540121101,1.906794824273047,1.9546005849421368,2.0622545300942545,1.7038555532797035
2021-02-22,1.9617191693386737,1.922894555761859,1.8848110330954582,1.9319887511854983,2.046392129883743,1.694733136157883
2021-02-23,1.9604704934131054,1.921670592527613,1.8836113108324264,1.930775681746841,2.048876694557478,1.6965018094708808
2021-02-24,1.9760997338779112,1.9369905128659557,1.8986278154001515,1.9461100154810176,2.071454318052135,1.7070584789842669
2021-02-25,1.9259850364928166,1.8878676413195978,1.850477837550106,1.8967623254020347,2.02154038584141,1.672984736855954
2021-02-26,1.909729069161349,1.8719333977393309,1.834859176602669,1.8802499993072066,2.011124446853705,1.6735063980873437
2021-03-01,1.9504520688860099,1.9113594093508168,1.873023034462494,1.9166236627821525,2.0598744906486943,1.6972722168714347
2021-03-02,1.933773640850019,1.895015264899229,1.8570067065617126,1.900128531548223,2.0438011236859817,1.6905222086560554
2021-03-03,1.924750806873853,1.8861732744220137,1.8483420609941126,1.8911871274963514,2.016729960632053,1.6734662144402097
2021-03-04,1.9014635790511656,1.863352789506426,1.8259792894005602,1.8680759183250437,1.9917724719005492,1.6577513237946746
2021-03-05,1.9357373467332397,1.8969396124784212,1.8588924572606687,1.901724580331571,2.0284146616810967,1.6750010090169178
2021-03-08,1.9160399638176284,1.877637021670926,1.8399770209328026,1.8824053052773282,2.0183156083434777,1.6673604475591626
2021-03-09,1.9433737938099744,1.9044230032302194,1.8662257527075787,1.9093766768914917,2.0471321684992265,1.6848154873778822
2021-03-10,1.9557793744072542,1.9165799403738293,1.8781388566414055,1.921584868856697,2.0598744906486948,1.6925408567664955
2021-03-11,1.9931919525555803,1.953242663038282,1.9140662304888774,1.9584209293599169,2.080759850699188,1.7026718602055055
2021-03-12,1.9870402367881765,1.9472142453174637,1.9081587254967685,1.9523704985662216,2.083562520484005,1.6992142493142683
2021-03-15,1.9915647304361561,1.9516480551221582,1.9125036058232996,1.9568465738415803,2.0959874343572458,1.706198023234861
2021-03-16,1.9822252175111523,1.942495732851478,1.9035348528258556,1.9476368245731692,2.0933441655453966,1.704769476779065
2021-03-17,1.9884807439890924,1.9486258806181356,1.9095420474515423,1.953814990756346,2.10048254179494,1.7072020348515973
2021-03-18,1.933585833540278,1.8948312217872016,1.856826354825417,1.899981441871246,2.0699209329547985,1.6878881092513744
2021-03-19,1.950846571930907,1.9117460054220101,1.8734018765279028,1.9169048799065103,2.066090780177015,1.685578285235654
2021-03-22,1.9496426834376681,1.9105662463107416,1.8722457799927807,1.9156792225040205,2.082588519566121,1.6959269307797542
2021-03-23,1.9046537690325887,1.8664790389210517,1.8290428352394124,1.8714519884980674,2.066197221701041,1.691063757202166
2021-03-24,1.8930441421494892,1.8551021022938736,1.817894087254039,1.859772848867368,2.055693133104241,1.6867272851772477
2021-03-25,1.8979975526502502,1.8599562322261276,1.8226508572947262,1.8648525693996507,2.0672581527670237,1.6915902560857345
2021-03-26,1.9379135618736694,1.8990722100191584,1.8609822810256267,1.904059603597831,2.1005719108650305,1.7059030629205176
2021-03-29,1.9205798289822555,1.88208589490294,1.8443366625576059,1.8869077867288293,2.099510979799048,1.7030982589836139
2021-03-30,1.9227746912005563,1.8842367657805688,1.846444393148851,1.8892009423979221,2.0939406561808536,1.6997496895710547
2021-03-31,1.9345449820718474,1.8957711462283218,1.8577474270843854,1.9007968218024056,2.102428627334859,1.7030273734702621
2021-04-01,1.958776429066413,1.919502153085227,1.8809879820905988,1.9247167396515963,2.1251325521468947,1.7170993898275635
2021-04-05,1.9628789105000133,1.9235223780725887,1.8849275426033982,1.9286831833056624,2.1556349300244033,1.7299777229433522
2021-04-06,1.9669171839017414,1.9274796824256222,1.8888054449634275,1.9326815721889592,2.1543618127452238,1.7326836000210577
2021-04-07,1.9528793581567172,1.913723320881568,1.8753251002292113,1.918883300411568,2.1568549136459274,1.733471371951152
2021-04-08,1.965840667569906,1.9264247506906238,1.8877716800821178,1.931620934823764,2.1670933339544476,1.740800175471291
2021-04-09,1.9642781174560922,1.9248935303516088,1.8862711831688999,1.9300453902835462,2.182848421597366,1.746637950314651
2021-04-12,1.9593831034297349,1.9200966633771306,1.8815705637316265,1.925227534180398,2.1836438585837823,1.7466012600435503
2021-04-13,1.9663419448917303,1.9269159771952191,1.8882530502906083,1.9320900032730484,2.190115886503706,1.752584426194141
2021-04-14,1.9841355999719688,1.9443528621459187,1.9053400699559133,1.9496252319301755,2.182636235384169,1.7481063305725135
2021-04-15,1.999742198481957,1.959646541913414,1.920326887135755,1.9649607128472257,2.2060831603598205,1.7639043707374202
2021-04-16,2.003221657131345,1.9630562359805692,1.923668166827792,1.968373160100821,2.213456892581473,1.7656116923291905
2021-04-19,1.9930474863096619,1.953086061483735,1.9138980405595052,1.9584044287274727,2.2025820878420768,1.759605196810979
2021-04-20,1.9739782393177825,1.9343991607657842,1.8955860862767298,1.9396962305427752,2.186455064595567,1.75382870690078
2021-04-21,1.9914467186218763,1.9515173898488831,1.9123608437982198,1.9568030366405476,2.2071439172170897,1.7642379410946052
2021-04-22,1.9872433113518206,1.947398262629749,1.9083243654939677,1.9527111406160829,2.1869855301285583,1.7549928618053778
2021-04-23,2.012021048577573,1.9716791959959317,1.9321181100241958,1.9770428587505975,2.2106981233924894,1.7656014620219294
2021-04-26,2.023073731323895,1.982510267890668,1.9427318600710048,1.9878997550569308,2.2153130864251587,1.7671172210469916
2021-04-27,2.0287494178977488,1.988072154605806,1.9481821493827975,1.9934945126026518,2.2148355803411093,1.764165568951639
2021-04-28,2.0337189548556234,1.9929420502962623,1.9529543322392011,1.9983936913905649,2.214199195910233,1.7647634085850605
2021-04-29,2.037293513873793,1.996444937930548,1.9563869356005021,2.001905042273287,2.2283099275052343,1.7704067980797495
2021-04-30,2.0135930887226077,1.9732197160871248,1.9336277200931633,1.9780939792985641,2.213668904585955,1.7639011642375457
2021-05-03,2.01944304383062,1.9784503350339957,1.9382614195760342,1.9864709199680466,2.2184429201741653,1.7674534596372993
2021-05-04,2.015125931522932,1.9742208558626875,1.9341178552128147,1.982245251747682,2.2047569094229846,1.7618541674017139
2021-05-05,2.006350985911393,1.9656240330218098,1.9256956624752262,1.973633828083604,2.2054466017202303,1.7630527012746342
2021-05-06,2.016492609199973,1.975559791326248,1.935429592437837,1.9836011420602864,2.2230580574155483,1.7717679322509106
2021-05-07,2.0369687104173893,1.9956202478157474,1.9550825542454495,2.0037428298068507,2.2392373432761454,1.779737172292116
2021-05-10,2.0165705465362045,1.9756361466111614,1.935504396692616,1.9836507955267875,2.217063883997101,1.767727203282482
2021-05-11,2.0101172824302367,1.9693138774233676,1.929310553848103,1.9773418540474181,2.197277084094734,1.7571045227719095
2021-05-12,1.9700443725133976,1.930054408188539,1.8908485751855992,1.9379388027144628,2.150595246147914,1.7314113751132472
2021-05-13,1.9768829254525337,1.936754145224904,1.8974122182495368,1.9446219514663663,2.1764297015438117,1.746100196381175
2021-05-14,2.006617270951087,1.965884912736941,1.9259512428544936,1.9738788622329908,2.2098492043309896,1.7636010023766946
2021-05-17,2.0124361818002234,1.971585705415485,1.9315362334474637,1.9796212005210463,2.2042262696812798,1.7602345117834448
2021-05-18,2.0025846271710144,1.961934127661753,1.9220807113821217,1.9699262345602704,2.185235603600184,1.7511719381490973
2021-05-19,1.983822835503876,1.9435531819237255,1.9040731438690726,1.9514378375564514,2.1795058790090214,1.7463256815822192
2021-05-20,1.992556653219294,1.952109711724347,1.9124558620522472,1.9599958754121252,2.2029535008195276,1.760434545834779
2021-05-21,1.998560181298428,1.957991374084588,1.918218048261299,1.965921344822754,2.201149569589929,1.7598220894825622
2021-05-24,2.0197936208371616,1.9787937956719008,1.9385979033845013,1.9868040673083862,2.2235886971572536,1.771213634783359
2021-05-25,2.011054908083739,1.9702324701977345,1.9302104869438836,1.978191870279734,2.218654932178648,1.7714681145092463
2021-05-26,2.0252991083819483,1.9841875272310971,1.9438820702921131,1.9922237213398162,2.2230580574155474,1.7727617030691134
2021-05-27,2.0370587627284493,1.9957084721534097,1.9551689864529855,2.0038263629281516,2.22422560421427,1.7720767535690964
2021-05-28,2.0393372766823927,1.997940734513733,1.9573559041303057,2.0060405224556903,2.2282040086073494,1.7739128088011742
2021-06-01,2.0629852442251315,2.021092523755888,1.9800215836384594,2.0291376870480744,2.226241199030924,1.7728597620084048
2021-06-02,2.07311314824246,2.0310147620016723,1.9897421905150543,2.039091701206133,2.229742271548668,1.7753375657380768
2021-06-03,2.0610270027571285,2.0191740479927827,1.9781420935240848,2.027187318833005,2.2214664866078597,1.7695881495701669
2021-06-04,2.0739067260590405,2.031792224756968,1.9905038543270106,2.039889906949656,2.241783926251932,1.783192633311365
2021-06-07,2.0875613089971967,2.0451695262032894,2.003609313519612,2.053295281091471,2.23960893046231,1.7815955595555366
2021-06-08,2.1025614796237098,2.0598650906980778,2.0180062471292417,2.0680694316036528,2.2400862623376456,1.783879908470676
2021-06-09,2.0961342645319196,2.053568392063441,2.0118375047012216,2.0617233707481395,2.2367442423754427,1.7845323510488074
2021-06-10,2.1005731552040046,2.0579171428730914,2.016097883859407,2.0660864853632073,2.2471420636569306,1.7920405599515874
2021-06-11,2.102931639500248,2.060227733795579,2.0183615208991323,2.0683900152643404,2.250854973970444,1.7927492147837647
2021-06-14,2.1025643082544723,2.059867861888275,2.0180089620056467,2.0679961147131505,2.255894309429507,1.792905381093712
2021-06-15,2.092234525435453,2.049747844362224,2.008094594952751,2.0578485518858494,2.2517570266896008,1.7910593211936163
2021-06-16,2.0810962369828494,2.0388357394007324,1.9974042365981863,2.046886472966314,2.239184035409777,1.7801465724601941
2021-06-17,2.061890298310716,2.020019812737843,1.978970671350295,2.0278858611473116,2.2384419062897303,1.782348748852532
2021-06-18,2.039705837642983,1.998285848462227,1.9576783663924917,2.006198935349953,2.208244393661067,1.7720172354680357
2021-06-21,2.075028211304804,2.032890936176285,1.9915802386581933,2.0409146060417,2.2398578747140827,1.7847683448404306
2021-06-22,2.0778651410525173,2.0356702568328795,1.9943030803011295,2.0437105597798952,2.251832110645173,1.7917809145917345
2021-06-23,2.0811484708318164,2.0388869125450526,1.9974543698449654,2.046974850241768,2.2491181130955917,1.7890545580120967
2021-06-24,2.092471811833444,2.0499803122222398,2.008322338796698,2.0581187123930587,2.262423652016213,1.795267242307983
2021-06-25,2.096940659500818,2.0543584116951354,2.0126114702193107,2.0624720358814197,2.2704597257670716,1.7975990493419165
2021-06-28,2.0920100389012877,2.049527916441191,2.0078791362217068,2.057627824398392,2.275036885508884,1.8020231174704195
2021-06-29,2.0901767900258648,2.04773189506553,2.0061196120798455,2.0558506815467483,2.2762607017221077,1.802980083332673
2021-06-30,2.09311151462113,2.0506070246649184,2.0089363157169298,2.0587930498054545,2.2781766491545676,1.8050146023830933
2021-07-01,2.10632628705563,2.0635474620177106,2.0216079252639436,2.0717309704226574,2.2907900568559523,1.8104893829014546
2021-07-02,2.1105587409756312,2.067693956128523,2.0256701460321938,2.07590449431508,2.3082999488712264,1.8214368124837153
2021-07-06,2.091928986093519,2.049442565714204,2.0077896968601667,2.0574397490837417,2.3040952473591467,1.8232609484857312
2021-07-07,2.0846824003040525,2.0423431558050913,2.0008345753516332,2.0502386680494005,2.3122379368427444,1.8292582863050262
2021-07-08,2.078262703052918,2.036053840587923,1.994673084171257,2.0439924022475653,2.2933979612989353,1.822188918656466
2021-07-09,2.108790174394874,2.0659613085792996,2.0239727128101963,2.074001536237263,2.317879511824812,1.8301212260489568
2021-07-12,2.1168187901566373,2.073826865677702,2.0316784103332366,2.081879135198227,2.3261822991162324,1.8336890612454217
2021-07-13,2.102760544441477,2.060054138515619,2.018185600065553,2.0681459631963173,2.318251970054545,1.8276671721473297
2021-07-14,2.093823926558925,2.0512990205341874,2.0096084210940663,2.0592857487573304,2.321711232481019,1.832442235588182
2021-07-15,2.0874614147525983,2.0450657293434116,2.003501815307821,2.0530093126349276,2.3137814260454723,1.8317452800656604
2021-07-16,2.0755044153140942,2.033351572806362,1.9920257372776473,2.0412602658863097,2.2956332333034726,1.8230001649334202
2021-07-19,2.0310684077852024,1.9898180466276505,1.949376986445662,1.9974524200002024,2.2617315207969773,1.8131617505021194
2021-07-20,2.0725924460726195,2.0304987447451794,1.9892308900914029,2.0382606436516366,2.2941432261758283,1.8276170287788638
2021-07-21,2.0967609382375954,2.054176382428535,2.012427303487873,2.06211640312339,2.3127175334313574,1.8321794715129356
2021-07-22,2.0901284600030965,2.047678607742914,2.006061589569092,2.055653510944522,2.3175600130440226,1.8361709045376309
2021-07-23,2.1039993967963233,2.0612678301684113,2.0193746246502906,2.069265359810097,2.3414034370518864,1.8463685398540786
2021-07-26,2.111430510993242,2.0685480207710034,2.0265068526656527,2.076608110859749,2.347150930931839,1.84859721274858
2021-07-27,2.1041298121659926,2.0613955968429023,2.019499794595004,2.0694086401655216,2.3364536448716273,1.8466481589017902
2021-07-28,2.111881842802742,2.0689901861732714,2.026940031498684,2.077063933619129,2.3354956711553974,1.8468196743575933
2021-07-29,2.1258404307868917,2.082665279621546,2.04033719236007,2.0908541568105368,2.34518219825915,1.849165448436401
2021-07-30,2.1174838339924804,2.0744784026822103,2.032316705500253,2.082591499409141,2.333792955188416,1.8458229760429026
2021-08-02,2.1052929529976376,2.0625063372543093,2.0205597677956195,2.0706248271187033,2.328896470874527,1.8467489152179308
2021-08-03,2.1116280982916202,2.068712731142467,2.026639938104429,2.0768650820023495,2.3478428879423605,1.8559188736113021
2021-08-04,2.092188141379475,2.0496678593728825,2.007982394616986,2.0577603851607305,2.3362942438986587,1.8502558804071982
2021-08-05,2.11759838832042,2.0745616848484647,2.0323699377308886,2.082757838475813,2.3510896157382106,1.8545667463150195
2021-08-06,2.1179140248421873,2.074870906577197,2.0326728706107153,2.0830856072934663,2.354974295843359,1.852070688790668
2021-08-09,2.1041400175654053,2.061376833337983,2.0194532353551264,2.0695566082577614,2.3530586968283265,1.84959084082873
2021-08-10,2.1091805374481813,2.0663149129465617,2.024290885939293,2.0744777898009823,2.355985577425959,1.8495953849188536
2021-08-11,2.1208921764136246,2.0777885321174554,2.03553115845093,2.0859890341338,2.3618402096647917,1.85318821479037
2021-08-12,2.120548679254887,2.077452015973364,2.0352014862605072,2.085657002222075,2.3689186581168475,1.8557892348723646
2021-08-13,2.1172130785331107,2.0741842058486886,2.0320001357737474,2.0823781348606447,2.373229278526812,1.8620446069981056
2021-08-16,2.111086073636618,2.0681817222468646,2.0261197286915347,2.076346849417349,2.3788173714337963,1.8663280368288913
2021-08-17,2.0951446266756926,2.052564258969321,2.010819888199583,2.0606729104252195,2.3632237752684095,1.8585585017541062
2021-08-18,2.0736774778978253,2.0315333946736462,1.9902167426430077,2.0395654357433366,2.337358310721487,1.845919740027476
2021-08-19,2.063850586341036,2.0219062185210213,1.9807853608042634,2.0299166516714164,2.3409773225383557,1.849269825028585
2021-08-20,2.067524190511149,2.025505162730013,1.9843111108802172,2.033598661851306,2.3596049376602544,1.8574089759203893
2021-08-23,2.096685949218382,2.054074256667039,2.012299176065207,2.0622422193322434,2.3803610348452366,1.867436993030332
2021-08-24,2.1127583274652832,2.069819990267573,2.0277246781608853,2.0780113700721348,2.384139970261214,1.8672168954663446
2021-08-25,2.120756350498772,2.077655466640867,2.0354007992158474,2.0858611984747553,2.3891425476817005,1.8666966385363224
2021-08-26,2.1087268044249656,2.0658704013005815,2.023855414623661,2.0740295384043446,2.3750387844352443,1.8600106525535622
2021-08-27,2.139639499449499,2.096154846654815,2.0535239449779628,2.104453806601008,2.396274304000126,1.8724665313289024
2021-08-30,2.146694463011323,2.1030664296887305,2.0602949625296954,2.111389036095434,2.406812189087369,1.8789078861209998
2021-08-31,2.1473863393101116,2.1037442447399877,2.060958992403368,2.1120672749477056,2.403246310928156,1.8758342700489152
2021-09-01,2.157379774353909,2.113515709250381,2.0705132414843583,2.121725781405013,2.404523260799035,1.876750471765011
2021-09-02,2.1729327956716977,2.1287525049560867,2.0854400230211017,2.136981990532126,2.4119210338231674,1.881111634569518
2021-09-03,2.1703926939657205,2.126264048856472,2.0830021980820423,2.13447334800973,2.4113360409628113,1.8790423770699027
2021-09-07,2.152368188494005,2.108606019464151,2.0657034462841257,2.1167676021301696,2.402713406473173,1.8720563392917302
2021-09-08,2.15237113086302,2.10860890200862,2.065706270179149,2.116716963574919,2.399786351666828,1.872737883340053
2021-09-09,2.1344457036460818,2.091047936401918,2.048502607266786,2.099092394425171,2.389515180120146,1.8700447484429636
2021-09-10,2.12403596238114,2.0808498470556525,2.0385120124787433,2.0887413707763205,2.370674507741483,1.8588519732862623
2021-09-13,2.1359788727248414,2.0925499329309556,2.0499740435510896,2.1004746539131722,2.376741674610939,1.8625901915635035
2021-09-14,2.125192174912775,2.0819825513564405,2.039621670307736,2.0898314359680263,2.363915383861503,1.8594063184683614
2021-09-15,2.1454480261710085,2.10182655858569,2.0590619231302925,2.109700588869679,2.3836607220900268,1.8673680457728654
2021-09-16,2.1424524165548324,2.0988918560090584,2.056186931230237,2.106782343758851,2.37988230930019,1.863227021807519
2021-09-17,2.1280969835116723,2.084828299091317,2.042409517278164,2.09268943950604,2.356699484734396,1.850193523626759
2021-09-20,2.097122120067781,2.054483219722917,2.012681851488327,2.062204384898572,2.317403225201755,1.8355795856156196
2021-09-21,2.0971208270996082,2.054481953043505,2.0126806105812998,2.062210773354795,2.315214466923757,1.834105682055549
2021-09-22,2.122537064878969,2.079381425290022,2.037073467831777,2.087198728075342,2.3377990587669597,1.8453843305554816
2021-09-23,2.144930281800236,2.1013193410461493,2.0585650256493153,2.109201331660792,2.366203092688842,1.851885814446316
2021-09-24,2.1408574826094564,2.097329350422958,2.0546562170312583,2.105143182343459,2.3701008384475126,1.8514666468624343
2021-09-27,2.148241675404703,2.1045634070588886,2.0617430865486157,2.112345776547834,2.36331993847833,1.8463046653364459
2021-09-28,2.1167898648095496,2.0737510778772394,2.0315576778041464,2.081375425884492,2.3156951087646522,1.8211872669512286
2021-09-29,2.1211754722604517,2.0780475167111776,2.035766699510473,2.085688368158981,2.319592506105896,1.823781362203428
2021-09-30,2.1044342339856588,2.061646662996548,2.0196995443721595,2.0691017045853637,2.2912412574242422,1.811405878792614
2021-10-01,2.134734599116485,2.091289073555118,2.048697805876999,2.099024428251704,2.318471124616285,1.8272271701743452
2021-10-04,2.1303802138191807,2.087023307497796,2.0445189165629722,2.094725385960343,2.2885716830966363,1.812176008678385
2021-10-05,2.1420285310343754,2.098434561396769,2.055697768459037,2.1061539159142533,2.312384620579616,1.8211920814913931
2021-10-06,2.1360081406243157,2.092536696299953,2.0499200194926233,2.1002637252646887,2.3219948442668,1.8259353252269253
2021-10-07,2.156972956083029,2.1130748416581873,2.0700398842517638,2.120870286032546,2.3420704822163594,1.8325500995324662
2021-10-08,2.1479007429066375,2.1041872636442265,2.061333310967847,2.1119356222466106,2.3377990587669615,1.8289505981610414
2021-10-11,2.147062063560367,2.103365652867038,2.060528433144979,2.111101672347119,2.320873288568476,1.819165007315244
2021-10-12,2.154119972633094,2.1102799213349064,2.067301885375228,2.1180601710586147,2.3151608106399624,1.819734921405669
2021-10-13,2.1662343251833422,2.122147725947252,2.078927989856593,2.1299718655383244,2.323490077655854,1.825068336684646
2021-10-14,2.1957564554995312,2.1510690300680873,2.1072602816687103,2.1590017561637898,2.362572757305589,1.8452907010820694
2021-10-15,2.202529453682775,2.1577041860737514,2.1137603058510903,2.165647219001163,2.380565207457607,1.8502251351302779
2021-10-18,2.2012213962514444,2.1564227498639026,2.1125049674166836,2.1643716443661245,2.3876135178022055,1.8525569585414723
2021-10-19,2.2087304881922774,2.163779018851478,2.119711418368329,2.1717534643881957,2.406033650346176,1.8587020001406223
2021-10-20,2.2291847210909843,2.1838169728841343,2.1393412787162243,2.191869778264781,2.415483253599397,1.8628650210020326
2021-10-21,2.2240324806808345,2.1787695894395904,2.134396690462493,2.186825288230064,2.4217838601451125,1.8639604424876015
2021-10-22,2.2265432540194765,2.1812292642167024,2.136806271415581,2.189294010643379,2.4192738609991875,1.8645983222948537
2021-10-25,2.239274719156221,2.1937016221116092,2.1490246168258453,2.2018127273663115,2.432248054946492,1.8716289625225995
2021-10-26,2.2381700977333274,2.192619481637066,2.147964515262708,2.2007235600860686,2.4344371616419176,1.8735487040006047
2021-10-27,2.2108070299135543,2.165813299372478,2.121704268659859,2.17382471298293,2.423652074390039,1.8724706065514107
2021-10-28,2.2367414578251092,2.1912199170114035,2.1465934542200067,2.1993416409904456,2.447037852107208,1.881662614128486
2021-10-29,2.2280839716751704,2.182738625614658,2.1382848931056033,2.1908119379635247,2.452003323071693,1.8843305233853187
2021-11-01,2.2494596282025463,2.2036695502425947,2.15878003486244,2.2118779322841187,2.4562212644460084,1.8863524270259298
2021-11-02,2.257082351658731,2.2111371052765727,2.1660954732024646,2.2193696891307795,2.466151857957551,1.8927700584834048
2021-11-03,2.259564884522735,2.213569103615771,2.1684779308894178,2.2217847161643602,2.4812083686588284,1.897322700854938
2021-11-04,2.2528666624881795,2.207007230820522,2.1620497257258386,2.2151940412848963,2.4929014317261267,1.9067960695810144
2021-11-05,2.272936219261182,2.226668251002009,2.181310244086293,2.234945508911328,2.501550545940235,1.9149347683759281
2021-11-08,2.279060732371632,2.232668093311846,2.187187867520974,2.2409791815872104,2.503685996351864,1.9126167719553
2021-11-09,2.2779744703455655,2.231603943273137,2.1861453945887637,2.239915949844798,2.4954107340371965,1.9123074390164785
2021-11-10,2.255749999728943,2.20983187474873,2.164816830674554,2.218051481296744,2.4753350960876377,1.8965341171124064
2021-11-11,2.2652798264418257,2.2191677119795807,2.1739624936531374,2.2274340197054467,2.4761362819616037,1.894460582076265
2021-11-12,2.269457352985089,2.2232602006481046,2.177971616903734,2.231535129156723,2.4948231280461357,1.9046439525646903
2021-11-15,2.271274190542843,2.225040054597721,2.1797152146091974,2.2333120639223134,2.495677621786472,1.902066929341899
2021-11-16,2.2706090357828437,2.224388439751012,2.1790768733836083,2.2326609597105143,2.5055550816403587,1.9059522241683013
2021-11-17,2.258556229627827,2.212580980934776,2.167509936611194,2.220789607107629,2.4994684033949763,1.905857523809287
2021-11-18,2.259657657946853,2.213659988540861,2.1685669644569634,2.2218695713856227,2.5079574198012624,1.9102262408935473
2021-11-19,2.241802897886216,2.1961686805932925,2.1514319605373946,2.2042959736929326,2.5034727648863857,1.9102084042019847
2021-11-22,2.2385367838476795,2.1929690516850404,2.148297509183133,2.20109673712939,2.4964253255853546,1.9014205140893037
2021-11-23,2.253113471515637,2.2072490157948845,2.1622865854561564,2.2154427575273576,2.4997354653529644,1.8998413637948979
2021-11-24,2.26054091977177,2.214525270657534,2.1694146204758935,2.2227296127283376,2.506409401171981,1.9052233044659224
2021-11-26,2.178063261453205,2.1337265304031168,2.090261778669794,2.141581213070804,2.450508263891354,1.8892020465779442
2021-11-29,2.1879024224326638,2.1433654050815183,2.099704306117697,2.151235223052862,2.4805676290101117,1.901318428143089
2021-11-30,2.14098731492079,2.097405303120104,2.054680427422445,2.104545065150218,2.432301537021576,1.8836624026475588
2021-12-01,2.1397220379257833,2.0956150415950834,2.05238711237189,2.088080494441363,2.405285075503725,1.8725688344936169
2021-12-02,2.170220465987381,2.125484792645947,2.0816407161539505,2.1179468096791654,2.4421256890090923,1.8879270271459472
2021-12-03,2.1702916776765777,2.1255545364184427,2.081709021265814,2.117900308689662,2.420876058538407,1.8825926260273176
2021-12-06,2.187852836260181,2.142753699404729,2.0985534033474442,2.1352412807160572,2.449547328626992,1.8920101091013217
2021-12-07,2.2101073228707584,2.164549444860205,2.119899550511624,2.157138020895616,2.5002157587764318,1.912500183108793
2021-12-08,2.2137475516391594,2.168114636051722,2.1233911996501234,2.160866344515788,2.5068363867290784,1.9131222880038299
2021-12-09,2.197281848316295,2.1519883472430656,2.1075975607115134,2.144681454210634,2.4899113133654476,1.9072184527665186
2021-12-10,2.2086254862536667,2.163098153968714,2.118478196559263,2.1558318037809436,2.513350224740272,1.9185619359877528
2021-12-13,2.2140173995329455,2.168378921456619,2.1236500334283854,2.1609595146435474,2.4910863511388555,1.911904546519806
2021-12-14,2.19705119951733,2.151762452905451,2.107376326077253,2.1443573624143606,2.4739466526400373,1.9026786089242425
2021-12-15,2.2099488043633144,2.164394193961872,2.119747502097866,2.1570878368763475,2.5126025209413894,1.9194008761080346
2021-12-16,2.209759816738545,2.1642091020190297,2.1195662281947145,2.1568945148218712,2.490445437281425,1.9113869376275012
2021-12-17,2.202833438980348,2.157425500618206,2.1129225575709714,2.149987934004308,2.4639397557119267,1.900865831285891
2021-12-20,2.183995882161008,2.138976250333445,2.0948538747423995,2.131589652620923,2.4377394620174146,1.8881158861728777
2021-12-21,2.209984668295959,2.164429318616088,2.1197819022077184,2.157110204450675,2.4810313726057847,1.9050672144948873
2021-12-22,2.2302500461721353,2.1842769576776977,2.1392201281282825,2.1769330034466785,2.5058383450087156,1.9172400840155315
2021-12-23,2.2312337836985012,2.1852404170059163,2.140163713409587,2.1779867068039525,2.5214300248782524,1.922856141141206
2021-12-27,2.257402219562751,2.2108694318219237,2.1652640580182636,2.203612289852602,2.5571135441077155,1.939587715428224
2021-12-28,2.2557263098464455,2.2092280683421848,2.163656552257105,2.2019997477633924,2.55502391058777,1.938491683213326
2021-12-29,2.25736092658932,2.2108289900380385,2.1652244504594322,2.203696841161096,2.5582922402641093,1.9361161052170497
2021-12-30,2.259533265020012,2.2129565491368854,2.167308122693413,2.2057397341415106,2.551220063325744,1.9353538373357193
2021-12-31,2.258350161723263,2.211797833649321,2.1661733089578843,2.2040026823631536,2.5447903681232313,1.9315303723013029
2022-01-03,2.253548870327094,2.206542890356503,2.1604855400344296,2.2087938457053764,2.559524766913014,1.931135561525266
2022-01-04,2.26311981881507,2.2159142018102664,2.169661243337321,2.2181485853978313,2.55866696320712,1.9303408906515798
2022-01-05,2.2281416157387683,2.181665596718221,2.136127512182084,2.183847143658409,2.5095352281205763,1.9047976867425018
2022-01-06,2.2296825416741624,2.183174381023758,2.1376048035093405,2.1853212096604784,2.507178184225215,1.9018369211273827
2022-01-07,2.227154615847553,2.180699184309145,2.135181271778308,2.1828385887451622,2.4972653600024626,1.8948390184030441
2022-01-10,2.215761830594489,2.1695440371399344,2.124258966908838,2.171662405961767,2.4941581733862273,1.8932259688522297
2022-01-11,2.2389028813499516,2.192202396890719,2.146444376862306,2.1943141561298543,2.516875512269213,1.9053611504280201
2022-01-12,2.251337341080876,2.204377490617758,2.158365338861636,2.2065001624793137,2.5236806272495897,1.908585248449437
2022-01-13,2.232441552421802,2.185875842540649,2.1402498771989165,2.187985905555657,2.4889070001313964,1.8952313751927714
2022-01-14,2.2344885763087112,2.1878801682792752,2.142212366482377,2.1899505371449934,2.4899254242712545,1.8904267304956288
2022-01-18,2.216160597896328,2.169934486695462,2.1246412665788412,2.171911935913486,2.4458297146782146,1.8646711809120986
2022-01-19,2.205397234812605,2.159395632800863,2.114322391044028,2.1613397983397737,2.4204335684058007,1.854966325057473
2022-01-20,2.1877325482862697,2.14209940773191,2.0973871914963698,2.144020008009227,2.393644449259232,1.8444266061197108
2022-01-21,2.1694384988127817,2.1241869473752386,2.079848619390583,2.126041527781248,2.346655307141576,1.8274859300231947
2022-01-24,2.165189048358055,2.1200261347067126,2.0757746557053856,2.1218676310360336,2.356621265021985,1.8313346534987807
2022-01-25,2.1591612409965073,2.114124059249999,2.0699957747526736,2.1159077995206412,2.3278487796707834,1.8172612250211655
2022-01-26,2.150275444054094,2.1054236080076936,2.061476928741147,2.1071744686441365,2.3220086067551815,1.8092082650963786
2022-01-27,2.1397844271657886,2.0951514195354104,2.051419152499467,2.0968623469613523,2.3105427118504522,1.8071770109547423
2022-01-28,2.171371283436322,2.1260794167269434,2.0817015870746394,2.1278395397229355,2.3679260168666105,1.8349806875797559
2022-01-31,2.1955912225998095,2.1497941607334945,2.1049213312888537,2.1494665164807447,2.4105750973016997,1.8543402281169343
2022-02-01,2.196836625417045,2.148862572547088,2.1019030729153756,2.1495515963839673,2.4268629151908865,1.8608078426308825
2022-02-02,2.196683358444396,2.148712652586121,2.1017564291836295,2.1494016283517894,2.4504375351536263,1.8732010730971649
2022-02-03,2.196683358444396,2.148712652586121,2.1017564291836295,2.1494016283517894,2.3928401276284217,1.8434635539137894
2022-02-04,2.19666172075414,2.148691487415161,2.101735726539148,2.1493804563943053,2.4040917458153914,1.8429773562781184
2022-02-07,2.1967933500365326,2.1488202422051677,2.1018616676264124,2.1495092524689996,2.396376912932459,1.8396163587190175
2022-02-08,2.1967494736090685,2.148777323941832,2.101819687263991,2.149466320444102,2.416093332514521,1.846335226141337
2022-02-09,2.196793350036533,2.1488202422051677,2.1018616676264124,2.1495092524689996,2.4514559592934844,1.8636374008373349
2022-02-10,2.1966833584443965,2.148712652586121,2.10175642918363,2.1494016283517894,2.407414254401668,1.8365889406385074
2022-02-11,2.19646317491114,2.148497277374222,2.101545760606913,2.1491861840807256,2.3599423799385537,1.8222156512091376
2022-02-14,2.196683358444396,2.1487126525861204,2.10175642918363,2.1494016283517894,2.352227721264335,1.8135743469734578
2022-02-15,2.196683358444396,2.1487126525861204,2.10175642918363,2.1494016283517894,2.390161320238993,1.8288944448996267
2022-02-16,2.1969029409307006,2.148927439876603,2.1019665226868893,2.1496164845129226,2.3928401276284217,1.8316483496717009
2022-02-17,2.1969029409307006,2.148927439876603,2.1019665226868893,2.1496164845129226,2.3417258973808126,1.811964387923571
2022-02-18,2.1969029409307006,2.148927439876603,2.1019665226868893,2.1496164845129226,2.3265632935729372,1.8073464300913442
2022-02-22,2.1967049961346525,2.1487338177570803,2.1017771318281118,2.149422800309273,2.3015951781099027,1.7957628190149442
2022-02-23,2.196902940930701,2.148927439876603,2.101966522686889,2.149616484512922,2.260767972401915,1.7731011931505098
2022-02-24,2.196683358444396,2.1487126525861204,2.1017564291836295,2.149401628351789,2.294790237338239,1.790511607199171
2022-02-25,2.1969029409307006,2.148927439876603,2.101966522686889,2.149616484512922,2.3454222578665314,1.813669472570728
2022-02-28,2.1969029409307006,2.1489274398766027,2.1019665226868884,2.1480042721495374,2.3394223355605344,1.8192185216839054
2022-03-01,2.194352403138906,2.1448227757386835,2.09637691389718,2.159277207580502,2.3037917757800135,1.8097116904518376
2022-03-02,2.231685221162122,2.1813129394262307,2.132042861500966,2.1962126662723507,2.3461729232135453,1.8185712053011478
2022-03-03,2.2417692714315796,2.1911693784643216,2.141676669704803,2.2063073360746492,2.334492577382342,1.816203731324545
2022-03-04,2.2643628189757883,2.2132529577874216,2.1632614395015617,2.2290543085803605,2.3155261263124403,1.8144954774697586
2022-03-07,2.249729975842905,2.198950398553852,2.1492819371734146,2.215104530521455,2.2472659260523224,1.7794301161204993
2022-03-08,2.253625378512192,2.202757876493042,2.153003414277341,2.2191955435854,2.230227442816121,1.7667343277526997
2022-03-09,2.226499574670542,2.17624434028684,2.127088748582262,2.1913575763189304,2.290022144846291,1.7902749016140722
2022-03-10,2.2179016129335287,2.167840446667886,2.118874676646386,2.1827661695719716,2.279681464022872,1.7821373376082732
2022-03-11,2.216556971875276,2.166526156054031,2.1175900723740884,2.181722652174778,2.2506952245800513,1.768370033425921
2022-03-14,2.190495717114123,2.141053140554747,2.0926924247809655,2.1557826124272528,2.2342459152133336,1.7516203773488093
2022-03-15,2.1908241679848417,2.141374177826254,2.09300621067139,2.1556849957443314,2.2833783471347324,1.7743041094056553
2022-03-16,2.206075975852731,2.156281730888126,2.1075770416207407,2.1704840286695215,2.3340105418717387,1.7970435909378644
2022-03-17,2.2470755042445942,2.196355842121866,2.1467459848945865,2.2112263197414235,2.363210883823606,1.8093600305394935
2022-03-18,2.2554897616989655,2.2045801779228293,2.154784554747678,2.2194910607677762,2.3890948144941735,1.8235482357746735
2022-03-21,2.274669494497783,2.2233269971122365,2.1731079329783767,2.23882721806378,2.388396237552533,1.8140449154417662
2022-03-22,2.2804102607144268,2.228938186141873,2.178592380119792,2.244359741812613,2.416343322018574,1.8233189079510124
2022-03-23,2.2809689904984585,2.2294843046069657,2.179126163216197,2.2452858077393016,2.385224942129683,1.8133997180535117
2022-03-24,2.2886886793640477,2.2370297492114184,2.1865011762255664,2.252699992066502,2.421180749578544,1.826359295441477
2022-03-25,2.3027567126804587,2.2507802471823584,2.1999410868918177,2.2665730129273256,2.4330049918072016,1.824787717595173
2022-03-28,2.2867814348631392,2.2351655539077835,2.1846790881529565,2.250276320836706,2.450311059627533,1.8344422200278052
2022-03-29,2.3109022045619216,2.258741883828307,2.2077228912675455,2.273874839730715,2.4806232015897622,1.852061034635246
2022-03-30,2.3146234737164746,2.262379158691689,2.211278009732038,2.277815912679469,2.465305900444187,1.8476027430351378
2022-03-31,2.2869091180093206,2.2352903550653442,2.1848010703831426,2.2487205822761682,2.4273615005292846,1.8311275305194934
2022-04-01,2.2926915942933164,2.2392383389062442,2.1869943941837287,2.2486760935461434,2.4342410026303796,1.8299600138554544
2022-04-04,2.2926915942933164,2.2392383389062442,2.1869943941837287,2.2486760935461434,2.4550943082775656,1.8388693096272188
2022-04-05,2.292553425339211,2.2391033913101306,2.1868625950665552,2.2485405771841775,2.4240837635824093,1.81616675517382
2022-04-06,2.292576627690052,2.239126052706755,2.1868847277473513,2.2485633340921627,2.3998436663336182,1.8027051786271204
2022-04-07,2.292691594293317,2.2392383389062447,2.186994394183729,2.2486760935461434,2.411936364189975,1.8063621234068534
2022-04-08,2.292691594293317,2.2392383389062447,2.186994394183729,2.2486760935461434,2.4054869834028225,1.7998112486058142
2022-04-11,2.292691594293317,2.2392383389062447,2.186994394183729,2.2486760935461434,2.364371636482497,1.7778561106382258
2022-04-12,2.292691594293317,2.2392383389062447,2.186994394183729,2.2486760935461434,2.355611202900381,1.7773510336720222
2022-04-13,2.2928057247758304,2.2393498084788286,2.1871032630460236,2.2487880329313676,2.3825919516319383,1.7910833242099702
2022-04-14,2.2928747047377898,2.2394171801985223,2.1871690629078504,2.2488556886037556,2.352924033492698,1.7712562185600176
2022-04-18,2.292920691379096,2.239462094678318,2.1872129294824014,2.248900792385348,2.3538914144794636,1.7696278228153113
2022-04-19,2.292920691379096,2.239462094678318,2.1872129294824014,2.248900792385348,2.391889644886877,1.7820606575164473
2022-04-20,2.292920691379096,2.239462094678318,2.1872129294824014,2.248900792385348,2.390115503347309,1.7867657594693276
2022-04-21,2.292920691379096,2.239462094678318,2.1872129294824014,2.248900792385348,2.3543753662859173,1.766749773555092
2022-04-22,2.292920691379096,2.239462094678318,2.1872129294824014,2.248900792385348,2.2897732005945204,1.738001467397178
2022-04-25,2.2930341947710464,2.2395729517807235,2.187321200164134,2.2490121167190047,2.303048427198971,1.7485207284751088
2022-04-26,2.293149370404499,2.239685442136939,2.187431065994032,2.2491250811901744,2.236350182265225,1.723232165174833
2022-04-27,2.293149370404499,2.239685442136939,2.187431065994032,2.2491250811901744,2.242638245783559,1.722073594291824
2022-04-28,2.2933784674902777,2.2399091979090127,2.1876496012927045,2.249349780029379,2.2992862158195018,1.7465511036058685
2022-04-29,2.2933784674902777,2.2399091979090127,2.1876496012927045,2.249349780029379,2.2143143478699447,1.7045022156468381
2022-05-02,2.2932645460379515,2.239797932493155,2.1875409318239303,2.2492380456613437,2.227643579175619,1.7054003534053728
2022-05-03,2.2932645460379515,2.239797932493155,2.1875409318239303,2.2492380456613437,2.2378553455509542,1.7109054828239465
2022-05-04,2.2932645460379515,2.239797932493155,2.1875409318239303,2.2492380456613437,2.3060044006517786,1.746706018361213
2022-05-05,2.2934934340935422,2.240021484108502,2.187759267729082,2.249462539483359,2.22404233664754,1.702075656872481
2022-05-06,2.2934934340935427,2.2400214841085027,2.1877592677290822,2.249462539483359,2.210767284251803,1.6920951069931924
2022-05-09,2.293493434093543,2.240021484108503,2.1877592677290827,2.249462539483359,2.1399843676096655,1.664472166837941
2022-05-10,2.293493434093543,2.240021484108503,2.1877592677290827,2.249462539483359,2.144929107737229,1.6690153960394343
2022-05-11,2.293493434093543,2.240021484108503,2.1877592677290827,2.249462539483359,2.110854405978103,1.6575091400529147
2022-05-12,2.2934934340935436,2.240021484108503,2.187759267729083,2.249462539483359,2.108650839959446,1.6587585665183
2022-05-13,2.2934934340935436,2.240021484108503,2.187759267729083,2.249462539483359,2.15906388013471,1.6783930129278692
2022-05-16,2.293493434093544,2.240021484108503,2.1877592677290836,2.249462539483359,2.1503032723438804,1.6772201131797488
2022-05-17,2.2937227402095104,2.2402454440373027,2.1879780024212763,2.2496874433397527,2.194536084194545,1.6924082206524853
2022-05-18,2.2937227402095104,2.2402454440373027,2.1879780024212763,2.2496874433397527,2.106071157328071,1.6565041053673641
2022-05-19,2.2939520463254772,2.240469403966103,2.1881967371134694,2.2499123471961466,2.093171873127626,1.6530243216468141
2022-05-20,2.2937227402095104,2.2402454440373027,2.1879780024212767,2.249687443339753,2.0940855978305946,1.6566420360943526
2022-05-23,2.294067012928742,2.2405816901655924,2.188306403549847,2.2500251066501273,2.1332665311948156,1.670501414090345
2022-05-24,2.2941817705018193,2.2406937722083553,2.188415870592704,2.2501376610869186,2.1169813264363335,1.6689250410726661
2022-05-25,2.2941817705018193,2.2406937722083553,2.188415870592704,2.2501376610869186,2.1356848965573736,1.6789425645533083
2022-05-26,2.2944112856479735,2.240917936293881,2.188634804678417,2.2503627699605016,2.1783585404210837,1.6982743990735751
2022-05-27,2.2944112856479735,2.240917936293881,2.188634804678417,2.2503627699605016,2.23183538924289,1.7239172235721276
2022-05-31,2.2944112856479735,2.2409179362938807,2.1886348046784168,2.2503627699605016,2.219312744281305,1.7108863172273303
2022-06-01,2.294434069938439,2.2409401893770524,2.1886565385721717,2.2503851168341087,2.201361407385703,1.6987236609585645
2022-06-02,2.2946625399336544,2.241163332678947,2.1888744756902816,2.250609200621746,2.2432833406501165,1.7190757643180181
2022-06-03,2.2946625399336544,2.241163332678947,2.1888744756902816,2.250609200621746,2.2064676389907976,1.7007486974935104
2022-06-06,2.2944340699384393,2.2409401893770524,2.1886565385721717,2.2503851168341087,2.213185823823075,1.6987295328805583
2022-06-07,2.29443406993844,2.2409401893770524,2.188656538572172,2.2503851168341087,2.2344152460829796,1.7112575215249273
2022-06-08,2.29443406993844,2.240940189377052,2.1886565385721717,2.2503851168341087,2.2101223635939595,1.6975146513448296
2022-06-09,2.2946625399336553,2.2411633326789464,2.188874475690282,2.250609200621746,2.1575590652664083,1.6726487216868586
2022-06-10,2.2946625399336553,2.2411633326789464,2.188874475690282,2.250609200621746,2.0949993225335635,1.6371156779357905
2022-06-13,2.2944340699384402,2.240940189377052,2.188656538572172,2.2503851168341087,2.0154559723093097,1.5884876423332355
2022-06-14,2.2944340699384402,2.240940189377052,2.188656538572172,2.2503851168341087,2.009382533926163,1.580429915311528
2022-06-15,2.2943184762446123,2.240827290707384,2.1885462739552324,2.250271742328561,2.0380292405861264,1.6027665684974972
2022-06-16,2.294892264109998,2.2413877009211993,2.189093609169516,2.2508345145125177,1.9705784140095155,1.5759484070422258
2022-06-17,2.29512198828634,2.241612069163452,2.1893127426487506,2.2510598284032897,1.9748268419087154,1.5781091186083605
2022-06-21,2.2955799734277096,2.242059376550872,2.189749613852574,2.2515090210645097,2.0245402598900575,1.597602829653146
2022-06-22,2.295351503432494,2.2418362332489776,2.189531676734464,2.251284937276872,2.020869856502669,1.604287843214988
2022-06-23,2.2955799734277096,2.242059376550872,2.189749613852574,2.2515090210645097,2.0406796519552346,1.6172245328221753
2022-06-24,2.29512198828634,2.2416120691634513,2.18931274264875,2.2510598284032897,2.1055605515884332,1.644784800535084
2022-06-27,2.2955799734277096,2.2420593765508716,2.1897496138525736,2.2515090210645097,2.097517857906457,1.6372805383631992
2022-06-28,2.2955799734277096,2.242059376550872,2.1897496138525736,2.2515090210645097,2.0546600754324436,1.6183587509930832
2022-06-29,2.2958088614833003,2.242282928166219,2.1899679497577247,2.251733514886525,2.0529861039032107,1.6229725344633184
2022-06-30,2.2962678917756087,2.242731256337271,2.1904058179291517,2.25218373263369,2.0363071874519334,1.62045963093237
2022-07-01,2.2960162194295526,2.2424854516387525,2.1901657481302457,2.2519368919380676,2.057844262300102,1.6380726699174473
2022-07-05,2.2962459436058946,2.242709819881005,2.19038488160948,2.252162205828839,2.0617303360749597,1.6423324810550866
2022-07-06,2.296245943605895,2.2427098198810054,2.1903848816094804,2.252162205828839,2.068693806776022,1.6401256253438032
2022-07-07,2.296474413601111,2.2429329631829,2.1906028187275908,2.252386289616476,2.099677000703139,1.6510179578631297
2022-07-08,2.2964744136011115,2.2429329631829003,2.1906028187275908,2.252386289616476,2.0979498955162494,1.6462809638303615
2022-07-11,2.2964744136011115,2.2429329631829003,2.1906028187275908,2.252386289616476,2.0739840027827054,1.6398267626792755
2022-07-12,2.2962459436058964,2.2427098198810063,2.190384881609481,2.2521622058288386,2.0556311148021953,1.6325351292600538
2022-07-13,2.2960162194295544,2.242485451638754,2.1901657481302466,2.2519368919380667,2.0448359234449263,1.6301300574174054
2022-07-14,2.296704137777454,2.243157331425153,2.1908219522068246,2.2526116035072477,2.0398695814368732,1.6241539715164603
2022-07-15,2.296474413601112,2.2429329631829007,2.1906028187275903,2.2523862896164757,2.0788416385534565,1.6450570963898454
2022-07-18,2.296704137777454,2.243157331425153,2.1908219522068246,2.2526116035072477,2.061676853999876,1.6349310557304513
2022-07-19,2.2969334438934204,2.243381291353953,2.1910406868990173,2.252836507363641,2.1173813096428193,1.6586922068996883
2022-07-20,2.2969334438934204,2.243381291353953,2.1910406868990173,2.252836507363641,2.130875865017725,1.664535701010213
2022-07-21,2.2971637951603254,2.2436062720663843,2.1912604185588136,2.25306243630598,2.1525751281782792,1.6822583780053104
2022-07-22,2.297621780301695,2.244053579453805,2.191697289762637,2.2535116289672,2.1326034928307553,1.680116054464827
2022-07-25,2.297621780301695,2.244053579453805,2.191697289762637,2.2535116289672,2.1351946732372302,1.6790266680212476
2022-07-26,2.297392265155541,2.2438294153682787,2.1914783556769235,2.2532865200936176,2.1099328418830217,1.6671596527948975
2022-07-27,2.297851922538413,2.2442783560095103,2.1919168220289125,2.25373735289235,2.164720088648724,1.6947672868402672
2022-07-28,2.297851922538413,2.2442783560095103,2.1919168220289125,2.25373735289235,2.1918710392934933,1.7142858763121
2022-07-29,2.297392265155541,2.2438294153682787,2.1914783556769235,2.2532865200936176,2.2238252725903616,1.7298679497047027
2022-08-01,2.2984495398452025,2.244862040090129,2.192486888104555,2.2543234970358594,2.217240357424008,1.7305363001095828
2022-08-02,2.2985645064484674,2.2449743262896185,2.1925965545409323,2.2544362564898397,2.202612225949537,1.714118565521863
2022-08-03,2.2989096152884496,2.245311389044813,2.1929257532435855,2.25477473986897,2.2371045059952244,1.7330945987305402
2022-08-04,2.299138503344041,2.24553494066016,2.1931440891487375,2.254999233690986,2.235593071195804,1.7358587097749396
2022-08-05,2.299138503344041,2.24553494066016,2.1931440891487375,2.254999233690986,2.2318141357798265,1.72413064106081
2022-08-08,2.299138503344041,2.24553494066016,2.1931440891487375,2.254999233690986,2.2292233037907794,1.7269130279866958
2022-08-09,2.2995983697571005,2.245984085458118,2.1935827548942473,2.255450271506908,2.2203712364252954,1.7207352205175142
2022-08-10,2.2993688546109468,2.245759921372592,2.1933638208085338,2.2552251626333253,2.2670076058978594,1.7429767447922966
2022-08-11,2.299828930054194,2.246209270327276,2.193802685947564,2.2556764054664358,2.2670076058978594,1.7384563506907724
2022-08-12,2.3000576090795968,2.2464326177858966,2.194020822459194,2.2559006942712623,2.3053859597184045,1.7591220017896836
2022-08-15,2.3000576090795968,2.2464326177858966,2.1940208224591937,2.2559006942712623,2.3148860834985774,1.7657345317132713
2022-08-16,2.300287751316314,2.246657394341602,2.194240354725469,2.256126418196412,2.319420387896838,1.7670727032875992
2022-08-17,2.300518311613407,2.2468825792107596,2.194460285778786,2.25635255215594,2.3029566192068884,1.7547737069282643
2022-08-18,2.300747826759561,2.247106743296286,2.1946792198644998,2.2565776610295227,2.3096505890279713,1.7592200471575041
2022-08-19,2.300747826759561,2.247106743296286,2.1946792198644993,2.2565776610295227,2.278612867773489,1.7388488238586726
2022-08-22,2.3016665144347415,2.2480040121085696,2.1955555543879153,2.2574787115754207,2.2311666019912777,1.713673222738293
2022-08-23,2.3009771328755275,2.2473307032250855,2.194897954556692,2.2568025648859162,2.2257689192082863,1.7095065776624845
2022-08-24,2.3014369992885872,2.2477798480230433,2.195336620302202,2.257253602701838,2.2328940555955943,1.7106173027490066
2022-08-25,2.3020109961841606,2.248340462393585,2.195884154910006,2.257816579902984,2.264416948117525,1.7296433777518512
2022-08-26,2.3020109961841606,2.248340462393585,2.195884154910006,2.257816579902984,2.1877684240875968,1.6929487398306466
2022-08-29,2.302125753757238,2.2484525444363483,2.195993621952863,2.2579291343397756,2.1733028293429393,1.682372049209982
2022-08-30,2.302125753757238,2.2484525444363483,2.195993621952863,2.2579291343397756,2.149444597594416,1.6709984846303105
2022-08-31,2.302355895993956,2.248677320992054,2.196213154219139,2.2581548582649256,2.1330893609330563,1.6605848988901586
2022-09-01,2.3030001270326146,2.2493065320226475,2.196827685049894,2.2587867212415937,2.139782633919285,1.658426562660276
2022-09-02,2.3030001270326146,2.2493065320226475,2.196827685049894,2.2587867212415937,2.117219643956572,1.65158480118036
2022-09-06,2.3032300602391444,2.249531104421626,2.1970470179226487,2.2590122401495543,2.1092311291845336,1.6404675041198202
2022-09-07,2.3036911808333307,2.2499814741599424,2.197486880029283,2.25946450806861,2.1471236149027755,1.6624480572783047
2022-09-08,2.304150838216202,2.2504304148011736,2.1979253463812713,2.2599153408673427,2.161157868872495,1.6665603712502302
2022-09-09,2.303920695979485,2.2502056382454687,2.1977058141149963,2.259689616942193,2.194731894788659,1.6823034189420887
2022-09-12,2.303920695979485,2.2502056382454687,2.1977058141149963,2.259689616942193,2.2183197546136344,1.6917342661812718
2022-09-13,2.3046111226896375,2.2508799679125846,2.198364410913823,2.260366788717643,2.1218619577572806,1.6430016263705507
2022-09-14,2.3043807714227325,2.250654987200153,2.198144679254027,2.260140859775304,2.129958481931767,1.6471117788026313
2022-09-15,2.305072243283824,2.251330337650901,2.1988042730204573,2.260819056636699,2.1057765703933273,1.6335781374676928
2022-09-16,2.305072243283824,2.251330337650901,2.1988042730204573,2.260819056636699,2.089711565448869,1.6266044071873702
2022-09-19,2.3053019674601662,2.2515547058931533,2.1990234064996916,2.261044370527471,2.1059176794513648,1.632324827914197
2022-09-20,2.305762460963789,2.25200446316129,2.1994626704257634,2.26149602339496,2.081744304139892,1.617014385463675
2022-09-21,2.3059923941703184,2.2522290355602688,2.199682003298518,2.2617215423029204,2.0454310204106707,1.6026306908107832
2022-09-22,2.3062219093164726,2.252453199645795,2.1999009373842315,2.261946651176503,2.028249686029296,1.5848467213926716
2022-09-23,2.3066832389408467,2.252903773540837,2.200340998884386,2.262399124112748,1.9942667922622512,1.5697708310448155
2022-09-26,2.3066832389408467,2.252903773540837,2.200340998884386,2.262399124112748,1.9745381780702354,1.549939620507926
2022-09-27,2.306912754087001,2.2531279376263633,2.2005599329700996,2.2626242329863304,1.9694976231501775,1.543299088143101
2022-09-28,2.306912754087001,2.2531279376263633,2.2005599329700996,2.2626242329863304,2.0082501772875916,1.5754425453734986
2022-09-29,2.3076042259480922,2.2538032880771106,2.2012195267365295,2.2633024298477253,1.966300196420284,1.552886449617565
2022-09-30,2.307834159154622,2.2540278604760893,2.201438859609284,2.263527948755686,1.935893459126556,1.5370401333169394
2022-10-03,2.30799448530863,2.2541844486851956,2.2015917944396506,2.2636851969396914,1.987003856782465,1.568635112582838
2022-10-04,2.3082252546359108,2.2544098377110795,2.201811924886488,2.2639115359164084,2.048574616648054,1.5992342651658031
2022-10-05,2.3082252546359108,2.2544098377110795,2.201811924886488,2.2639115359164084,2.0438046078602574,1.5910547627700793
2022-10-06,2.3089171445573773,2.255085596475279,2.202471917439959,2.2645901428121813,2.0227215209197986,1.5776127527630839
2022-10-07,2.309148122914846,2.25531118965789,2.2026922472803174,2.2648166868060877,1.9663001964202838,1.5477313516252216
2022-10-10,2.309148122914846,2.25531118965789,2.202692247280318,2.2648166868060877,1.9512865410625586,1.5369866222980053
2022-10-11,2.309378474181751,2.2555361703703216,2.202911978940114,2.2650426157484262,1.9389290459614905,1.532644152452724
2022-10-12,2.308917144557377,2.2550855964752796,2.2024719174399596,2.2645901428121813,1.9325336698755624,1.5315901642477305
2022-10-13,2.309608616418468,2.255760946926027,2.2031315112063896,2.265268339673576,1.9835353612941689,1.5533040266382807
2022-10-14,2.31007015507303,2.2562117249777955,2.2035717721000654,2.2657210176270106,1.9383327295347481,1.5283784633081603
2022-10-17,2.309838549624998,2.255985519325006,2.203350844079145,2.2654938585815376,1.9881419623085843,1.5527355441238166
2022-10-18,2.3103005063399347,2.256436705690227,2.2037915037598617,2.2659469465693496,2.01150213134485,1.5653990532875381
2022-10-19,2.3103005063399347,2.256436705690227,2.2037915037598617,2.2659469465693496,1.9972475033523933,1.552253899667566
2022-10-20,2.3107612088737453,2.25688666711509,2.2042309670794538,2.2663988044540275,1.9804999486679473,1.5397845362400198
2022-10-21,2.311222956558495,2.257337649323585,2.20467142736665,2.266851687424651,2.028629112607573,1.5640483475148812
2022-10-24,2.3114533078254,2.2575626300360163,2.2048911590264457,2.26707761636699,2.0534521122121574,1.5750961291328518
2022-10-25,2.311222956558495,2.2573376493235853,2.20467142736665,2.266851687424651,2.086243244169286,1.5981584008251577
2022-10-26,2.311222956558495,2.2573376493235853,2.20467142736665,2.266851687424651,2.07052474035623,1.593757660370424
2022-10-27,2.3123745038628334,2.2584623487290165,2.20576988627211,2.267981127119157,2.059468410137235,1.592796502261714
2022-10-28,2.312374503862833,2.2584623487290165,2.20576988627211,2.267981127119157,2.1084646108445777,1.6129771202018253
2022-10-31,2.312374503862833,2.2584623487290165,2.20576988627211,2.267981127119157,2.0932347624732426,1.6029643843878802
2022-11-01,2.312628684571142,2.2587106033082516,2.2060123487932644,2.268230428021048,2.0840748683107817,1.598684997550554
2022-11-02,2.3130908503162675,2.2591619938301992,2.206453207867502,2.2686837210260493,2.0317725346362425,1.5735832815263384
2022-11-03,2.314015181806517,2.2600647748740936,2.2073349260159763,2.2695903070360517,2.0108519844255968,1.5611847554094775
2022-11-04,2.3142472053149246,2.260291388840336,2.207556252823938,2.269817876115903,2.039794497481297,1.5731086989963903
2022-11-07,2.314478183672393,2.260516982022947,2.2077765826642963,2.2700444201098096,2.059306221824849,1.5798172633172756
2022-11-08,2.314708743969486,2.2607421668921046,2.2079965137176134,2.2702705540693375,2.0704167309537813,1.5891435110287484
2022-11-09,2.315401470011704,2.26141874228321,2.208657303845168,2.2709499810338665,2.027761727422429,1.5717419828799444
2022-11-10,2.31563265739936,2.261644539622547,2.208877833079047,2.271176730044962,2.139195724763078,1.6372795634302098
2022-11-11,2.315865098968143,2.261871561902242,2.20909955867405,2.2714047091591913,2.1599002561688274,1.645421697722938
2022-11-14,2.315865098968143,2.2618715619022414,2.2090995586740494,2.2714047091591913,2.141526288933968,1.6354189420905854
2022-11-15,2.315865098968143,2.2618715619022414,2.2090995586740494,2.2714047091591913,2.159791549931525,1.6486429830096034
2022-11-16,2.3156326573993606,2.2616445396225466,2.2088778330790464,2.271176730044962,2.143315064005481,1.6459176925491106
2022-11-17,2.3167894304583934,2.262774342946137,2.2099812768225244,2.2723112951691937,2.136756628563599,1.638408893547754
2022-11-18,2.3167894304583934,2.262774342946137,2.209981276822525,2.2723112951691937,2.1464584860341507,1.6405457137776964
2022-11-21,2.3172503420223918,2.2632245085277267,2.210420939535638,2.2727633580710607,2.138653761454987,1.6365537958083731
2022-11-22,2.3179434861249852,2.2639014922322853,2.2110821284502338,2.2734431950699676,2.1674335635721618,1.6535143026779866
2022-11-23,2.318406278960673,2.2643534952244115,2.211523585705033,2.2738971031265356,2.1810920493465895,1.6633285830190718
2022-11-25,2.3186372573181417,2.264579088407022,2.2117439155453913,2.274123647120442,2.1806042649484367,1.6629000249640302
2022-11-28,2.3190992140330793,2.2650302747722435,2.2121845752261082,2.2745767351082544,2.1458083391148985,1.647198751750338
2022-11-29,2.3190992140330797,2.2650302747722435,2.2121845752261082,2.2745767351082544,2.142122605360711,1.6427123405913193
2022-11-30,2.319330401420736,2.2652560721115806,2.212405104459987,2.27480348411935,2.209600782705362,1.6796196163326607
2022-12-01,2.320326639295573,2.266229083069338,2.2133554139795772,2.275780596042387,2.2079748927810896,1.6862184572845702
2022-12-02,2.320558244743605,2.2664552887221276,2.2135763420004975,2.2760077550878606,2.205427438761735,1.6864369234954777
2022-12-05,2.3212536881782637,2.2671345181506757,2.2142397242438205,2.2766898472758474,2.165753146320525,1.6614478306845246
2022-12-06,2.321717108104515,2.2675871336129814,2.2146817796791822,2.277144370383983,2.1345344222125857,1.6513535975405258
2022-12-07,2.3214859207168588,2.2673613362736447,2.2144612504453036,2.276917621372888,2.1309033899944767,1.6556318386863351
2022-12-08,2.3226433208664545,2.2684917520674137,2.2155652923693436,2.278052801548687,2.147596591560271,1.6593793770429144
2022-12-09,2.3226433208664545,2.2684917520674137,2.2155652923693436,2.278052801548687,2.1315535369137293,1.6470276143098703
2022-12-12,2.323107994973833,2.2689455924700774,2.2160085441658297,2.2785085547599566,2.1622848250409428,1.6600732262989528
2022-12-13,2.323340227512428,2.269172410593046,2.216230070367312,2.278736328856997,2.178652953147111,1.6736083123387255
2022-12-14,2.323340227512428,2.269172410593046,2.216230070367312,2.278736328856997,2.1647237470317084,1.6691202860070327
2022-12-15,2.324199759644474,2.2700119030517745,2.2170499765243736,2.2795793595383924,2.111770743811776,1.64630416654861
2022-12-16,2.3244309470321305,2.2702377003911116,2.2172705057582527,2.2798061085494874,2.0868393863873167,1.6332083114606146
2022-12-19,2.3244309470321305,2.2702377003911116,2.217270505758253,2.2798061085494874,2.069143091048463,1.619609125507163
2022-12-20,2.324896875320635,2.2706927657341334,2.2177149539158627,2.2802630918638913,2.071974505271028,1.6159916881222078
2022-12-21,2.324896875320635,2.270692765734133,2.2177149539158627,2.2802630918638913,2.1029561313197225,1.6309470796663494
2022-12-22,2.326291733763519,2.272055103569029,2.2190455068794015,2.2816311715664574,2.072954603493889,1.6170604514283933
2022-12-23,2.326291733763519,2.272055103569029,2.2190455068794015,2.2816311715664574,2.084878841524169,1.619455475825832
2022-12-27,2.326988640409492,2.272735762094661,2.2197102848773693,2.282314698874768,2.0766575839107255,1.6101073016527507
2022-12-28,2.3272206639178994,2.2729623760609035,2.2199316116853307,2.282542267954619,2.0508487371957314,1.5967498787029422
2022-12-29,2.3281518934043453,2.273871894276768,2.220819909819988,2.28345561953186,2.087764957282813,1.616830988505929
2022-12-30,2.3281518934043453,2.2738718942767675,2.2208199098199874,2.28345561953186,2.082265536611064,1.611558169046483
2023-01-03,2.328616776541911,2.274325938836158,2.2212633610099934,2.283911577760319,2.073499179932685,1.6126182465221475
2023-01-04,2.328384334973128,2.274098916556463,2.2210416354149904,2.2836835986460895,2.089506870210361,1.6250328532220213
2023-01-05,2.3293147283388227,2.275007618145422,2.221929135975565,2.2845961301545743,2.0656589167759423,1.6129895040640898
2023-01-06,2.3297794024462006,2.2754614585480857,2.22237238777205,2.285051883365844,2.1130287049328715,1.6434265364965
2023-01-09,2.329779402446201,2.275461458548086,2.22237238777205,2.285051883365844,2.1118308458179786,1.6445446850424097
2023-01-10,2.329779402446201,2.275461458548086,2.22237238777205,2.285051883365844,2.1266405027720476,1.647284494183559
2023-01-11,2.329779402446201,2.275461458548086,2.22237238777205,2.285051883365844,2.153538676573346,1.6640325816765147
2023-01-12,2.3314064934276812,2.2770506145059515,2.223924466937072,2.2866477371654503,2.161378939730089,1.6735827379622366
2023-01-13,2.331638934996464,2.277277636785647,2.2241461925320754,2.28687571627968,2.1697637793256273,1.6739339539398739
2023-01-17,2.3314064934276812,2.277050614505952,2.2239244669370724,2.2866477371654503,2.1657892075242478,1.6700051812296406
2023-01-18,2.33210381813403,2.2777316813450366,2.2245896437220813,2.2873316745081387,2.131595521213715,1.663066348666585
2023-01-19,2.33256828321122,2.2781853175909736,2.225032696125046,2.2877872227022196,2.1160778800474698,1.6545671538840936
2023-01-20,2.3330344205299123,2.278640587090722,2.2254773436761766,2.288244411033813,2.1554985246016396,1.6684980672109415
2023-01-23,2.3330344205299123,2.278640587090722,2.2254773436761766,2.288244411033813,2.1813612018091444,1.6783955975549263
2023-01-24,2.3337317452362605,2.279321653929807,2.2261425204611855,2.2889283483765013,2.1790203593241504,1.681126752466001
2023-01-25,2.333964395835231,2.2795488803662285,2.2263644454497094,2.28915653250792,2.1798367013562028,1.6822443522949693
2023-01-26,2.334661929571767,2.2802301513620398,2.227029821628239,2.2898406748677975,2.203794232071492,1.6909863672680614
2023-01-27,2.334893535019799,2.2804563570148293,2.2272507496491594,2.290067833913271,2.208857434124321,1.692338504530345
2023-01-30,2.335592113907273,2.281138648794272,2.2279171227952923,2.2907530013590938,2.1811437893345387,1.6773558091052458
2023-01-31,2.335592113907273,2.281138648794272,2.2279171227952923,2.2907530013590938,2.2132135230085415,1.6956405766578337
2023-02-01,2.33591820100017,2.2814571332873697,2.228228176687563,2.29107282817402,2.2367348351049112,1.7112692712209665
2023-02-02,2.337085007508215,2.282596736133825,2.229341191320034,2.292217234123326,2.269295140516485,1.7259940218113732
2023-02-03,2.3373187032581244,2.282824983353878,2.229564113276161,2.29244644334069,2.2451745504452414,1.7075758528307692
2023-02-06,2.3373187032581244,2.282824983353878,2.229564113276161,2.29244644334069,2.2314536979513355,1.6954505705575826
2023-02-07,2.3377860947579436,2.2832814777939845,2.230009957188416,2.2929048617754177,2.260638186910263,1.70725456319261
2023-02-08,2.3380193724474774,2.283509316700585,2.2302324803575018,2.293133660958403,2.2359188414902866,1.6983269503267304
2023-02-09,2.338953319326363,2.2844214889538916,2.2311233706079276,2.294049677759102,2.2165346379251094,1.6863930168015933
2023-02-10,2.339186597015897,2.284649327860492,2.2313458937770134,2.2942784769420874,2.221707417258809,1.6855659924328863
2023-02-13,2.3396531523949644,2.285105005673693,2.231790940115185,2.294736075308059,2.247787855358346,1.6991497839278398
2023-02-14,2.3394190385846794,2.2848763501401868,2.231567619372016,2.294506456056317,2.2467535782255474,1.6956683867881206
2023-02-15,2.3401194987438445,2.285560479330167,2.2322357870598357,2.295193468656841,2.254049439152209,1.6970481243042586
2023-02-16,2.3410534456227308,2.2864726515834737,2.233126677310262,2.29610948545754,2.223013982611004,1.6805674290713002
2023-02-17,2.3412867233122645,2.286700490490074,2.233349200479348,2.296338284640526,2.217460557238031,1.679853442126887
2023-02-21,2.341753278691332,2.287156168303275,2.2337942468175194,2.296795883006497,2.1729763622136042,1.6521917510756794
2023-02-22,2.3422198340704,2.2876118461164756,2.2342392931556914,2.2972534813724685,2.169981888635085,1.651973652521608
2023-02-23,2.343153780949286,2.2885240183697824,2.2351301834061177,2.2981694981731673,2.1815249579999514,1.6598176591541591
2023-02-24,2.3433874766991956,2.2887522655898356,2.235353105362245,2.298398707390531,2.1582208841694737,1.6451220173555916
2023-02-27,2.343620963418917,2.2889803086531626,2.2355758279248517,2.298627711590706,2.1655712724235,1.650488304690897
2023-02-28,2.3440873097677972,2.289435782309637,2.236020674869503,2.2990851049394885,2.1575677757020895,1.6478263524210384
2023-03-01,2.3442748098462127,2.289618910893168,2.2361995308575584,2.299269005358071,2.1492912939264266,1.6387680573184469
2023-03-02,2.345444542776886,2.2907613719337916,2.237315336999319,2.3004162815480247,2.166006968416279,1.6437272002374308
2023-03-03,2.3456790746475464,2.29099043578075,2.2375390565295286,2.3006463108341446,2.2007448827481793,1.664880297918186
2023-03-06,2.3454445427768866,2.2907613719337916,2.237315336999319,2.3004162815480247,2.202269557409835,1.6644043873639849
2023-03-07,2.346147511298305,2.291447951004488,2.237985897409387,2.301105754354818,2.168511218674654,1.6490179616132037
2023-03-08,2.3463818341387777,2.29167681069472,2.2382094175460763,2.301335578623749,2.172050965526823,1.6504312392122515
2023-03-09,2.347082921388506,2.2923615523548793,2.238878183414458,2.30202320627584,2.1319768640878416,1.6361593151193041
2023-03-10,2.3475507309487,2.292818455108438,2.2393244261137535,2.3024820347449455,2.1012133473486077,1.6342310302040137
2023-03-13,2.3482532814097423,2.293504625865682,2.2399945877367804,2.3031710975173607,2.098218699561375,1.641010036390934
2023-03-14,2.348721300000124,2.293961732775967,2.2404410298295967,2.3036301310036555,2.132902260774624,1.6504656596714407
2023-03-15,2.349657755241264,2.29487635490999,2.241334312802271,2.3045486080106232,2.1195625769461324,1.6540971259104837
2023-03-16,2.350125982861834,2.295333665977002,2.241780954288608,2.305007846514107,2.1567507368351837,1.6649757550191824
2023-03-17,2.3503596786117433,2.2955619131970546,2.242003876244735,2.3052370557314705,2.131532457659382,1.6614420343517207
2023-03-20,2.3505942104824036,2.295790977044013,2.242227595774945,2.3054670850175905,2.1520281128174936,1.6680629062826047
2023-03-21,2.3512963428830704,2.296476739487804,2.2428973586109304,2.306155737755627,2.1802858114199304,1.6750600686989257
2023-03-22,2.3510628561633484,2.296248696424477,2.242674636048324,2.3059267335554523,2.1431196018287957,1.666954183124351
2023-03-23,2.351997639162986,2.2971616853046894,2.2435663238728325,2.3068435704249075,2.148912912600432,1.6735434513410339
2023-03-24,2.3529351395550644,2.298077328222344,2.2444606038131103,2.3077630725178206,2.1630145853423244,1.6802066975975578
2023-03-27,2.3524669119344948,2.297620017155333,2.244013962326773,2.307303834014337,2.1670591890465816,1.673563029516862
2023-03-28,2.3531690443351616,2.298305779599124,2.2446837251627585,2.3079924867523736,2.1621942365098588,1.6709213438715216
2023-03-29,2.3534027400850714,2.298534026819177,2.244906647118886,2.308221695969737,2.19362201107415,1.684135674901569
2023-03-30,2.3538709677056415,2.298991337886189,2.245353288605223,2.308680934473221,2.2064660711123754,1.6910520987579647
2023-03-31,2.354104454425363,2.2992193809495154,2.2455760111678296,2.306601028734722,2.2375651138340533,1.7090195620300352
2023-04-03,2.365641373414063,2.3081768336239255,2.2520678953562103,2.317279841254986,2.2460919335311966,1.7161465383951777
2023-04-04,2.3662534071579833,2.3087740002633788,2.2526505456095616,2.317879581482153,2.2336299132019533,1.7148574105764658
2023-04-05,2.358483507230695,2.3011928414227802,2.245253675410625,2.3102592861097277,2.227781552476811,1.7150794096497404
2023-04-06,2.3661303927478996,2.3086539740350807,2.2525334370711625,2.3177531231885293,2.2364721283647633,1.7192692431734917
2023-04-10,2.361024236743756,2.3036718532748983,2.2476724255354132,2.3127552275218712,2.2387675023755014,1.7134807554397953
2023-04-11,2.3664963460152024,2.3090110378162914,2.2528818210712718,2.3181191474070384,2.2393688708549386,1.713479802432667
2023-04-12,2.365417776099265,2.307958667781937,2.2518550328573532,2.3170744941204635,2.2302412053044987,1.711300469743
2023-04-13,2.386949627892964,2.328967482581077,2.272353149223223,2.338175242972875,2.2598648744304777,1.7225971283483428
2023-04-14,2.376979384635212,2.319239429642974,2.2628615732802175,2.3284083541358656,2.2543447229218074,1.7166812533652616
2023-04-17,2.376827026141633,2.3190907721375558,2.262716529455811,2.3282568268980577,2.262433581912895,1.716035250072347
2023-04-18,2.3807066272900235,2.3228761326723575,2.2664098725344655,2.3320641259813435,2.2639094781347353,1.7178171250901682
2023-04-19,2.371497407018796,2.3138906164716877,2.257642783174609,2.323041928196517,2.263527090008326,1.7161911671685592
2023-04-20,2.3707433009846044,2.3131548286647194,2.256924881463731,2.3223039436138375,2.2511744727512393,1.7144680926571145
2023-04-21,2.367290348056413,2.309785752503804,2.253637703398134,2.318931907141442,2.2529235282360456,1.7136114535053253
2023-04-24,2.3709855693620487,2.313391212024692,2.2571555186351273,2.3225524006367144,2.255273603782862,1.718005203300397
2023-04-25,2.3480427017002676,2.2910056567883976,2.2353141286978455,2.300066500737498,2.2194740615501236,1.7083697616288034
2023-04-26,2.346115941876689,2.289125700494632,2.2334798718280133,2.298182083375552,2.2100730625280045,1.7013663630748812
2023-04-27,2.3690647658131856,2.311517067319896,2.2553269320816898,2.3206680710006564,2.2540713894501283,1.7170393551010927
2023-04-28,2.381279063661364,2.323434663811481,2.266954826468954,2.3326077488693047,2.273310128739427,1.7309699887490178
2023-05-01,2.3708563617229443,2.3132506591617763,2.2570042506765677,2.322346659616586,2.2710147547286894,1.7217673437494923
2023-05-02,2.360091471304824,2.302747327851808,2.246756306590192,2.3117768067059714,2.2454905650517603,1.719041542307722
2023-05-03,2.3605726007955634,2.3032167671352513,2.2472143315145425,2.312243876313625,2.2300774491136903,1.7165386852073687
2023-05-04,2.3598366854179407,2.302498732605679,2.2465137559072437,2.311506401067068,2.2142817708404974,1.7091907035676943
2023-05-05,2.383879539696533,2.3259574074566793,2.269402035931827,2.3350816763692963,2.2552736037828613,1.7241336140529353
2023-05-08,2.380846271563118,2.3229978399255873,2.266514429925369,2.332116967441484,2.255874798053585,1.7201557493185229
2023-05-09,2.371460758735562,2.3138403708838373,2.257579623629817,2.3229228502114787,2.2459821820416126,1.7148048152595579
2023-05-10,2.377128157395279,2.3193700663546317,2.262974865227652,2.328465949246307,2.256476166533022,1.7247521962656744
2023-05-11,2.374730873323228,2.3170310301104284,2.2606927023652985,2.326112962450778,2.2525411401096354,1.7255354438986612
2023-05-12,2.3623008834784707,2.3049030570008036,2.248859619447067,2.313954218179252,2.249589696083382,1.7200063091044184
2023-05-15,2.3783519717793826,2.320564145201594,2.2641399101926503,2.329672189083137,2.2573506942754245,1.722014326065539
2023-05-16,2.3625743153797734,2.3051698452112306,2.2491199207345987,2.3142094809337266,2.2422657875538263,1.7128996392396572
2023-05-17,2.373262842333692,2.315598668492474,2.259295168445908,2.3246914968177843,2.2694841569707696,1.72309019307244
2023-05-18,2.3712379261364043,2.3136229525428496,2.2573674917893514,2.322723560276124,2.291347002113419,1.72881557430246
2023-05-19,2.3720717369692372,2.314436503920237,2.2581612617639264,2.3235526462961404,2.2880128215433286,1.7247147580436486
2023-05-22,2.3762756681434585,2.318538290395724,2.2621633138000417,2.3276632465359883,2.288942225030524,1.7238840898098613
2023-05-23,2.3525060739618793,2.2953462361252632,2.2395351715090035,2.304365829144219,2.263253408119218,1.713276189795166
2023-05-24,2.3337500481950877,2.2770459334714346,2.2216798384888774,2.2859764931944135,2.2468568839927285,1.7040507201607304
2023-05-25,2.3331580538671197,2.2764683230807337,2.221116272624588,2.285407801471749,2.266314429426342,1.708678234409978
2023-05-26,2.357927261755038,2.300635703019349,2.2446960256587603,2.309670514134411,2.2956642424545004,1.7233271214031953
2023-05-30,2.349965919307084,2.2928678006854604,2.2371169989255395,2.301860973601202,2.2965387701969036,1.7290241664341883
2023-05-31,2.337396965344101,2.2806042399277286,2.225151625156377,2.2872465114921448,2.283804635856976,1.7257917170501063
2023-06-01,2.3434736065286117,2.2842467011497374,2.226474583919864,2.2888905853180925,2.305503027973962,1.7375361639689537
2023-06-02,2.3434736065286117,2.2842467011497374,2.226474583919864,2.2888905853180925,2.338843091587727,1.7471707326543773
2023-06-05,2.3439416314047903,2.284702897573921,2.2269192424338544,2.2893477091917287,2.3343612240122678,1.744925201855276
2023-06-06,2.3446426369181848,2.285386186486158,2.22758524991711,2.2900323872335018,2.339443937441023,1.7476549382094753
2023-06-07,2.344876236635925,2.2856138824086343,2.2278071870590135,2.2902605460628473,2.331354904241222,1.7389808386898151
2023-06-08,2.3458120800281077,2.286526074112194,2.228696308029448,2.2911745922563833,2.3454564027744005,1.7499605301372283
2023-06-09,2.3460460924661968,2.2867541723242857,2.228918637286443,2.291403154193201,2.3496645884607528,1.7494043530689556
2023-06-12,2.3465128791813274,2.2872091618796224,2.229362119455158,2.29185906874442,2.370980766660043,1.7602057201994936
2023-06-13,2.3467473043397664,2.28743766238133,2.2295848408272447,2.29208803378871,2.386612688742427,1.7624381867343042
2023-06-14,2.347214503775246,2.287893054226282,2.230028715111051,2.2925443514474013,2.389454381279096,1.7646436885275696
2023-06-15,2.3483837405249943,2.2890327407075097,2.2311395771658433,2.2936863549165465,2.4190778761963614,1.783372185346047
2023-06-16,2.348383740524994,2.2890327407075097,2.2311395771658433,2.2936863549165465,2.4108379782505596,1.7766733981223317
2023-06-20,2.3490855714790873,2.2897168341989773,2.2318063688792824,2.2943718391732646,2.3983303152383457,1.7730404579544499
2023-06-21,2.3493189648366526,2.2899443289766457,2.23202810996364,2.2945997964488742,2.3860419809965876,1.7680977865424592
2023-06-22,2.3502541891483113,2.2908559172457816,2.232916642761437,2.2955132379812015,2.3946546855895487,1.7681312443159893
2023-06-23,2.3507218013041404,2.2913117113803496,2.2333609091603353,2.2959699587473654,2.376551264486951,1.7627337808872694
2023-06-26,2.3509554010218805,2.291539407302826,2.2335828463022387,2.296198117576711,2.3668413934155725,1.7600179436256236
2023-06-27,2.3511896198201447,2.291767706659726,2.23380537161678,2.2964268810672652,2.392789432892754,1.7693983980393473
2023-06-28,2.3518904189733645,2.292450794427154,2.2344711830424897,2.297111357555302,2.393996873486897,1.7726944825728257
2023-06-29,2.3528258496451975,2.2933625838410974,2.235359911897832,2.2980250006413656,2.4034321916256007,1.7699304719092643
2023-06-30,2.352825849645197,2.2933625838410974,2.2353599118978313,2.2980250006413656,2.431794241247499,1.7842817257828016
2023-07-03,2.3539294638593966,2.2944383062734324,2.236408427653043,2.2991029100224085,2.4345923816057615,1.7823751110959145
2023-07-05,2.35416409537801,2.294667007919948,2.236631345082676,2.2993320766204355,2.430971627701757,1.777374941869724
2023-07-06,2.355103446893162,2.2955826190852404,2.2375237990313894,2.300249549227486,2.411935318937691,1.7632181750692506
2023-07-07,2.3553380784117754,2.295811320731756,2.237746716461022,2.3004787158255127,2.4058462017703177,1.7596484095430542
2023-07-10,2.355573329010913,2.2960406258126946,2.2379702220632924,2.3007084870847474,2.411935318937691,1.765957612329222
2023-07-11,2.3558085796100507,2.296269930893634,2.238193727665563,2.3009382583439826,2.4272961722616726,1.7742017384712407
2023-07-12,2.3562774299269282,2.296726931897049,2.2386391704097366,2.3013961884325633,2.4468258401027274,1.789686428945602
2023-07-13,2.3572163687217316,2.297642140772726,2.239531232243359,2.302313257932142,2.4662457564541977,1.8041607058772002
2023-07-14,2.357451619320869,2.297871445853665,2.239754737845629,2.3025430291913773,2.4647099324348702,1.7999300082462995
2023-07-17,2.3579215014386192,2.298329452581119,2.2402011608775316,2.3030019670486386,2.473267761283039,1.8048827287203888
2023-07-18,2.358155307516534,2.2985573496484033,2.240423294076981,2.3032303274317205,2.4916459095270254,1.813788805796107
2023-07-19,2.3586256023546346,2.2990157586654734,2.240870109223976,2.3036896683964545,2.497186617663904,1.818671825652636
2023-07-20,2.3595643347892628,2.2999307663963426,2.241761975000052,2.3046065363422965,2.480618672163207,1.8056757318631327
2023-07-21,2.359800204468924,2.3001606749117047,2.2419860687749598,2.30483691226274,2.4806186721632075,1.806267968907203
2023-07-24,2.360269261145976,2.3006178770599277,2.2424317075766793,2.305295043905057,2.491700959480532,1.8094441772129484
2023-07-25,2.36050347994424,2.3008461764168273,2.24265423289122,2.3055238073956112,2.4985034613302046,1.8111064313328606
2023-07-26,2.3609729493416416,2.301303780854666,2.2431002638080315,2.3059823421454007,2.4988870689176093,1.8137189947964896
2023-07-27,2.3619112690559207,2.30221838629592,2.243991737469016,2.306898806983771,2.482319471834339,1.7986496856080512
2023-07-28,2.3623821829745446,2.3026773987474134,2.2444391407886477,2.3073587526097135,2.5066221100113215,1.811645219266725
2023-07-31,2.3623821829745446,2.3026773987474134,2.2444391407886477,2.3073587526097135,2.511394906138536,1.8146350505570112
2023-08-01,2.3629007660935204,2.3031828756495183,2.2449318334013713,2.3078652571487117,2.5042084482840314,1.8072846757394117
2023-08-02,2.3636077560519806,2.303871997761182,2.245603526553457,2.3085557802488337,2.4693728028637874,1.7907459551621505
2023-08-03,2.3643145396502665,2.304560918728038,2.2462750236479967,2.3092461017952197,2.4622959222901537,1.7823541020904485
2023-08-04,2.364787310810463,2.3050217414828023,2.2467241914855416,2.3097078614047875,2.451159456062891,1.7851365139698712
2023-08-07,2.365023180490124,2.305251649998165,2.246948285260449,2.309938237325231,2.472554376600741,1.792656652093522
2023-08-08,2.365258843809611,2.30548135736872,2.247172182977811,2.310168411691938,2.4618022147957377,1.7916498134698948
2023-08-09,2.3659662464884206,2.306170881769999,2.247844268244988,2.310859337899532,2.4453443692020524,1.784975256772106
2023-08-10,2.366674268247755,2.306861009605702,2.2485169416848034,2.311550868768335,2.4462222069100146,1.7798021993494035
2023-08-11,2.3669093124867175,2.307090113541833,2.2487402512295276,2.311780438473834,2.444796134380271,1.775380393388268
2023-08-14,2.3676171278858766,2.3077800402327275,2.2494127286117966,2.312471767788901,2.4582913865900307,1.7800864410319146
2023-08-15,2.367852997565538,2.3080099487480896,2.2496368223867043,2.3127021437093442,2.429654784035457,1.7663095740024852
2023-08-16,2.368324117844337,2.308469162344391,2.2500844217638822,2.313162290889023,2.4118255674481066,1.75584579635593
2023-08-17,2.3692680092833327,2.3093891986954564,2.250981188978605,2.314084197678269,2.3934481160389747,1.7469700902741656
2023-08-18,2.369503466242645,2.309618704921203,2.251204890638421,2.31431417049124,2.3945999840534706,1.7495994542080697
2023-08-21,2.3697391295621313,2.3098484122917573,2.2514287883557826,2.3145443448579472,2.4101798177304805,1.7519376272073919
2023-08-22,2.3699747928816186,2.310078119662312,2.251652686073145,2.3147745192246547,2.4036516946047692,1.749413197313142
2023-08-23,2.3706828146409524,2.310768247498015,2.25232535951296,2.315466050093458,2.4304232186712613,1.7686964897701705
2023-08-24,2.3716256742790742,2.311687278125041,2.2532211464399534,2.3163869491140234,2.396739441265512,1.7514394094813799
2023-08-25,2.371861337598561,2.3119169854955954,2.2534450441573157,2.316617123480731,2.413635944400108,1.7585319941341675
2023-08-28,2.3723332833180586,2.312377003671128,2.253893427764677,2.317078076875354,2.4289417477705846,1.767141692727815
2023-08-29,2.372805641757906,2.3128374241362764,2.2543422034871305,2.3175394333774495,2.4640517719147907,1.7874514295728734
2023-08-30,2.372805641757906,2.3128374241362764,2.2543422034871305,2.3175394333774495,2.4742006489445068,1.791772500572003
2023-08-31,2.373983751995165,2.313985759844241,2.255461496016394,2.3186901036572505,2.4705797208317883,1.791649158285341
2023-09-01,2.3747179814966834,2.3147014330705398,2.256159068764532,2.319407231850547,2.475187889724626,1.7892386908380613
2023-09-05,2.3749550893373934,2.3149325484547494,2.256384338884715,2.319638817093408,2.464490081038274,1.7802595500686422
2023-09-06,2.3754288922984634,2.3153943769335528,2.2568344870099892,2.320101584471657,2.447923006581145,1.7712434539761512
2023-09-07,2.3766125742604394,2.3165481435513295,2.2579590730929904,2.321257696702334,2.4404071200491737,1.7704151559049166
2023-09-08,2.376849888461324,2.316779460080347,2.2581845392707196,2.321489483498931,2.444082923906685,1.7721627896533672
2023-09-11,2.37708637722151,2.317009972030133,2.258409221218265,2.321720464080583,2.4601562908693975,1.77792226053
2023-09-12,2.37732307234187,2.3172406851247267,2.258634099223356,2.3219516462159713,2.446661038659637,1.7730534147476213
2023-09-13,2.378034395863999,2.317934031277355,2.259309909583904,2.322646401944553,2.449514228971405,1.7751284823423759
2023-09-14,2.37874406850473,2.318625768271521,2.2599841514840864,2.323339545243245,2.4706345965765797,1.782698488126631
2023-09-15,2.379218696906498,2.319088401329555,2.260435083839544,2.3238031188364388,2.4408675536792863,1.7675722846631627
2023-09-18,2.3794555983870334,2.319319315568957,2.2606601579021812,2.324034502525563,2.442299026679152,1.7688781648952012
2023-09-19,2.3796916744268697,2.3195494252291273,2.260884447734635,2.324265079999743,2.4372340825391863,1.7640934264452717
2023-09-20,2.3804017597879508,2.3202415645129086,2.2615590817499087,2.3249586264059077,2.4148277062100236,1.7538353975284584
2023-09-21,2.3811132896702545,2.320935111810345,2.262235088168003,2.3256535836882257,2.374914573622432,1.7312623890478658
2023-09-22,2.381586267190625,2.3213961357099167,2.2626844520630933,2.32611554485153,2.3695747281323642,1.7316833683931172
2023-09-25,2.3820602765118695,2.3218581653335275,2.263134796245913,2.326578513783515,2.37953911813435,1.7308355764952374
2023-09-26,2.382060276511869,2.3218581653335275,2.263134796245913,2.326578513783515,2.344580655570999,1.7154338528046764
2023-09-27,2.3827703618729497,2.322550304617309,2.2638094302611864,2.3272720601896792,2.3455165047805986,1.7127212229032216
2023-09-28,2.383480653594205,2.323242645045898,2.264484260334006,2.3279658081495804,2.359114540131398,1.7205253090552974
2023-09-29,2.3841921834765083,2.323936192343334,2.2651602667521002,2.328660765431898,2.353388996549363,1.7181921779320797
2023-10-02,2.3844771668777445,2.3242139733229625,2.265431022222921,2.3289391111415503,2.352453147339763,1.7121645006478923
2023-10-03,2.3847146874388034,2.3244454909967875,2.2656566844581953,2.3291710994918833,2.3209630060559943,1.6927345741992914
2023-10-04,2.385190141281271,2.324908928634054,2.2661084010438364,2.3296354793000216,2.337864212825858,1.704425237852063
2023-10-05,2.386617328249371,2.326300046125083,2.267464335030942,2.331029424939381,2.33698271673491,1.7053206990980578
2023-10-06,2.3868546424502552,2.3265313626541007,2.267689801208671,2.3312612117359777,2.3647298095977085,1.713465709088898
2023-10-09,2.387092369371489,2.3267630814727336,2.267915659501491,2.3314934016400466,2.3798694178553856,1.7287572830471445
2023-10-10,2.387092369371489,2.326763081472733,2.267915659501491,2.3314934016400466,2.3922563542290565,1.732819875981521
2023-10-11,2.3875688550148295,2.3272275248340386,2.2683683563748613,2.331958789216866,2.4020557685792387,1.7408759288292583
2023-10-12,2.388757283260823,2.328385917782396,2.2694974517814175,2.333119537183475,2.3874116099031144,1.7278362145171233
2023-10-13,2.3887572832608233,2.328385917782396,2.2694974517814175,2.333119537183475,2.3755204715284237,1.7270053156880958
2023-10-16,2.3894708767448734,2.32908147652791,2.2701754187749703,2.3338165100031545,2.400514021463648,1.7338701403210774
2023-10-17,2.389708603666107,2.329313195346543,2.2704012770677906,2.3340486999072234,2.400403747347923,1.7271138494700518
2023-10-18,2.3901836447882245,2.329776230694193,2.2708526015383392,2.334512676607889,2.368418330691315,1.709954207267223
2023-10-19,2.3911353779138578,2.330703910547956,2.271756818939804,2.3354422424391097,2.347608751431249,1.6975335807580603
2023-10-20,2.3916110381165,2.3311675493300297,2.2722087315829906,2.335906823800984,2.3187611821244745,1.6888313678227387
2023-10-23,2.3920864919589677,2.331630986967296,2.2726604481686317,2.336371203609122,2.314742012892406,1.6902387144803634
2023-10-24,2.3923242188802014,2.331862705785929,2.272886306461452,2.3366033935131916,2.332193719197329,1.6990798515421326
2023-10-25,2.392324218880202,2.3318627057859294,2.272886306461452,2.3366033935131916,2.298721953796063,1.6784812362180173
2023-10-26,2.393751612208477,2.3332540244217665,2.274242436506104,2.337997540706287,2.2711952349560014,1.6715635281249688
2023-10-27,2.3937516122084777,2.333254024421767,2.274242436506104,2.337997540706287,2.2609005452329805,1.6681146192489051
2023-10-30,2.3942268596907703,2.3337172609142254,2.274693957034199,2.3384617189606893,2.287931466074062,1.6776798786137936
2023-10-31,2.3947025198934124,2.334180899696299,2.275145869677386,2.3389263003225635,2.30230002656523,1.682533921018461
2023-11-01,2.3951086367171865,2.3345767526781307,2.2755317109276207,2.339322958075348,2.3268535252898346,1.7010506603368483
2023-11-02,2.3960636716056145,2.335507650848819,2.276439065249819,2.340255748766348,2.3714466007602772,1.7248249965922648
2023-11-03,2.396303049408245,2.3357409788259145,2.276666492003006,2.340489551100306,2.3930817551142174,1.7395851053048674
2023-11-06,2.3967805668524593,2.336206427911259,2.2771201691641054,2.340955946445806,2.3985874472996573,1.7380086065683888
2023-11-07,2.3967805668524593,2.336206427911259,2.2771201691641054,2.340955946445806,2.4054138157430964,1.7449183366833134
2023-11-08,2.397257877936499,2.336671675851796,2.2775736502676587,2.3414221402375692,2.40717524004657,1.7484773053875013
2023-11-09,2.398451877907209,2.3378354997099646,2.278708039227953,2.342588330155055,2.388402334857507,1.7333909167448767
2023-11-10,2.398451877907209,2.3378354997099646,2.278708039227953,2.342588330155055,2.425673243885531,1.7504900516027941
2023-11-13,2.398690636629316,2.338068224252637,2.2789348778085023,2.342821527827805,2.4233609716295716,1.749099438282598
2023-11-14,2.3996460842380936,2.3389995247129414,2.2798426242457923,2.3437547216262766,2.470375722428131,1.7800359409938946
2023-11-15,2.3996460842380936,2.3389995247129414,2.2798426242457923,2.3437547216262766,2.475605816428614,1.776907583856982
2023-11-16,2.400840496929153,2.340163750860726,2.280977405321178,2.3449213146512347,2.4786335638714356,1.7834318044208504
2023-11-17,2.4013176016530178,2.340628797656455,2.2814306903671855,2.345387306889262,2.48171670968519,1.7852357022410774
2023-11-20,2.4015565667352994,2.3408617233439344,2.2816577250052807,2.345620706115748,2.500819740386575,1.7945927730678528
2023-11-21,2.4022736683423194,2.3415607015511823,2.282339024977113,2.346321105348942,2.4953696207807825,1.7931062554877515
2023-11-22,2.4032284968705726,2.342491398577063,2.283246183241766,2.3472536944862057,2.5050037110617334,1.7971053200576892
2023-11-24,2.4039449793970684,2.3431897733498874,2.283926895040961,2.3479534890581917,2.506545458177325,1.7941671169685578
2023-11-27,2.403944979397068,2.3431897733498874,2.2839268950409606,2.3479534890581917,2.502031013572418,1.7974586167611077
2023-11-28,2.404183531759,2.3434222967477516,2.2841535375639643,2.348186485177205,2.5045086098976084,1.8016328653170117
2023-11-29,2.404899807925321,2.3441204703757688,2.2848340533056137,2.3488860781954553,2.5027464887592807,1.8045501940381445
2023-11-30,2.4056164968119913,2.344819046293401,2.285514961162354,2.347236488246856,2.5126011272716826,1.8054078110382707
2023-12-01,2.439513839935153,2.3754818378714058,2.313084523551564,2.3738190343236742,2.5274653115531165,1.8185885814320517
2023-12-04,2.4291986909913854,2.365437439446714,2.3033039635935224,2.3638064789173665,2.5141975759233524,1.809845002135483
2023-12-05,2.419118576189145,2.3556219060218178,2.293746256986986,2.3540034627348896,2.5137026489679406,1.8147440002826767
2023-12-06,2.4159108941913785,2.3524984187914426,2.290704815096373,2.3508835757350646,2.5035725864792964,1.8133958300060107
2023-12-07,2.4280777083493996,2.3643458801929746,2.302241076571567,2.362722637772276,2.5226757913893945,1.8205508907212002
2023-12-08,2.428872266523095,2.36511958292007,2.3029944562755675,2.363511362409147,2.533521677482329,1.8205037159423898
2023-12-11,2.4379472242530777,2.3739563424883614,2.3115990986979558,2.3723343255120546,2.5433754449511623,1.8248310681009507
2023-12-12,2.4415977391849473,2.3775110392388275,2.315060423431463,2.3758900331288406,2.5549916819757517,1.8313908584657521
2023-12-13,2.4885592167108266,2.423239878778962,2.3595880932851885,2.4216210842777297,2.590225394306632,1.8574322043958365
2023-12-14,2.522496386587238,2.456286270789722,2.3917664483038075,2.454644045807396,2.5985382857034427,1.8671708307116919
2023-12-15,2.50244523092006,2.4367614149204972,2.37275445620365,2.4351228038753856,2.5942597196967854,1.8647039311600615
2023-12-18,2.5056606649114053,2.439892450671259,2.3758032483359712,2.43825692548506,2.608852835219817,1.8693667594065582
2023-12-19,2.5248427918543075,2.458571087954915,2.393991249663977,2.4569206533417085,2.6247171517261787,1.8776077913139764
2023-12-20,2.4907538285517297,2.4253768867696115,2.36166896800756,2.4237656482517056,2.588345682286606,1.8655715821146768
2023-12-21,2.5237700893137913,2.4575265415536105,2.3929741405973157,2.4558761390124206,2.612888031653539,1.8749917470072706
2023-12-22,2.525189730348888,2.4589089200586898,2.3943202078560972,2.4572764753247345,2.618139030699657,1.8765574192656802
2023-12-26,2.5403860605991695,2.4737063792576914,2.4087289788748505,2.47205778068402,2.62919431566637,1.8817918775462021
2023-12-27,2.55168728238418,2.4847109682280752,2.4194445078381235,2.4830511978279537,2.6339479488350857,1.889668814991694
2023-12-28,2.5597775884550726,2.4925889211298453,2.4271155287837862,2.4909070318664455,2.634942854798604,1.8872232911598705
2023-12-29,2.5504046489292898,2.4834620011482986,2.4182283476568083,2.48114582449961,2.627314603646344,1.882068706552505
2024-01-02,2.539644960986047,2.4723542770304676,2.406798498031888,2.472416962222927,2.612611214007587,1.8729265871836775
2024-01-03,2.497527065514463,2.431352341481074,2.3668837504516143,2.431375854854152,2.591275176014943,1.8655433839086293
2024-01-04,2.4945907268883745,2.4284938043735087,2.3641010089646946,2.4285071598273595,2.5829281397102615,1.8574282060738632
2024-01-05,2.4924830041892223,2.4264419281033627,2.362103539277192,2.4264480604427523,2.58646597026658,1.8562196193726472
2024-01-08,2.5280974229493123,2.461112703703144,2.3958550009566166,2.461128457395612,2.6233903781632013,1.8745985946433081
2024-01-09,2.511619052413208,2.4450709457018163,2.380238598638353,2.445092288891844,2.619410405891699,1.8725748765453885
2024-01-10,2.520353573738222,2.453574036286308,2.388516225286571,2.4535832026680504,2.6342242438548955,1.8777769538858833
2024-01-11,2.5093106541503616,2.442823710987551,2.3780509505390217,2.442812344289926,2.633063839613432,1.8812563129739166
2024-01-12,2.515106036502632,2.448465538316084,2.3835431818371906,2.4484562266972247,2.634887630636384,1.8840690841298193
2024-01-16,2.4898798767615986,2.4239077733974073,2.3596365790212372,2.4239209347473425,2.6252143433948674,1.8738233397713984
2024-01-17,2.464728166795651,2.3994224856252155,2.335800531581963,2.399418596410035,2.6106214020805494,1.8651279159509857
2024-01-18,2.4761238315698533,2.410516209738985,2.3466000997436387,2.410482951492289,2.6338373263019323,1.8734759152961706
2024-01-19,2.4985936986498105,2.432390712999421,2.3678945890009166,2.4323796794749017,2.666671313602613,1.8876772670901543
2024-01-22,2.51862150734365,2.45188786289416,2.386874761672174,2.4518861472557085,2.672309230201694,1.892364759161241
2024-01-23,2.5126794237665147,2.446103221350918,2.381243502953602,2.446094169935038,2.6801031538406117,1.893844972288175
2024-01-24,2.5042667300109303,2.43791343116076,2.373270869374347,2.4378558793988585,2.6830329959863755,1.8929991603674963
2024-01-25,2.522458539557121,2.4556232287227724,2.390511082303659,2.455586990364385,2.6976257630919798,1.9024743224941276
2024-01-26,2.5227359322645393,2.455893271605592,2.3907739648568644,2.4558405085815513,2.6941985550688132,1.899674135738755
2024-01-29,2.546553995178418,2.479080248769851,2.413346127079451,2.479031378618444,2.7155351156875978,1.913298305488757
2024-01-30,2.5340516057621643,2.4669091238995566,2.401497726011151,2.4668426315630203,2.7134348554361214,1.9134090612663162
2024-01-31,2.4989413875891624,2.4327291895382626,2.3682240906556236,2.4320279181437794,2.6691586656157646,1.900604768386749
2024-02-01,2.522354690592434,2.4548984193447447,2.389198317676333,2.4578194069527886,2.7040932615853484,1.9202297184141823
2024-02-02,2.5125175360706096,2.44532434351134,2.3798804714900204,2.448232207518724,2.732560010644137,1.9224400694982182
2024-02-05,2.492856816802615,2.426189418183751,2.361257651481956,2.4290610899975498,2.7226102541740955,1.910842242689442
2024-02-06,2.507427930288984,2.4403708509533737,2.3750595485577892,2.4432662139278563,2.7305149745548807,1.9182484607660186
2024-02-07,2.509867901900868,2.4427455694953775,2.377370712840923,2.4456368312008134,2.7532885828523677,1.926636409489704
2024-02-08,2.5165073663140696,2.4492074722381023,2.383659676587955,2.4521373242001503,2.7545047338821917,1.9247070061927947
2024-02-09,2.531584009437455,2.4638809150773135,2.397940416136975,2.4668527785432626,2.770423751924632,1.9301662391965515
2024-02-12,2.5446417123803777,2.4765894110055076,2.41030879637323,2.479609189646859,2.7692079493122357,1.9303575482094772
2024-02-13,2.4923743628153012,2.4257198666431687,2.360800666483317,2.428625787354463,2.7310675645945035,1.9058454615267288
2024-02-14,2.5219465330650372,2.4545011773261716,2.3888117069901194,2.457466949830955,2.7558863831899614,1.9192149382497963
2024-02-15,2.552291373078597,2.4840344939776298,2.4175546276352433,2.487069490313895,2.774901264282251,1.9293934924252154
2024-02-16,2.538433029424153,2.4705467691707583,2.4044278729133675,2.4735403906482447,2.7610823322825735,1.920250211083134
2024-02-20,2.5295328878459022,2.461884647394673,2.395997574285999,2.4648383496377217,2.745881925183841,1.9150191831875982
2024-02-21,2.5256368891835956,2.4580928408761302,2.3923072473528486,2.461032443159432,2.7483689287795676,1.9137120368784906
2024-02-22,2.551013158159117,2.4827904628359674,2.4163438903243324,2.4857512355397247,2.8052475511523505,1.9380942721650183
2024-02-23,2.5565401882053718,2.4881696814584813,2.4215791456742277,2.4911381544200406,2.8071824873345954,1.9423178813643167
2024-02-26,2.556373539920998,2.488007489911265,2.4214212948366134,2.4909916666428766,2.796900863265096,1.9368186982791347
2024-02-27,2.5671687424129264,2.4985139922809685,2.4316466131587693,2.5015345676135667,2.802096812357708,1.9373801040682477
2024-02-28,2.559339187991057,2.4908938265500717,2.424230384853268,2.4938958748845823,2.7983936577321575,1.9384834548902317
2024-02-29,2.569139814648858,2.50043235139773,2.4335136314998738,2.5028282038937584,2.8084535141092104,1.9442830353517329
2024-03-01,2.5907020865324357,2.520787620916987,2.4527106513943195,2.5290780438040104,2.834820002916522,1.9588505667314786
2024-03-04,2.5863107265838323,2.5165147692236274,2.448553193315277,2.524789070810027,2.831780060863746,1.9558481888380388
2024-03-05,2.5667210601528754,2.497453762983753,2.4300069529882853,2.505666664994739,2.8034789842916163,1.9489153706304332
2024-03-06,2.591657974965117,2.521717713087988,2.4536156252825063,2.5300268118988787,2.8176848338442575,1.9567166492407497
2024-03-07,2.6151513407290814,2.5445770707498876,2.4758576378805284,2.5529546054889023,2.8456542170256434,1.969647154488582
2024-03-08,2.608037561010692,2.5376552683762124,2.4691227672917146,2.546018089873279,2.828574272115599,1.9631416510864548
2024-03-11,2.6000238592458205,2.529857829870403,2.4615359082012875,2.538202722779998,2.8261421442646646,1.9611373758840842
2024-03-12,2.6185174796427027,2.5478523687271637,2.4790444824082853,2.5562600146322034,2.8565441779231246,1.970517154115076
2024-03-13,2.6180160655790883,2.547364486167805,2.4785697757173932,2.555766144588098,2.8520659687306518,1.9669179913162418
2024-03-14,2.5969756982346492,2.5268919286255374,2.458650104766717,2.5352241504646877,2.8464278779228565,1.9587744601451573
2024-03-15,2.5899537940234274,2.5200595223434994,2.4520022160181547,2.528368133134241,2.826883053923716,1.9493391775804203
2024-03-18,2.5910995684352907,2.521174376100249,2.4530869617782645,2.5294817976704254,2.8436835680571044,1.9553971941304826
2024-03-19,2.5953557711103437,2.5253157179670582,2.4571164616153407,2.533617672211737,2.8594860404701286,1.964192095056069
2024-03-20,2.62831721231434,2.5573876390831716,2.4883222410627788,2.565796575454239,2.885934755790271,1.976989448192657
2024-03-21,2.63841874875665,2.5672165685260397,2.497885728179379,2.575652389017573,2.895471463400305,1.9810291819241146
2024-03-22,2.6220627099852116,2.551301925049041,2.4824008792197594,2.5596782398113875,2.88998232104266,1.9825659563095384
2024-03-25,2.6207873303897937,2.5500609637232245,2.4811934315805604,2.558438705250031,2.8819978130710346,1.9771803191265558
2024-03-26,2.6186697033406006,2.548000484411815,2.479188598046733,2.5563733171882896,2.8766752142436163,1.9761328440637693
2024-03-27,2.6434060214428468,2.572069251246626,2.502607358235738,2.5805058193377333,2.900849983224797,1.9891474925874522
2024-03-28,2.6462649307765633,2.5748510080897695,2.505313990314598,2.5826576419646745,2.900295476889325,1.9881711588390671
2024-04-01,2.6258870591347083,2.5543832759139824,2.4847765010068876,2.5618806324015964,2.8952498699165723,1.9789408805127433
2024-04-02,2.5968186154148247,2.5261063756426565,2.4572701443931315,2.533507281935566,2.876841235147701,1.9696952227298956
2024-04-03,2.606096845609321,2.5351319565245367,2.4660497787943974,2.542554237550981,2.8800015554215923,1.971922430538491
2024-04-04,2.5818241675099474,2.51152023157125,2.4430814717805758,2.518874302891946,2.8448479790989802,1.9602012806579132
2024-04-05,2.5961045199119988,2.5254117251993042,2.4565944231283035,2.5328098474482963,2.8745676372261673,1.9671558281294697
2024-04-08,2.6101091908777607,2.5390350442888194,2.4698465076758866,2.54647922196963,2.8761757578616503,1.966040266107506
2024-04-09,2.6219635340313117,2.550566589711932,2.481063819250788,2.558062509891997,2.8795029700831956,1.9705340447262392
2024-04-10,2.562330377578262,2.4925572640618694,2.424635243878536,2.4998427362919524,2.8506700343083655,1.9482174847268
2024-04-11,2.5753980995142225,2.50526914755716,2.437000729391407,2.512595872192559,2.8721834167714806,1.955947188349599
2024-04-12,2.5369944028115685,2.4679111963652844,2.4006607798925903,2.475132773094674,2.8325389140203003,1.9428903437185832
2024-04-15,2.507220805569622,2.4389483441382396,2.372487163468428,2.4460612357426346,2.797052250637235,1.9233388289977607
2024-04-16,2.4888447258852016,2.421072651252113,2.3550985820282486,2.428133942100818,2.7919512452935487,1.9182019436021414
2024-04-17,2.4745837574499867,2.407200013758993,2.3416039729870284,2.414204484018507,2.7754277230148263,1.9163244382454272
2024-04-18,2.4711087883766125,2.4038196692561837,2.338315742647796,2.410818632445893,2.769716464547308,1.9112751203215126
2024-04-19,2.4696890158662113,2.402438557626285,2.3369722662182415,2.4094374843993305,2.745541172939986,1.9023683733340542
2024-04-22,2.4949924456848374,2.427052966584628,2.360915934164462,2.4341199115994043,2.7708256514269656,1.912829393587223
2024-04-23,2.5253316338439404,2.4565660084989127,2.3896247476433654,2.4637207707732274,2.803705804036757,1.927337558105665
2024-04-24,2.522129269104059,2.4534508452223838,2.386594472359579,2.4605992513816126,2.8023751978820814,1.924424231110727
2024-04-25,2.5094219429935123,2.4410895438535953,2.3745700156335072,2.4482000035096303,2.79172930339239,1.917096270124731
2024-04-26,2.526824751928472,2.458018468478417,2.3910376281847294,2.465171344077555,2.8181778445038193,1.9300640492110506
2024-04-29,2.542888867143315,2.473645152461037,2.406238486064909,2.4808529823512444,2.8281580874987453,1.9372880153079217
2024-04-30,2.5012108288497887,2.4331020210953764,2.3668001523408586,2.4377415640699183,2.783356832615519,1.9152664259777443
2024-05-01,2.499382572916534,2.428892225633721,2.3603400033827437,2.438665394277873,2.7743187103438833,1.9145830895406752
2024-05-02,2.500379314874854,2.4298608563746726,2.361281295821431,2.439637922512293,2.8002679692820607,1.928919378868525
2024-05-03,2.500877371292066,2.430344866054824,2.3617516449781495,2.4401238797091684,2.8349781844284947,1.9475495595292553
2024-05-06,2.50112671406262,2.4305871765852243,2.361987116619134,2.4403671652279413,2.8642546555882165,1.9603279554045134
2024-05-07,2.50112671406262,2.4305871765852243,2.361987116619134,2.4403671652279413,2.867415672696962,1.9636471735541274
2024-05-08,2.5018743229583507,2.4313137005893255,2.3626931354585867,2.441096612557146,2.867692141925487,1.9615818252926729
2024-05-09,2.5026210930222215,2.432039409419229,2.3633983621310386,2.4418252414321238,2.8842156642042096,1.9707624731981574
2024-05-10,2.503369540749813,2.4327667485975284,2.3641051731374922,2.4425555072155545,2.887931710274568,1.9697846052528396
2024-05-13,2.503617625272576,2.4330078363666314,2.3643394565279756,2.4427975650529876,2.888318453618818,1.9708664371920743
2024-05-14,2.503617625272576,2.433007836366631,2.364339456527975,2.4427975650529876,2.9015706846730698,1.9786105417848627
2024-05-15,2.5041165205216487,2.4334926612209804,2.364810597851694,2.443284340704089,2.937501406067168,1.9993386898985213
2024-05-16,2.5053628149584877,2.434703806285882,2.3659875599731155,2.444500359070839,2.9314567121217694,1.9953297037459108
2024-05-17,2.5056111091892155,2.434945097848534,2.3662220414053485,2.4447426215218284,2.935671169321812,1.9946414818604035
2024-05-20,2.505861081083665,2.4351880197595834,2.366458107171584,2.444986520881271,2.9390536057055767,1.9948666141795357
2024-05-21,2.506358718084947,2.435671621852636,2.3669280602448017,2.4454720688510334,2.9462613170231435,1.9998595305242224
2024-05-22,2.506608060855501,2.4359139323830363,2.367163531885786,2.445715354369806,2.937777701086979,1.995344989584975
2024-05-23,2.508351992293622,2.43760867954099,2.368810447080426,2.447416920706317,2.91631989120351,1.983704419941131
2024-05-24,2.508601125356211,2.4378507862778407,2.3690457206796602,2.447660001611533,2.935616119368306,1.9926904352928865
2024-05-28,2.50885067783473,2.438093300601791,2.3692813903623953,2.4479034917438622,2.937666904345112,1.989179260865037
2024-05-29,2.5088506778347304,2.438093300601791,2.3692813903623957,2.4479034917438622,2.917096687857568,1.9769000046741343
2024-05-30,2.509349363375838,2.438577921662591,2.3697523336443647,2.4483900627814075,2.8977445386956986,1.9727528344054237
2024-05-31,2.5103452665022976,2.439545737229345,2.370692833916051,2.44691241078904,2.9241378556449087,1.9872727691930159
2024-06-03,2.498113807464805,2.425231584062999,2.354423536685573,2.452136682811006,2.926522076099596,1.9934697611861203
2024-06-04,2.4813190629039146,2.408926824514563,2.3385948175260918,2.435582519624773,2.9297933673240673,1.9991891996198041
2024-06-05,2.5124340388885567,2.439134024150474,2.3679200754798084,2.4661560872683714,2.964614553421081,2.0163024729254873
2024-06-06,2.5132446506626738,2.4399209864062077,2.368684061265561,2.466958492274607,2.964559851885003,2.015936307657976
2024-06-07,2.4912746528140848,2.418591961073184,2.3479777668281017,2.445366078215793,2.960955125182651,2.0059526366650053
2024-06-10,2.4985600727725443,2.425664829624497,2.3548441330335077,2.4525388597450046,2.97010386998744,2.007960627825179
2024-06-11,2.488803345763925,2.416192754161931,2.345648608137297,2.442966913940127,2.977257228186355,2.015089496869078
2024-06-12,2.51693479107896,2.443503467340608,2.372161946630037,2.470584814319939,3.001708814813488,2.0295255806228543
2024-06-13,2.502397884989714,2.429390674049587,2.358461196189911,2.456328581333013,3.007752811924032,2.0373205373623313
2024-06-14,2.486976161083513,2.4144188774139588,2.3439265222160803,2.441208542880285,3.009583048669388,2.0399585684165347
2024-06-17,2.503625071843654,2.4305820578483672,2.35961779586291,2.4575543616348257,3.0335357015406967,2.0459345467882377
2024-06-18,2.5145834223034775,2.4412206995167254,2.3699458274236664,2.468335168973443,3.0412433918663706,2.052601544819644
2024-06-20,2.5095854980829855,2.436368589241337,2.365235381332646,2.4634244881896534,3.0329813694139385,2.047170602209347
2024-06-21,2.503529875747846,2.430489639089245,2.3595280753994547,2.4574875413691952,3.028915338037905,2.0456859951144195
2024-06-24,2.508923940741064,2.4357263327694727,2.364611876441863,2.4627750047015935,3.019069758378612,2.0423621446990814
2024-06-25,2.5094087502512976,2.436196998010167,2.365068799948827,2.4632225015459133,3.030695751091164,2.0477874103739397
2024-06-26,2.5027197365556835,2.4297031356279337,2.358764535012976,2.4566602133879787,3.034477822263987,2.0444265563534123
2024-06-27,2.5108187981579504,2.437565907908522,2.3663977425972194,2.4646151179635427,3.039261941957587,2.0481820911766726
2024-06-28,2.512675916274385,2.43936884478748,2.3681480401980224,2.4658240727087306,3.0273025137671543,2.0390084060839238
2024-07-01,2.5238686707337603,2.449609612588972,2.3774826358019956,2.477539379179143,3.0335322173664236,2.0355186171794735
2024-07-02,2.5311010272085612,2.4566291735303865,2.38429551086723,2.484634871670582,3.053947039681412,2.04681493636471
2024-07-03,2.5539945842177603,2.478849140031173,2.405861226584637,2.5071219419450763,3.067576432600664,2.0577478491186763
2024-07-05,2.5672496868588657,2.4917142416198645,2.418347524596268,2.5201329375637926,3.085265236964832,2.0694383735065016
2024-07-08,2.556884183327746,2.481653719302048,2.408583227054821,2.509957016368909,3.0888250178190675,2.071135892085853
2024-07-09,2.5522292170808134,2.477135714781057,2.404198251897176,2.5053905920720982,3.0918294212942636,2.071204795145557
2024-07-10,2.5712407151674443,2.495587843056491,2.422107070650573,2.5240533804407694,3.122423258746426,2.0843184442251106
2024-07-11,2.5731024054709684,2.4973947573845057,2.423860781697901,2.5258992883796,3.0954996504729384,2.0787408794251006
2024-07-12,2.584464217796203,2.508422274390862,2.4345636014712584,2.5370550074378713,3.115024963096153,2.088361660164543
2024-07-15,2.569981666381898,2.4943658388993186,2.4209210475187146,2.522820172608474,3.1235918507974305,2.0891785602288544
2024-07-16,2.57750623051014,2.5016690099528764,2.428009182002223,2.5302085193529735,3.1421144180650122,2.100327217013311
2024-07-17,2.5556467094980087,2.480452655306999,2.407417527517213,2.5087482870793805,3.098059124893533,2.08328354288589
2024-07-18,2.5346766464629082,2.460099588373273,2.387663741864361,2.4881596256929677,3.0742510652545345,2.071322979612124
2024-07-19,2.511829437591994,2.4379246063229,2.3661416860628806,2.4657305104325418,3.053835894522118,2.060465670242798
2024-07-22,2.530402588312697,2.4559512846002094,2.383637581884499,2.4839634671447204,3.0853209837531916,2.0723580851427816
2024-07-23,2.515726592424089,2.441707096295198,2.3698128033637835,2.469548642566731,3.080480768853804,2.071022945677482
2024-07-24,2.4826562235211114,2.409609747294449,2.3386605375037943,2.437093954624568,3.0106701110424137,2.0410588227154918
2024-07-25,2.474229093583059,2.401430566363934,2.33072218661823,2.428820325721703,2.994983313215237,2.036583444210947
2024-07-26,2.4901761316651005,2.416908399355432,2.345744286053184,2.4444793068705515,3.0285261557716625,2.05404569393666
2024-07-29,2.481657548013563,2.408640455527601,2.3377197858293792,2.4361123031826426,3.0303062204074944,2.0561671930862793
2024-07-30,2.4748752448141857,2.4020577060742156,2.3313308606550054,2.429458444667547,3.014952509640771,2.051738680242306
2024-07-31,2.5209913350682855,2.446816935938827,2.3747721874885146,2.4734940033795225,3.06396055654064,2.077624959236954
2024-08-01,2.47258140659638,2.398631443115652,2.326840896488737,2.434461365876798,3.020572134324922,2.063507022081205
2024-08-02,2.4294904942224025,2.356829293727559,2.286289876849386,2.3921446419982764,2.96433303213986,2.0535695254146606
2024-08-05,2.3617361738954856,2.2911013695793363,2.2225291759762507,2.3253791571977698,2.8780009425543103,2.019326459769207
2024-08-06,2.3863903434450027,2.3150181822382083,2.2457301633426283,2.349781104054316,2.904535368561557,2.022565501535315
2024-08-07,2.3742177756604645,2.303209671604926,2.234275079008182,2.337707688064954,2.8851208526802092,2.0116311023802282
2024-08-08,2.417743302755737,2.3454334372574457,2.275235096023727,2.3805231190170026,2.951817529735533,2.036238908067449
2024-08-09,2.4244579958149846,2.3519473072800117,2.281554007253887,2.387143362508205,2.9648337079828218,2.044918408410614
2024-08-12,2.41439621410046,2.342186453328009,2.2720852936566565,2.3771986977032573,2.9663911338826394,2.0478957519331
2024-08-13,2.4497925002912533,2.376524107408984,2.3053952288008874,2.4119911349292957,3.0151751483767852,2.071469075712483
2024-08-14,2.4520602788743635,2.378724061271357,2.307529338495834,2.4142206167365217,3.0246879893930525,2.0764664060026985
2024-08-15,2.4848313142577116,2.410514980544732,2.3383687620823843,2.4463983105484584,3.0765314573159004,2.0922554723087368
2024-08-16,2.490954982906367,2.416455502514484,2.3441314854492363,2.452381123245637,3.0834287287057855,2.0967102157338298
2024-08-19,2.5172651555490786,2.4419787905268615,2.3688908666916166,2.4782524083092192,3.112910766147586,2.109828853214314
2024-08-20,2.506446709271216,2.431483902334905,2.3587100883485292,2.4676213358201053,3.1078489577644657,2.1111557689934433
2024-08-21,2.5257144656667254,2.450175398681705,2.37684215204724,2.4865512816151587,3.1185296939968823,2.1172362473539628
2024-08-22,2.5134293357916184,2.4382576924648025,2.3652811403305725,2.4745162442632256,3.0940540665672684,2.103375182363525
2024-08-23,2.565115889544149,2.4883984047933674,2.4139211514335854,2.5254086033770395,3.1269289929156514,2.120652233162705
2024-08-26,2.560583644628223,2.4840017102561363,2.4096560490611636,2.5209769006981837,3.1194749504770174,2.1165787875414988
2024-08-27,2.5606288304859794,2.484045544695281,2.4096985715445443,2.5209994217430265,3.1237580459102285,2.117973419632349
2024-08-28,2.5479274371692333,2.471724024643545,2.3977458320582126,2.508489289473491,3.1056239640740326,2.110164221225169
2024-08-29,2.552799313779098,2.4764501931701814,2.4023305473311813,2.5132288442919486,3.1059023495984066,2.1088018174571648
2024-08-30,2.5697078252440644,2.492853004882649,2.4182424262567737,2.529920616430672,3.1355509305704343,2.1179082590005303
2024-09-03,2.526428500154074,2.4508417471685453,2.3774630142744337,2.4872463164918868,3.0710247198781784,2.0972001377107334
2024-09-04,2.523122104558217,2.4476342737100696,2.3743515732662157,2.4839949131998544,3.0647382242382673,2.099597277141908
2024-09-05,2.516556761467946,2.4412653553222587,2.3681733416747854,2.4775364894287364,3.057285227051915,2.0985631238292584
2024-09-06,2.481775715757493,2.407524903600725,2.335443086387787,2.443315903068362,3.0058309413953075,2.078834568073406
2024-09-09,2.5037013631868943,2.428794570266692,2.356075934625623,2.464916122907865,3.0394842322761715,2.093751369133977
2024-09-10,2.5121914765607114,2.4370306728492412,2.364065446512469,2.473290832518228,3.0527233976769006,2.102792309151765
2024-09-11,2.5228248989238007,2.447345959999123,2.3740718917302384,2.4837563622449776,3.0840412465428932,2.1149327990126565
2024-09-12,2.5438913310666598,2.467782117743728,2.3938961864844,2.504483535700427,3.1100185530839637,2.1241162555491213
2024-09-13,2.5708473242067664,2.4939316301166814,2.4192627767915194,2.530991202590031,3.126261425125035,2.1323803551261062
2024-09-16,2.581406655482683,2.5041750428677725,2.4291994995455695,2.541388623858682,3.130877956036127,2.136520518917456
2024-09-17,2.578729360834464,2.5015778486495606,2.426680065884942,2.538726166529537,3.1321580416638515,2.135476441954647
2024-09-18,2.5741235204983446,2.497109807786395,2.4223457991332373,2.5341878491626866,3.122868536218453,2.1279559381666293
2024-09-19,2.6108624143117893,2.532749531885966,2.4569184621717897,2.570331489805811,3.1761586332992517,2.1489536080482514
2024-09-20,2.5937387804577505,2.5161382101287315,2.440804486986871,2.5534835985930675,3.170667923063184,2.1464575983344574
2024-09-23,2.601927179348148,2.5240816250489764,2.4485100743434334,2.561566054392402,3.1785909353588995,2.1491613738889495
2024-09-24,2.609607567814242,2.5315322284149637,2.4557376050304422,2.5691294712388273,3.1876860238798908,2.153820207242935
2024-09-25,2.592340461434195,2.5147817266032404,2.43948861687202,2.552141949382712,3.1806556570327955,2.1474800679544788
2024-09-26,2.6064108637475116,2.528431164688201,2.452729387823516,2.565985864912698,3.193266277394762,2.1520050403654305
2024-09-27,2.6067010853643726,2.528712703332374,2.453002497139686,2.566256863162968,3.1886347645342985,2.153510786870738
2024-09-30,2.6138866467577175,2.53568328407059,2.4597643771803974,2.5726844509021642,3.2014122768439193,2.156364617605348
2024-10-01,2.5964637851670296,2.5181457853177296,2.4421350922932956,2.5586563027978886,3.1727326447370805,2.1478493482169743
2024-10-02,2.606467085721643,2.527847352994032,2.4515438163674528,2.568569491600078,3.1740719613274377,2.145929028623786
2024-10-03,2.5871268173185973,2.509090451532797,2.4333530954218068,2.5494890138880457,3.168268720659125,2.1391825088784713
2024-10-04,2.6049812574977467,2.5264063423005325,2.4501463028463992,2.5670603250856194,3.1970598463426847,2.142569655577623
2024-10-07,2.5938824013217507,2.5156422646110634,2.439707140818968,2.5561693625892543,3.168157227082404,2.1277922065544312
2024-10-08,2.585137411352955,2.507161052680294,2.431481935828028,2.547471426917678,3.1981204289912397,2.1406243494845323
2024-10-09,2.5882107179508385,2.510141658110133,2.4343725711355355,2.550473095419408,3.2202714153462266,2.146424535899513
2024-10-10,2.579124809484829,2.501329810920055,2.425826711171315,2.5415343140091853,3.2146361118778493,2.1440555160355546
2024-10-11,2.607908994122731,2.529245768632932,2.4529000205734515,2.569868907154209,3.2338865231509613,2.152111674773412
2024-10-14,2.6192667823563363,2.5402609681263244,2.4635827242470323,2.5810267392052237,3.260334193218823,2.1613224869641883
2024-10-15,2.6084365440801816,2.5297574059257326,2.4533962140005996,2.570309937295969,3.2350021557530235,2.1553778912416304
2024-10-16,2.6342488293902075,2.5547911066975995,2.4776742679168593,2.595727667110067,3.2490628894472136,2.1623885855858354
2024-10-17,2.626321963864732,2.5471033418507374,2.4702185596638717,2.587912985082658,3.2493416233890153,2.1581039067691496
2024-10-18,2.638673890148706,2.5590826928781754,2.481836311780362,2.6001202241415693,3.2618410985916886,2.1641311100701643
2024-10-21,2.6097323323904624,2.5310141089426734,2.4546149832061626,2.5716094056411323,3.2564838322302583,2.155454312171436
2024-10-22,2.6064066311456857,2.5277887219295354,2.4514869550924065,2.5683379439965957,3.254754288121379,2.1539625530306843
2024-10-23,2.59519860293082,2.5169187651936777,2.440945109997049,2.557316137832751,3.2250140733659842,2.139989226263211
2024-10-24,2.598460313832016,2.5200820920252296,2.444012951227199,2.5605199218746746,3.2319893902595735,2.1446597431834844
2024-10-25,2.589113742594941,2.511017444521856,2.435221921773571,2.551309826458438,3.23087271240523,2.142360735767226
2024-10-28,2.6065871172835915,2.5279637640040944,2.451656713489797,2.5684970875723843,3.2408611432096968,2.14446925093131
2024-10-29,2.598920854549318,2.5205287412998563,2.4444461183114377,2.5609353369138725,3.246105522324697,2.146943987909845
2024-10-30,2.592601044949982,2.5143995582172765,2.43850194574592,2.554691014798855,3.2362857255550206,2.1417378176982727
2024-10-31,2.5537797912836724,2.476749282923997,2.4019881509273966,2.5164546222089794,3.172844138313801,2.115617608148901
2024-11-01,2.553564883100226,2.476524435103297,2.4017541638958746,2.5162512871958485,3.1862359105476674,2.11598383970988
2024-11-04,2.5659403980777884,2.4885265837237425,2.4133939482712106,2.528451195824169,3.1793720872307984,2.1177402875405043
2024-11-05,2.6030450874920015,2.524511833442424,2.448292745200331,2.565020682302695,3.2178168145712354,2.1335515617710943
2024-11-06,2.6353869899874964,2.555877988396192,2.478711905293324,2.5969236331192285,3.297829831487425,2.1567941117784946
2024-11-07,2.659874428055486,2.579626646254781,2.5017435528273912,2.621048476771095,3.3233291093183057,2.1737313839091135
2024-11-08,2.6612244311685767,2.580935920093547,2.5030132975750563,2.6223583586052923,3.3377246721600855,2.1812830496369684
2024-11-11,2.664209165924331,2.5838306061083207,2.5058205883453835,2.625312187605813,3.340905026436044,2.1802143840142914
2024-11-12,2.6286936316327476,2.5493865670784324,2.472416470465975,2.590295822933156,3.330526368113055,2.170758409999078
2024-11-13,2.6216516786589903,2.542557068158794,2.465793165145396,2.583339104564033,3.332144767062642,2.1708652130556128
2024-11-14,2.5988409201129357,2.520434504797897,2.444338517690699,2.5608561481505925,3.310719185791194,2.1622139644725618
2024-11-15,2.5805041310592003,2.502650932328896,2.427091859987285,2.5427861147143433,3.2683136491377542,2.145630267955932
2024-11-18,2.596166359968356,2.5178406354997094,2.441822961494596,2.558220024708118,3.2817043761193387,2.152870396928767
2024-11-19,2.606252409693066,2.527622391491977,2.451309390480169,2.568159263480425,3.2937007365570596,2.159463121962017
2024-11-20,2.60582369715189,2.527206613106676,2.4509061651156214,2.5677377234072214,3.294816717576549,2.1586494616735137
2024-11-21,2.6231229666281166,2.543983967718202,2.4671769843032823,2.58478875874044,3.3125037798535804,2.165267057051475
2024-11-22,2.6428976872575647,2.56316208970769,2.485776087825568,2.604286519485512,3.322770596182421,2.169908770869967
2024-11-25,2.6653205120068226,2.5849084231426005,2.5068658643431925,2.6263871720123846,3.3340418999540304,2.183500794936038
2024-11-26,2.6636827152880596,2.5833200383631136,2.5053254354647496,2.6247548757470724,3.3514505767066867,2.1886571050438635
2024-11-27,2.6677383594063606,2.587253324658491,2.50913996949632,2.628753618506337,3.3412956023719933,2.1880187218260425
2024-11-29,2.672633618872594,2.5920008953055227,2.5137442033202526,2.633529089502909,3.3620518737656897,2.1999117250756837
2024-12-02,2.6663274119209914,2.585835440172556,2.5077168829145435,2.627378501436321,3.368078101587444,2.2022692937341555
2024-12-03,2.6599287843216803,2.5796299764546387,2.5016988873801114,2.6210855913185074,3.369640056913816,2.2003722971009227
2024-12-04,2.6663714399523495,2.585878139071175,2.5077582918716974,2.627454157647832,3.39056391709002,2.211920859308005
2024-12-05,2.6604088860718806,2.5800955847347793,2.5021504295497303,2.621583590166163,3.384984011992576,2.209640523465076
2024-12-06,2.6619910791216324,2.5816300140186517,2.5036385034468642,2.623149628681725,3.3914015125851344,2.2149442689888073
2024-12-09,2.670927184055051,2.5902963528675955,2.5120430306286496,2.631971258643384,3.3739367406266902,2.2050308044644042
2024-12-10,2.6454020030951946,2.5655417344933795,2.4880362537616016,2.6068325043515825,3.363446937144408,2.1993384962792404
2024-12-11,2.6547841869403825,2.574640685876707,2.496860324174708,2.616100675125228,3.389448284487959,2.206929540290222
2024-12-12,2.6383790224415264,2.5587307658971348,2.4814310457609468,2.5999153036310765,3.371983860946942,2.1967371708214594
2024-12-13,2.6325753063880173,2.5531022543389645,2.4759725725569597,2.594199532567789,3.37131455106919,2.1923853605327865
2024-12-16,2.633256694952284,2.553763072920408,2.4766134276893026,2.5948816209341037,3.3857094170761153,2.198307578920232
2024-12-17,2.618393075780113,2.5393481615885185,2.462633993441049,2.5802319842204575,3.3717605253760725,2.1928392360580493
2024-12-18,2.5282071894871887,2.451884836590633,2.3778129513416326,2.4913920549232302,3.2712699710079884,2.146711945189637
2024-12-19,2.5180503803691665,2.4420346445778196,2.368260335414598,2.481430507717696,3.2702658319826474,2.1424017753886195
2024-12-20,2.544335665276737,2.4675264206309557,2.392982000293497,2.5073042989302006,3.3095453674787807,2.160971004369406
2024-12-23,2.5530100506273614,2.4759389407742334,2.401140376678712,2.5158501997751337,3.329363350740887,2.164916987056273
2024-12-24,2.5719468674211803,2.494304086693891,2.418950708211967,2.5345102444708556,3.3663694625241996,2.179890742859874
2024-12-26,2.577632910720868,2.4998184778421613,2.4242985086043194,2.5401098430816647,3.366593146512496,2.180630971432199
2024-12-27,2.5523028619822687,2.475253100973317,2.4004752562224714,2.5151525165806214,3.3311549131518183,2.1645005823462053
2024-12-30,2.5316586920780497,2.4552321440823506,2.3810591360674196,2.4947981379297,3.2931408297514655,2.154632995684087
2024-12-31,2.5331792756413356,2.4567068237672647,2.3824892654118077,2.493768274016259,3.2811608449328253,2.1483514888352704
2025-01-02,2.543160299634123,2.4639201507768953,2.387092799952205,2.49426556113937,3.2730988140836366,2.1456503205345405
2025-01-03,2.5439206464138935,2.4646568065639975,2.387806486118082,2.495011289510318,3.314023228253827,2.160308072397118
2025-01-06,2.543920646413893,2.464656806563997,2.3878064861180817,2.495011289510318,3.3331140643452573,2.166959086882436
2025-01-07,2.5444274755071907,2.4651478438046133,2.3882822123550755,2.49550837431971,3.29543655217963,2.148265862557099
2025-01-08,2.5449349234394307,2.4656394806023,2.3887585194543863,2.496006066070261,3.300251681024256,2.1516451387880973
2025-01-10,2.545948169066732,2.4666211553788187,2.3897095846868304,2.4969998310616055,3.2498649463647498,2.1256374610282114
2025-01-13,2.546454791880383,2.467111992767078,2.3901851173030524,2.4974967135572776,3.2549030623628163,2.1261235178905395
2025-01-14,2.5467085158465026,2.467357811165921,2.3904232708527076,2.497745559432553,3.259381968390144,2.1281601205680603
2025-01-15,2.5469614146940334,2.467602830155337,2.3906606499192744,2.4979935960529493,3.3186704198985177,2.1603614926837382
2025-01-16,2.546961414694034,2.4676028301553377,2.390660649919275,2.4979935960529493,3.312288109466112,2.1599068015848477
2025-01-17,2.5482294156856913,2.468831322592483,2.3918508368052342,2.4992372184881675,3.3455435076450546,2.1736050803515172
2025-01-21,2.548482520812869,2.469076541434256,2.3920884094925734,2.499485457422284,3.3761662637436793,2.188506044467491
2025-01-22,2.5489895561858145,2.469567778527229,2.39256432935034,2.4999827445453957,3.395145954675816,2.193716248902661
2025-01-23,2.549243073872287,2.4698133970737155,2.392802289279223,2.5002313881069513,3.4136765355442256,2.198750340661644
2025-01-24,2.550003833211352,2.4705504525655315,2.3935163626866442,2.5009775211053387,3.4037111002899576,2.196610770155831
2025-01-27,2.550003833211352,2.4705504525655315,2.3935163626866442,2.5009775211053387,3.355564341270256,2.1833112723301555
2025-01-28,2.550763973711476,2.4712869085002773,2.394229855231749,2.5017230471625664,3.384396928627658,2.1947158317634896
2025-01-29,2.550763973711476,2.4712869085002773,2.394229855231749,2.5017230471625664,3.3692250917579605,2.187738966672592
2025-01-30,2.5512705965251263,2.4717777458885366,2.394705387847971,2.5022199296582386,3.3873076078149236,2.1966957594283643
2025-01-31,2.551777631898071,2.4722689829815097,2.395181307705737,2.500214499564569,3.3692804901288937,2.1882264860184466
2025-02-03,2.5734787733822824,2.4908006632681414,2.4107196020444177,2.4768229134975353,3.3466068776330284,2.1799547065569884
2025-02-04,2.605716888698084,2.5220030651848195,2.440918823941488,2.507841463120061,3.3690571545580252,2.1909140734668453
2025-02-05,2.62009342078672,2.535917722664122,2.4543861150161077,2.52165671959576,3.3827168597934483,2.2013175973407395
2025-02-06,2.6260391144941178,2.5416723991678305,2.4599557744655765,2.5273992370918044,3.394474205876074,2.204905602616984
2025-02-07,2.605600112010005,2.521890040179473,2.4408094327726446,2.507741016734025,3.363402339713722,2.1898151984034526
2025-02-10,2.625248160969323,2.5409068565938835,2.459214844644724,2.526661503630228,3.386243889409523,2.198593986497291
2025-02-11,2.622472018559286,2.538219903265273,2.456614278828847,2.5240064376098053,3.3888193910317708,2.197363959868118
2025-02-12,2.620482458761395,2.5362942620221998,2.4547505483587053,2.522118507267343,3.3779024277836767,2.1871031899855256
2025-02-13,2.6468754259352107,2.561839302774859,2.479474297386722,2.547516406768166,3.413564693550077,2.20754359608919
2025-02-14,2.6524987367856956,2.567281953610382,2.484741963021219,2.552937351350446,3.4133964079327144,2.211118988143657
2025-02-18,2.6670804596869933,2.5813952097404917,2.498401467654917,2.566969392479164,3.4234179383927703,2.2103839200003237
2025-02-19,2.6583602559345363,2.5729551598301885,2.490232771515939,2.558583234266678,3.4314803176593864,2.214948916868384
2025-02-20,2.658702206729678,2.573286124777774,2.4905530956986404,2.55894238649143,3.417203913577727,2.2111195139817355
2025-02-21,2.6227057501877713,2.5384461258015847,2.456833228145327,2.5243456588434383,3.3587561933213133,2.1933134611528056
2025-02-24,2.6043582031300017,2.520688030085577,2.439646068181515,2.5066870952451277,3.3434718176226133,2.1891815646619834
2025-02-25,2.605314652600405,2.5216137517196175,2.4405420271886435,2.507615535735465,3.326843944324428,2.1895642874507204
2025-02-26,2.613996907769734,2.5300170722202973,2.448675174795353,2.51597766288591,3.328523664741211,2.1926514267090655
2025-02-27,2.573478429728049,2.490800330654482,2.4107192801245305,2.4769762561969855,3.275394188094375,2.1707704890425505
2025-02-28,2.5820985521089765,2.499143514505829,2.418794224519122,2.484632599225253,3.3265084183419846,2.195688613195434
2025-03-03,2.5769243810212763,2.493503415843326,2.412723625409822,2.4780506732523335,3.2682279384506523,2.175808286044194
2025-03-04,2.5670721610324483,2.483970134860495,2.4034991855679513,2.4686391829906307,3.229542454667984,2.1577461411475465
2025-03-05,2.615770618353744,2.531092111186718,2.4490945935533177,2.515544487779032,3.264253192440559,2.1665377496753426
2025-03-06,2.576723826839263,2.493309354061151,2.4125358504728927,2.4780666400864755,3.2063089353665246,2.1431889452478767
2025-03-07,2.594136374023763,2.5101582170712002,2.4288388760020916,2.494847424099528,3.224279609429339,2.149173017774745
2025-03-10,2.539786473483203,2.4575677477323516,2.3779521328602873,2.442533674211675,3.1383995914556495,2.121378511657666
2025-03-11,2.5304943478129616,2.4485764295276593,2.3692520983152363,2.43362700438711,3.112310094503003,2.107919938537524
2025-03-12,2.5399875114752493,2.457762277662517,2.3781403607790366,2.4428010005713645,3.1288257773896127,2.1118449257027643
2025-03-13,2.5125371928103295,2.4312005889063113,2.352439167195066,2.416462645325924,3.0871163787558227,2.098897361803855
2025-03-14,2.5610159717092094,2.478109998305575,2.397828894593273,2.4630761896243976,3.150884084708951,2.1210208047535017
2025-03-17,2.5951475978187446,2.511136705227679,2.4297856649566683,2.495882932319061,3.175181322415811,2.13135901420372
2025-03-18,2.5816116111007896,2.4980389095117435,2.4171121867637613,2.482916909842294,3.140862205831468,2.118825270897432
2025-03-19,2.592646230856533,2.5087163132633323,2.4274436842567315,2.493516819348152,3.1750691320042366,2.1350258044944903
2025-03-20,2.57859548218112,2.495120419617663,2.414288244565316,2.479961761604737,3.1658876359612864,2.1326986281460036
2025-03-21,2.5644459693104906,2.481428959000782,2.4010403339000144,2.4663536859401027,3.1669321914081885,2.132368878018263
2025-03-24,2.588040953505047,2.504260119324772,2.4231318536305295,2.4889380442345326,3.2236475802163036,2.149665619181808
2025-03-25,2.5840870613559583,2.500434223752423,2.419429902160519,2.485215214262563,3.231396035380965,2.154210369075455
2025-03-26,2.5664396011686823,2.4833580524134358,2.40290693220614,2.4681700527011854,3.1928189094181723,2.136933389850125
2025-03-27,2.567881247240753,2.484753029088584,2.4042567170749476,2.4695828145523837,3.1843398229085627,2.132842298672494
2025-03-28,2.5363186298039784,2.454212166123733,2.374705259014972,2.4392403906762046,3.1202125501705105,2.114566540355671
2025-03-31,2.5394453591764723,2.457237676079769,2.377632754242554,2.4409129381502312,3.1411580122272045,2.125436823474186
2025-04-01,2.541954940241869,2.4584361832297814,2.3776024432201344,2.4468031232429457,3.150029765177328,2.1321975118061456
2025-04-02,2.5474164062381512,2.463718206685894,2.382710792975181,2.4520633480567673,3.1699644682775636,2.139507122976524
2025-04-03,2.5015388120874005,2.4193479719212267,2.339799457996321,2.407901536698543,3.0137459400901965,2.084672719583872
2025-04-04,2.4047041487164997,2.3256949191258665,2.249225731226347,2.31475078608626,2.83731240698237,2.015283340123904
2025-04-07,2.3522189385356116,2.274934168905472,2.2001340018713305,2.2642626559921917,2.83225878640879,2.0029762499957635
2025-04-08,2.3256195488970994,2.2492087318003895,2.1752544208876197,2.23865102114447,2.7878977569448975,1.9806457224051108
2025-04-09,2.4293506796752564,2.349531660895307,2.27227871745232,2.338430491985794,3.080680760457047,2.097113705356907
2025-04-10,2.393781879699932,2.3151315134068238,2.239009651826911,2.304201879025607,2.94568851877274,2.0369224686702028
2025-04-11,2.432052560825712,2.3521447687352266,2.2748059059256147,2.3410030518133382,2.998247636091164,2.0535860467763034
2025-04-14,2.4482422474176158,2.3678025251661485,2.2899488330430464,2.3565745534478424,3.0273345681704606,2.072107460942042
2025-04-15,2.4537210242708376,2.3731012907117415,2.295073374405231,2.3618461172267544,3.018855481660851,2.0711531864962613
2025-04-16,2.4538860436881804,2.373260888232574,2.2952277243363186,2.362036488091967,2.951753072511492,2.047501654732758
2025-04-17,2.468134955373413,2.3870416360751334,2.308555359181338,2.3757447318481075,2.9559643939546896,2.046808709146742
2025-04-21,2.4565344839077854,2.3758223110028682,2.2977049271526107,2.3645691862875027,2.8856042818605228,2.0136312968569188
2025-04-22,2.480514456372341,2.3990143947988574,2.320134451853255,2.3876278172249426,2.96068126908483,2.044806198995011
2025-04-23,2.486687894385345,2.404984997639147,2.3259087404019696,2.393546688597787,3.0065580885659844,2.064366205096398
2025-04-24,2.510535103033409,2.4280486797215093,2.348214085256045,2.416492365539745,3.069843236382368,2.0946646046188677
2025-04-25,2.515956947960143,2.433292383902385,2.3532853756792087,2.421717146302057,3.092023838218671,2.10689947337849
2025-04-28,2.5212120432106295,2.4383748171531043,2.358200697783905,2.42676843907143,3.0932028827924922,2.1107664592650983
2025-04-29,2.5190462248323167,2.4362801591466794,2.3561749124380174,2.4246684860803605,3.1126881274115727,2.121637204683921
2025-04-30,2.5115829017328437,2.4290620518291934,2.3491941375411343,2.416861950021281,3.113923615608609,2.1234768335480436
2025-05-01,2.5053093520888177,2.4223888779802154,2.34215454706835,2.4141515172479178,3.1359916786159103,2.1287307955150174
2025-05-02,2.5387244903775503,2.454698045420679,2.373393570711726,2.446378269018476,3.1825423374013697,2.14199912829834
2025-05-05,2.542167379860767,2.4580269824979726,2.376612246781189,2.4497013595661987,3.1642932778141803,2.1330434535774634
2025-05-06,2.5354558981286632,2.4515376367055817,2.3703378410103784,2.443226152837971,3.137844562494037,2.1244021914490068
2025-05-07,2.5282157061727495,2.444537079886591,2.3635691565375194,2.4362402612770175,3.1510412209686423,2.132011608346871
2025-05-08,2.518230426176941,2.4348822916724338,2.3542341540850535,2.4266238892804357,3.172996396729513,2.1343615631808253
2025-05-09,2.530277080093685,2.4465302266631634,2.3654962863341256,2.438238046102241,3.1689537093211055,2.1333379790578224
2025-05-12,2.546603783665631,2.4623165506609515,2.380759735926803,2.453991972810547,3.2736796259348675,2.170677946778055
2025-05-13,2.540016415162425,2.4559472102104323,2.3746013606825906,2.4476408859791565,3.295298927295867,2.1788667177379017
2025-05-14,2.533451549376194,2.4495996276842504,2.3684640226970464,2.441319814400408,3.2995102487390646,2.1774620131833795
2025-05-15,2.5554720534743773,2.4708912993776013,2.38905047193506,2.4625390751431717,3.315625948419189,2.1894722686514405
2025-05-16,2.564593612957466,2.4797109544127154,2.3975780024780877,2.4713328169390953,3.3366275056816708,2.1983010183439866
2025-05-19,2.5719806774083067,2.486853522555735,2.404483994577865,2.4784523034547377,3.3402771782321374,2.199342836251127
2025-05-20,2.5698259197236286,2.484770082821734,2.402469562505917,2.47637363048852,3.32904629088209,2.1936943107017237
2025-05-21,2.543042657109894,2.4588732899097363,2.3774305228105663,2.4505593500087928,3.272949343007347,2.165029073785587
2025-05-22,2.5399832883228783,2.4559151797996503,2.3745703911826324,2.4476039604007975,3.274240926410171,2.1686771118250965
2025-05-23,2.546000293743996,2.461733034987358,2.380195547451281,2.453402363946482,3.2518916905390776,2.1619746025311968
2025-05-27,2.567237883068155,2.482267704740241,2.400050068156628,2.4738673971036294,3.3195010470450876,2.1930140774510294
2025-05-28,2.5542666467010524,2.469725789035051,2.387923565609955,2.461368292247978,3.300295930037518,2.182866157953445
2025-05-29,2.567818868296267,2.4828294605783676,2.4005932175256537,2.4744292025230497,3.3133239544773327,2.191655383149812
2025-05-30,2.5626012015649455,2.477784487649806,2.395715344120654,2.468752555120197,3.3096174898862234,2.192641688487173
2025-06-02,2.5725164787843853,2.4867289626475926,2.4037422180518537,2.4812105366735318,3.3282609580010623,2.1970414366698927
2025-06-03,2.5722333059017535,2.4864552329302185,2.4034776232014012,2.4809262816975908,3.3472403005157725,2.2037481285797225
2025-06-04,2.5876163610027043,2.5013252984746046,2.4178514471569414,2.495784996825754,3.346341731970889,2.2098111896173287
2025-06-05,2.5855041885902863,2.499283562161006,2.4158778473602425,2.493772593079716,3.33016958866755,2.200777220426307
2025-06-06,2.5914313448084614,2.505013061332509,2.421416142547898,2.499496812145056,3.364367107569782,2.2073924645734415
2025-06-09,2.5987067756385978,2.512045873254316,2.428214256528952,2.5065293891023366,3.367399036021731,2.210179500290257
2025-06-10,2.608142051148711,2.521166503996649,2.437030514955148,2.5156320841167186,3.3864912657828707,2.219257189275355
2025-06-11,2.6106467656368957,2.5235876920093587,2.4393709034459774,2.5180540330382097,3.3768334831168665,2.2190471396824427
2025-06-12,2.622122894218137,2.534681118060229,2.450094121352654,2.529121080076086,3.390253825579767,2.228196459993903
2025-06-13,2.5934044129907696,2.5069203322225846,2.4232597642809464,2.501395141206256,3.35235053892128,2.2098734088920886
2025-06-16,2.6082460761414947,2.5212670599948424,2.437127715213708,2.5157316727403605,3.3842453670468022,2.220039367440964
2025-06-17,2.589101039250536,2.502760466112808,2.4192387205967703,2.497227553981557,3.355326372167441,2.2128242159371485
2025-06-18,2.5903676073919155,2.503984797115664,2.420422193409707,2.498449734216565,3.3548208184804977,2.213181615342352
2025-06-20,2.5797233063775122,2.4936954590927782,2.410476229626391,2.488162599818697,3.3469424036154702,2.2106080885843093
2025-06-23,2.5985087522758277,2.5118544535158827,2.428029224821216,2.506285753438732,3.380000945948015,2.2268192910958726
2025-06-24,2.6328613423927867,2.5450614636517983,2.4601280556137732,2.5394687287940267,3.4173411900440622,2.2447324644216535
2025-06-25,2.6305584347716953,2.5428353527106644,2.457976234111854,2.5372417892184473,3.4192557438068136,2.2458657097363304
2025-06-26,2.6497554247955453,2.5613921672079316,2.4759137733892134,2.5557660982652224,3.4460079307060933,2.259663141556178
2025-06-27,2.6545397040774157,2.5660169017640513,2.480384171999922,2.560376713896701,3.4631284662464132,2.26414248186825
2025-06-30,2.6628237564488444,2.5740247000153014,2.488124735213404,2.5677073314683434,3.4796863076417206,2.2742597384512524
2025-07-01,2.6729752300050347,2.5831789763640702,2.4963368285488885,2.574224088301191,3.4785602225168417,2.2720818265215335
2025-07-02,2.6901846593926586,2.5998102700963535,2.5124090060596975,2.5907785058548347,3.4943295952742766,2.276366902806609
2025-07-03,2.7049898108340185,2.614118055486918,2.5262357876850707,2.6050285975060126,3.5218702508114283,2.284034116634269
2025-07-07,2.672848270710271,2.5830562821552325,2.4962182591137188,2.5740737474872657,3.495624662851373,2.2708789164769376
2025-07-08,2.6861701153539017,2.595930591136296,2.5086597554039924,2.58690214085685,3.4937101090886222,2.2687952571477847
2025-07-09,2.7015219543769455,2.610766698619708,2.5229970978189113,2.6016533906121286,3.5146604489892987,2.2816806556359537
2025-07-10,2.7083251902102607,2.617341385724396,2.52935075496222,2.608201853497056,3.524572576377197,2.285094621779708
2025-07-11,2.6877248762844084,2.5974331212397823,2.5101117729636186,2.5883895167048556,3.5121828526641083,2.276044731400756
2025-07-14,2.694589239707049,2.6040668824061566,2.516522518197666,2.5949897256458665,3.518884661877305,2.278293967273351
2025-07-15,2.676038967786114,2.5861397905670356,2.499198105140632,2.577194811737039,3.5038473141345268,2.2688709652890027
2025-07-16,2.6909520479636386,2.6005518789227287,2.513125683240256,2.591546328569409,3.5155618048736006,2.275943028094149
2025-07-17,2.709629247913724,2.6186016347554144,2.5305686365329736,2.6095195665082347,3.5370755357541426,2.2841002115131435
2025-07-18,2.700826577563764,2.610094682379415,2.5223476736383277,2.6010527911038657,3.5344854005999498,2.2855585431100445
2025-07-21,2.7072313877496876,2.61628432859617,2.528329234323032,2.6072451763416353,3.541187209813146,2.2913294991758564
2025-07-22,2.7171004908421117,2.6258218878439124,2.5375461568136743,2.6167302725439545,3.5416938087523704,2.2940981746130644
2025-07-23,2.7568883805149844,2.6642731383318052,2.574704740703898,2.6550284469646623,3.571824947861142,2.302686717819395
2025-07-24,2.7386259503633443,2.6466242184707163,2.557649147949207,2.637459594866782,3.5730074766092357,2.3018181787714416
2025-07-25,2.74120536155621,2.6491169766115377,2.5600581037391605,2.6399269016126428,3.5881005711403744,2.3098354651478954
2025-07-28,2.724790645899638,2.633253698900965,2.544728122838596,2.624111569399932,3.5872002605083546,2.307483226845273
2025-07-29,2.7174779641324567,2.62618668025082,2.5378986855112484,2.617085703814595,3.5777382884364664,2.309671123218542
2025-07-30,2.7033839852752592,2.6125661762264847,2.5247360800044456,2.6035065698448197,3.5732329026846683,2.304762135233809
2025-07-31,2.6831487635787603,2.5930107390186494,2.505838063820911,2.5833668591241925,3.559828587423421,2.3002630860844007
2025-08-01,2.644361765698389,2.5548739922502097,2.468352591400679,2.5561520903193595,3.5014819082209105,2.287835196871419
2025-08-04,2.6681443825272595,2.5778517822000975,2.490552233159728,2.5790855200446123,3.554703367068541,2.3098620525175706
2025-08-05,2.661122392988056,2.5710674236148696,2.4839976284529457,2.572290549457492,3.5366814756439195,2.3021532663627937
2025-08-06,2.6723314922034413,2.5818971960134194,2.494460648095138,2.583095057207966,3.5637712790302065,2.312054035654623
2025-08-07,2.6850035944554893,2.5941404620032915,2.506289293040046,2.595359146847946,3.560786386930937,2.310214959579103
2025-08-08,2.6928936911905295,2.6017635501927283,2.5136542235782837,2.6029570645015343,3.5885517717086666,2.318935813245417
2025-08-11,2.689216290330412,2.59821059615351,2.5102215911524053,2.5994186181571943,3.5814552055503937,2.3164543968552045
2025-08-12,2.71057142172445,2.6188430491360934,2.5301553213250063,2.6200179934930263,3.6195832214494583,2.33114534007404
2025-08-13,2.7238688080587385,2.631690438986856,2.5425676313360115,2.6328553886309845,3.6319739904148287,2.3392552418755006
2025-08-14,2.717964570315678,2.625986006390122,2.5370563806734228,2.627159940233516,3.632311955319263,2.3364028534695906
2025-08-15,2.719314340839586,2.6272900993670247,2.538316310238924,2.628467583647858,3.6238074343374636,2.3312541420867885
2025-08-18,2.7233879484750227,2.631225852159026,2.542118777848957,2.6324097233940433,3.623019314117019,2.3300801767303576
2025-08-19,2.7096367794464187,2.6179400360615688,2.5292828889978796,2.619116988598212,3.6033633449585856,2.3247176034445802
2025-08-20,2.7158492536118404,2.6239422740604117,2.5350818598135003,2.625163928897455,3.593789182475122,2.322327849056984
2025-08-21,2.712164330798733,2.6203820526184063,2.5316422060971173,2.6216357233124357,3.579371669335425,2.3140046465234976
2025-08-22,2.7481784354675454,2.655177404966206,2.5652592057600816,2.656407829835016,3.634339047911016,2.340563282681996
2025-08-25,2.734771875521057,2.6422245360444374,2.552744988751296,2.643470635935572,3.6183442490781483,2.3324906945213804
2025-08-26,2.7306035546193606,2.6381972751752034,2.548854112006308,2.6394049133132884,3.6334944840673566,2.340811147041378
2025-08-27,2.726857345454734,2.634577841371408,2.5453572511685127,2.6357764736231792,3.6417732305562964,2.345775442884707
2025-08-28,2.7389752182367015,2.6462856335553826,2.5566685562522684,2.6474997473377746,3.6546705984608914,2.352927702089092
2025-08-29,2.7284353531210264,2.636102447723866,2.546830226372915,2.6366752095355275,3.6328746494642745,2.3436495591110376
2025-09-02,2.7259098390841427,2.6330039839378396,2.54320057457955,2.6212169746949106,3.6059541769476318,2.330345839501716
2025-09-03,2.732579302626058,2.6394461354077103,2.549423004708653,2.627638883323651,3.625496910442208,2.341146752626443
2025-09-04,2.7495819596711786,2.6558692991879083,2.5652860264955577,2.643961805118894,3.6557973804206236,2.3570979609007456
2025-09-05,2.7623313499336946,2.668184158202197,2.5771808647533274,2.6562345453794602,3.6452082779715744,2.3575620690599988
2025-09-08,2.7786373958752764,2.6839344531352394,2.5923939671139267,2.6719155151849177,3.654163999521665,2.3639601880279644
2025-09-09,2.7776517519577433,2.682982402438478,2.591474387844847,2.6709920291321483,3.662611380045395,2.36500087102101
2025-09-10,2.7830681800274926,2.688214225032858,2.596527769575104,2.676218918348429,3.673199437242163,2.3716431468832933
2025-09-11,2.8192189040309943,2.723132841547129,2.6302554229035287,2.7109833318479843,3.7037242880437296,2.3849555445979473
2025-09-12,2.8086143509347954,2.7128897182604272,2.620361660042878,2.7008003596784467,3.7024849672549935,2.3817485685838196
2025-09-15,2.825145081852042,2.728857040340727,2.6357843874435343,2.716699345922636,3.7221973800366417,2.3909600525103216
2025-09-16,2.8264187341396365,2.7300872833587846,2.636972670776747,2.717947266643071,3.7170725080991884,2.389554262018966
2025-09-17,2.8278546412019248,2.73147425110121,2.638312333451387,2.7193426222527917,3.71245423510096,2.3857166879134835
2025-09-18,2.8494633964301586,2.7523465256673387,2.6584727209757433,2.7400903123796545,3.729800196716712,2.3893362874707607
2025-09-19,2.8431537235443067,2.746251902284133,2.652585965853241,2.7340333606018468,3.7482736371270517,2.396119669156813
2025-09-22,2.8564413469714793,2.759086650124717,2.664982961179446,2.7468133510915957,3.7660066905044807,2.4014471984892207
2025-09-23,2.8500243317846317,2.7528883429357913,2.658996058576769,2.7406472386847955,3.7455065059198147,2.3961162658512505
2025-09-24,2.8346971942966257,2.738083592797085,2.6446962514785075,2.7259179110610106,3.7335895846555074,2.3889578698175993
2025-09-25,2.815481210242362,2.719522537752373,2.626768255112958,2.7074453989356155,3.71636487230444,2.380225366166148
2025-09-26,2.829460764733681,2.733025633908219,2.6398108035145715,2.7208648467358043,3.7376563128663958,2.3880055377996374
2025-09-29,2.8415434609150463,2.744696521450462,2.651083634123394,2.732497681943945,3.7481607498806224,2.394810242941101
2025-09-30,2.850934001966898,2.75376700927304,2.659844756393934,2.74150906911697,3.7622793208677368,2.3999025798568487
2025-10-01,2.86648715175128,2.768768895609105,2.6743145251122695,2.756388526018416,3.775099688520909,2.40789020065843
2025-10-02,2.8763082549786376,2.7782551984239845,2.6834772101769846,2.7658241723939905,3.7794472411781626,2.4105528107259464
2025-10-03,2.889781811295289,2.7912694425729563,2.6960474836353967,2.7787935989801182,3.77939184280723,2.4086448581743984
2025-10-06,2.900256604112806,2.8013871507661965,2.7058200341812153,2.7888622115189543,3.7929456291447687,2.4110694548791645
2025-10-07,2.877848805054885,2.7797432313044514,2.684914479987545,2.7673109265522595,3.7788831533634415,2.4080522762334273
2025-10-08,2.8975603393176046,2.798782801364274,2.7033045301082415,2.7862416642493257,3.801416702053551,2.4169042936343073
2025-10-09,2.8773902946409398,2.7793003514639927,2.68448670864408,2.766818629636903,3.7904039240129626,2.4119800554124438
2025-10-10,2.796571458216638,2.7012366209727485,2.6090860608441644,2.6891242418521313,3.6879577026257127,2.3785963460591333
2025-10-13,2.8526376506162143,2.755391522562432,2.6613935106125406,2.7429974277514044,3.744545919072881,2.4008241034890667
2025-10-14,2.858909704833929,2.7614497630882866,2.6672450790336577,2.7489720892567866,3.739971198253059,2.40154978533324
2025-10-15,2.8842485138662535,2.785924774691815,2.6908851448901507,2.773349537460825,3.7565753791661907,2.4068338316896876
2025-10-16,2.872145105643761,2.7742339704275008,2.6795931632069263,2.7618501332059804,3.7309921327353424,2.401477725766908
2025-10-17,2.8724445430574908,2.7745232000501803,2.6798725259887934,2.7621539811498375,3.7521703376334417,2.408021907184816
2025-10-20,2.9096962628067624,2.810505012453113,2.714626847196905,2.79794119965979,3.791194831572826,2.4242991471950774
2025-10-21,2.892797002086058,2.7941818458156176,2.698860532534923,2.781649315667694,3.7911380395321834,2.426064766590705
2025-10-22,2.8765092409298383,2.778449332784502,2.683664721796673,2.7660502863648824,3.7714284140899528,2.418694516729046
2025-10-23,2.8996078746936544,2.8007605364671164,2.705214796335497,2.7882393622939214,3.7937926319104176,2.424105304558662
2025-10-24,2.920346390797909,2.820792078661704,2.7245629782427483,2.808135216449405,3.824797601926738,2.4369056163094918
2025-10-27,2.944627549088085,2.844245494729565,2.7472162994907765,2.8314938036870556,3.8699214913476,2.4542343065748464
2025-10-28,2.9420445940743862,2.841750592390192,2.7448065087800018,2.829020185694997,3.8801998054515403,2.4590753050712038
2025-10-29,2.9362763499296034,2.836178987103004,2.739424974419605,2.823497893002791,3.882063838687339,2.4535349816184064
2025-10-30,2.911360435910001,2.8121124540641245,2.716179452203201,2.7995559920828144,3.8393680703169983,2.4357486321084343
2025-10-31,2.914521452834736,2.815165712242642,2.719128550883368,2.8025390835792967,3.8519623150598847,2.4409822878580583
2025-11-03,2.918530472414445,2.819023434894384,2.722840539593536,2.8063370592870047,3.859191279840513,2.4433601138423233
2025-11-04,2.876417754021518,2.7783465458987533,2.6835515145322737,2.765836139962075,3.813446162146861,2.427230515140802
2025-11-05,2.9003159489889945,2.801429934029101,2.7058473153455926,2.788799109170162,3.8266612867451104,2.4275713409885658
2025-11-06,2.8727028160750963,2.7747582684320187,2.6800856663123565,2.7622586089389602,3.785603777117709,2.416976299052052
2025-11-07,2.877753433607078,2.779636685607347,2.6847976356736654,2.7670899484953355,3.7893307983370255,2.4187958079940968
2025-11-10,2.916355329791819,2.816922453566494,2.720811242120625,2.8042346785727643,3.8484610683334264,2.439899933030237
2025-11-11,2.92484088421475,2.8251186937642276,2.728727832953603,2.8123853754008685,3.8572708029814984,2.4462871019363193
2025-11-12,2.9280018929238967,2.828171928161886,2.731676893359387,2.815421628550306,3.8594170543333717,2.447303920951816
2025-11-13,2.8790776084336485,2.780915712810688,2.6860330234598724,2.768408742164682,3.7953737501952873,2.4201737306177566
2025-11-14,2.8793159855096455,2.7811459624414283,2.6862554171516186,2.7686373285964514,3.794752870339924,2.4183137141664384
2025-11-17,2.840508916937316,2.7436620174290445,2.6500503952989223,2.7313464421600866,3.7593989539966417,2.406023156811749
2025-11-18,2.823682826523202,2.727409611074761,2.6343525084564,2.715157581933718,3.727829547748173,2.3956756350566395
2025-11-19,2.8216240470176146,2.7254210254737585,2.6324317718552637,2.7131797055756137,3.7422310336862155,2.400426199174225
2025-11-20,2.7784205532122357,2.683690550956588,2.5921251087940944,2.671645680247708,3.6851905714184734,2.3811300871771612
2025-11-21,2.8153903331481294,2.7193998495255878,2.6266160337649844,2.7071180046316234,3.72189948313634,2.398300594025734
2025-11-24,2.8464688532576696,2.7494187502493315,2.655610712855939,2.7370057697072068,3.7766804583883515,2.4205981800661616
2025-11-25,2.879779240728546,2.781593423014742,2.686687610716881,2.7689864736535705,3.812203357183851,2.436608117403538
2025-11-26,2.90427250811051,2.8052515946184013,2.709538583836769,2.7925267529081745,3.8385214159687746,2.4474010725245376
2025-11-28,2.9160571144620726,2.8166344058619575,2.7205330223805753,2.803837239508305,3.859473497956586,2.4536208299197106
2025-12-01,2.899331118601683,2.8004648943015855,2.704901885384231,2.7878396818729194,3.841853331825587,2.441641933596392
2025-12-02,2.902057860897756,2.803098655594653,2.7074457722587875,2.7904785473943687,3.8489690609423595,2.445165241229506
2025-12-03,2.9221587934250866,2.8225141530258897,2.7261987356379342,2.809738909877648,3.8622974212044663,2.452270183125114
2025-12-04,2.9310024239587413,2.8310562187074453,2.7344493120383495,2.818208507204919,3.865120996034918,2.4503233811241762
2025-12-05,2.9347770317337907,2.8347021136160895,2.737970794500912,2.8218739174195133,3.8724631964794045,2.4511098887338996
2025-12-08,2.928979144148956,2.8291019320644675,2.7325617134343005,2.8162850339128873,3.8608291901660254,2.4446516524163657
2025-12-09,2.9276872615589107,2.827854102239937,2.731356464530135,2.81502635248688,3.857496229056931,2.4419676556340315
2025-12-10,2.9588582449419403,2.857962165484239,2.7604371208170586,2.844987562745859,3.883080520740061,2.4548608611163902
2025-12-11,2.970256913934585,2.8689721436653657,2.771071394719498,2.85589650953692,3.892116029880992,2.458411200539377
2025-12-12,2.9382455337906896,2.838052340909495,2.7412066987041173,2.8251510083183526,3.8502679611111557,2.4398130140475973
2025-12-15,2.933845025088088,2.833801888086208,2.737101288249289,2.8209639335460115,3.84445113216318,2.4383988991697505
2025-12-16,2.920337686101726,2.820755144854969,2.724499751827207,2.807972474615743,3.8339466951489523,2.4371109401508995
2025-12-17,2.8933555627548295,2.7946931029164332,2.69932705049467,2.782042897941361,3.791759267804972,2.4208029518326004
2025-12-18,2.9164629160476143,2.8170125031675775,2.7208848239710703,2.8042761161696554,3.8203925603939863,2.434255412570349
2025-12-19,2.9411891543289492,2.840895584969014,2.7439529199593267,2.8280501868795738,3.855018284314312,2.4452796662093976
2025-12-22,2.9597837023780373,2.8588560651303796,2.761300517049273,2.845895583728316,3.879034697574808,2.4534367902517156
2025-12-23,2.9673487185626577,2.8661631167858217,2.7683582230178865,2.8532245623223513,3.8967635699431096,2.4598007179763246
2025-12-24,2.9742280496359648,2.8728078649635895,2.7747762259396587,2.859834774070067,3.910471008366066,2.4675627666510818
2025-12-26,2.976734217703127,2.8752285735353973,2.777114330299821,2.8622886928372036,3.9100741609164253,2.468321759149711
2025-12-29,2.965391057427522,2.8642722112425703,2.7665318426981647,2.8513972703283037,3.896140251165755,2.4644183503867305
2025-12-30,2.963244950690991,2.862199286030089,2.7645296539448223,2.8493815877886206,3.891382611196626,2.461590383337465
2025-12-31,2.9467708078783605,2.8462869059937126,2.749160267651523,2.8335397509731717,3.862551417508932,2.447346410241459
2026-01-02,2.9843981984138246,2.8826092283429805,2.784221891345747,2.8696389904787343,3.8696319564655512,2.4492448715803095
2026-01-05,3.0180005446727787,2.9150654982440676,2.815570385023462,2.901948516544773,3.89540404514197,2.461985836029359
2026-01-06,3.039265485888834,2.9356051553924165,2.83540899599816,2.9223823401379945,3.9185706682973964,2.4700640236567315
2026-01-07,3.0264693579184083,2.923245465390522,2.8234711588695034,2.910042123299675,3.9059394913072225,2.4671071290508855
2026-01-08,3.035127365709308,2.931608174217507,2.831548437176291,2.918330977967922,3.9055429922750093,2.463996929902573
2026-01-09,3.0562498577217174,2.952010240682007,2.8512541536225693,2.9386219912250495,3.93137187299207,2.474922488944906
2026-01-12,3.0765184018421157,2.971587484884067,2.8701632001015924,2.9581933896924473,3.9375454813855524,2.4760406371278423
2026-01-13,3.064452995513312,2.9599335937761038,2.8589070719996217,2.9465455304153974,3.929672989616789,2.4742777085430356
2026-01-14,3.073011886941418,2.968200566805425,2.866891882100515,2.9547990542005804,3.910357424284781,2.4689878310860602
2026-01-15,3.086254617405082,2.9809916270142494,2.8792463661897094,2.967535672361041,3.921006454531318,2.4709884821861574
2026-01-16,3.0855173005334726,2.9802794578340626,2.878558504303221,2.966795672821024,3.91772087819233,2.465965084131279
2026-01-20,3.0416096167862254,2.93786933493818,2.837595896045266,2.924628291693134,3.8379688259291527,2.4318184427527676
2026-01-21,3.086182629605171,2.9809220945046584,2.8791792069183595,2.967495861236638,3.8822627850382996,2.4511809763616506
2026-01-22,3.104942308570458,2.999041936466374,2.8966805942592075,2.9855444407090785,3.9025410277218056,2.458775198148825
2026-01-23,3.099388327000422,2.9936773847331835,2.8914991419048794,2.980320898667793,3.9039566477287315,2.4609453153410175
2026-01-26,3.1058636081564837,2.9999318132563273,2.897540098355298,2.9865513544825024,3.9237815993393834,2.469898245244721
2026-01-27,3.1391413029576327,3.0320745045978374,2.9285857163321904,3.0186762602915946,3.9394150893001894,2.474709137610916
2026-01-28,3.131938411343904,3.0251172822514616,2.921865953358673,3.0118301211575402,3.9390182418505497,2.47374205924196
2026-01-29,3.131738666793048,3.0249243503947425,2.92167960652618,3.0116003526485207,3.931201845287574,2.4717959852435563
2026-01-30,3.0931553429656358,2.9876569892952234,2.88568423067511,2.9736424359641243,3.9194769020256826,2.4667337288492854
2026-02-02,3.101547549572552,2.99501402188752,2.892066779448096,2.959861334234608,3.9389617982273353,2.4721419615415656
2026-02-03,3.1276764255897462,3.0202454100242075,2.916430892235617,2.9844050849166575,3.905656227938869,2.4604723342201353
2026-02-04,3.114587639677434,3.0076062043662892,2.9042261324132106,2.9718426265142837,3.886737858473928,2.4531117106617404
2026-02-05,3.0728212671987283,2.967274444424598,2.8652806910123956,2.9320302191655303,3.8381952972568674,2.440517693937184
2026-02-06,3.1455490638180734,3.0375041498134263,2.933096399520316,3.00170680437179,3.9118301847497783,2.4683661447286553
2026-02-09,3.175096160159472,3.0660363475096197,2.96064786355313,3.029918448443189,3.9306921105915036,2.475705341134304
2026-02-10,3.1727510746411607,3.063771812177625,2.958461166810916,3.027762079585644,3.92032669213075,2.476108631573596
2026-02-11,3.1953434953564863,3.0855882169720985,2.979527679051592,3.049219045413096,3.9194204584024672,2.4729866369009295
2026-02-12,3.145879014159165,3.0378227668529196,2.9334040647761555,3.00219885914997,3.858870038972586,2.4561599371451193
2026-02-13,3.160725619058648,3.0521594130402416,2.947247919216918,3.016437330030654,3.861588391740008,2.461099693952894
2026-02-17,3.1498429644318318,3.0416505613519402,2.937100286973537,3.0062062468836728,3.867819140591559,2.463353098122428
2026-02-18,3.1786465477395605,3.069464784577098,2.963958455382023,3.0332925211560027,3.887304036793213,2.4686636922939558
2026-02-19,3.1828614159450406,3.073534878352562,2.9678886483331195,3.0371561015573167,3.877051853996316,2.465712532446833
2026-02-20,3.2125109866063184,3.1021660305287426,2.995535665495954,3.0654416744749575,3.9050897012021566,2.476316345867283
2026-02-23,3.191716892788938,3.0820861827881902,2.9761460198507463,3.0453768741884524,3.865213675070568,2.4648383347637797
2026-02-24,3.213837535662137,3.1034470146050452,2.996772618466793,3.0665997657433763,3.893307965899623,2.4752575702411335
2026-02-25,3.2348202788311404,3.123709031873647,3.0163381719496436,3.0867496316603,3.9261612903675167,2.4868590417956393
2026-02-26,3.2309939393681626,3.1200141214584582,3.012770266228097,3.083087140165033,3.9043534951783734,2.4812878704554313
2026-02-27,3.225157841379415,3.114378484722269,3.0073283425286887,3.077150339493796,3.8856048050005043,2.4782117504696584
2026-03-02,3.2272649191209366,3.1163688126398514,3.009207407595399,3.0784392363522386,3.8878141199067104,2.47326802261432
2026-03-03,3.150751710085755,3.0424847701556104,2.9378639879574853,3.006788726182847,3.8535455238493186,2.45900397720873
2026-03-04,3.1841483112132916,3.074733788693071,2.969004071594891,3.0385849070407684,3.8807332325326636,2.4674187668911745
2026-03-05,3.1451716236376717,3.0370964280720054,2.932660932771309,3.0025832311881038,3.859096161882874,2.4560837175631023
2026-03-06,3.146164623361411,3.038055306084061,2.9335868382049513,3.0049789476113244,3.8085143134641064,2.4360632554933757
2026-03-09,3.1651429464600405,3.056381491167398,2.951282847638131,3.0222904863513134,3.8418773726280704,2.4518991928582934
2026-03-10,3.182128564581091,3.0727834451136733,2.9671207937483546,3.038921956312574,3.8357027189823065,2.4463977664651972
2026-03-11,3.1974992784232246,3.0876259865368563,2.9814529502687983,3.054231521048624,3.8308886353899627,2.4401053864785336
2026-03-12,3.1672237701133548,3.058390813023615,2.953223075697611,3.0269989410780127,3.772716513318506,2.414646287671858
2026-03-13,3.149534190586487,3.04130908737425,2.9367287329387906,3.010148856881088,3.7513627060370727,2.405440160467249
2026-03-16,3.1795898290973357,3.0703319463110055,2.9647535937151694,3.0377096585253835,3.7895398487933796,2.4244369981335967
2026-03-17,3.205453616667171,3.0953069957659882,2.988869835515617,3.0627849121713973,3.799508419804493,2.4299802950225677
2026-03-18,3.179281372278459,3.070034088764605,2.964465978484456,3.0389640853280966,3.7464914819866597,2.4051868432967733
2026-03-19,3.1712882910600686,3.0623156678570727,2.9570129680205848,3.030832361356879,3.737258768581903,2.4015420166910677
2026-03-20,3.1113769574618084,3.0044630228997025,2.9011496802580448,2.9748257921953964,3.6836819239584755,2.372291060644813
2026-03-23,3.1286580812504576,3.021150328271889,2.917263165521765,2.98904353746768,3.7223607878100258,2.390167145248454
2026-03-24,3.1330241078793977,3.02536632837184,2.921334191608196,2.9940446076583664,3.70986549361648,2.3821388358181075
2026-03-25,3.162513285319711,3.0538421911189326,2.948830865547644,3.021639583537653,3.7305398869147717,2.395124749382829
2026-03-26,3.117581638589815,3.0104544971803326,2.906935127960693,2.9799522910988,3.663917248562739,2.361775496577336
2026-03-27,3.1135924130270904,3.0066023504115305,2.903215443517437,2.9771535428439058,3.60144042917758,2.337896794492288
2026-03-30,3.1041288798531035,2.997464005596371,2.8943913355365702,2.968460022725523,3.5893991228917432,2.3400431467089633
2026-03-31,3.1714608549452117,3.0624823020576493,2.957173872233431,3.0311940132373985,3.6937355088218364,2.3818067202902893
2026-04-01,3.182194197190899,3.0727578249867995,2.967010117481085,3.0437533822834744,3.721565699241034,2.391658921095367
2026-04-02,3.193415970797808,3.083593679282335,2.977473060269797,3.054116541455694,3.724917126473773,2.3951636817713817
2026-04-06,3.2094061733899917,3.0990339752207885,2.9923819847199336,3.0694604181339784,3.7425237043251087,2.399446550590291
2026-04-07,3.2114120217025732,3.1009708419599913,2.9942521949801417,3.0714049798122405,3.74417067350373,2.4024943549730287
2026-04-08,3.28628656592814,3.173270433815362,3.0640636258648906,3.1439173082620218,3.8395332201775156,2.441412240652288
2026-04-09,3.2919843792455494,3.1787722980547723,3.0693761456901094,3.149275475356844,3.861683858115075,2.449660112288302
2026-04-10,3.2886556578758466,3.175558052159602,3.066272516756683,3.146226537557998,3.85912821628618,2.4470656292012185
2026-04-13,3.3267943588255173,3.212385154629144,3.101832229512475,3.1825928241242036,3.89684091861196,2.463732344215502
2026-04-14,3.357199277188192,3.241744441029536,3.1301811280438336,3.211896019163223,3.9443235940153194,2.4851750829739983
2026-04-15,3.358437264971345,3.2429398541351473,3.131335401494893,3.2130225502614227,3.975448419626614,2.4950775674204135
2026-04-16,3.366857025231102,3.251070056951028,3.139185806696284,3.22097948920101,3.985217347451912,2.497139382270897
2026-04-17,3.3888153715760105,3.272273250839902,3.159659301313932,3.242579661390936,4.033381527342978,2.520955682034785
2026-04-20,3.3962020750298363,3.279405923905121,3.166546506344247,3.2494158499793495,4.025315663902089,2.5169379273849284
2026-04-21,3.369774024047141,3.2538867395235043,3.1419055542866445,3.223665350452524,3.9989624149570133,2.502544940177702
2026-04-22,3.403344944540649,3.286303148531319,3.1732063657975567,3.2557292775052713,4.039458624109112,2.5191804377921723
2026-04-23,3.391701689310701,3.2750603074602984,3.162350442517272,3.2442944875899724,4.02378262722218,2.511622273737882
2026-04-24,3.41658231140963,3.299085279384549,3.185548604829903,3.2682426114420977,4.05496389645669,2.525567062682018
2026-04-27,3.421046367386804,3.3033958154753855,3.1897107955789683,3.2723633668556946,4.061950362707951,2.5260522595824266
2026-04-28,3.403916290932532,3.2868548461926337,3.173739077008833,3.2557935846892465,4.0421849904773595,2.517518849127644
2026-04-29,3.4056070638946547,3.28848747309335,3.1753155177205312,3.2569762830891102,4.041559929612869,2.512754793465863
2026-04-30,3.4631313351898525,3.3440334717960742,3.2289499235290275,3.3114349185649705,4.0817721785617564,2.5300846544526916
2026-05-01,3.4606720222084575,3.340815421911328,3.225028330571234,3.3122916206550492,4.093074839901819,2.535194702289084
2026-05-04,3.4673210276593722,3.347234146311745,3.231224592687873,3.318542558949782,4.078080347502592,2.5258758098566623
2026-05-05,3.502109272322946,3.380817538071339,3.263644040093141,3.3519136626796033,4.1107956986692935,2.5395270906970056
2026-05-06,3.52930408197929,3.4070704851616207,3.288987103816999,3.3781498529477236,4.167933369399239,2.565784610889615
2026-05-07,3.5012831643944335,3.3800200414897423,3.262874183413148,3.3512867024645137,4.155154115002482,2.557931308042893
2026-05-08,3.5336594582464933,3.41127501772302,3.293045914291348,3.3822918727891866,4.189459294889735,2.573351453922091
2026-05-11,3.561138439011945,3.4378022939660435,3.3186537993769885,3.4084796679468226,4.199001054552465,2.5734674443111203
2026-05-12,3.5401229546237087,3.4175146579541362,3.299069298997352,3.388273109385029,4.192639997583121,2.5676768234375684
2026-05-13,3.5543354966267158,3.431234964069105,3.312314082182521,3.401929245696555,4.216097200872877,2.5763895232951826
2026-05-14,3.5644822287290183,3.4410302751739525,3.321769904139251,3.41171262758893,4.249380124028572,2.5881090847004535
2026-05-15,3.501651311023703,3.3803754377621122,3.26321726224338,3.351505824375352,4.198263106441544,2.561088234743596
2026-05-18,3.4997857113638684,3.378574451111343,3.26147869478658,3.3496729018599165,4.195309571910728,2.559562681499859
2026-05-19,3.480703833880877,3.360153453638858,3.2436961383674183,3.331335703791867,4.167365100575391,2.545326818390566
2026-05-20,3.5075391909559643,3.386059397395914,3.268704225314913,3.357219323191439,4.210076547729958,2.5679399385507096
2026-05-21,3.5199760311977037,3.3980655012430314,3.2802942176242107,3.3691754454856953,4.218425674539203,2.571683918914978
2026-05-22,3.524434340197644,3.4023694015742576,3.2844489519471916,3.3735168420313224,4.2350106924938355,2.578700966081079
2026-05-26,3.5675759170795716,3.4440168170033396,3.3246529374092244,3.414917584402916,4.26312519153367,2.593428671289443
2026-05-27,3.5522898803053615,3.42926019543751,3.3104077557385496,3.4003715811511444,4.262386546587897,2.5935827568976064
2026-05-28,3.571013698364306,3.4473355344834986,3.3278566336758537,3.4182920434879214,4.285900541918294,2.6046732621567505
2026-05-29,3.5634718489917954,3.440054888836721,3.3208283230659026,3.4110299351833144,4.296578490811293,2.6098178898310875
2026-06-01,3.592640738120989,3.4681606225164328,3.3479088703071587,3.4395916252641863,4.308278348018423,2.612333766957259
2026-06-02,3.6169631854827284,3.49164033015548,3.3705744645609648,3.4628956066268324,4.3141289734568415,2.6152395850094656
2026-06-03,3.5904163524238455,3.4660133087585425,3.3458360104947555,3.4376204720860932,4.283856028455179,2.601558875017186
2026-06-04,3.5866856345442115,3.4624118551796825,3.342359430343195,3.4337034929125476,4.3000431537078905,2.608781688914816
2026-06-05,3.4537209406667477,3.3340542071138315,3.218452335111942,3.306319526499514,4.1890617506052426,2.562838862804237
2026-06-08,3.4862936964331266,3.365498361191671,3.248806224050373,3.337588509629135,4.1985467182273295,2.565182897121821
2026-06-09,3.4754514934418603,3.3550318257887164,3.238702595490197,3.327069088592517,4.186222148573137,2.563579019624512
2026-06-10,3.440006946802345,3.3208153844858743,3.2056725430167305,3.293249750312198,4.12022387425074,2.5385565520493603
2026-06-11,3.50768848687225,3.3861518512388735,3.268743594333316,3.3578038123188514,4.190254731876154,2.571255535965682
2026-06-12,3.5162000189669347,3.3943684703221138,3.276675318064368,3.365771748779388,4.212916498179492,2.5777309633323533
2026-06-15,3.5594111297866573,3.4360823749188025,3.3169428738135798,3.4070609741498816,4.287207107270492,2.6058830227754375
2026-06-16,3.5207274420813057,3.398739024382842,3.280894331628236,3.3699363089377656,4.261648598476978,2.599239866258301
2026-06-17,3.495247567456513,3.3741419927613108,3.257150154436927,3.3456075844865594,4.208429578551339,2.574323718636665
2026-06-18,3.5490476909501454,3.4260780151437564,3.307285395836588,3.397026344134664,4.252184535900527,2.59402092608923
2026-06-22,3.552759315502505,3.4296610369531653,3.3107441833046036,3.400465826756704,4.238803216189479,2.585158738000149
2026-06-23,3.469646291580856,3.3494277662771528,3.2332928458878616,3.3206379061622924,4.177247264064548,2.5640814956526734
2026-06-24,3.454544146309837,3.3348488898009414,3.2192194637160734,3.305926537541163,4.175311108421308,2.570139570375529
2026-06-25,3.488411214443623,3.3675425100829153,3.2507794960380645,3.3385011958501183,4.181347091931025,2.5730019340822143
2026-06-26,3.462984851683705,3.3429971362129174,3.227085185465809,3.3139708982392406,4.1511103823417965,2.5646559885567166
2026-06-29,3.476186283656313,3.355741156521548,3.239387331553749,3.3265601302091836,4.21949914863257,2.589883500328522
2026-06-30,3.502348714796438,3.380997095003428,3.2637675692862413,3.350780818348748,4.252355608857308,2.5964115009246753
2026-07-01,3.4717889232976056,3.3506561846238943,3.2336678215875496,3.3159288166226646,4.246604282385656,2.591771897428263
2026-07-02,3.466852363426068,3.3458918642029905,3.229069847701865,3.311313351839994,4.2410240288707834,2.590719148720159
2026-07-06,3.511770109686671,3.3892424041213283,3.270906800900962,3.353973484070012,4.278037109002641,2.6049401054729886
2026-07-07,3.46473034352468,3.343843882812541,3.227093371705343,3.3092760796947127,4.257708345792183,2.592203987660318
2026-07-08,3.454054682627133,3.333540701944812,3.217149927019832,3.2989228826071226,4.24455454266113,2.585291692039706
2026-07-09,3.484196666884194,3.362631014806294,3.245224549850956,3.3277351734658063,4.2804857866813695,2.600658741409686
2026-07-10,3.4893734989408345,3.3676272241757466,3.2500463162685476,3.332660151269795,4.2989351862892295,2.6065363781087414
2026-07-13,3.4349570590462206,3.3151094055795283,3.199362160480231,3.280999890318505,4.266021934023849,2.59073247119851
2026-07-14,3.462331095734862,3.341528346176239,3.224858682170536,3.306988587385846,4.281169033256212,2.59914627673127
2026-07-15,3.4739853873184923,3.3527760127351294,3.2357136357722625,3.318184076681133,4.298138007215677,2.607896971951154
2026-07-16,3.4436647347198637,3.323513265374633,3.207472599003071,3.2894220566637973,4.274848044291002,2.598703628395108
2026-07-17,3.4147490953743387,3.2956065095360865,3.1805402092299495,3.261874335349567,4.2325390192649115,2.58452551485043
2026-07-20,3.405428806730431,3.2866114111942415,3.171859175289935,3.2528823309509223,4.225706205099069,2.578717077596478
2026-07-21,3.4606277200416673,3.3398844022535994,3.223272136649235,3.3054317407316605,4.260954202544467,2.5890961461894992
2026-07-22,3.4486921723057136,3.328365292733438,3.212155217533623,3.2940346786196395,4.25599970672894,2.5849672738148706
2026-07-23,3.4165284247973284,3.2973237571186265,3.182197499009439,3.2632789258985158,4.20344128624537,2.5629577858791457
2026-07-24,3.402532674812245,3.2838163270063636,3.169161681635276,3.25011651859777,4.207711838651201,2.56650552967852
2026-07-27,3.415752823313652,3.2965752168226863,3.181475094043137,3.262730469326126,4.208623298640893,2.5695939106777717
2026-07-28,3.4026070041082512,3.2838880629099174,3.1692309128754252,3.250408197492315,4.218701969559017,2.5763713052150665
2026-07-29,3.354226959618502,3.237196026365258,3.124169131606511,3.2042476051213074,4.153786925017948,2.5482924815615338
2026-07-30,3.4371298285650784,3.317206365903719,3.2013859053080647,3.283176700928498,4.223428251959693,2.574246603114763
2026-07-31,3.4402630270392973,3.3202302452573416,3.20430420573144,3.285223890059745,4.253836382923129,2.582522085815696
2026-08-03,3.471724927809407,3.34971342538936,3.2319077423114275,3.29125347507573,4.3144237346002985,2.606681657432293
2026-08-04,3.5035373382819737,3.3804078094980667,3.2615226391842485,3.32200922717903,4.392208273651783,2.6397991080693575
2026-08-05,3.4989731069896846,3.3760039851299855,3.2572736924047705,3.317546893397649,4.383438955425273,2.6372761414024257
2026-08-06,3.497059272860729,3.374157411450032,3.255492060660468,3.3154377571035742,4.37643506830265,2.6307082914489492
2026-08-07,3.5258675469514387,3.4019532375856114,3.282310338609448,3.3429110300602876,4.403198404559601,2.642907188835049
2026-08-10,3.5396654406792765,3.4152662133608542,3.2951551118832128,3.3553585585441876,4.401888703450559,2.637854389268029
2026-08-11,3.5508257365544424,3.426034287935227,3.305544485291374,3.36590302255909,4.387823788747241,2.633961652761339
2026-08-12,3.5761580913255107,3.450476353662743,3.3291269508432326,3.3899491221706253,4.39881357123763,2.6389670549552093
2026-08-13,3.572934682935647,3.4473662298529484,3.326126206617104,3.387120317385296,4.429506359239133,2.6539358148122525
2026-08-14,3.5833027560104247,3.457369923779216,3.3357780817915486,3.3968667929923515,4.420737041012622,2.6478413416734794
2026-08-17,3.603418388957814,3.4767786059603214,3.3545041822793493,3.415613689503454,4.399838615308606,2.638000829855081
2026-08-18,3.5552918510871647,3.4303434437930975,3.3097020929465004,3.3697911647333134,4.370114427754865,2.6281840792825695
2026-08-19,3.5797954862890493,3.4539859147587877,3.3325130845920037,3.392975113333848,4.379281987100725,2.6365441171734276
2026-08-20,3.583326007723917,3.4573923583264423,3.3357997273407842,3.395966246714653,4.342496771966291,2.6189109234093872
2026-08-21,3.6090968282637395,3.4822574802299835,3.3597903706550643,3.4204328844119827,4.360262924999309,2.6233697720873033
2026-08-24,3.578830181190623,3.453054534676831,3.3316144601081605,3.3918246923826003,4.347450570946963,2.62082600212838
2026-08-25,3.5891911831452017,3.463051405992796,3.3412597526158927,3.402023673411395,4.361344761110926,2.6314649401655807
2026-08-26,3.583332919354294,3.45739902705209,3.335806161534792,3.396419377621515,4.36231301314126,2.629696772439557
2026-08-27,3.6019077652988605,3.475321072182064,3.3530979083375456,3.4138202449619595,4.390898572542741,2.6390990820148934
2026-08-28,3.5796673772474406,3.453862308025677,3.332393824969757,3.3926095410920447,4.3809334857059,2.631229879604555
2026-08-31,3.5835816656403368,3.4576390313125653,3.336037725113258,3.3926027241648153,4.36783647461549,2.625234105255119
