"Open Time ET","Side","Qty Open","Symbol","Descrip","Avg Price Open","Qty Closed","Closed Time ET","Avg Price Closed","DD as %","DD $","DD Time ET","DD Quant","DD Worst Price","Trade P/L","Trade ID"
"2026-06-05 13:23:37","LONG","40","CRWV","COREWEAVE INC. CLASS A","98.9206","40","2026-06-08 12:22:09","103.5382","-0.19","-135.22","2026-06-05 14:49:00","40","95.5401","184.20","156447508"
"2026-05-29 10:25:30","LONG","80","ROL","ROLLINS","47.8852","80","2026-06-05 13:37:11","47.5115","-0.39","-276.61","2026-06-03 00:00:00","80","44.4275","-31.60","156336675"
"2026-06-01 15:42:32","LONG","13","CME","CME GROUP","259.6644","13","2026-06-05 12:50:18","257.9767","-0.28","-196.36","2026-06-02 00:00:00","13","244.5600","-22.26","156378830"
"2026-05-08 13:25:25","LONG","40","ZTS","ZOETIS INC","81.4094","40","2026-06-04 11:57:40","81.1500","-0.52","-361.18","2026-05-15 00:00:00","40","72.3800","-10.80","156005069"
"2026-05-29 11:00:47","LONG","120","PLAB","PHOTRONICS","32.2535","120","2026-06-02 12:52:39","33.3791","-0.08","-54.42","2026-05-29 14:00:00","120","31.8000","132.60","156337588"
"2026-06-01 12:53:38","LONG","35","ASTS","AST SPACEMOBILE INC","102.8267","35","2026-06-01 13:51:08","106.7788","-0.02","-14.23","2026-06-01 13:03:00","35","102.4200","137.30","156375688"
"2026-05-29 13:18:15","LONG","10","MDB","MONGODB INC. CLASS A COMMON STOCK","314.2483","10","2026-05-29 15:24:43","329.0956","-0.05","-36.58","2026-05-29 13:22:00","10","310.5900","147.80","156340269"
"2026-05-28 12:54:50","LONG","30","ZS","ZSCALER INC. COMMON STOCK","130.2526","30","2026-05-28 13:17:29","131.6500","0.00","0.00","2026-05-28 12:54:50","","0.0000","41.40","156322728"
"2026-05-26 12:01:24","LONG","40","BJ","BJ'S WHOLESALE CLUB HOLDINGS INC","84.6800","40","2026-05-28 11:52:56","85.9217","-0.06","-41.20","2026-05-27 00:00:00","40","83.6500","49.20","156289569"
"2026-05-07 15:52:07","LONG","28","LDOS","LEIDOS HOLDINGS INC","130.9761","28","2026-05-27 12:34:18","131.9249","-0.39","-273.73","2026-05-21 00:00:00","28","121.2000","26.44","155984093"
"2026-05-20 12:31:51","LONG","10","ADI","ANALOG DEVICES","386.5371","10","2026-05-22 12:36:30","396.1900","-0.08","-53.17","2026-05-21 00:00:00","10","381.2200","96.80","156207797"
"2026-05-07 15:49:50","LONG","28","WING","WINGSTOP INC. COMMON STOCK","134.5005","28","2026-05-22 12:36:20","137.1419","-0.74","-508.21","2026-05-14 00:00:00","28","116.3500","73.44","155984038"
"2026-05-15 14:44:18","LONG","50","OKLO","OKLO INC","62.7925","50","2026-05-21 13:34:13","64.5234","-0.64","-441.88","2026-05-19 00:00:00","50","53.9550","86.00","156124346"
"2026-05-18 13:33:08","LONG","30","CRWV","COREWEAVE INC. CLASS A","100.6871","30","2026-05-21 10:12:32","105.3500","-0.25","-176.01","2026-05-19 00:00:00","30","94.8200","139.40","156173952"
"2026-05-18 13:35:28","LONG","20","CRDO","CREDO TECHNOLOGY GROUP HOLDING LTD","153.5910","20","2026-05-19 09:55:27","158.3100","-0.13","-92.93","2026-05-19 09:30:00","20","148.9450","93.60","156173968"
"2026-05-14 15:11:02","LONG","120","TTEK","TETRA TECH","26.3410","120","2026-05-18 10:56:57","27.2710","-0.09","-63.72","2026-05-15 00:00:00","120","25.8100","109.60","156108444"
"2026-05-12 15:54:20","LONG","35","SHOP","SHOPIFY INC. CLASS A","100.0140","35","2026-05-15 14:20:01","100.9250","-0.31","-210.49","2026-05-14 00:00:00","35","94.0000","31.30","156068856"
"2026-05-12 14:27:09","LONG","35","CDW","CDW CORPORATION COMMON STOCK","98.8700","35","2026-05-15 09:52:03","101.7315","-0.08","-53.55","2026-05-13 00:00:00","35","97.3400","99.30","156067329"
"2026-05-13 13:30:19","LONG","80","WK","WORKIVA INC","43.7164","80","2026-05-14 10:19:25","45.4835","-0.04","-30.11","2026-05-13 14:30:00","80","43.3400","139.40","156087284"
"2026-05-13 10:06:58","LONG","280","KVYO","KLAYIVO INC","13.7460","280","2026-05-13 11:21:39","14.4407","0.00","0.00","2026-05-13 10:06:58","","0.0000","189.40","156083229"
"2026-05-07 15:53:07","LONG","25","ANET","ARISTA NETWORKS INC","140.9600","25","2026-05-12 11:08:52","140.2169","-0.20","-139.75","2026-05-12 09:33:00","25","135.3700","-19.50","155984151"
"2026-05-06 15:56:45","LONG","25","PLTR","PALANTIR TECHNOLOGIES INC. CLASS A","133.6350","25","2026-05-07 09:53:52","137.6900","0.00","0.00","2026-05-06 15:56:45","","0.0000","100.50","155965912"
"2026-05-06 15:53:41","LONG","30","SHOP","SHOPIFY INC. CLASS A","105.3503","30","2026-05-07 09:32:06","108.2633","-0.01","-3.90","2026-05-06 16:00:00","30","105.2200","86.40","155965627"
"2026-05-06 14:23:42","LONG","25","ANET","ARISTA NETWORKS INC","141.8134","25","2026-05-06 15:53:50","146.9684","-0.02","-14.33","2026-05-06 15:06:00","25","141.2400","128.50","155963964"
"2026-04-30 15:14:34","LONG","45","BLDR","BUILDERS FIRSTSOURCE","79.3759","45","2026-05-06 10:53:04","79.0530","-0.38","-268.91","2026-05-05 00:00:00","45","73.4000","-15.90","155856134"
"2026-04-28 15:45:08","LONG","140","NAMS","NEWAMSTERDAM PHARMA COMPANY N.V.","28.3300","140","2026-05-01 12:13:58","28.6872","-0.08","-56.00","2026-04-29 00:00:00","140","27.9300","47.20","155821626"
"2026-04-20 13:00:33","LONG","40","NFLX","NETFLIX","94.0453","40","2026-04-30 15:14:42","94.1323","-0.23","-161.01","2026-04-28 00:00:00","40","90.0200","2.20","155673505"
"2026-04-29 14:27:43","LONG","180","TXG","10X GENOMICS INC. CLASS A COMMON STOCK","19.7074","180","2026-04-29 15:25:49","20.1779","0.00","0.00","2026-04-29 14:27:43","","0.0000","81.40","155837247"
"2026-04-24 15:55:35","LONG","60","KRMN","KARMAN HOLDINGS INC","69.9343","60","2026-04-27 12:03:36","70.8733","-0.01","-6.86","2026-04-27 10:34:00","60","69.8200","54.80","155765629"
"2026-04-22 12:08:55","LONG","13","GE","GE AEROSPACE","272.7500","13","2026-04-23 11:59:45","281.4000","-0.02","-11.12","2026-04-22 12:26:00","13","271.8950","111.74","155717428"
"2026-04-14 11:09:47","LONG","60","OXY","OCCIDENTAL PETROLEUM","55.6700","60","2026-04-22 11:50:49","56.6900","-0.31","-222.60","2026-04-17 00:00:00","60","51.9600","59.80","155556746"
"2026-04-21 15:49:27","LONG","60","BSX","BOSTON SCIENTIFIC","59.8062","60","2026-04-22 09:41:09","64.3471","-0.04","-25.27","2026-04-21 15:58:00","60","59.3850","270.80","155697707"
"2023-04-17 15:40:38","LONG","100","LCID","LUCID GROUP INC","38.9704","100","2026-04-16 09:33:46","19.8992","-4.24","-2694.04","2024-01-30 00:00:00","60","3.1500","-1909.00","144341674"
"2026-02-06 15:19:09","LONG","35","TEAM","ATLASSIAN CORPORATION PLC CLASS A","93.1350","35","2026-04-16 09:33:37","70.2050","-1.88","-1299.37","2026-04-10 00:00:00","35","56.0101","-803.70","154466262"
"2026-04-14 12:45:26","LONG","40","AKAM","AKAMAI TECHNOLOGIES","89.6729","40","2026-04-15 09:48:50","92.2907","-0.07","-46.91","2026-04-14 15:59:00","40","88.5000","104.20","155559598"
"2026-01-28 12:09:45","LONG","60","AFRM","AFFIRM HOLDINGS INC. CLASS A","65.9211","60","2026-04-14 14:08:29","55.3922","-2.10","-1429.56","2026-03-27 00:00:00","60","42.0950","-633.20","154264028"
"2026-03-17 15:01:30","LONG","100","HNI","HNI","37.4292","100","2026-04-14 12:45:00","36.4750","-0.88","-601.92","2026-04-06 00:00:00","100","31.4100","-97.00","155080764"
"2026-04-09 13:12:09","LONG","25","SNOW","SNOWFLAKE INC","134.5117","25","2026-04-14 12:44:38","136.4700","-0.59","-405.29","2026-04-10 00:00:00","25","118.3000","48.50","155473873"
"2026-04-08 15:32:32","LONG","25","PLTR","PALANTIR TECHNOLOGIES INC. CLASS A","139.3153","25","2026-04-14 09:49:45","136.7900","-0.60","-415.88","2026-04-10 00:00:00","25","122.6800","-63.50","155455623"
"2026-02-19 15:43:43","LONG","30","BX","BLACKSTONE INC","125.3024","30","2026-04-14 09:36:36","124.1679","-1.02","-707.17","2026-03-12 00:00:00","30","101.7300","-34.60","154667326"
"2026-04-06 12:00:32","LONG","10","TSLA","TESLA  INC.","353.9067","10","2026-04-14 09:36:16","356.9823","-0.24","-166.67","2026-04-07 00:00:00","10","337.2400","30.80","155412013"
"2026-04-10 15:47:32","LONG","50","OKTA","OKTA INC. CL A COMMON STOCK","63.0700","50","2026-04-13 12:29:05","64.8144","-0.02","-13.75","2026-04-10 15:55:00","50","62.7950","86.00","155501065"
"2026-04-10 15:14:33","LONG","50","WIX","WIX.COM LTD. ORDINARY SHARES","63.2961","50","2026-04-10 15:46:48","64.2027","-0.03","-18.31","2026-04-10 15:25:00","50","62.9300","44.00","155500187"
"2026-03-05 12:20:57","LONG","90","AMCR","AMCOR PLC ORDINDARY SHARES","44.4185","90","2026-04-08 11:48:58","41.8138","-0.87","-582.61","2026-03-30 00:00:00","90","37.9450","-235.80","154891372"
"2026-03-24 13:37:44","LONG","100","CELH","CELSIUS HOLDINGS INC. COMMON STOCK","36.1786","100","2026-04-08 09:34:14","37.1957","-0.45","-308.86","2026-04-02 00:00:00","100","33.0900","100.00","155189862"
"2026-04-07 12:01:36","LONG","100","ENPH","ENPHASE ENERGY","31.6650","100","2026-04-08 09:34:04","33.4759","-0.09","-58.40","2026-04-07 13:25:00","100","31.0810","179.00","155429717"
"2026-04-01 14:30:40","LONG","80","ARE","ALEXANDRIA REAL ESTATE","43.8300","80","2026-04-07 15:05:52","43.6822","-0.28","-191.20","2026-04-02 00:00:00","80","41.4400","-13.60","155346572"
"2026-04-02 14:01:27","LONG","55","EQT","EQT","60.1200","55","2026-04-07 14:22:10","60.5200","-0.06","-39.60","2026-04-02 15:46:00","55","59.4000","20.90","155366914"
"2026-04-06 13:01:30","LONG","80","AXTI","AXT","39.9244","80","2026-04-06 13:52:59","40.9231","-0.03","-17.95","2026-04-06 13:13:00","80","39.7000","78.40","155412849"
"2026-03-23 14:37:19","LONG","40","OLLI","OLLIES BARGAIN OUTLET HOLDINGS INC.","95.3505","40","2026-04-02 10:45:40","94.8433","-0.41","-276.42","2026-03-27 00:00:00","40","88.4400","-20.80","155170764"
"2026-04-01 09:39:50","LONG","70","UL","UNILEVER","55.5400","70","2026-04-01 14:15:51","56.0715","-0.06","-41.30","2026-04-01 09:46:00","70","54.9500","35.60","155339951"
"2026-03-26 10:16:40","LONG","10","MU","MICRON TECHNOLOGY","367.5274","10","2026-04-01 11:52:23","374.2750","-0.84","-560.37","2026-03-31 00:00:00","10","311.4900","66.80","155246217"
"2026-03-31 15:30:26","LONG","20","SNOW","SNOWFLAKE INC","151.3161","20","2026-04-01 09:36:57","153.2106","-0.04","-25.32","2026-03-31 15:56:00","20","150.0500","37.60","155328304"
"2026-03-30 13:42:09","LONG","70","OKLO","OKLO INC","46.3163","70","2026-03-31 10:09:30","47.2452","-0.15","-100.54","2026-03-30 15:21:00","70","44.8800","63.60","155308422"
"2026-03-30 13:43:22","LONG","150","APLD","APPLIED DIGITAL INC","20.3597","150","2026-03-31 09:37:59","21.1439","-0.08","-53.95","2026-03-30 15:06:00","150","20.0000","115.00","155308434"
"2026-03-27 12:46:53","LONG","7","META","META PLATFORMS INC. CLASS A","530.2800","7","2026-03-30 13:20:31","537.6125","-0.10","-70.14","2026-03-27 14:05:00","7","520.2600","50.86","155268409"
"2026-03-23 14:46:03","LONG","100","CNC","CENTENE","33.1164","100","2026-03-26 14:30:00","33.2106","-0.20","-134.64","2026-03-25 00:00:00","100","31.7700","7.00","155170889"
"2026-03-18 13:29:51","LONG","90","AGI","ALAMOS GOLD INC","42.2811","90","2026-03-25 09:37:59","42.3400","-0.61","-411.40","2026-03-23 00:00:00","90","37.7100","3.20","155095689"
"2026-03-16 12:38:35","LONG","70","PSN","PARSONS CORP","52.7292","70","2026-03-23 10:55:59","52.4485","-0.34","-234.45","2026-03-20 00:00:00","70","49.3800","-21.40","155062243"
"2026-03-20 13:57:09","LONG","50","SUNB","SUNBELT RENTALS HOLDINGS INC","63.0900","50","2026-03-23 09:31:42","65.7900","-0.05","-32.50","2026-03-20 14:58:00","50","62.4400","134.00","155131712"
"2026-03-13 14:36:39","LONG","25","JBTM","JBT MAREL CORP","129.8177","25","2026-03-17 11:23:07","132.5245","-0.04","-29.07","2026-03-13 15:41:00","25","128.6550","67.50","155026548"
"2026-03-16 14:27:59","LONG","7","ULTA","ULTA BEAUTY INC","525.0100","7","2026-03-17 11:22:59","531.4388","-0.09","-62.86","2026-03-16 15:49:00","7","516.0300","44.86","155063553"
"2026-02-12 11:42:08","LONG","25","ALAB","ASTERA LABS INC.","134.5300","25","2026-03-17 09:41:25","133.7550","-1.02","-686.25","2026-03-03 00:00:00","25","107.0800","-19.50","154554329"
"2026-03-11 12:18:31","LONG","40","KMB","KIMBERLY-CLARK CORPORATION","99.8304","40","2026-03-16 13:21:33","99.8600","-0.12","-83.88","2026-03-12 00:00:00","40","97.7334","0.20","154988443"
"2026-03-13 11:56:20","LONG","50","TNK","TEEKAY TANKERS","63.5640","50","2026-03-13 13:02:55","64.0765","-0.00","-0.20","2026-03-13 12:13:00","50","63.5600","25.00","155024750"
"2026-03-12 13:41:40","LONG","45","EL","ESTEE LAUDER COS","85.4176","45","2026-03-13 10:33:11","87.9929","-0.09","-58.84","2026-03-12 15:58:00","45","84.1100","115.10","155007200"
"2026-03-09 15:56:50","LONG","40","SKY","CHAMPION HOMES INC","79.9770","40","2026-03-12 12:37:21","79.4394","-0.26","-179.08","2026-03-12 09:34:00","40","75.5000","-22.80","154955601"
"2026-03-06 13:43:33","LONG","200","AEO","AMERICAN EAGLE","18.6294","200","2026-03-10 09:45:11","19.0833","-0.29","-199.88","2026-03-09 00:00:00","200","17.6300","87.00","154912626"
"2026-03-09 12:28:54","LONG","40","LEN","LENNAR","96.9172","40","2026-03-09 15:35:22","100.3744","-0.00","-3.09","2026-03-09 12:32:00","40","96.8400","137.20","154952172"
"2026-02-09 15:11:34","LONG","150","HIMS","HIMS AND HERS HEALTH INC","19.0086","150","2026-03-09 12:04:36","21.9794","-1.20","-790.29","2026-02-24 00:00:00","150","13.7400","443.00","154504698"
"2026-01-09 13:41:30","LONG","25","NOW","SERVICENOW","142.1645","25","2026-03-05 10:10:19","120.7958","-1.60","-1104.11","2026-02-09 00:00:00","25","98.0000","-534.50","154061503"
"2026-03-02 15:44:06","LONG","12","ELV","ELEVANCE HEALTH INC","291.7629","12","2026-03-05 09:42:01","293.5493","-0.15","-101.19","2026-03-04 00:00:00","12","283.3300","20.76","154836106"
"2026-01-27 14:51:52","LONG","120","TTD","THE TRADE DESK INC. CLASS A","32.2864","120","2026-03-05 09:34:50","32.0077","-2.01","-1344.76","2026-02-26 00:00:00","120","21.0800","-35.40","154246249"
"2026-03-04 12:52:48","LONG","35","CLX","CLOROX","116.8211","35","2026-03-04 14:47:13","118.1331","-0.01","-4.59","2026-03-04 12:57:00","35","116.6900","45.30","154873122"
"2026-03-03 12:59:04","LONG","300","RUN","SUNRUN INC. COMMON STOCK","11.7650","300","2026-03-04 10:03:19","12.1983","-0.12","-82.50","2026-03-03 15:58:00","300","11.4900","124.00","154853229"
"2026-03-03 10:35:34","LONG","35","CRDO","CREDO TECHNOLOGY GROUP HOLDING LTD","94.0518","35","2026-03-03 12:07:06","96.6481","-0.08","-50.81","2026-03-03 10:42:00","35","92.6000","90.30","154850200"
"2026-02-18 15:40:44","LONG","30","GPC","GENUINE PARTS","121.5500","30","2026-02-27 12:44:53","118.2131","-0.29","-194.70","2026-02-27 09:45:00","30","115.0600","-100.60","154649314"
"2026-01-30 14:06:58","LONG","70","IONQ","IONQ INC","40.2191","70","2026-02-26 09:37:45","40.0200","-1.03","-716.04","2026-02-05 00:00:00","70","29.9900","-15.40","154306051"
"2026-02-25 13:31:35","LONG","35","BLDR","BUILDERS FIRSTSOURCE","102.9521","35","2026-02-26 09:37:39","103.7752","-0.02","-11.62","2026-02-25 15:59:00","35","102.6200","28.30","154755335"
"2026-02-24 13:32:59","LONG","25","PANW","PALO ALTO NETWORKS","140.9001","25","2026-02-24 15:07:11","142.4262","-0.02","-16.25","2026-02-24 13:35:00","25","140.2500","37.50","154737691"
"2026-02-20 13:54:19","LONG","30","OLED","UNIVERSAL DISPLAY CORPORATION","105.7866","30","2026-02-24 13:23:08","106.7667","-0.27","-184.10","2026-02-23 00:00:00","30","99.6500","28.40","154683709"
"2026-02-17 15:41:33","LONG","100","TTEK","TETRA TECH","35.6255","100","2026-02-18 10:10:49","36.3589","-0.03","-20.55","2026-02-17 15:54:00","100","35.4200","71.00","154628177"
"2026-02-17 13:00:22","LONG","15","FDS","FACTSET RESEARCH SYSTEMS","186.9721","15","2026-02-17 14:55:13","190.9553","-0.04","-29.58","2026-02-17 13:37:00","15","185.0000","59.70","154625265"
"2026-02-13 14:10:26","LONG","225","HTGC","HERCULES CAPITAL INC","15.6235","225","2026-02-17 10:06:29","15.9714","-0.07","-50.28","2026-02-13 15:06:00","225","15.4000","73.50","154575007"
"2026-02-10 14:28:45","LONG","15","AJG","ARTHUR J. GALLAGHER","214.4800","15","2026-02-13 14:09:56","210.4296","-0.43","-292.20","2026-02-12 00:00:00","15","195.0000","-61.30","154522680"
"2026-01-23 15:53:29","LONG","12","CEG","CONSTELLATION ENERGY CORPORATION","288.9958","12","2026-02-13 11:37:45","288.4960","-0.79","-548.35","2026-02-05 00:00:00","12","243.3000","-6.24","154210912"
"2026-02-06 15:21:05","LONG","25","RDDT","REDDIT INC","139.5619","25","2026-02-09 09:40:29","143.0173","-0.11","-73.80","2026-02-09 09:30:00","25","136.6100","85.50","154466286"
"2026-01-28 12:35:08","LONG","15","HUM","HUMANA","196.6836","15","2026-02-06 11:31:43","195.0150","-0.23","-160.25","2026-02-02 00:00:00","15","186.0000","-25.30","154264470"
"2026-02-05 12:26:15","LONG","25","ORCL","ORACLE CORP","140.9714","25","2026-02-06 09:42:05","142.2345","-0.21","-143.04","2026-02-05 15:50:00","25","135.2500","31.50","154441400"
"2026-02-04 15:47:44","LONG","35","HOOD","ROBINHOOD MARKETS INC","80.4304","35","2026-02-06 09:34:09","80.5247","-0.43","-299.61","2026-02-05 00:00:00","35","71.8700","2.30","154402038"
"2026-01-29 15:33:20","LONG","60","PCOR","PROCORE TECHNOLOGIES CORP","56.6204","60","2026-02-05 12:20:32","53.4141","-0.63","-433.53","2026-02-04 00:00:00","60","49.3950","-193.20","154287345"
"2026-02-04 13:24:22","LONG","25","ORCL","ORACLE CORP","145.2626","25","2026-02-04 15:41:21","147.6264","-0.01","-9.07","2026-02-04 13:51:00","25","144.9000","58.50","154399682"
"2026-02-03 10:01:51","LONG","120","IOT","SAMSARA INC","24.9200","120","2026-02-04 13:21:59","24.7626","-0.27","-184.80","2026-02-04 10:00:00","120","23.3800","-21.40","154357736"
"2026-02-03 15:49:50","LONG","100","EXLS","EXLSERVICE HOLDINGS","32.8521","100","2026-02-04 13:21:24","32.7689","-0.27","-184.21","2026-02-04 10:00:00","100","31.0100","-10.00","154373524"
"2026-02-02 11:56:02","LONG","35","KTOS","KRATOS DEFENSE & SECURITY","95.5379","35","2026-02-03 09:36:12","99.4009","-0.02","-15.77","2026-02-02 15:00:00","35","95.0874","134.30","154341479"
"2026-01-30 12:23:55","LONG","25","PLTR","PALANTIR TECHNOLOGIES INC. CLASS A","148.3236","25","2026-02-02 11:06:12","150.0218","-0.11","-79.61","2026-01-30 15:29:00","25","145.1390","41.50","154303728"
"2026-01-29 10:21:56","LONG","23","PLTR","PALANTIR TECHNOLOGIES INC. CLASS A","149.3336","23","2026-01-29 12:44:56","150.4920","-0.07","-50.91","2026-01-29 10:52:00","23","147.1200","26.54","154281304"
"2026-01-28 15:24:44","LONG","60","SYM","SYMBOTIC INC. CLASS A COMMON STOCK","54.9521","60","2026-01-29 12:06:12","55.6469","-0.14","-99.12","2026-01-29 10:14:00","60","53.3000","40.80","154266955"
"2026-01-21 12:01:43","LONG","25","SHOP","SHOPIFY INC. CLASS A","139.2283","25","2026-01-28 14:35:50","140.3775","-0.16","-114.46","2026-01-23 00:00:00","25","134.6500","28.50","154178934"
"2026-01-26 15:55:04","LONG","80","IONQ","IONQ INC","43.2944","80","2026-01-27 13:22:35","44.7880","-0.03","-20.75","2026-01-27 10:35:00","80","43.0350","117.40","154230510"
"2026-01-26 15:56:24","LONG","100","INTC","INTEL","42.5350","100","2026-01-27 09:35:23","44.1518","-0.01","-7.49","2026-01-26 16:00:00","100","42.4601","160.00","154230719"
"2026-01-22 14:46:13","LONG","5","APP","APPLOVIN CORPORATION CLASS A","523.7769","5","2026-01-26 09:39:00","544.9477","-0.10","-73.68","2026-01-23 00:00:00","5","509.0400","105.90","154195929"
"2026-01-23 14:45:56","LONG","80","INTC","INTEL","44.6563","80","2026-01-23 15:30:04","45.1051","-0.02","-16.50","2026-01-23 15:08:00","80","44.4500","34.40","154210220"
"2026-01-15 13:32:40","LONG","80","BILL","BILL HOLDINGS INC","48.7213","80","2026-01-23 12:12:06","48.2720","-0.60","-420.90","2026-01-22 00:00:00","80","43.4600","-37.60","154127197"
"2026-01-14 12:10:58","LONG","25","TEAM","ATLASSIAN CORPORATION PLC CLASS A","134.0727","25","2026-01-23 09:36:42","130.2825","-0.66","-463.57","2026-01-20 00:00:00","25","115.5300","-95.50","154111722"
"2026-01-21 14:47:20","LONG","70","PEGA","PEGASYSTEMS","48.1935","70","2026-01-22 10:42:12","49.3763","-0.09","-64.64","2026-01-21 15:31:00","70","47.2700","81.60","154180851"
"2026-01-20 14:45:10","LONG","50","TRMB","TRIMBLE INC","70.0171","50","2026-01-21 14:46:35","70.7928","-0.05","-37.86","2026-01-21 13:08:00","50","69.2600","38.00","154165765"
"2025-10-27 15:02:05","LONG","150","USAR","USA RARE EARTH INC. CLASS A","21.4450","150","2026-01-21 09:54:55","20.7234","-2.29","-1499.25","2025-11-25 00:00:00","150","11.4500","-111.00","153269226"
"2026-01-15 14:00:00","LONG","100","BRZE","BRAZE INC. CLASS A COMMON STOCK","25.8696","100","2026-01-20 14:44:11","24.5200","-0.46","-321.46","2026-01-20 09:30:00","100","22.6550","-137.00","154127311"
"2026-01-20 10:28:56","LONG","100","WIX","WIX.COM LTD. ORDINARY SHARES","77.8403","100","2026-01-20 12:16:54","78.1520","-0.12","-84.03","2026-01-20 11:37:00","100","77.0000","29.00","154161504"
"2026-01-16 11:36:10","LONG","60","DOCU","DOCUSIGN INC. COMMON STOCK","57.9454","60","2026-01-20 10:03:00","56.5821","-0.20","-139.90","2026-01-20 09:30:00","60","55.6137","-83.20","154136981"
"2026-01-15 12:30:53","LONG","17","CRM","SALESFORCE INC","231.9547","17","2026-01-15 13:32:06","233.1833","-0.01","-4.84","2026-01-15 12:42:00","17","231.6700","20.66","154126687"
"2025-11-26 12:55:41","LONG","13","ZS","ZSCALER INC. COMMON STOCK","259.6233","13","2026-01-15 12:24:40","214.8700","-0.92","-652.77","2026-01-14 00:00:00","13","209.4100","-582.26","153574568"
"2026-01-14 13:51:51","LONG","35","DVA","DAVITA INC","101.6120","35","2026-01-15 09:36:15","103.3943","-0.01","-4.27","2026-01-14 13:55:00","35","101.4900","61.30","154112764"
"2026-01-13 13:30:35","LONG","100","RDN","RADIAN GROUP","32.4330","100","2026-01-14 12:36:58","32.5319","-0.13","-92.30","2026-01-14 09:30:00","100","31.5100","8.00","154098261"
"2026-01-12 12:20:56","LONG","35","HQY","HEALTHEQUITY INC. COMMON STOC","85.4084","35","2026-01-14 12:32:31","86.1265","-0.13","-93.39","2026-01-13 00:00:00","35","82.7400","24.30","154080427"
"2026-01-13 11:37:05","LONG","35","WIX","WIX.COM LTD. ORDINARY SHARES","88.8649","35","2026-01-13 14:52:05","89.9928","-0.02","-15.57","2026-01-13 14:11:00","35","88.4200","38.30","154096480"
"2026-01-13 10:36:45","LONG","45","AFRM","AFFIRM HOLDINGS INC. CLASS A","73.9892","45","2026-01-13 11:17:09","74.5108","-0.01","-7.44","2026-01-13 10:43:00","45","73.8239","22.10","154095706"
"2026-01-12 13:35:20","LONG","30","PLNT","PLANET FITNESS INC","101.0092","30","2026-01-13 10:36:01","103.6612","-0.08","-56.49","2026-01-12 14:47:00","30","99.1260","79.40","154081061"
"2026-01-09 12:40:31","LONG","50","CALM","CAL-MAINE FOODS","73.1192","50","2026-01-12 11:52:06","74.9411","-0.04","-29.96","2026-01-09 13:47:00","50","72.5200","90.00","154060780"
"2026-01-08 15:33:51","LONG","20","AMD","ADVANCED MICRO DEVICES INC. C","204.6493","20","2026-01-12 10:14:27","207.2485","-0.14","-96.99","2026-01-12 09:30:00","20","199.8000","51.60","154048412"
"2026-01-08 11:18:36","LONG","50","RBLX","ROBLOX CORP","72.2395","50","2026-01-12 10:13:54","75.6441","-0.03","-17.97","2026-01-08 14:41:00","50","71.8800","169.00","154044916"
"2024-04-05 10:59:48","LONG","510","INTC","INTEL","31.9670","510","2026-01-09 12:35:55","35.4511","-11.64","-6707.51","2025-04-08 00:00:00","360","17.6650","1766.80","147820463"
"2026-01-08 12:45:27","LONG","12","CEG","CONSTELLATION ENERGY CORPORATION","324.8014","12","2026-01-09 09:31:57","337.9671","-0.05","-38.30","2026-01-08 14:27:00","12","321.6100","157.76","154046764"
"2026-01-05 14:28:41","LONG","120","BRBR","BELLRING BRANDS INC","24.2636","120","2026-01-08 12:45:35","24.5192","-0.27","-186.43","2026-01-08 09:30:00","120","22.7100","28.60","154004947"
"2026-01-07 15:40:37","LONG","140","CVI","CVR ENERGY","22.7714","140","2026-01-08 11:18:43","23.0725","-0.02","-14.19","2026-01-07 15:43:00","140","22.6700","39.20","154036494"
"2025-12-18 12:32:54","LONG","30","LEN","LENNAR","108.7267","30","2026-01-08 10:50:37","107.2356","-0.29","-198.20","2026-01-02 00:00:00","30","102.1200","-45.60","153865701"
"2025-10-29 15:39:26","LONG","60","ARE","ALEXANDRIA REAL ESTATE","57.8188","60","2026-01-07 13:16:13","52.1975","-1.20","-822.95","2025-12-08 00:00:00","60","44.1030","-338.20","153291580"
"2026-01-06 14:56:00","LONG","10","TSLA","TESLA  INC.","431.4561","10","2026-01-07 11:58:59","437.1777","-0.02","-14.16","2026-01-06 15:20:00","10","430.0400","56.80","154022479"
"2026-01-02 15:22:44","LONG","8","CRWD","CROWDSTRIKE HOLDINGS INC. CLASS A","454.4414","8","2026-01-07 09:37:11","473.1871","-0.04","-25.21","2026-01-06 00:00:00","8","451.2900","149.84","153983899"
"2025-12-18 12:41:31","LONG","80","AAP","ADVANCE AUTO PARTS","41.5319","80","2026-01-06 15:43:20","41.1017","-0.43","-291.36","2026-01-02 00:00:00","80","37.8900","-35.60","153865752"
"2026-01-02 13:19:59","LONG","20","PLTR","PALANTIR TECHNOLOGIES INC. CLASS A","168.4674","20","2026-01-05 11:50:11","174.8478","-0.06","-42.35","2026-01-02 13:55:00","20","166.3500","127.60","153982757"
"2025-11-10 13:13:02","LONG","200","FUN","CEDAR FAIR","16.5850","200","2026-01-02 14:34:58","15.7363","-1.27","-815.00","2025-11-21 00:00:00","200","12.5100","-174.00","153396592"
"2025-12-31 12:10:37","LONG","120","NNE","NANO NUCLEAR ENERGY INC.","24.3642","120","2026-01-02 11:10:13","26.1334","-0.13","-90.50","2025-12-31 15:09:00","120","23.6100","209.60","153961623"
"2025-12-23 10:55:06","LONG","30","ARM","ARM HOLDINGS PLC ADS","112.1842","30","2026-01-02 09:34:24","114.1614","-0.17","-114.12","2025-12-29 00:00:00","30","108.3800","58.40","153902168"
"2025-12-26 14:26:06","LONG","120","BF.A","BROWN-FORMAN","26.1100","120","2025-12-30 12:10:09","26.4270","-0.01","-7.20","2025-12-29 00:00:00","120","26.0500","35.60","153927972"
"2025-12-22 14:29:27","LONG","70","NKE","NIKE","57.2786","70","2025-12-24 09:34:17","59.2629","-0.03","-20.20","2025-12-23 00:00:00","70","56.9900","137.60","153895505"
"2025-12-19 15:44:27","LONG","40","RBLX","ROBLOX CORP","81.4594","40","2025-12-22 12:33:44","82.4145","-0.01","-6.78","2025-12-19 15:47:00","40","81.2900","37.20","153877702"
"2025-12-16 15:43:27","LONG","13","CRDO","CREDO TECHNOLOGY GROUP HOLDING LTD","140.4433","13","2025-12-19 12:06:37","147.1927","-0.15","-99.88","2025-12-17 00:00:00","13","132.7600","87.74","153841226"
"2025-12-11 14:20:34","LONG","15","ORCL","ORACLE CORP","199.1958","15","2025-12-19 09:45:23","194.5025","-0.49","-331.89","2025-12-17 00:00:00","15","177.0700","-70.30","153780226"
"2025-12-17 15:31:01","LONG","45","BE","BLOOM ENERGY CORP","76.2207","45","2025-12-18 09:31:41","84.5474","-0.03","-20.28","2025-12-17 15:34:00","45","75.7700","374.10","153853128"
"2025-12-16 15:42:46","LONG","35","EOG","EOG RESOURCES","101.9006","35","2025-12-17 10:40:23","102.7950","-0.01","-4.74","2025-12-16 15:59:00","35","101.7650","30.30","153841209"
"2025-12-09 15:49:53","LONG","15","SNOW","SNOWFLAKE INC","221.7005","15","2025-12-17 10:19:20","223.5345","-0.22","-146.86","2025-12-15 00:00:00","15","211.9100","27.70","153750145"
"2025-12-12 15:48:07","LONG","20","CRDO","CREDO TECHNOLOGY GROUP HOLDING LTD","143.7356","20","2025-12-15 12:25:34","145.4087","-0.05","-32.31","2025-12-15 09:57:00","20","142.1200","32.60","153797440"
"2025-12-12 12:01:48","LONG","20","CRDO","CREDO TECHNOLOGY GROUP HOLDING LTD","144.3947","20","2025-12-12 13:59:46","146.2056","0.00","0.00","2025-12-12 12:01:48","","0.0000","35.60","153794951"
"2025-12-08 10:53:00","LONG","35","NFLX","NETFLIX","96.2560","35","2025-12-12 10:00:39","96.2704","-0.20","-136.71","2025-12-10 00:00:00","35","92.3500","0.30","153731548"
"2025-12-04 12:43:58","LONG","50","SYM","SYMBOTIC INC. CLASS A COMMON STOCK","62.3925","50","2025-12-11 12:49:56","62.5800","-0.39","-268.12","2025-12-05 00:00:00","50","57.0300","8.00","153684677"
"2025-11-11 13:54:39","LONG","30","CRWV","COREWEAVE INC. CLASS A","90.2100","30","2025-12-09 14:33:25","90.8608","-1.17","-749.70","2025-11-21 00:00:00","30","65.2200","19.40","153408770"
"2024-01-08 10:56:18","LONG","150","RIVN","RIVIAN AUTOMOTIVE INC. CLASS A","19.3487","150","2025-12-05 13:56:17","18.2220","-2.80","-1663.30","2024-04-16 00:00:00","150","8.2600","-172.00","146932427"
"2025-12-01 15:39:24","LONG","70","NTNX","NUTANIX INC. CLASS A COMMON STOCK","47.1309","70","2025-12-05 10:42:20","47.8201","-0.10","-70.77","2025-12-03 00:00:00","70","46.1200","46.60","153639808"
"2025-09-25 15:41:21","LONG","80","ALK","ALASKA AIR GROUP","51.2750","80","2025-12-04 13:37:20","47.4033","-1.68","-1091.60","2025-11-20 00:00:00","80","37.6300","-311.60","153005309"
"2025-10-30 12:12:31","LONG","6","META","META PLATFORMS INC. CLASS A","674.3400","6","2025-12-03 10:13:30","643.2640","-0.86","-558.54","2025-11-19 00:00:00","6","581.2500","-186.12","153303583"
"2025-12-02 11:04:10","LONG","50","BBY","BEST BUY","74.8400","50","2025-12-03 10:13:22","75.1570","-0.04","-30.25","2025-12-02 11:26:00","50","74.2350","15.00","153650961"
"2025-10-01 13:33:45","LONG","100","DKNG","DRAFTKINGS INC. CLASS A COMMON STOCK","36.1193","100","2025-12-01 12:38:30","34.0838","-1.48","-988.93","2025-11-07 00:00:00","100","26.2300","-206.00","153050900"
"2025-11-24 13:04:44","LONG","90","HRB","H&R BLOCK","42.2600","90","2025-12-01 12:37:25","42.1778","-0.12","-79.20","2025-11-24 15:59:00","90","41.3800","-8.80","153544273"
"2025-11-25 14:58:24","LONG","50","ESTC","ELASTIC NV","69.3666","50","2025-11-26 12:40:41","70.6429","-0.03","-22.83","2025-11-26 09:30:00","50","68.9100","63.00","153557051"
"2025-11-20 13:23:59","LONG","30","PDD","PINDUODUO INC. ADS","114.2763","30","2025-11-26 09:32:55","118.2425","-0.14","-89.59","2025-11-21 00:00:00","30","111.2900","118.40","153512010"
"2025-11-25 11:10:03","LONG","20","NVDA","NVIDIA","172.3840","20","2025-11-25 11:36:19","174.3325","0.00","0.00","2025-11-25 11:10:03","","0.0000","38.60","153553655"
"2025-11-18 12:45:36","LONG","70","CALX","CALIX","55.0613","70","2025-11-25 10:43:04","55.3013","-0.33","-210.79","2025-11-21 00:00:00","70","52.0500","15.60","153477495"
"2025-11-07 15:32:52","LONG","15","ORCL","ORACLE CORP","237.6250","15","2025-11-20 09:32:25","232.4395","-0.61","-402.82","2025-11-14 00:00:00","15","210.7700","-78.30","153379868"
"2025-11-19 15:12:22","LONG","250","WSC","WILLSCOT MOBILE MINI HOLDINGS CORP","14.9467","250","2025-11-20 09:32:09","15.1956","-0.01","-9.19","2025-11-19 15:17:00","250","14.9100","57.00","153497213"
"2025-11-19 14:48:25","LONG","60","PYPL","PAYPAL HOLDINGS CORP","59.2381","60","2025-11-19 15:11:51","59.9045","0.00","0.00","2025-11-19 14:48:25","","0.0000","38.80","153496900"
"2025-11-17 12:05:36","LONG","100","HRB","H&R BLOCK","43.4244","100","2025-11-18 09:50:30","44.3450","-0.05","-31.44","2025-11-17 13:31:00","100","43.1100","90.00","153459771"
"2025-09-05 12:14:56","LONG","100","VIRT","VIRTU FINANCIAL INC. CLASS A","39.1585","100","2025-11-14 13:59:48","35.4025","-1.06","-726.85","2025-10-07 00:00:00","100","31.8900","-378.00","152838205"
"2025-11-05 11:54:24","LONG","13","POOL","POOL","254.3200","13","2025-11-11 13:45:23","254.2800","-0.24","-158.86","2025-11-06 00:00:00","13","242.1000","-1.26","153354549"
"2025-11-06 12:29:37","LONG","80","UPST","UPSTART HOLDINGS INC. COMMON STOCK","38.2993","80","2025-11-10 09:36:03","40.0200","-0.27","-179.14","2025-11-07 00:00:00","80","36.0601","136.40","153366508"
"2025-11-03 12:11:28","LONG","35","RBLX","ROBLOX CORP","107.0200","35","2025-11-07 10:44:26","105.0800","-0.33","-224.70","2025-11-06 00:00:00","35","100.6000","-68.70","153332815"
"2025-11-04 10:46:08","LONG","120","IP","INTERNATIONAL PAPER","36.7300","120","2025-11-07 10:07:17","37.2050","-0.17","-112.80","2025-11-06 00:00:00","120","35.7900","54.60","153342045"
"2025-11-06 12:30:34","LONG","15","ORCL","ORACLE CORP","242.4600","15","2025-11-06 13:32:35","245.3450","-0.01","-4.95","2025-11-06 12:34:00","15","242.1300","42.70","153366527"
"2023-08-04 10:41:35","LONG","25","SEDG","SOLAREDGE TECHNOLOGIES INC. C","146.8142","25","2025-11-05 12:34:51","55.7800","-3.62","-2048.61","2024-11-20 00:00:00","15","10.2400","-2276.50","145432028"
"2025-11-03 12:08:29","LONG","60","MP","MP MATERIALS CORP","57.8386","60","2025-11-03 13:10:59","58.5400","0.00","0.00","2025-11-03 12:08:29","","0.0000","40.80","153332791"
"2025-10-31 13:27:06","LONG","50","PYPL","PAYPAL HOLDINGS CORP","67.8850","50","2025-10-31 14:02:11","68.5650","0.00","0.00","2025-10-31 13:27:06","","0.0000","33.00","153314494"
"2025-10-23 15:52:06","LONG","40","MP","MP MATERIALS CORP","68.3850","40","2025-10-24 09:33:48","70.7600","-0.00","-1.00","2025-10-23 16:00:00","40","68.3600","94.20","153242504"
"2025-10-21 10:18:17","LONG","13","ORCL","ORACLE CORP","278.4230","13","2025-10-23 13:00:18","280.8700","-0.17","-119.25","2025-10-22 00:00:00","13","269.2500","31.74","153218596"
"2025-10-14 15:26:28","LONG","15","ALAB","ASTERA LABS INC.","166.7750","15","2025-10-23 13:00:12","164.0900","-0.40","-273.98","2025-10-22 00:00:00","15","148.5100","-40.30","153160638"
"2025-10-21 12:50:58","LONG","20","AEM","AGNICO EAGLE MINES LIMITED","161.5700","20","2025-10-23 12:25:30","164.0500","-0.10","-65.80","2025-10-22 00:00:00","20","158.2800","49.60","153221001"
"2025-10-16 13:00:25","LONG","40","CF","CF INDUSTRIES HOLDINGS","83.7100","40","2025-10-23 09:55:31","86.4200","-0.08","-57.20","2025-10-17 00:00:00","40","82.2800","107.20","153182598"
"2025-09-18 12:24:50","LONG","90","CPRT","COPART","46.0800","90","2025-10-21 12:07:34","45.6750","-0.36","-248.40","2025-10-16 00:00:00","90","43.3200","-37.80","152948304"
"2025-10-17 15:46:05","LONG","20","SE","SEA LTD ADS","159.3270","20","2025-10-20 10:05:49","163.7150","-0.01","-9.74","2025-10-17 15:49:00","20","158.8400","87.60","153197022"
"2025-10-09 14:44:01","LONG","40","PLNT","PLANET FITNESS INC","94.0000","40","2025-10-14 12:52:47","94.6600","-0.12","-81.20","2025-10-14 09:30:00","40","91.9700","25.20","153122444"
"2025-10-09 11:59:26","LONG","30","PHM","PULTEGROUP","121.0760","30","2025-10-14 10:12:58","121.5600","-0.07","-50.43","2025-10-14 09:30:00","30","119.3950","14.40","153120964"
"2025-10-08 14:00:27","LONG","70","AAP","ADVANCE AUTO PARTS","53.0300","70","2025-10-13 12:45:52","52.8510","-0.40","-273.00","2025-10-10 00:00:00","70","49.1300","-14.40","153111334"
"2025-09-26 14:08:52","LONG","35","SFM","SPROUTS FARMERS MARKET INC. C","110.0000","35","2025-10-13 10:09:58","109.4300","-0.57","-393.93","2025-10-07 00:00:00","35","98.7450","-20.70","153017189"
"2025-10-07 12:06:52","LONG","100","U","UNITY SOFTWARE INC","36.0100","100","2025-10-07 14:25:54","36.6510","-0.02","-15.12","2025-10-07 12:10:00","100","35.8588","62.00","153099795"
"2025-07-02 15:40:12","LONG","70","PRGS","PROGRESS SOFTWARE","53.9200","70","2025-10-07 12:05:52","46.1219","-1.40","-954.10","2025-09-25 00:00:00","70","40.2900","-547.40","152214246"
"2025-10-03 12:29:54","LONG","100","KNTK","KINETIK HOLDINGS INC. CLASS A","38.4320","100","2025-10-07 09:54:43","39.3055","-0.01","-4.20","2025-10-03 14:04:00","100","38.3900","85.00","153070520"
"2025-10-01 12:53:21","LONG","25","TEAM","ATLASSIAN CORPORATION PLC CLASS A","151.1360","25","2025-10-06 15:07:17","153.0300","-0.14","-93.40","2025-10-02 00:00:00","25","147.4000","46.50","153050431"
"2025-10-06 11:48:17","LONG","8","META","META PLATFORMS INC. CLASS A","704.0700","8","2025-10-06 15:06:39","715.9760","0.00","0.00","2025-10-06 11:48:17","","0.0000","94.84","153086446"
"2025-09-30 12:56:35","LONG","70","UPST","UPSTART HOLDINGS INC. COMMON STOCK","50.7300","70","2025-10-01 09:33:27","53.5000","-0.06","-44.10","2025-09-30 14:00:00","70","50.1000","192.60","153040711"
"2025-09-22 14:45:22","LONG","40","CHD","CHURCH & DWIGHT COMPANY","87.3150","40","2025-09-30 13:05:19","87.4400","-0.13","-89.40","2025-09-29 00:00:00","40","85.0800","4.20","152974846"
"2025-09-24 12:32:35","LONG","35","TTAN","SERVICETITAN INC. CLASS A","104.6880","35","2025-09-26 13:24:35","104.8200","-0.18","-124.28","2025-09-25 00:00:00","35","101.1370","4.30","152993181"
"2025-09-25 14:28:30","LONG","100","TTEK","TETRA TECH","33.0780","100","2025-09-26 12:08:03","33.2822","-0.02","-16.55","2025-09-26 09:34:00","100","32.9125","18.00","153004729"
"2025-09-19 14:35:48","LONG","25","ARM","ARM HOLDINGS PLC ADS","142.9200","25","2025-09-22 14:45:42","145.0100","-0.06","-39.25","2025-09-22 09:57:00","25","141.3500","51.50","152959570"
"2025-09-19 11:45:04","LONG","30","EAT","BRINKER INTERNATIONAL","134.3378","30","2025-09-22 11:59:42","137.7800","-0.01","-8.93","2025-09-19 13:26:00","30","134.0400","102.40","152957408"
"2025-09-11 15:55:19","LONG","50","RBRK","RUBRIK INC","78.0650","50","2025-09-18 12:03:50","77.1300","-0.42","-269.25","2025-09-17 00:00:00","50","72.6800","-48.00","152891647"
"2025-09-15 14:56:01","LONG","65","GLOB","GLOBANT SA","55.2100","65","2025-09-17 12:21:33","57.6295","-0.04","-28.27","2025-09-16 00:00:00","65","54.7750","155.70","152916955"
"2025-09-09 15:12:52","LONG","90","BIRK","BIRKENSTOCK HOLDING PLC","47.2840","90","2025-09-11 14:29:11","47.5300","-0.10","-64.26","2025-09-10 00:00:00","90","46.5700","20.20","152871936"
"2025-09-09 14:33:01","LONG","27","MTN","VAIL RESORTS","148.8650","27","2025-09-11 14:29:07","147.9600","-0.23","-146.75","2025-09-10 00:00:00","27","143.4300","-24.54","152871607"
"2025-09-10 15:51:59","LONG","70","GLOB","GLOBANT SA","56.5300","70","2025-09-11 11:56:21","57.6250","0.00","0.00","2025-09-10 15:51:59","","0.0000","75.60","152882116"
"2025-09-08 12:04:03","LONG","110","BRBR","BELLRING BRANDS INC","35.9050","110","2025-09-09 14:31:29","36.9950","-0.15","-94.05","2025-09-08 15:13:00","110","35.0500","117.80","152854432"
"2025-08-26 15:11:09","LONG","50","ETSY","ETSY INC. COMMON STOCK","55.6350","50","2025-09-08 11:57:22","58.0000","-0.42","-268.75","2025-09-04 00:00:00","50","50.2600","117.00","152717447"
"2025-08-27 14:36:31","LONG","120","MRNA","MODERNA INC. COMMON STOCK","24.8050","120","2025-09-05 11:54:51","25.0950","-0.28","-177.00","2025-09-04 00:00:00","120","23.3300","32.60","152726373"
"2025-09-04 15:27:38","LONG","15","SBAC","SBA COMMUNICATIONS","194.2800","15","2025-09-05 11:54:37","198.8000","-0.03","-19.95","2025-09-04 15:41:00","15","192.9500","67.70","152829300"
"2025-09-04 11:39:43","LONG","30","STZ","CONSTELLATION BRANDS","145.8700","30","2025-09-05 11:54:19","149.9100","-0.05","-31.80","2025-09-04 13:06:00","30","144.8100","120.40","152826961"
"2025-09-03 13:55:24","LONG","60","CARR","CARRIER GLOBAL CORP","61.9393","60","2025-09-04 10:29:49","63.0600","-0.02","-10.46","2025-09-03 15:22:00","60","61.7650","65.80","152818553"
"2025-05-27 14:52:48","LONG","80","CPRT","COPART","53.2750","80","2025-09-03 13:55:03","48.2320","-1.10","-658.00","2025-08-01 00:00:00","80","45.0500","-404.60","151843517"
"2025-09-02 13:17:05","LONG","65","FRPT","FRESHPET INC. COMMON STOCK","53.7400","65","2025-09-02 15:53:56","54.5200","-0.03","-16.25","2025-09-02 15:28:00","65","53.4900","49.70","152808104"
"2025-08-27 13:41:15","LONG","65","KR","KROGER","67.6300","65","2025-09-02 12:25:39","68.7250","-0.09","-56.55","2025-08-28 00:00:00","65","66.7600","69.70","152725967"
"2025-08-22 13:55:30","LONG","50","WMT","WALMART INC.","97.2650","50","2025-09-02 12:25:33","97.5250","-0.14","-92.25","2025-08-26 00:00:00","50","95.4200","12.00","152688633"
"2025-08-26 15:09:52","LONG","130","KDP","KEURIG DR PEPPER INC","29.2350","130","2025-08-27 13:40:06","29.4550","-0.11","-69.55","2025-08-27 09:36:00","130","28.7000","26.40","152717442"
"2025-07-30 12:53:04","LONG","50","CARR","CARRIER GLOBAL CORP","69.0600","50","2025-08-22 12:42:36","67.8600","-0.38","-226.00","2025-08-11 00:00:00","50","64.5400","-61.00","152473253"
"2025-07-31 12:28:48","LONG","70","CNXC","CONCENTRIX CORP","52.2100","70","2025-08-22 12:19:07","52.2200","-0.81","-483.00","2025-08-12 00:00:00","70","45.3100","-0.40","152484367"
"2025-08-20 15:56:03","LONG","20","PLTR","PALANTIR TECHNOLOGIES INC. CLASS A","156.0000","20","2025-08-22 10:07:52","157.1320","-0.13","-84.60","2025-08-22 09:31:00","20","151.7700","22.60","152652545"
"2025-08-15 15:46:05","LONG","100","SMR","NUSCALE POWER CORPORATION","35.0700","100","2025-08-21 13:42:45","34.1850","-0.70","-445.00","2025-08-20 00:00:00","100","30.6200","-91.00","152620788"
"2025-08-18 14:40:26","LONG","110","QFIN","QFIN HOLDINGS INC. ADS","29.9800","110","2025-08-21 12:06:08","30.8200","-0.26","-167.20","2025-08-20 00:00:00","110","28.4600","89.80","152634676"
"2025-08-13 15:46:16","LONG","80","ETOR","ETORO GROUP LTD. CLASS A","47.8800","80","2025-08-18 14:40:08","47.9700","-0.24","-148.00","2025-08-14 00:00:00","80","46.0300","5.40","152601068"
"2025-08-15 15:46:29","LONG","60","CSCO","CISCO SYSTEMS","66.0850","60","2025-08-18 14:38:13","66.8250","-0.03","-20.10","2025-08-18 09:30:00","60","65.7500","42.80","152620798"
"2025-04-23 15:48:46","LONG","20","UNH","UNITEDHEALTH GROUP","344.8770","20","2025-08-15 12:24:56","300.1875","-2.89","-1787.94","2025-05-15 00:00:00","10","248.8800","-894.40","151504349"
"2025-08-14 12:51:50","LONG","15","NET","CLOUDFLARE INC","194.0300","15","2025-08-15 12:07:38","201.4200","-0.00","-2.85","2025-08-14 14:21:00","15","193.8400","110.70","152609556"
"2025-07-15 14:39:22","LONG","100","ENOV","ENOVIS CORP","30.9050","100","2025-08-13 13:34:22","29.8980","-0.93","-544.00","2025-08-04 00:00:00","100","25.4650","-103.00","152326037"
"2025-08-11 15:27:05","LONG","120","KVYO","KLAYIVO INC","30.5200","120","2025-08-13 11:26:10","31.0800","-0.13","-81.60","2025-08-13 09:50:00","120","29.8400","64.60","152579301"
"2025-08-04 12:29:16","LONG","10","ADBE","ADOBE INC","341.5100","10","2025-08-13 10:14:57","345.0600","-0.19","-114.70","2025-08-12 00:00:00","10","330.0400","35.80","152512619"
"2025-08-12 15:10:35","LONG","15","IBM","INTERNATIONAL BUSINESS MACHINES","234.1250","15","2025-08-13 10:13:48","240.1700","-0.01","-5.33","2025-08-12 15:44:00","15","233.7700","90.70","152589826"
"2025-08-06 14:10:29","LONG","120","BRKR","BRUKER","30.7580","120","2025-08-12 10:26:05","32.2000","-0.13","-76.56","2025-08-11 00:00:00","120","30.1200","170.60","152538474"
"2025-08-08 15:53:32","LONG","20","SNOW","SNOWFLAKE INC","191.8100","20","2025-08-11 10:48:33","195.5100","-0.02","-12.00","2025-08-11 09:30:00","20","191.2100","73.60","152563116"
"2025-08-08 12:20:11","LONG","100","CCOI","COGENT COMMUNICATIONS HOLDINGS","31.1350","100","2025-08-11 09:45:24","32.3400","-0.26","-152.00","2025-08-08 14:06:00","100","29.6150","119.00","152561053"
"2025-08-07 15:27:03","LONG","80","ONON","ON HOLDING AG","44.9000","80","2025-08-08 15:52:13","45.3800","-0.03","-16.00","2025-08-07 15:42:00","80","44.7000","36.40","152551831"
"2025-08-05 15:12:17","LONG","100","COCO","THE VITA COCO COMPANY INC.","32.0700","100","2025-08-07 14:29:39","32.7900","-0.05","-28.00","2025-08-06 00:00:00","100","31.7900","70.00","152527464"
"2025-08-05 15:05:26","LONG","50","DXCM","DEXCOM","75.2890","50","2025-08-06 14:07:51","77.3600","-0.04","-24.70","2025-08-06 10:42:00","50","74.7950","103.00","152527410"
"2025-07-25 13:55:41","LONG","30","CRWV","COREWEAVE INC. CLASS A","115.9000","30","2025-07-31 12:27:25","116.5050","-0.75","-453.00","2025-07-30 00:00:00","30","100.8000","17.40","152422079"
"2025-07-29 15:53:55","LONG","50","LBRDK","LIBERTY BROADBAND CORP CLASS C","63.7850","50","2025-07-30 12:38:05","64.7300","-0.12","-70.25","2025-07-30 09:37:00","50","62.3800","46.00","152459494"
"2025-07-24 12:41:49","LONG","8","ISRG","INTUITIVE SURGICAL","489.4783","8","2025-07-28 09:41:56","500.0000","-0.04","-23.51","2025-07-24 13:58:00","8","486.5400","83.84","152410212"
"2025-06-10 15:03:51","LONG","40","OKTA","OKTA INC. CL A COMMON STOCK","101.0491","40","2025-07-25 13:53:53","104.0280","-0.74","-450.77","2025-07-16 00:00:00","40","89.7800","118.20","151983296"
"2025-07-24 15:24:46","LONG","80","CMG","CHIPOTLE MEXICAN GRILL","45.6850","80","2025-07-25 10:07:33","46.8150","-0.04","-22.80","2025-07-24 15:55:00","80","45.4000","88.40","152412350"
"2025-06-09 13:06:17","LONG","250","PCG","PACIFIC GAS & ELECTRIC CO.","14.7490","250","2025-07-24 10:20:07","13.9150","-0.72","-444.74","2025-07-15 00:00:00","250","12.9700","-213.00","151962206"
"2025-07-23 15:16:41","LONG","60","EQT","EQT","51.8170","60","2025-07-24 09:40:25","53.3200","-0.00","-0.72","2025-07-23 15:45:00","60","51.8050","88.80","152399797"
"2025-07-16 15:41:48","LONG","40","WHR","WHIRLPOOL","96.8400","40","2025-07-23 09:50:06","97.4960","-0.30","-186.20","2025-07-22 00:00:00","40","92.1850","25.20","152339341"
"2025-07-11 12:19:01","LONG","13","ACN","ACCENTURE","281.7640","13","2025-07-17 12:14:51","281.5750","-0.12","-75.45","2025-07-15 00:00:00","13","275.9600","-2.26","152295242"
"2025-07-14 15:21:42","LONG","40","DECK","DECKERS OUTDOOR CORP","98.5090","40","2025-07-17 09:34:51","99.3250","-0.25","-153.16","2025-07-16 00:00:00","40","94.6800","32.20","152312759"
"2025-07-08 15:15:26","LONG","35","EXE","EXPAND ENERGY CORPORATION","105.9800","35","2025-07-09 12:10:48","106.4100","-0.16","-98.97","2025-07-09 09:34:00","35","103.1520","14.30","152259302"
"2025-05-20 15:10:53","LONG","40","CAVA","CAVA GROUP INC","89.1943","40","2025-07-02 09:42:04","84.6350","-1.20","-723.77","2025-06-23 00:00:00","40","71.1000","-182.80","151779180"
"2025-06-25 12:55:24","LONG","50","CF","CF INDUSTRIES HOLDINGS","92.1700","50","2025-07-01 13:08:19","92.3550","-0.17","-104.50","2025-06-27 00:00:00","50","90.0800","8.00","152147767"
"2025-06-12 15:01:15","LONG","25","LULU","LULULEMON ATHLETICA","237.7997","25","2025-07-01 09:43:52","236.0043","-0.68","-413.98","2025-06-23 00:00:00","15","219.9700","-45.50","152028485"
"2025-06-24 13:18:22","LONG","50","SLG","SL GREEN REALTY","61.2600","50","2025-06-27 10:02:29","62.0150","-0.28","-174.25","2025-06-25 00:00:00","50","57.7750","37.00","152136722"
"2025-06-25 13:39:04","LONG","50","NVO","NOVO-NORDISK","66.9800","50","2025-06-26 10:39:27","67.8650","-0.00","-2.20","2025-06-25 13:42:00","50","66.9360","43.00","152148086"
"2025-06-18 12:35:16","LONG","10","APP","APPLOVIN CORPORATION CLASS A","346.5100","10","2025-06-24 10:35:55","350.7000","-0.44","-265.10","2025-06-23 00:00:00","10","320.0000","41.80","152088783"
"2025-06-20 13:58:54","LONG","45","ANET","ARISTA NETWORKS INC","86.4900","45","2025-06-23 12:55:03","91.1100","-0.07","-40.95","2025-06-23 09:32:00","45","85.5800","207.10","152109152"
"2025-06-13 15:14:40","LONG","70","ETSY","ETSY INC. COMMON STOCK","55.7050","70","2025-06-20 13:15:51","56.2300","-0.22","-133.70","2025-06-16 00:00:00","70","53.7950","35.60","152052229"
"2025-06-16 13:18:54","LONG","50","FRPT","FRESHPET INC. COMMON STOCK","72.8200","50","2025-06-17 12:38:48","73.1088","-0.11","-65.50","2025-06-17 10:00:00","50","71.5100","13.00","152067979"
"2025-06-10 15:46:33","LONG","30","BRO","BROWN & BROWN","104.9550","30","2025-06-12 10:24:23","105.8720","-0.14","-88.95","2025-06-11 00:00:00","30","101.9900","27.40","151983737"
"2025-05-28 15:20:35","LONG","60","SKY","CHAMPION HOMES INC","65.9500","60","2025-06-10 12:43:13","66.7643","-0.28","-169.20","2025-06-02 00:00:00","60","63.1300","47.80","151854770"
"2025-06-06 10:44:02","LONG","60","WYNN","WYNN RESORTS","83.7900","60","2025-06-09 10:12:33","84.8857","-0.11","-69.00","2025-06-06 13:12:00","60","82.6400","64.80","151944173"
"2025-06-05 10:18:30","LONG","10","TSLA","TESLA  INC.","316.9083","10","2025-06-06 09:50:28","297.9250","-0.72","-436.98","2025-06-05 15:19:00","10","273.2100","-190.20","151931690"
"2025-06-04 15:48:38","LONG","120","YPF","YPF SOCIEDAD ANONIMA","33.7257","120","2025-06-05 12:18:45","33.9600","-0.03","-21.09","2025-06-05 10:13:00","120","33.5500","25.60","151924632"
"2025-06-03 15:01:59","LONG","120","SATS","ECHOSTAR","16.3500","120","2025-06-05 12:18:36","17.5586","-0.17","-102.00","2025-06-04 00:00:00","120","15.5000","142.60","151909213"
"2025-06-02 12:18:16","LONG","60","TREX","TREX COMPANY","53.1800","60","2025-06-03 11:33:46","54.9181","-0.04","-21.60","2025-06-02 13:40:00","60","52.8200","102.80","151894218"
"2025-05-30 12:31:49","LONG","35","OKTA","OKTA INC. CL A COMMON STOCK","102.5796","35","2025-06-02 11:44:37","104.1642","-0.02","-15.04","2025-05-30 12:55:00","35","102.1500","54.30","151876606"
"2025-05-29 14:37:02","LONG","70","AAP","ADVANCE AUTO PARTS","47.5100","70","2025-05-29 15:58:37","48.3950","-0.01","-5.60","2025-05-29 15:19:00","70","47.4300","60.60","151867075"
"2025-05-21 11:42:19","LONG","100","DAR","DARLING INGREDIENTS INC","32.0000","100","2025-05-27 14:55:06","32.4200","-0.17","-107.50","2025-05-22 00:00:00","100","30.9250","40.00","151788715"
"2025-05-23 10:56:49","LONG","80","SMCI","SUPER MICRO COMPUTER","39.7350","80","2025-05-23 14:27:39","40.3150","-0.08","-50.00","2025-05-23 11:57:00","80","39.1100","44.40","151813757"
"2025-05-22 15:27:34","LONG","20","FSLR","FIRST SOLAR INC","156.7500","20","2025-05-23 10:44:45","160.8650","-0.13","-83.20","2025-05-23 09:30:00","20","152.5900","81.60","151804617"
"2025-05-22 15:27:09","LONG","100","FSLR","FIRST SOLAR INC","156.7900","100","2025-05-22 15:27:16","156.7129","-0.01","-8.00","2025-05-22 15:27:16","100","156.7130","-10.00","151804608"
"2025-05-19 15:45:40","LONG","50","SIG","SIGNET JEWELERS","62.4212","50","2025-05-20 09:40:28","63.8541","-0.03","-19.06","2025-05-19 15:49:00","50","62.0400","71.00","151768282"
"2025-05-19 14:54:34","LONG","20","FSLR","FIRST SOLAR INC","161.7586","20","2025-05-20 09:33:10","169.1100","-0.01","-4.57","2025-05-19 14:58:00","20","161.5300","146.60","151767914"
"2025-05-14 13:13:35","LONG","100","LEGN","LEGEND BIOTECH CORPORATION","28.4450","100","2025-05-19 14:51:56","28.8957","-0.18","-110.50","2025-05-16 00:00:00","100","27.3400","43.00","151724827"
"2025-05-13 13:28:29","LONG","50","CCI","CROWN CASTLE INC","98.4774","50","2025-05-15 10:06:10","100.2600","-0.11","-70.21","2025-05-14 00:00:00","50","97.0732","88.00","151712870"
"2024-11-08 14:06:06","LONG","40","CE","CELANESE","85.6500","40","2025-05-12 09:41:09","57.3850","-3.52","-1974.40","2025-04-09 00:00:00","40","36.2900","-1131.80","150043008"
"2025-05-01 13:14:50","LONG","90","LINE","LINEAGE INC.","46.8200","90","2025-05-12 09:41:02","48.0150","-0.70","-429.30","2025-05-06 00:00:00","90","42.0500","106.20","151593146"
"2025-05-08 12:00:35","LONG","10","VRTX","VERTEX","427.9533","10","2025-05-09 11:57:37","433.8950","-0.04","-24.03","2025-05-08 14:04:00","10","425.5500","58.80","151665780"
"2025-05-05 14:20:03","LONG","100","FMC","FMC","36.4000","100","2025-05-08 11:57:56","36.7350","-0.25","-155.00","2025-05-07 00:00:00","100","34.8500","32.00","151625099"
"2025-05-07 13:00:37","LONG","100","GH","GUARDANT HEALTH INC","39.9450","100","2025-05-08 09:45:27","40.2200","-0.18","-108.50","2025-05-07 14:50:00","100","38.8600","26.00","151650164"
"2025-01-31 12:58:50","LONG","20","MANH","MANHATTAN ASSOCIATES","211.0600","20","2025-05-02 13:32:15","183.5550","-2.47","-1405.00","2025-04-07 00:00:00","20","140.8100","-550.40","150728528"
"2025-05-01 13:14:10","LONG","200","CFLT","CONFLUENT INC. CLASS A COMMON STOCK","19.6050","200","2025-05-02 11:04:32","20.1750","-0.16","-101.00","2025-05-01 15:55:00","200","19.1000","110.00","151593138"
"2025-04-29 14:24:46","LONG","50","ARE","ALEXANDRIA REAL ESTATE","72.7400","50","2025-05-01 10:06:56","73.6300","-0.18","-108.50","2025-04-30 00:00:00","50","70.5700","44.00","151563929"
"2025-04-25 15:01:53","LONG","20","TMUS","T-MOBILE US INC. COMMON STOCK","231.4700","20","2025-04-28 09:56:28","233.9030","-0.01","-7.40","2025-04-25 15:20:00","20","231.1000","48.60","151532134"
"2025-04-25 12:35:00","LONG","100","LKQ","LKQ","36.3950","100","2025-04-25 14:44:09","36.8150","-0.03","-19.00","2025-04-25 13:57:00","100","36.2050","40.00","151530588"
"2025-04-23 12:44:52","LONG","80","ENPH","ENPHASE ENERGY","46.2500","80","2025-04-25 12:32:56","46.7114","-0.19","-113.60","2025-04-25 09:31:00","80","44.8300","35.40","151502384"
"2025-03-26 13:14:59","LONG","40","MU","MICRON TECHNOLOGY","91.3000","40","2025-04-24 13:17:31","76.7500","-2.09","-1190.40","2025-04-07 00:00:00","40","61.5400","-582.80","151197815"
"2025-04-21 13:55:56","LONG","10","UNH","UNITEDHEALTH GROUP","428.6900","10","2025-04-23 10:29:38","437.0400","-0.20","-115.70","2025-04-22 00:00:00","10","417.1200","83.80","151473692"
"2025-04-15 14:36:03","LONG","30","ZBH","ZIMMER BIOMET HOLDINGS INC","97.9400","30","2025-04-23 10:10:29","100.4000","-0.25","-145.20","2025-04-21 00:00:00","30","93.1000","73.40","151414387"
"2025-04-14 15:53:09","LONG","8","META","META PLATFORMS INC. CLASS A","532.5250","8","2025-04-23 09:30:56","530.2150","-0.71","-421.80","2025-04-21 00:00:00","8","479.8000","-18.16","151400325"
"2025-04-17 13:38:19","LONG","90","YUMC","YUM CHINA HOLDINGS INC","41.4250","90","2025-04-22 09:36:39","42.9650","-0.06","-38.25","2025-04-17 15:28:00","90","41.0000","137.20","151444912"
"2025-04-11 13:23:56","LONG","120","BRZE","BRAZE INC. CLASS A COMMON STOCK","28.4700","120","2025-04-15 10:30:21","28.9700","-0.05","-32.40","2025-04-15 09:30:00","120","28.2000","57.60","151375973"
"2025-04-10 12:39:18","LONG","70","APTV","APTIV PLC","48.6300","70","2025-04-14 14:53:24","50.1100","-0.17","-100.80","2025-04-11 00:00:00","70","47.1900","102.60","151358323"
"2025-04-02 12:30:05","LONG","170","MTSR","METSERA INC.","23.1300","170","2025-04-14 09:39:00","18.8200","-3.28","-1841.10","2025-04-09 00:00:00","170","12.3000","-736.40","151260702"
"2025-04-11 15:43:08","LONG","7","META","META PLATFORMS INC. CLASS A","543.1600","7","2025-04-14 09:31:43","555.5250","-0.02","-10.43","2025-04-11 15:46:00","7","541.6700","86.86","151377413"
"2025-04-10 13:20:43","LONG","130","RCI","ROGERS COMMUNICATIONS","23.2500","130","2025-04-11 12:54:09","24.4700","-0.01","-3.90","2025-04-10 13:23:00","130","23.2200","156.40","151358962"
"2025-04-07 15:34:33","LONG","100","SQM","SOCIEDAD QUIMICA Y MINERA","34.8200","100","2025-04-09 14:26:11","36.0100","-0.62","-355.00","2025-04-08 00:00:00","100","31.2700","117.00","151309230"
"2025-04-09 12:53:33","LONG","30","TW","TRADEWEB MARKETS INC. CLASS A","120.4350","30","2025-04-09 14:25:20","127.2650","-0.02","-12.75","2025-04-09 13:18:00","30","120.0100","204.40","151339749"
"2025-04-08 13:40:10","LONG","70","OXY","OCCIDENTAL PETROLEUM","37.1100","70","2025-04-09 14:25:10","40.4120","-0.29","-162.75","2025-04-09 09:37:00","70","34.7850","229.60","151322994"
"2025-04-09 12:54:14","LONG","130","ALKS","ALKERMES","26.6750","130","2025-04-09 13:23:08","27.5400","-0.03","-18.85","2025-04-09 13:18:00","130","26.5300","109.40","151339754"
"2025-04-07 15:35:07","LONG","25","AAPL","APPLE","180.6200","25","2025-04-08 09:33:43","186.8100","-0.09","-49.75","2025-04-07 15:50:00","25","178.6300","154.50","151309233"
"2025-04-07 12:21:16","LONG","50","LOGI","LOGITECH INTERNATIONAL","65.9050","50","2025-04-08 09:30:28","69.8300","-0.04","-21.00","2025-04-07 12:58:00","50","65.4850","195.00","151307533"
"2025-04-04 10:00:02","LONG","50","PLTR","PALANTIR TECHNOLOGIES INC. CLASS A","78.2950","50","2025-04-07 14:28:19","77.6400","-1.07","-608.75","2025-04-07 09:30:00","50","66.1200","-34.00","151283687"
"2025-04-04 09:40:10","LONG","8","META","META PLATFORMS INC. CLASS A","510.8700","8","2025-04-07 10:18:49","528.4900","-0.41","-231.76","2025-04-07 09:30:00","8","481.9000","140.84","151283246"
"2025-04-04 15:32:43","LONG","150","CIVI","CIVITAS RESOURCES INC.","24.7500","150","2025-04-07 10:18:41","26.1500","-0.53","-294.00","2025-04-07 09:44:00","150","22.7900","207.00","151289513"
"2025-04-02 12:51:12","LONG","140","RCI","ROGERS COMMUNICATIONS","25.1400","140","2025-04-04 09:39:30","26.6450","-0.06","-39.90","2025-04-02 14:21:00","140","24.8550","208.20","151261009"
"2025-04-01 15:58:03","LONG","40","WK","WORKIVA INC","75.7700","40","2025-04-02 12:11:17","77.3100","-0.09","-58.20","2025-04-02 09:46:00","40","74.3150","61.20","151251507"
"2025-03-31 15:03:17","LONG","13","LULU","LULULEMON ATHLETICA","283.0800","13","2025-04-02 10:48:39","285.1600","-0.14","-85.41","2025-04-02 09:30:00","13","276.5100","26.74","151237606"
"2025-04-01 15:40:59","LONG","150","CGON","CG ONCOLOGY INC.","22.1900","150","2025-04-02 10:48:32","22.5100","-0.14","-87.00","2025-04-02 09:30:00","150","21.6100","45.00","151251285"
"2025-03-28 15:24:24","LONG","30","GOOG","ALPHABET INC CLASS C","156.1370","30","2025-04-01 13:08:54","159.1650","-0.07","-41.61","2025-03-31 00:00:00","30","154.7500","90.40","151222449"
"2025-03-27 14:30:35","LONG","30","JAZZ","JAZZ PHARMACEUTICALS","126.7100","30","2025-04-01 13:08:11","126.3100","-0.30","-183.00","2025-03-31 00:00:00","30","120.6100","-12.60","151210287"
"2025-03-27 14:30:01","LONG","120","COCO","THE VITA COCO COMPANY INC.","29.9900","120","2025-03-28 15:23:18","29.8400","-0.06","-38.40","2025-03-28 10:00:00","120","29.6700","-20.40","151210285"
"2025-03-26 15:43:35","LONG","70","NKE","NIKE","65.2100","70","2025-03-27 12:06:10","66.4600","0.00","0.00","2025-03-26 15:43:35","","0.0000","86.60","151199023"
"2025-03-25 13:28:06","LONG","240","ZIM","ZIM INTEGRATED SHIPPING SERVICES LTD","15.1800","240","2025-03-26 12:53:13","15.5500","-0.02","-9.60","2025-03-25 15:31:00","240","15.1400","84.20","151184318"
"2025-03-24 14:59:26","LONG","170","PBF","PBF ENERGY","19.4400","170","2025-03-25 13:16:15","19.6800","0.00","0.00","2025-03-24 14:59:26","","0.0000","37.60","151175576"
"2025-02-24 15:33:58","LONG","40","PLTR","PALANTIR TECHNOLOGIES INC. CLASS A","91.0200","40","2025-03-24 09:53:24","95.5400","-1.13","-658.00","2025-03-10 00:00:00","40","74.5700","180.20","150941859"
"2025-03-21 13:35:41","LONG","130","CZR","CAESERS ENTERTAINMENT INC","27.2600","130","2025-03-24 09:38:16","27.9100","-0.02","-12.35","2025-03-21 14:24:00","130","27.1650","82.40","151157902"
"2025-03-21 15:17:38","LONG","30","NUE","NUCOR","121.3100","30","2025-03-24 09:38:00","127.6300","-0.03","-18.00","2025-03-21 15:35:00","30","120.7100","189.40","151158800"
"2025-03-17 15:25:14","LONG","16","TSLA","TESLA  INC.","237.7300","16","2025-03-21 09:59:15","242.3000","-0.40","-247.20","2025-03-18 00:00:00","16","222.2800","72.68","151119071"
"2025-03-20 11:32:32","LONG","35","GILD","GILEAD SCIENCES","105.2400","35","2025-03-21 09:56:05","106.4800","-0.03","-18.90","2025-03-20 13:59:00","35","104.7000","42.30","151145398"
"2025-03-18 13:15:09","LONG","7","META","META PLATFORMS INC. CLASS A","579.2000","7","2025-03-20 09:52:51","594.6800","-0.05","-31.01","2025-03-19 00:00:00","7","574.7700","107.86","151127252"
"2025-03-05 12:00:28","LONG","130","VSCO","VICTORIA'S SECRET & CO","21.7400","130","2025-03-19 12:52:43","21.1900","-1.28","-725.40","2025-03-11 00:00:00","130","16.1600","-74.60","151020574"
"2025-03-11 15:32:08","LONG","80","DAL","DELTA AIR LINES","47.0500","80","2025-03-19 10:39:38","47.0900","-0.58","-336.80","2025-03-13 00:00:00","80","42.8400","1.40","151071978"
"2025-03-13 12:21:37","LONG","20","AAPL","APPLE","212.1800","20","2025-03-17 15:21:47","214.2600","-0.13","-75.20","2025-03-13 15:43:00","20","208.4200","41.60","151092446"
"2025-03-17 12:38:38","LONG","80","AFRM","AFFIRM HOLDINGS INC. CLASS A","45.0000","80","2025-03-17 15:21:39","46.1800","-0.03","-16.42","2025-03-17 12:41:00","80","44.7947","92.40","151117169"
"2025-03-13 12:24:14","LONG","20","IBKR","INTERACTIVE BROKERS GROUP","161.0100","20","2025-03-17 12:38:06","171.4900","-0.07","-39.40","2025-03-13 13:46:00","20","159.0400","209.60","151092468"
"2025-03-13 12:22:41","LONG","20","WSM","WILLIAMS-SONOMA","164.8300","20","2025-03-17 12:37:42","173.3800","-0.05","-29.40","2025-03-13 13:37:00","20","163.3600","170.60","151092452"
"2025-02-28 12:04:04","LONG","60","KTB","KONTOOR BRANDS INC","65.6500","60","2025-03-13 12:22:55","59.7300","-0.77","-438.90","2025-03-11 00:00:00","60","58.3350","-356.20","150982253"
"2025-03-03 10:15:53","LONG","50","ALAB","ASTERA LABS INC.","70.0200","50","2025-03-12 09:42:38","70.2500","-0.86","-486.50","2025-03-11 00:00:00","50","60.2900","11.00","150995470"
"2025-03-07 15:46:59","LONG","100","KVYO","KLAYIVO INC","34.3400","100","2025-03-12 09:41:56","34.0100","-0.61","-358.00","2025-03-10 00:00:00","100","30.7600","-35.00","151043423"
"2025-02-26 11:51:05","LONG","100","VAL","VALARIS LTD","37.7600","100","2025-03-07 15:46:33","37.4600","-1.12","-661.00","2025-03-04 00:00:00","100","31.1500","-32.00","150960075"
"2025-03-04 12:24:50","LONG","50","AFRM","AFFIRM HOLDINGS INC. CLASS A","56.9300","50","2025-03-04 13:02:42","57.9700","0.00","0.00","2025-03-04 12:24:50","","0.0000","51.00","151010212"
"2025-02-27 15:00:24","LONG","40","MRVL","MARVELL TECHNOLOGY","89.6600","40","2025-02-28 11:16:31","91.0000","-0.24","-141.20","2025-02-28 09:33:00","40","86.1300","53.20","150972888"
"2025-02-25 15:38:21","LONG","60","XYZ","BLOCK INC","63.3600","60","2025-02-26 11:50:28","65.1900","-0.07","-39.90","2025-02-25 15:56:00","60","62.6950","108.80","150951877"
"2025-02-19 14:53:15","LONG","22","GDDY","GODADDY INC","176.2300","22","2025-02-25 15:37:43","175.9900","-0.22","-130.68","2025-02-25 10:31:00","22","170.2900","-5.44","150905252"
"2025-02-21 14:08:01","LONG","80","ONON","ON HOLDING AG","48.3300","80","2025-02-24 14:53:39","48.8700","-0.08","-46.40","2025-02-24 10:48:00","80","47.7500","41.40","150925082"
"2025-02-21 10:48:52","LONG","35","TWLO","TWILIO INC","116.0000","35","2025-02-24 12:20:01","118.4500","-0.17","-107.10","2025-02-21 15:25:00","35","112.9400","85.30","150922302"
"2025-02-18 13:03:34","LONG","20","RDDT","REDDIT INC","186.6700","20","2025-02-19 14:52:22","189.7300","-0.09","-57.40","2025-02-18 14:20:00","20","183.8000","60.60","150895021"
"2025-02-14 15:08:13","LONG","120","DRS","LEONARDO DRS INC.","29.1300","120","2025-02-19 09:46:47","29.5900","-0.03","-19.20","2025-02-14 15:39:00","120","28.9700","52.60","150873782"
"2025-02-11 13:27:16","LONG","30","TXRH","TEXAS ROADHOUSE","169.9900","30","2025-02-18 12:40:44","177.0200","-0.09","-54.30","2025-02-12 00:00:00","30","168.1800","210.40","150839742"
"2025-02-14 13:06:52","LONG","45","ALAB","ASTERA LABS INC.","85.2100","45","2025-02-18 09:36:11","88.9900","-0.01","-6.97","2025-02-14 13:15:00","45","85.0550","169.10","150872951"
"2025-02-13 15:38:22","LONG","38","MRVL","MARVELL TECHNOLOGY","103.8300","38","2025-02-14 13:06:20","105.9500","-0.22","-137.18","2025-02-14 09:36:00","38","100.2200","80.24","150863343"
"2025-02-10 13:00:15","LONG","25","BOOT","BOOT BARN HOLDINGS INC","135.3100","25","2025-02-14 10:11:52","136.5700","-0.26","-155.75","2025-02-12 00:00:00","25","129.0800","31.50","150828691"
"2025-02-07 12:26:07","LONG","60","HAE","HAEMONETICS","61.2500","60","2025-02-13 10:50:27","62.1700","-0.25","-147.00","2025-02-10 00:00:00","60","58.8000","53.80","150808987"
"2025-02-12 15:24:22","LONG","40","ALAB","ASTERA LABS INC.","88.2000","40","2025-02-13 10:50:20","90.6900","-0.11","-66.00","2025-02-12 15:51:00","40","86.5500","99.20","150851716"
"2023-04-17 15:28:00","LONG","150","BLNK","BLINK CHARGING CO. COMMON STOCK","7.7698","150","2025-02-10 13:00:29","1.0800","-1.71","-1010.97","2025-02-10 09:35:00","150","1.0300","-1006.00","144341457"
"2025-02-04 12:58:14","LONG","30","ELF","E.L.F. BEAUTY INC","87.6700","30","2025-02-06 12:15:25","87.0900","-0.11","-67.80","2025-02-05 00:00:00","30","85.4100","-17.60","150763788"
"2025-02-04 13:15:40","LONG","70","CG","CARLYLE GROUP","51.9000","70","2025-02-05 12:02:24","52.6000","-0.06","-33.60","2025-02-05 09:58:00","70","51.4200","47.60","150763973"
"2025-02-03 14:36:24","LONG","90","PII","POLARIS INC","43.8000","90","2025-02-04 12:20:28","45.0300","-0.06","-35.10","2025-02-03 15:59:00","90","43.4100","109.20","150753109"
"2025-02-03 15:34:00","LONG","150","MUR","MURPHY OIL","25.6800","150","2025-02-04 12:20:13","26.5100","-0.11","-63.00","2025-02-04 09:30:00","150","25.2600","122.00","150753598"
"2025-01-30 12:54:34","LONG","130","HP","HELMERICH & PAYNE","31.7800","130","2025-01-31 12:21:22","31.9800","-0.17","-101.40","2025-01-31 10:01:00","130","31.0000","23.40","150715419"
"2025-01-02 12:51:06","LONG","20","AAPL","APPLE","242.6600","20","2025-01-31 09:34:36","245.2500","-0.79","-465.60","2025-01-21 00:00:00","20","219.3800","51.60","150466431"
"2025-01-28 10:00:31","LONG","40","MU","MICRON TECHNOLOGY","89.3800","40","2025-01-30 12:55:03","91.7900","-0.11","-64.80","2025-01-29 00:00:00","40","87.7600","95.20","150689228"
"2025-01-29 15:57:11","LONG","80","PII","POLARIS INC","48.8300","80","2025-01-30 09:36:33","50.3600","-0.01","-4.00","2025-01-29 16:00:00","80","48.7800","120.40","150705885"
"2025-01-28 14:16:44","LONG","170","BE","BLOOM ENERGY CORP","20.0000","170","2025-01-29 11:32:11","21.6200","0.00","0.00","2025-01-28 14:16:44","","0.0000","271.60","150693092"
"2024-12-12 11:42:12","LONG","15","MDB","MONGODB INC. CLASS A COMMON STOCK","287.0000","15","2025-01-28 10:30:59","283.9200","-1.53","-864.00","2024-12-30 00:00:00","15","229.4000","-46.30","150310672"
"2025-01-27 14:44:52","LONG","40","ALAB","ASTERA LABS INC.","81.2700","40","2025-01-28 09:59:49","87.5000","-0.11","-64.80","2025-01-27 14:56:00","40","79.6500","248.20","150681567"
"2025-01-24 13:31:47","LONG","40","CF","CF INDUSTRIES HOLDINGS","88.1500","40","2025-01-27 12:41:04","89.0100","-0.01","-5.60","2025-01-24 15:59:00","40","88.0100","33.20","150663253"
"2025-01-22 14:50:42","LONG","150","GDS","GDS HOLDINGS LIMITED ADS","20.1500","150","2025-01-24 13:24:27","23.1700","-0.11","-66.00","2025-01-22 15:57:00","150","19.7100","450.00","150642310"
"2025-01-21 12:35:49","LONG","30","ANF","ABERCROMBIE & FITCH","125.2200","30","2025-01-22 14:04:09","129.9700","-0.01","-6.30","2025-01-22 09:44:00","30","125.0100","142.40","150625901"
"2025-01-15 13:30:48","LONG","100","LVS","LAS VEGAS SANDS","44.3200","100","2025-01-21 09:45:57","45.3900","-0.09","-54.00","2025-01-16 00:00:00","100","43.7800","105.00","150579635"
"2024-12-13 12:59:29","LONG","25","NUE","NUCOR","126.6300","25","2025-01-17 12:17:39","125.8600","-0.64","-359.50","2025-01-03 00:00:00","25","112.2500","-19.50","150321817"
"2024-12-13 12:58:58","LONG","30","PHM","PULTEGROUP","118.0600","30","2025-01-15 12:43:05","115.4700","-0.59","-337.39","2025-01-08 00:00:00","30","106.8130","-78.60","150321815"
"2025-01-13 12:28:59","LONG","30","NVDA","NVIDIA","132.6700","30","2025-01-15 12:42:31","135.3100","-0.14","-78.60","2025-01-14 00:00:00","30","130.0500","78.40","150553014"
"2025-01-08 14:05:20","LONG","50","WYNN","WYNN RESORTS","81.1300","50","2025-01-15 09:32:38","83.1600","-0.11","-61.50","2025-01-14 00:00:00","50","79.9000","101.00","150518370"
"2025-01-14 15:36:54","LONG","35","FIVE","FIVE BELOW INC","94.1500","35","2025-01-15 09:32:28","97.8100","-0.03","-15.93","2025-01-14 15:57:00","35","93.6950","127.30","150567269"
"2025-01-13 15:29:24","LONG","200","RGTI","RIGETTI COMPUTING INC. COMMON STOCK","6.0900","200","2025-01-14 09:51:31","7.8000","-0.05","-28.00","2025-01-13 15:53:00","200","5.9500","338.00","150554803"
"2024-12-16 15:25:30","LONG","80","CVS","CVS HEALTH CORP","46.6900","80","2025-01-13 09:34:38","50.4400","-0.45","-250.40","2024-12-23 00:00:00","80","43.5600","298.40","150337742"
"2025-01-03 14:18:03","LONG","100","BF.A","BROWN-FORMAN","36.3800","100","2025-01-06 12:11:02","37.2700","-0.08","-47.00","2025-01-03 15:58:00","100","35.9100","87.00","150480072"
"2024-12-26 12:40:42","LONG","40","SKY","CHAMPION HOMES INC","88.7800","40","2025-01-03 13:50:13","89.7000","-0.19","-104.00","2025-01-03 10:01:00","40","86.1800","36.20","150414415"
"2025-01-02 12:50:40","SHORT","40","MMS","MAXIMUS","75.8500","40","2025-01-02 12:51:21","76.0300","-0.01","-7.00","2025-01-02 12:51:21","40","76.0300","-7.80","150466423"
"2024-11-21 13:51:12","LONG","40","MMS","MAXIMUS","76.0800","40","2025-01-02 12:50:27","75.8200","-0.44","-254.40","2024-12-13 00:00:00","40","69.7200","-10.80","150145975"
"2024-12-19 10:40:39","LONG","25","LEN","LENNAR","138.1800","25","2024-12-20 11:43:36","139.1800","-0.08","-45.41","2024-12-19 12:35:00","25","136.3630","24.50","150364616"
"2024-12-16 12:03:28","LONG","27","NVDA","NVIDIA","131.4100","27","2024-12-18 09:34:22","134.4300","-0.21","-122.85","2024-12-17 00:00:00","27","126.8600","81.46","150336053"
"2024-12-06 15:49:37","LONG","200","PENN","PENN ENTERTAINMENT INC","20.7600","200","2024-12-13 09:37:15","21.4200","-0.68","-392.00","2024-12-10 00:00:00","200","18.8000","128.00","150268809"
"2024-12-10 12:25:09","LONG","70","IOT","SAMSARA INC","45.5500","70","2024-12-12 11:41:21","46.2000","-0.12","-67.20","2024-12-11 00:00:00","70","44.5900","44.60","150291697"
"2024-12-04 14:51:01","LONG","60","MCHP","MICROCHIP TECHNOLOGY","61.6900","60","2024-12-11 09:48:03","62.3100","-0.39","-223.80","2024-12-05 00:00:00","60","57.9600","35.80","150245392"
"2024-12-05 12:47:26","LONG","140","SMR","NUSCALE POWER CORPORATION","24.5100","140","2024-12-06 15:36:45","25.7200","-0.36","-205.80","2024-12-06 10:00:00","140","23.0400","166.20","150257213"
"2024-12-02 14:45:59","LONG","12","MDB","MONGODB INC. CLASS A COMMON STOCK","326.0800","12","2024-12-04 09:35:12","336.0000","-0.14","-79.20","2024-12-03 00:00:00","12","319.4800","118.76","150225867"
"2024-11-25 15:38:55","LONG","25","NVDA","NVIDIA","136.7800","25","2024-12-02 12:03:49","139.4300","-0.21","-124.50","2024-11-27 00:00:00","25","131.8000","65.50","150172858"
"2024-11-27 14:20:35","LONG","10","MDB","MONGODB INC. CLASS A COMMON STOCK","320.6800","10","2024-11-29 10:31:48","325.7200","-0.01","-4.30","2024-11-27 14:37:00","10","320.2500","49.80","150197432"
"2024-11-25 12:34:04","LONG","140","ZIM","ZIM INTEGRATED SHIPPING SERVICES LTD","22.0400","140","2024-11-29 10:31:30","22.4400","-0.29","-168.00","2024-11-27 00:00:00","140","20.8400","53.20","150170374"
"2024-10-17 13:48:08","LONG","40","AOS","A.O.SMITH CORP","78.4918","40","2024-11-25 12:16:50","75.4400","-0.55","-310.47","2024-11-20 00:00:00","40","70.7300","-122.80","149688034"
"2024-11-22 12:57:06","LONG","28","GOOG","ALPHABET INC CLASS C","166.9900","28","2024-11-25 12:16:41","168.8600","-0.02","-13.72","2024-11-22 15:50:00","28","166.5000","51.44","150155512"
"2024-11-11 15:54:03","LONG","80","MRNA","MODERNA INC. COMMON STOCK","42.7950","80","2024-11-25 09:35:59","44.5100","-0.97","-559.60","2024-11-15 00:00:00","80","35.8000","135.40","150059423"
"2024-11-15 12:45:33","LONG","50","ACLS","AXCELIS TECHNOLOGIES","74.7300","50","2024-11-22 12:55:21","74.6800","-0.47","-269.00","2024-11-20 00:00:00","50","69.3500","-4.00","150098834"
"2024-11-20 15:46:06","LONG","40","ATKR","ATKORE INC","82.9803","40","2024-11-21 13:46:55","87.3700","-0.49","-278.81","2024-11-21 09:30:00","40","76.0100","175.20","150136388"
"2024-11-20 13:48:50","LONG","20","QCOM","QUALCOMM","153.3650","20","2024-11-21 09:47:47","155.6150","-0.01","-8.29","2024-11-20 15:10:00","20","152.9510","44.60","150135412"
"2024-11-19 12:03:49","LONG","25","BAH","BOOZ ALLEN HAMILTON","139.8924","25","2024-11-20 15:44:57","142.8200","-0.13","-72.44","2024-11-20 11:33:00","25","136.9950","72.50","150124371"
"2024-11-14 13:48:23","LONG","100","WSC","WILLSCOT MOBILE MINI HOLDINGS CORP","35.2150","100","2024-11-19 11:53:58","35.7450","-0.19","-109.50","2024-11-15 00:00:00","100","34.1200","51.00","150089061"
"2024-11-08 14:28:19","LONG","70","CVS","CVS HEALTH CORP","56.0900","70","2024-11-18 12:27:45","56.4450","-0.41","-236.60","2024-11-15 00:00:00","70","52.7100","23.60","150043255"
"2024-09-04 15:51:27","LONG","80","AAP","ADVANCE AUTO PARTS","42.4600","80","2024-11-14 12:46:31","42.1783","-0.99","-549.60","2024-10-31 00:00:00","80","35.5900","-24.60","149254601"
"2024-07-23 13:35:20","LONG","140","MBLY","MOBILEYE GLOBAL INC. CLASS A","23.2614","140","2024-11-07 12:29:59","17.1248","-3.37","-1789.40","2024-09-11 00:00:00","140","10.4800","-861.80","148721455"
"2024-11-06 13:55:57","LONG","100","W","WAYFAIR INC","38.2400","100","2024-11-06 15:36:45","39.9025","-0.06","-32.00","2024-11-06 14:54:00","100","37.9200","164.00","150013965"
"2024-10-30 15:48:47","LONG","200","CVI","CVR ENERGY","17.1200","200","2024-11-06 11:28:50","17.2400","-0.55","-304.00","2024-11-01 00:00:00","200","15.6000","20.00","149909437"
"2024-10-18 13:03:05","LONG","60","CVS","CVS HEALTH CORP","59.3488","60","2024-11-06 11:28:11","61.4401","-0.54","-302.33","2024-11-05 00:00:00","60","54.3100","123.80","149697479"
"2024-11-05 12:38:18","LONG","200","PENN","PENN ENTERTAINMENT INC","18.5550","200","2024-11-06 11:27:51","19.3285","-0.10","-54.00","2024-11-05 15:13:00","200","18.2850","151.00","149988898"
"2024-10-31 12:14:34","LONG","15","IBM","INTERNATIONAL BUSINESS MACHINES","206.8500","15","2024-11-01 09:39:00","208.4900","-0.01","-5.85","2024-10-31 15:11:00","15","206.4600","24.70","149921698"
"2024-10-23 12:54:03","LONG","15","DHR","DANAHER","255.8100","15","2024-11-01 09:38:48","252.1100","-0.39","-220.65","2024-10-30 00:00:00","15","241.1000","-56.30","149809269"
"2024-10-22 15:55:10","LONG","15","MDB","MONGODB INC. CLASS A COMMON STOCK","265.2913","15","2024-10-25 10:02:53","269.9767","-0.19","-105.17","2024-10-23 00:00:00","15","258.2800","69.70","149799290"
"2024-10-21 11:52:32","LONG","40","WAL","WESTERN ALLIANCE BANCORP","81.1700","40","2024-10-23 12:43:18","81.9900","-0.06","-35.60","2024-10-21 15:51:00","40","80.2800","32.20","149741024"
"2024-09-23 14:24:12","LONG","25","BA","BOEING","157.5950","25","2024-10-21 09:40:29","162.8300","-0.51","-289.38","2024-10-14 00:00:00","25","146.0200","130.50","149486475"
"2024-10-17 12:22:34","LONG","35","FUTU","FUTU HOLDINGS LTD ADS","87.2400","35","2024-10-17 13:02:00","88.5700","-0.04","-22.40","2024-10-17 12:36:00","35","86.6000","46.30","149687265"
"2024-10-09 12:10:06","LONG","25","VST","VISTRA CORP","123.8867","25","2024-10-14 10:08:35","131.5001","-0.42","-234.67","2024-10-11 00:00:00","25","114.5000","189.50","149618755"
"2024-10-04 11:52:09","LONG","200","ZIM","ZIM INTEGRATED SHIPPING SERVICES LTD","18.4563","200","2024-10-08 11:18:18","19.5047","-0.02","-11.26","2024-10-04 11:55:00","200","18.4000","206.00","149580935"
"2024-10-02 15:53:39","LONG","90","SMTC","SEMTECH","41.2288","90","2024-10-04 09:44:55","42.3756","-0.29","-161.44","2024-10-03 00:00:00","90","39.4350","101.20","149563748"
"2024-09-26 14:13:51","LONG","50","MRNA","MODERNA INC. COMMON STOCK","63.7895","50","2024-09-30 12:48:34","66.3602","-0.03","-17.98","2024-09-26 14:33:00","50","63.4300","128.00","149517539"
"2024-09-25 15:34:59","LONG","100","CELH","CELSIUS HOLDINGS INC. COMMON STOCK","31.1050","100","2024-09-27 11:50:59","32.3750","-0.04","-24.50","2024-09-26 00:00:00","100","30.8600","125.00","149507333"
"2024-02-27 14:14:46","LONG","120","U","UNITY SOFTWARE INC","30.6467","120","2024-09-25 15:34:18","21.7850","-3.73","-2010.20","2024-08-07 00:00:00","120","13.8950","-1065.40","147464440"
"2024-09-17 15:44:30","LONG","130","SIRI","SIRIUS XM HOLDINGS INC. COMMON","23.1976","130","2024-09-18 13:14:14","23.3825","-0.01","-7.48","2024-09-18 12:03:00","130","23.1400","21.40","149422909"
"2024-08-23 11:53:43","LONG","140","SYM","SYMBOTIC INC. CLASS A COMMON STOCK","23.1774","140","2024-09-16 15:29:52","22.6257","-1.56","-849.43","2024-09-04 00:00:00","140","17.1100","-79.80","149020759"
"2024-09-11 15:21:46","LONG","60","TSN","TYSON FOODS","61.4700","60","2024-09-13 12:25:09","61.8540","-0.04","-20.40","2024-09-12 00:00:00","60","61.1300","21.80","149364478"
"2024-09-05 11:48:44","LONG","45","OKTA","OKTA INC. CL A COMMON STOCK","74.5496","45","2024-09-13 12:25:06","74.5760","-0.34","-179.53","2024-09-10 00:00:00","45","70.5600","0.10","149262853"
"2024-09-05 13:27:48","LONG","40","DG","DOLLAR GENERAL","80.9293","40","2024-09-12 10:31:35","82.4917","-0.17","-88.77","2024-09-11 00:00:00","40","78.7100","61.20","149264671"
"2024-09-10 15:47:10","LONG","70","BIRK","BIRKENSTOCK HOLDING PLC","43.7560","70","2024-09-11 14:39:06","44.6568","-0.09","-46.97","2024-09-11 10:47:00","70","43.0850","61.60","149350133"
"2024-08-23 11:55:55","LONG","30","MRNA","MODERNA INC. COMMON STOCK","82.8900","30","2024-09-10 15:48:14","79.5850","-0.63","-341.40","2024-09-05 00:00:00","30","71.5100","-99.60","149020842"
"2024-09-03 12:24:37","LONG","18","BA","BOEING","160.7520","18","2024-09-04 12:54:45","164.0505","-0.06","-31.36","2024-09-03 14:44:00","18","159.0100","58.64","149222533"
"2024-07-08 11:41:40","LONG","60","CMG","CHIPOTLE MEXICAN GRILL","59.7696","60","2024-08-28 13:30:30","55.7250","-1.29","-707.38","2024-08-05 00:00:00","60","47.9800","-244.20","148590510"
"2024-05-20 12:18:22","LONG","70","PZZA","PAPA JOHN'S INTERNATIONAL","49.6900","70","2024-08-26 13:48:42","50.1815","-1.12","-685.30","2024-07-24 00:00:00","70","39.9000","32.60","148209431"
"2024-07-18 11:44:25","LONG","30","MU","MICRON TECHNOLOGY","115.6120","30","2024-08-15 12:58:49","107.0500","-1.68","-921.06","2024-08-05 00:00:00","30","84.9100","-257.60","148681861"
"2024-08-07 09:42:30","LONG","40","DELL","DELL TECHNOLOGIES INC","91.3900","40","2024-08-13 09:30:29","97.6775","-0.33","-178.40","2024-08-07 14:20:00","40","86.9300","251.20","148854199"
"2024-08-02 13:59:57","LONG","100","CCJ","CAMECO","38.0750","100","2024-08-07 09:43:38","39.0105","-0.48","-264.50","2024-08-05 00:00:00","100","35.4300","92.00","148810910"
"2024-08-02 13:59:14","LONG","100","RMBS","RAMBUS","41.3100","100","2024-08-07 09:42:02","42.7000","-0.44","-240.00","2024-08-05 00:00:00","100","38.9100","137.00","148810906"
"2024-07-31 15:00:33","LONG","12","MSFT","MICROSOFT","418.9033","12","2024-08-01 09:55:45","426.6750","-0.07","-40.24","2024-07-31 15:31:00","12","415.5500","92.76","148788058"
"2024-06-27 12:57:29","LONG","30","FND","FLOOR & DECOR HOLDINGS INC","101.1030","30","2024-07-31 14:59:33","100.2400","-0.59","-358.59","2024-07-10 00:00:00","30","89.1500","-26.60","148518427"
"2024-07-16 15:47:43","LONG","60","NTNX","NUTANIX INC. CLASS A COMMON STOCK","50.2150","60","2024-07-31 12:04:23","50.1800","-0.32","-197.10","2024-07-18 00:00:00","60","46.9300","-3.20","148664275"
"2024-07-16 12:56:18","LONG","10","META","META PLATFORMS INC. CLASS A","488.7100","10","2024-07-23 12:51:09","489.8800","-0.48","-295.90","2024-07-17 00:00:00","10","459.1200","11.80","148663009"
"2024-07-22 13:35:44","LONG","15","CRWD","CROWDSTRIKE HOLDINGS INC. CLASS A","264.3433","15","2024-07-23 12:50:53","276.3100","-0.14","-83.60","2024-07-23 09:36:00","15","258.7700","179.70","148712146"
"2024-07-17 10:21:57","LONG","60","SCHW","CHARLES SCHWAB","63.1000","60","2024-07-22 13:35:10","63.8100","-0.20","-125.40","2024-07-17 13:22:00","60","61.0100","41.80","148670217"
"2024-07-12 14:58:09","LONG","200","ZIM","ZIM INTEGRATED SHIPPING SERVICES LTD","17.0083","200","2024-07-15 09:53:43","17.6390","-0.01","-8.66","2024-07-12 15:01:00","200","16.9650","122.00","148637849"
"2024-04-18 11:26:43","LONG","60","LEGN","LEGEND BIOTECH CORPORATION","48.0000","60","2024-07-11 09:49:23","48.4800","-0.95","-564.00","2024-06-03 00:00:00","60","38.6000","27.80","147946342"
"2024-07-02 13:04:09","LONG","140","RNG","RINGCENTRAL INC.","28.1440","140","2024-07-11 09:46:45","28.7000","-0.16","-95.76","2024-07-09 00:00:00","140","27.4600","75.20","148557671"
"2024-05-31 12:38:47","LONG","25","SNOW","SNOWFLAKE INC","135.7512","25","2024-07-01 09:33:58","138.3158","-0.56","-328.78","2024-06-25 00:00:00","25","122.6000","63.50","148301805"
"2024-06-26 13:05:08","LONG","120","PLAY","DAVE & BUSTERS ENTERTAINMENT","37.9230","120","2024-06-27 12:57:42","38.3413","-0.05","-31.56","2024-06-26 14:36:00","120","37.6600","47.60","148506865"
"2024-06-20 15:42:02","LONG","30","ALB","ALBEMARLE","94.3475","30","2024-06-26 09:47:49","97.4283","-0.11","-61.73","2024-06-21 00:00:00","30","92.2900","91.40","148459481"
"2024-06-18 13:56:08","LONG","100","RNG","RINGCENTRAL INC.","27.3212","100","2024-06-21 12:44:17","28.0200","-0.04","-26.12","2024-06-20 00:00:00","100","27.0600","68.00","148440905"
"2024-06-14 14:58:29","LONG","45","APTV","APTIV PLC","70.1500","45","2024-06-20 15:36:00","73.1250","-0.05","-28.35","2024-06-17 00:00:00","45","69.5200","133.10","148412797"
"2024-06-03 14:10:40","LONG","70","NTNX","NUTANIX INC. CLASS A COMMON STOCK","53.2467","70","2024-06-12 09:37:27","54.5686","-0.17","-99.17","2024-06-07 00:00:00","70","51.8300","91.60","148318813"
"2024-06-11 10:03:31","LONG","40","CELH","CELSIUS HOLDINGS INC. COMMON STOCK","64.0200","40","2024-06-11 13:50:20","65.5795","-0.04","-26.00","2024-06-11 10:06:00","40","63.3700","61.20","148380013"
"2024-06-07 15:19:48","LONG","40","TREX","TREX COMPANY","80.1513","40","2024-06-11 09:35:11","80.6850","-0.04","-24.85","2024-06-10 00:00:00","40","79.5300","20.20","148360726"
"2024-06-05 15:38:48","LONG","80","FIVN","FIVE9 INC. COMMON STOCK","42.2625","80","2024-06-07 13:58:45","43.4281","-0.05","-30.60","2024-06-05 15:49:00","80","41.8800","91.40","148339267"
"2024-05-28 12:30:31","LONG","100","RAMP","LIVERAMP HOLDINGS INC","31.0400","100","2024-06-06 11:17:03","31.7540","-0.08","-49.00","2024-05-30 00:00:00","100","30.5500","69.00","148272079"
"2024-05-10 13:34:32","LONG","60","SHOP","SHOPIFY INC. CLASS A","59.2500","60","2024-06-05 09:46:41","61.5288","-0.30","-176.40","2024-05-28 00:00:00","60","56.3100","135.80","148143506"
"2024-03-06 12:28:21","LONG","15","ZS","ZSCALER INC. COMMON STOCK","204.7475","15","2024-05-31 09:31:54","179.0103","-1.27","-742.46","2024-05-30 00:00:00","15","155.2500","-386.30","147555474"
"2024-05-07 15:30:30","LONG","60","SBUX","STARBUCKS","72.2850","60","2024-05-08 10:51:40","73.7400","-0.01","-5.10","2024-05-07 15:33:00","60","72.2000","85.80","148114634"
"2024-04-23 11:14:24","LONG","100","CPRI","CAPRI HOLDINGS LTD","36.8566","100","2024-05-07 14:54:51","36.8341","-0.43","-255.66","2024-04-25 00:00:00","100","34.3000","-4.00","147986985"
"2024-02-02 14:16:56","LONG","120","SGML","SIGMA LITHIUM CORPORATION COMMON SHARES","17.3754","120","2024-05-07 10:09:11","17.1267","-1.34","-829.85","2024-02-23 00:00:00","120","10.4600","-32.40","147207730"
"2024-03-05 10:55:23","LONG","20","SNOW","SNOWFLAKE INC","168.1325","20","2024-05-06 13:14:26","161.6500","-0.82","-476.25","2024-04-22 00:00:00","20","144.3200","-130.40","147539437"
"2024-05-02 14:21:30","LONG","100","APA","APA CORP","29.1265","100","2024-05-06 13:13:50","30.0350","-0.03","-20.65","2024-05-03 00:00:00","100","28.9200","89.00","148077258"
"2024-02-27 14:29:47","LONG","40","AAPL","APPLE","182.5050","40","2024-05-03 09:37:23","184.5700","-1.25","-737.20","2024-04-19 00:00:00","40","164.0750","82.20","147464600"
"2024-04-30 13:49:37","LONG","100","MGM","MGM RESORTS INTERNATIONAL","39.9450","100","2024-05-02 09:37:14","42.3227","-0.22","-130.50","2024-05-01 00:00:00","100","38.6400","236.00","148054343"
"2024-04-18 14:51:07","LONG","60","FR","FIRST INDUSTRIAL REALTY","46.1700","60","2024-04-29 15:19:49","46.2818","-0.11","-64.20","2024-04-19 00:00:00","60","45.1000","5.80","147949306"
"2024-04-25 12:02:07","LONG","140","NTLA","INTELLIA THERAPEUTICS INC.","19.9785","140","2024-04-26 10:24:43","20.3840","-0.14","-85.19","2024-04-26 09:35:00","140","19.3700","54.20","148011310"
"2024-04-18 11:24:47","LONG","12","BURL","BURLINGTON STORES INC","180.9400","12","2024-04-24 10:31:01","181.4425","-0.11","-63.84","2024-04-22 00:00:00","12","175.6200","5.76","147946310"
"2024-03-25 15:37:01","LONG","17","LULU","LULULEMON ATHLETICA","379.8257","17","2024-04-22 10:41:41","361.7075","-1.41","-836.67","2024-04-16 00:00:00","17","330.6100","-308.34","147730998"
"2024-04-18 11:21:23","LONG","120","SGRY","SURGERY PARTNERS INC. COMMON STOCK","23.5188","120","2024-04-22 10:41:25","24.0340","-0.07","-39.45","2024-04-18 14:39:00","120","23.1900","59.60","147946281"
"2024-04-18 11:23:49","LONG","24","RH","RH","248.7869","24","2024-04-18 11:24:54","248.6227","-0.01","-4.00","2024-04-18 11:24:54","24","248.6230","-4.48","147946301"
"2024-04-16 14:13:17","LONG","10","RH","RH","242.5150","10","2024-04-18 11:23:17","248.6100","-0.05","-30.35","2024-04-16 14:28:00","10","239.4800","60.80","147926574"
"2024-02-16 10:14:24","LONG","25","CAR","AVIS BUDGET GROUP","118.2550","25","2024-03-21 09:43:58","117.8700","-0.74","-466.50","2024-02-22 00:00:00","25","99.5950","-10.50","147354960"
"2024-03-12 14:00:42","LONG","20","BA","BOEING","184.7150","20","2024-03-20 15:00:51","186.9000","-0.24","-143.91","2024-03-18 00:00:00","20","177.5190","43.60","147612345"
"2024-03-20 10:33:06","LONG","350","EXPI","EXP WORLD HOLDINGS INC. COMMON STOCK","9.2683","350","2024-03-20 14:47:43","9.4683","-0.06","-37.92","2024-03-20 13:22:00","350","9.1600","63.00","147693397"
"2024-01-08 11:43:18","LONG","130","APA","APA CORP","33.4902","130","2024-03-20 14:12:24","33.6802","-0.82","-522.66","2024-02-13 00:00:00","130","29.4697","22.40","146933119"
"2024-03-14 12:34:41","LONG","20","TSLA","TESLA  INC.","162.9600","20","2024-03-20 10:30:31","171.2440","-0.08","-49.00","2024-03-14 15:10:00","20","160.5100","165.60","147640529"
"2024-02-06 09:41:54","LONG","10","CHTR","CHARTER COMMUNICATIONS","303.3075","10","2024-03-12 12:39:19","292.9700","-0.53","-328.98","2024-03-06 00:00:00","10","270.4100","-103.20","147236926"
"2024-02-21 10:52:03","LONG","50","ROKU","ROKU INC. CLASS A COMMON STOCK","66.5900","50","2024-03-12 12:39:04","64.1538","-0.44","-274.50","2024-03-04 00:00:00","50","61.1000","-123.00","147397838"
"2024-03-12 09:53:30","LONG","10","MDB","MONGODB INC. CLASS A COMMON STOCK","366.2650","10","2024-03-12 11:36:33","368.7275","-0.02","-14.25","2024-03-12 10:18:00","10","364.8400","24.80","147605625"
"2024-03-01 10:58:18","LONG","130","DV","DOUBLE VERIFY HOLDINGS INC.","30.0275","130","2024-03-04 10:23:47","30.8263","-0.03","-21.77","2024-03-01 11:57:00","130","29.8600","101.40","147513171"
"2024-02-23 13:25:50","LONG","260","TDOC","TELADOC HEALTH INC","14.6266","260","2024-02-26 13:11:46","14.8728","-0.11","-69.31","2024-02-26 09:30:00","260","14.3600","58.80","147437414"
"2024-02-20 14:56:46","LONG","80","TWLO","TWILIO INC","56.6194","80","2024-02-23 13:23:54","57.5641","-0.13","-83.95","2024-02-21 00:00:00","80","55.5700","74.40","147383442"
"2024-02-20 14:48:00","LONG","200","PENN","PENN ENTERTAINMENT INC","17.2271","200","2024-02-22 09:42:35","17.4913","-0.11","-71.42","2024-02-21 00:00:00","200","16.8700","49.00","147383343"
"2024-02-12 12:39:33","LONG","40","MRNA","MODERNA INC. COMMON STOCK","87.6900","40","2024-02-16 13:36:57","90.5285","-0.23","-145.20","2024-02-13 00:00:00","40","84.0600","113.20","147291650"
"2024-02-08 12:36:10","LONG","14","AMGN","AMGEN","290.2975","14","2024-02-12 11:53:58","292.6900","-0.03","-20.13","2024-02-12 09:31:00","14","288.8590","32.72","147261011"
"2024-02-02 14:18:24","LONG","100","SQM","SOCIEDAD QUIMICA Y MINERA","40.4568","100","2024-02-12 10:33:17","41.5017","-0.31","-195.68","2024-02-05 00:00:00","100","38.5000","102.00","147207745"
"2024-02-09 12:21:29","LONG","200","PENN","PENN ENTERTAINMENT INC","23.1465","200","2024-02-12 10:10:49","23.5935","-0.19","-123.70","2024-02-12 09:30:00","200","22.5280","85.00","147271341"
"2024-02-08 14:50:11","LONG","80","PYPL","PAYPAL HOLDINGS CORP","56.3781","80","2024-02-09 09:42:51","57.3625","-0.08","-48.65","2024-02-08 15:47:00","80","55.7700","77.40","147262537"
"2024-01-16 10:06:46","LONG","100","LI","LI AUTO INC","30.0425","100","2024-02-08 12:35:03","30.4000","-0.58","-361.25","2024-01-22 00:00:00","100","26.4300","34.00","147012451"
"2024-02-08 10:03:55","LONG","18","TEAM","ATLASSIAN CORPORATION PLC CLASS A","212.8825","18","2024-02-08 12:34:57","215.6200","-0.01","-3.64","2024-02-08 10:07:00","18","212.6800","48.64","147257031"
"2024-02-01 14:02:11","LONG","30","UPS","UNITED PARCEL SERVICE","139.8500","30","2024-02-06 09:37:48","142.7700","-0.01","-9.00","2024-02-02 00:00:00","30","139.5500","87.40","147196581"
"2024-01-16 12:23:22","LONG","100","BKE","BUCKLE","36.8475","100","2024-01-30 11:22:35","37.1150","-0.24","-148.75","2024-01-18 00:00:00","100","35.3600","25.00","147015764"
"2024-01-25 11:17:30","LONG","10","HUM","HUMANA","348.1938","10","2024-01-25 14:17:07","356.7730","-0.03","-20.24","2024-01-25 11:20:00","10","346.1700","85.80","147125263"
"2024-01-17 09:49:01","LONG","80","AEM","AGNICO EAGLE MINES LIMITED","49.3812","80","2024-01-23 15:53:35","50.4712","-0.11","-70.50","2024-01-22 00:00:00","80","48.5000","85.40","147026452"
"2024-01-16 09:49:54","LONG","30","BIDU","BAIDU","103.6875","30","2024-01-23 09:37:39","106.1125","-0.30","-185.32","2024-01-22 00:00:00","30","97.5100","72.40","147011914"
"2024-01-12 13:56:36","LONG","100","WOLF","WOLFSPEED INC","33.8263","100","2024-01-22 09:58:36","34.8295","-0.56","-350.12","2024-01-17 00:00:00","100","30.3250","98.00","146989132"
"2024-01-03 14:27:21","LONG","80","UPST","UPSTART HOLDINGS INC. COMMON STOCK","35.8481","80","2024-01-22 09:58:29","37.4505","-0.85","-531.05","2024-01-17 00:00:00","80","29.2100","126.40","146893189"
"2024-01-18 13:32:29","LONG","110","MBLY","MOBILEYE GLOBAL INC. CLASS A","27.4379","110","2024-01-19 14:14:59","28.1150","-0.01","-8.57","2024-01-19 10:08:00","110","27.3600","71.80","147053239"
"2024-01-17 14:01:27","LONG","60","HDB","HDFC BANK","55.6825","60","2024-01-18 09:30:40","57.2491","-0.02","-14.55","2024-01-17 15:59:00","60","55.4400","92.80","147035069"
"2024-01-17 11:25:36","LONG","80","TXG","10X GENOMICS INC. CLASS A COMMON STOCK","41.1750","80","2024-01-17 12:08:33","41.7097","-0.02","-13.20","2024-01-17 11:32:00","80","41.0100","41.40","147032483"
"2024-01-16 14:08:20","LONG","15","BA","BOEING","200.7825","15","2024-01-17 09:47:54","204.7800","-0.03","-17.89","2024-01-16 14:37:00","15","199.5900","59.70","147016935"
"2024-01-11 13:13:21","LONG","150","NEM","NEWMONT CORP","37.4150","150","2024-01-12 10:58:07","38.0042","-0.04","-24.75","2024-01-11 13:36:00","150","37.2500","85.00","146977336"
"2024-01-04 10:05:12","LONG","50","SQ","BLOCK INC","68.2683","50","2024-01-09 11:17:03","70.4543","-0.13","-83.67","2024-01-05 00:00:00","50","66.5950","108.00","146906026"
"2024-01-04 10:34:19","LONG","80","MBLY","MOBILEYE GLOBAL INC. CLASS A","30.5388","80","2024-01-08 10:21:20","31.7275","-0.19","-122.30","2024-01-04 13:24:00","80","29.0100","93.40","146906554"
"2023-12-27 11:15:02","LONG","40","CROX","CROCS","95.2221","40","2024-01-08 09:37:46","96.3325","-0.60","-380.48","2024-01-05 00:00:00","40","85.7100","43.20","146820116"
"2023-12-29 14:29:21","LONG","170","YOU","CLEAR SECURE INC","20.4426","170","2024-01-04 10:50:31","20.6242","-0.13","-83.74","2024-01-04 09:35:00","170","19.9500","27.60","146846270"
"2024-01-03 10:00:46","SHORT","40","SUN","SUNOCO LP","57.3300","40","2024-01-03 14:43:21","58.2200","-0.06","-41.20","2024-01-03 11:42:00","40","58.3600","-36.80","146885433"
"2024-01-02 13:50:44","LONG","60","SUN","SUNOCO LP","57.6000","60","2024-01-03 10:00:46","57.3300","-0.09","-59.40","2024-01-02 15:02:00","60","56.6100","-17.20","146878037"
"2023-12-29 11:43:11","LONG","80","APP","APPLOVIN CORPORATION CLASS A","39.4176","80","2023-12-29 13:49:41","40.0325","-0.01","-5.41","2023-12-29 12:24:00","80","39.3500","47.40","146843783"
"2023-12-27 11:17:54","LONG","15","UTHR","UNITED THERAPEUTICS","215.1300","15","2023-12-28 11:46:10","220.7100","-0.02","-15.30","2023-12-27 12:59:00","15","214.1100","83.70","146820201"
"2023-12-22 14:59:20","LONG","40","ROKU","ROKU INC. CLASS A COMMON STOCK","91.1100","40","2023-12-27 13:25:14","94.0367","-0.02","-12.40","2023-12-22 15:24:00","40","90.8000","116.20","146792961"
"2023-12-21 15:22:09","LONG","15","UTHR","UNITED THERAPEUTICS","218.3433","15","2023-12-22 09:38:47","223.0000","-0.02","-11.45","2023-12-21 15:44:00","15","217.5800","69.70","146779878"
"2023-12-20 15:17:08","LONG","35","ROKU","ROKU INC. CLASS A COMMON STOCK","90.1400","35","2023-12-21 09:32:04","91.0167","-0.08","-49.99","2023-12-20 15:32:00","35","88.7118","30.30","146763226"
"2023-12-18 13:51:25","LONG","100","EXC","EXELON","34.3474","100","2023-12-19 11:38:48","34.9988","-0.05","-29.74","2023-12-19 09:33:00","100","34.0500","63.00","146733555"
"2023-12-18 15:45:48","LONG","30","ROKU","ROKU INC. CLASS A COMMON STOCK","93.5000","30","2023-12-19 09:59:51","94.6333","-0.01","-9.30","2023-12-18 15:55:00","30","93.1900","33.40","146734727"
"2023-12-14 12:04:31","LONG","10","PANW","PALO ALTO NETWORKS","303.8667","10","2023-12-18 15:44:32","307.1100","-0.09","-57.40","2023-12-14 13:53:00","10","298.1270","31.80","146702562"
"2023-12-15 14:06:21","LONG","150","CART","MAPLEBEAR INC.","24.1200","150","2023-12-18 13:50:10","24.8883","-0.02","-10.50","2023-12-15 14:11:00","150","24.0500","112.00","146716015"
"2023-11-29 12:06:20","LONG","40","BABA","ALIBABA GROUP HOLDING LIMITED","74.7650","40","2023-12-15 10:50:26","75.0309","-0.30","-187.40","2023-12-11 00:00:00","40","70.0800","10.20","146567440"
"2023-08-18 10:06:13","LONG","100","WBA","WALGREEN BOOTS ALLIANCE INC.","26.7690","100","2023-12-14 09:53:00","25.3600","-1.15","-708.51","2023-11-30 00:00:00","100","19.6839","-143.00","145571917"
"2023-12-07 13:49:57","LONG","140","AR","ANTERO RESOURCES CORP","21.2280","140","2023-12-14 09:49:38","22.1170","-0.25","-157.92","2023-12-12 00:00:00","140","20.1000","121.20","146638023"
"2023-10-17 11:30:50","LONG","30","MRNA","MODERNA INC. COMMON STOCK","89.1900","30","2023-12-14 09:33:23","89.5267","-1.36","-799.20","2023-11-02 00:00:00","30","62.5500","9.40","146151935"
"2023-12-08 15:46:48","LONG","7","MDB","MONGODB INC. CLASS A COMMON STOCK","380.4050","7","2023-12-11 09:33:21","390.4400","-0.00","-2.29","2023-12-08 15:49:00","7","380.0780","69.86","146649050"
"2023-11-30 14:50:59","LONG","8","NVDA","NVIDIA","467.9200","8","2023-12-08 12:46:22","474.9142","-0.23","-142.56","2023-12-04 00:00:00","8","450.1000","55.84","146581033"
"2023-12-07 14:35:30","LONG","80","YUMC","YUM CHINA HOLDINGS INC","39.5533","80","2023-12-08 12:03:04","40.1950","-0.00","-2.67","2023-12-07 15:04:00","80","39.5200","49.40","146638300"
"2023-11-20 15:05:21","LONG","70","BMY","BRISTOL-MYERS SQUIBB","48.9250","70","2023-12-01 15:41:30","50.0950","-0.08","-47.11","2023-11-30 00:00:00","70","48.2520","80.60","146493185"
"2023-11-30 13:26:05","LONG","180","CHWY","CHEWY INC","17.5150","180","2023-12-01 15:41:22","18.3104","-0.12","-74.70","2023-12-01 09:35:00","180","17.1000","139.40","146580083"
"2023-04-17 15:37:50","LONG","80","VSCO","VICTORIA'S SECRET & CO","33.0000","80","2023-11-30 10:00:39","27.0600","-2.59","-1550.40","2023-10-06 00:00:00","80","13.6200","-476.60","144341637"
"2023-09-21 14:57:11","LONG","70","TXG","10X GENOMICS INC. CLASS A COMMON STOCK","42.3300","70","2023-11-20 10:56:49","44.0448","-1.01","-597.80","2023-11-01 00:00:00","70","33.7900","118.60","145898156"
"2023-07-21 15:19:42","LONG","25","OMC","OMNICOM GROUP","84.1400","25","2023-11-15 14:58:22","78.3024","-0.49","-298.50","2023-10-03 00:00:00","25","72.2000","-146.50","145289494"
"2023-11-07 15:56:20","LONG","40","AMN","AMN HEALTHCARE SERVICES","62.9300","40","2023-11-14 15:28:52","63.0367","-0.34","-205.20","2023-11-13 00:00:00","40","57.8000","3.20","146360825"
"2023-11-10 12:03:09","LONG","20","VEEV","VEEVA SYSTEMS INC","164.0800","20","2023-11-14 09:32:32","170.3700","-0.04","-24.60","2023-11-13 00:00:00","20","162.8500","125.60","146400485"
"2023-08-25 14:58:07","LONG","100","DOCN","DIGITAL OCEAN HOLDINGS INC","29.3762","100","2023-11-08 13:49:27","25.2325","-1.69","-998.62","2023-11-01 00:00:00","100","19.3900","-416.00","145647839"
"2023-11-02 15:45:22","LONG","80","BWA","BORGWARNER","32.3450","80","2023-11-07 15:55:43","32.6313","-0.04","-25.20","2023-11-07 10:14:00","80","32.0300","21.40","146320009"
"2023-08-09 10:28:09","LONG","40","SQ","BLOCK INC","63.6600","40","2023-11-03 09:39:06","50.4400","-1.68","-992.40","2023-10-30 00:00:00","40","38.8500","-529.80","145481563"
"2023-11-02 15:41:48","LONG","200","CFLT","CONFLUENT INC. CLASS A COMMON STOCK","16.2150","200","2023-11-03 09:36:24","17.4150","0.00","0.00","2023-11-02 15:41:48","","0.0000","236.00","146319982"
"2023-10-30 13:39:57","LONG","25","TER","TERADYNE","82.9300","25","2023-11-02 10:07:24","84.3333","-0.08","-46.38","2023-11-01 00:00:00","25","81.0750","34.50","146279839"
"2023-09-07 15:19:34","LONG","60","LVS","LAS VEGAS SANDS","49.6583","60","2023-10-30 13:37:22","47.9518","-0.59","-353.30","2023-10-05 00:00:00","60","43.7700","-103.20","145763756"
"2023-07-19 15:03:20","LONG","12","MSFT","MICROSOFT","354.4100","12","2023-10-25 09:30:57","343.3400","-0.89","-539.52","2023-09-28 00:00:00","12","309.4500","-133.24","145265702"
"2023-09-28 15:18:30","LONG","65","EIX","EDISON INTERNATIONAL","64.0072","65","2023-10-11 09:52:13","63.7784","-0.56","-337.17","2023-10-06 00:00:00","65","58.8200","-16.30","145965120"
"2023-09-19 15:48:38","LONG","100","JD","JD.COM INC","30.7050","100","2023-10-11 09:52:04","30.7017","-0.44","-263.50","2023-09-28 00:00:00","100","28.0700","-2.00","145871626"
"2023-10-06 10:53:40","LONG","60","MKC","MCCORMICK","63.1330","60","2023-10-06 15:30:40","64.6314","0.00","0.00","2023-10-06 10:53:40","","0.0000","88.80","146056342"
"2023-09-29 11:11:39","LONG","60","OKE","ONEOK","63.6174","60","2023-10-06 13:15:51","63.4318","-0.30","-182.24","2023-10-04 00:00:00","60","60.5800","-12.20","145972852"
"2023-09-20 11:01:11","LONG","170","CHWY","CHEWY INC","18.5233","170","2023-10-02 14:17:56","18.6130","-0.28","-172.27","2023-09-28 00:00:00","170","17.5100","11.60","145878901"
"2023-09-26 15:33:36","LONG","100","LUV","SOUTHWEST AIRLINES","26.6350","100","2023-09-28 11:43:50","27.3207","-0.03","-17.49","2023-09-27 00:00:00","100","26.4601","67.00","145937933"
"2023-09-27 11:18:57","LONG","40","MASI","MASIMO","85.8533","40","2023-09-28 11:43:42","88.2730","-0.19","-112.93","2023-09-28 00:00:00","40","83.0300","96.20","145945837"
"2023-09-21 12:28:54","LONG","50","NTRA","NATERA INC. COMMON STOCK","47.0067","50","2023-09-21 14:56:41","47.7323","-0.02","-13.83","2023-09-21 13:04:00","50","46.7300","35.00","145896812"
"2023-09-19 13:00:26","LONG","60","PLNT","PLANET FITNESS INC","46.2600","60","2023-09-20 11:00:21","47.2412","-0.01","-8.10","2023-09-19 14:13:00","60","46.1250","57.80","145869399"
"2023-09-12 15:58:27","LONG","50","AAP","ADVANCE AUTO PARTS","57.5687","50","2023-09-14 11:02:59","58.8200","-0.09","-58.43","2023-09-13 00:00:00","50","56.4001","62.00","145802753"
"2023-09-11 12:22:28","LONG","60","ETSY","ETSY INC. COMMON STOCK","65.4693","60","2023-09-14 11:02:48","66.7556","-0.19","-117.56","2023-09-13 00:00:00","60","63.5100","75.80","145789060"
"2023-09-08 15:31:16","LONG","40","TTC","TORO","82.0861","40","2023-09-11 10:53:48","83.0502","-0.06","-35.44","2023-09-11 09:35:00","40","81.2000","38.20","145774686"
"2023-09-08 10:41:02","LONG","50","GEHC","GE HEALTHCARE TECHNOLOGIES INC.","65.4484","50","2023-09-11 09:41:55","66.2999","-0.06","-36.42","2023-09-08 12:38:00","50","64.7200","42.00","145770495"
"2023-09-01 15:39:55","LONG","60","EVRG","EVERGY INC.","53.4786","60","2023-09-08 15:27:37","53.7336","-0.11","-71.92","2023-09-05 00:00:00","60","52.2800","13.80","145715061"
"2023-09-06 14:36:37","LONG","60","DAR","DARLING INGREDIENTS INC","56.9460","60","2023-09-08 10:22:36","58.3835","-0.01","-3.47","2023-09-06 14:44:00","60","56.8882","84.80","145752330"
"2023-09-05 15:01:37","LONG","100","BAX","BAXTER INTERNATIONAL","39.0748","100","2023-09-06 14:20:18","39.3787","-0.17","-108.48","2023-09-06 10:27:00","100","37.9900","28.00","145740932"
"2023-08-17 12:34:08","LONG","70","RBLX","ROBLOX CORP","28.1492","70","2023-09-01 15:38:37","28.5111","-0.21","-133.56","2023-08-24 00:00:00","70","26.2412","23.60","145564052"
"2023-08-31 15:13:54","LONG","80","JD","JD.COM INC","33.1978","80","2023-09-01 10:24:20","34.6685","-0.01","-5.02","2023-08-31 15:26:00","80","33.1350","116.40","145704888"
"2023-08-02 10:53:54","LONG","50","PI","IMPINJ INC","63.0590","50","2023-08-30 14:22:23","63.1467","-0.64","-402.45","2023-08-11 00:00:00","50","55.0100","3.00","145405774"
"2023-08-24 14:25:25","LONG","20","ENPH","ENPHASE ENERGY","122.8164","20","2023-08-29 10:47:33","128.2090","-0.06","-38.33","2023-08-25 00:00:00","20","120.9000","107.60","145631889"
"2023-08-11 13:01:44","LONG","30","APTV","APTIV PLC","98.5445","30","2023-08-23 15:53:55","98.0506","-0.18","-111.44","2023-08-18 00:00:00","30","94.8300","-15.60","145507188"
"2023-07-21 09:54:01","LONG","80","APLS","APELLIS PHARMACEUTICALS INC.","34.4416","80","2023-08-23 10:16:45","38.0264","-0.92","-584.46","2023-08-07 00:00:00","40","19.8301","285.40","145284447"
"2023-08-14 15:37:31","LONG","15","ALB","ALBEMARLE","185.5797","15","2023-08-21 11:16:48","186.9591","-0.15","-94.50","2023-08-15 00:00:00","15","179.2800","20.70","145525327"
"2023-08-18 10:21:54","LONG","6","META","META PLATFORMS INC. CLASS A","277.5130","6","2023-08-18 15:10:51","283.4106","-0.01","-4.52","2023-08-18 10:28:00","6","276.7600","34.88","145572249"
"2023-08-17 10:53:22","LONG","60","U","UNITY SOFTWARE INC","34.2106","60","2023-08-18 15:09:56","34.5817","-0.13","-78.64","2023-08-18 09:30:00","60","32.9000","20.80","145561996"
"2023-08-17 11:17:58","LONG","30","FWRD","FORWARD AIR","62.0225","30","2023-08-18 09:58:09","64.1370","-0.02","-11.47","2023-08-17 11:31:00","30","61.6400","62.40","145562400"
"2023-08-16 11:04:42","LONG","200","NIO","NIO INC","11.5567","200","2023-08-17 11:32:35","11.7718","-0.06","-37.35","2023-08-16 15:18:00","200","11.3700","39.00","145544106"
"2023-08-15 10:31:59","LONG","20","MRNA","MODERNA INC. COMMON STOCK","97.1025","20","2023-08-17 10:50:46","104.1652","-0.07","-41.65","2023-08-16 00:00:00","20","95.0200","140.60","145532600"
"2023-08-10 15:25:11","LONG","40","UPST","UPSTART HOLDINGS INC. COMMON STOCK","32.6583","40","2023-08-14 14:59:13","34.4028","-0.12","-73.53","2023-08-11 00:00:00","40","30.8200","69.20","145498680"
"2023-08-03 13:56:45","LONG","30","BPMC","BLUEPRINT MEDICINES CORPORATION","50.7520","30","2023-08-14 14:55:33","51.2284","-0.20","-127.21","2023-08-08 00:00:00","30","46.5116","13.40","145421655"
"2023-08-11 13:04:33","LONG","120","PENN","PENN ENTERTAINMENT INC","23.5087","120","2023-08-14 10:25:29","24.1334","-0.03","-20.25","2023-08-11 13:55:00","120","23.3400","72.60","145507249"
"2023-08-09 12:07:44","LONG","30","FIVN","FIVE9 INC. COMMON STOCK","67.8212","30","2023-08-10 13:37:11","69.3787","-0.02","-12.94","2023-08-09 15:55:00","30","67.3900","46.40","145484020"
"2023-08-09 11:35:58","LONG","70","RNG","RINGCENTRAL INC.","29.5485","70","2023-08-09 12:07:22","30.2134","-0.02","-11.79","2023-08-09 11:41:00","70","29.3800","45.60","145482867"
"2023-08-07 13:54:01","LONG","60","SDGR","SCHRODINGER INC. COMMON STOCK","37.1886","60","2023-08-09 10:28:42","38.7507","-0.04","-27.07","2023-08-08 00:00:00","60","36.7375","92.80","145462834"
"2023-08-04 13:46:35","LONG","40","PYPL","PAYPAL HOLDINGS CORP","63.4465","40","2023-08-07 15:11:43","64.3750","-0.08","-49.86","2023-08-07 09:32:00","40","62.2000","36.20","145441129"
"2023-07-27 10:31:11","LONG","200","RUN","SUNRUN INC. COMMON STOCK","18.9057","200","2023-08-03 09:32:07","20.8017","-0.38","-239.15","2023-08-02 00:00:00","200","17.7100","375.00","145342202"
"2023-07-28 12:40:53","LONG","60","SAGE","SAGE THERAPEUTICS INC. COMMON","34.6647","60","2023-08-01 11:26:51","35.9148","-0.11","-68.08","2023-08-01 09:32:00","60","33.5300","73.80","145359280"
"2023-07-18 14:48:54","LONG","25","TTD","THE TRADE DESK INC. CLASS A","88.8049","25","2023-07-27 09:55:40","87.6790","-0.27","-172.37","2023-07-24 00:00:00","25","81.9100","-28.50","145251704"
"2023-07-10 15:40:30","LONG","100","NUS","NU SKIN ENTERPRISES","29.9200","100","2023-07-26 12:29:24","30.2250","-0.28","-178.00","2023-07-24 00:00:00","100","28.1400","29.00","145167032"
"2023-07-20 11:04:29","LONG","10","TSLA","TESLA  INC.","271.3081","10","2023-07-25 09:48:18","269.5878","-0.27","-171.88","2023-07-24 00:00:00","10","254.1200","-17.20","145273683"
"2023-07-21 15:19:01","LONG","25","MAN","MANPOWERGROUP","78.1071","25","2023-07-24 12:11:49","79.6950","-0.03","-20.43","2023-07-24 09:30:00","25","77.2900","39.50","145289485"
"2023-04-17 15:34:30","LONG","60","MET","METLIFE","61.1800","60","2023-07-24 12:11:23","62.3650","-1.20","-733.80","2023-05-16 00:00:00","60","48.9500","69.80","144341605"
"2023-07-11 11:11:46","LONG","100","GIS","GENERAL MILLS","74.9050","100","2023-07-20 10:56:34","76.0805","-0.14","-87.50","2023-07-18 00:00:00","100","74.0300","116.00","145174523"
"2023-04-17 15:30:03","LONG","50","RNG","RINGCENTRAL INC.","29.1600","50","2023-07-19 10:12:54","41.2657","-0.32","-192.00","2023-05-04 00:00:00","50","25.3200","604.00","144341532"
"2023-07-17 10:50:39","LONG","60","STT","STATE STREET","66.5062","60","2023-07-18 15:28:48","68.1872","-0.05","-31.51","2023-07-17 12:30:00","60","65.9810","99.80","145235671"
"2023-07-17 10:31:25","LONG","80","AI","C3.AI INC","38.9700","80","2023-07-18 14:30:46","41.7628","-0.07","-42.40","2023-07-18 09:36:00","80","38.4400","221.40","145235410"
"2023-07-14 10:49:19","LONG","30","PGR","PROGRESSIVE","115.8171","30","2023-07-14 11:42:14","117.1446","-0.00","-0.21","2023-07-14 11:06:00","30","115.8100","39.40","145220501"
"2023-07-10 12:30:19","LONG","30","FMC","FMC","92.5544","30","2023-07-11 15:36:02","93.4114","-0.05","-29.34","2023-07-11 11:52:00","30","91.5765","25.40","145164472"
"2023-06-21 10:34:31","LONG","60","SMAR","SMARTSHEET INC","38.7900","60","2023-07-11 10:50:12","39.5341","-0.14","-88.80","2023-06-23 00:00:00","60","37.3100","43.80","144980659"
"2023-07-06 10:45:26","LONG","60","SE","SEA LTD ADS","54.8717","60","2023-07-10 12:26:59","57.4288","-0.05","-31.90","2023-07-07 00:00:00","60","54.3400","151.80","145132347"
"2023-06-29 12:46:28","LONG","40","BABA","ALIBABA GROUP HOLDING LIMITED","83.4300","40","2023-07-07 09:37:13","87.4773","-0.05","-31.60","2023-07-06 00:00:00","40","82.6400","161.20","145070757"
"2023-06-21 12:06:52","LONG","60","ZI","ZOOMINFO TECHNOLOGIES INC","24.4700","60","2023-06-28 09:30:44","25.2950","-0.09","-58.20","2023-06-22 00:00:00","60","23.5000","48.80","144982848"
"2023-06-23 11:54:23","LONG","50","ROKU","ROKU INC. CLASS A COMMON STOCK","61.0690","50","2023-06-23 15:09:16","62.1564","-0.01","-7.95","2023-06-23 11:57:00","50","60.9101","53.00","145017385"
"2023-05-25 09:49:54","LONG","100","FL","FOOT LOCKER","25.7492","100","2023-06-12 10:51:03","26.0371","-0.21","-130.92","2023-06-06 00:00:00","100","24.4400","27.00","144742265"
"2023-05-25 11:46:53","LONG","40","SE","SEA LTD ADS","61.0914","40","2023-06-09 10:08:50","64.2845","-0.33","-201.66","2023-06-01 00:00:00","40","56.0500","127.20","144745549"
"2023-06-02 12:52:40","LONG","100","SFM","SPROUTS FARMERS MARKET INC. C","32.3144","100","2023-06-09 09:45:01","33.9235","-0.02","-14.44","2023-06-06 00:00:00","100","32.1700","159.00","144816759"
"2023-06-01 12:34:06","LONG","25","DLTR","DOLLAR TREE STORES","130.8159","25","2023-06-02 11:44:09","133.5400","-0.05","-33.65","2023-06-01 15:57:00","25","129.4700","67.50","144804378"
"2023-05-12 15:08:10","LONG","45","PYPL","PAYPAL HOLDINGS CORP","61.7788","45","2023-06-02 09:32:36","63.9900","-0.21","-127.30","2023-05-26 00:00:00","45","58.9500","99.10","144602126"
"2023-05-30 12:40:43","LONG","180","BTU","PEABODY ENERGY CORP","17.8968","180","2023-06-02 09:32:06","18.7400","-0.03","-17.43","2023-05-30 12:46:00","180","17.8000","148.40","144781796"
"2023-05-31 13:24:07","LONG","220","WB","WEIBO CORPORATION AMERICAN DEP","13.3969","220","2023-06-01 11:02:32","14.1600","-0.01","-7.01","2023-05-31 13:42:00","220","13.3650","163.60","144792967"
"2023-05-30 12:27:56","LONG","60","BJ","BJ'S WHOLESALE CLUB HOLDINGS INC","60.7383","60","2023-05-31 11:41:35","62.0844","-0.01","-6.50","2023-05-30 13:31:00","60","60.6300","79.80","144781669"
"2023-05-04 13:33:53","LONG","40","WOLF","WOLFSPEED INC","40.8034","40","2023-05-17 12:57:49","42.2050","-0.12","-71.34","2023-05-12 00:00:00","40","39.0200","55.20","144528857"
"2023-05-11 14:40:29","LONG","100","BROS","DUTCH BROS INC","27.2180","100","2023-05-17 10:21:48","27.9689","-0.29","-176.70","2023-05-12 00:00:00","100","25.4510","73.00","144592045"
"2023-04-19 10:04:32","LONG","25","KEYS","KEYSIGHT TECHNOLOGIES INC","148.1149","25","2023-05-17 09:34:00","158.8607","-0.35","-212.25","2023-04-27 00:00:00","25","139.6250","268.50","144360598"
"2023-05-11 14:36:29","LONG","200","GDS","GDS HOLDINGS LIMITED ADS","11.2229","200","2023-05-15 15:34:33","11.5764","-0.14","-87.57","2023-05-12 00:00:00","200","10.7850","67.00","144592001"
"2023-05-09 10:19:08","LONG","70","TSN","TYSON FOODS","48.9785","70","2023-05-15 10:49:59","49.7820","-0.21","-130.80","2023-05-10 00:00:00","70","47.1100","54.60","144566976"
"2023-05-11 13:54:01","LONG","20","MRNA","MODERNA INC. COMMON STOCK","127.4400","20","2023-05-12 09:45:56","130.0500","-0.02","-12.40","2023-05-11 14:08:00","20","126.8200","51.60","144591710"
"2023-05-11 12:34:53","LONG","60","FIVN","FIVE9 INC. COMMON STOCK","53.2900","60","2023-05-11 13:41:28","54.0122","-0.00","-3.00","2023-05-11 12:51:00","60","53.2400","41.80","144590912"
"2023-05-11 10:03:52","LONG","50","PYPL","PAYPAL HOLDINGS CORP","63.1600","50","2023-05-11 11:45:29","64.2306","-0.01","-7.50","2023-05-11 10:06:00","50","63.0101","53.00","144587906"
"2023-05-08 11:49:03","LONG","100","PENN","PENN ENTERTAINMENT INC","25.4571","100","2023-05-09 15:01:22","25.7814","-0.04","-23.71","2023-05-08 13:10:00","100","25.2200","30.00","144558765"
"2023-05-05 15:49:25","LONG","50","SSTK","SHUTTERSTOCK","51.5010","50","2023-05-08 12:12:13","53.3550","-0.02","-10.55","2023-05-05 15:53:00","50","51.2900","92.00","144543537"
"2023-05-01 11:49:37","LONG","30","ZS","ZSCALER INC. COMMON STOCK","88.0333","30","2023-05-08 09:31:20","105.5567","-0.15","-93.10","2023-05-02 00:00:00","30","84.9300","525.40","144488486"
"2023-05-04 13:33:34","LONG","50","NET","CLOUDFLARE INC","40.3800","50","2023-05-05 09:37:01","41.9300","-0.03","-18.00","2023-05-04 13:48:00","50","40.0200","77.00","144528852"
"2023-04-27 11:36:10","LONG","50","CALM","CAL-MAINE FOODS","48.1200","50","2023-05-05 09:32:28","49.2000","-0.21","-127.00","2023-05-02 00:00:00","50","45.5800","53.00","144446391"
"2023-05-03 15:21:17","LONG","50","FIVN","FIVE9 INC. COMMON STOCK","56.3267","50","2023-05-05 09:32:03","61.5750","-0.04","-23.33","2023-05-04 00:00:00","50","55.8600","261.00","144517571"
"2023-05-02 12:22:25","LONG","300","NWL","NEWELL BRANDS INC","10.0285","300","2023-05-02 15:09:33","10.4147","-0.02","-11.54","2023-05-02 12:43:00","300","9.9900","110.00","144504261"
"2023-04-28 12:47:33","LONG","80","RBLX","ROBLOX CORP","35.3877","80","2023-05-01 11:01:03","36.4303","-0.01","-6.21","2023-04-28 13:37:00","80","35.3100","81.40","144466342"
"2023-04-25 10:00:02","LONG","25","BIDU","BAIDU","118.2167","25","2023-04-28 14:59:53","121.0336","-0.08","-46.17","2023-04-27 00:00:00","25","116.3700","69.50","144415544"
"2023-04-26 11:47:58","LONG","50","NEP","NEXTERA ENERGY PARTNERS LP","56.9433","50","2023-04-26 12:10:29","57.7667","0.00","0.00","2023-04-26 11:47:58","","0.0000","40.00","144431373"
"2023-04-20 15:37:15","LONG","60","CSCO","CISCO SYSTEMS","46.4250","60","2023-04-25 09:38:57","47.2125","-0.02","-11.10","2023-04-21 00:00:00","60","46.2400","45.80","144378093"
"2023-04-17 15:46:01","LONG","60","SCHW","CHARLES SCHWAB","52.4562","60","2023-04-18 13:37:26","54.0654","-0.02","-10.57","2023-04-18 09:30:00","60","52.2800","95.80","144341764"
"2023-03-30 09:42:12","LONG","60","SCHW","CHARLES SCHWAB","54.0100","60","2023-04-17 15:04:13","51.8850","-0.56","-339.00","2023-04-05 00:00:00","60","48.3600","-129.20","144114192"
"2023-03-09 10:31:46","LONG","60","MET","METLIFE","66.3195","60","2023-04-17 15:04:09","61.1920","-1.35","-809.37","2023-03-24 00:00:00","60","52.8300","-309.20","143827568"
"2023-03-06 15:03:51","LONG","80","VSCO","VICTORIA'S SECRET & CO","34.7027","80","2023-04-17 15:04:04","32.9905","-0.68","-408.22","2023-03-16 00:00:00","80","29.6000","-138.60","143791193"
"2023-02-23 15:16:56","LONG","200","LCID","LUCID GROUP INC","8.8750","200","2023-04-17 15:03:58","7.8650","-0.57","-341.00","2023-03-29 00:00:00","200","7.1700","-206.00","143680490"
"2023-02-15 10:30:02","LONG","50","RNG","RINGCENTRAL INC.","47.5660","50","2023-04-17 15:03:52","29.0700","-1.76","-1054.80","2023-03-24 00:00:00","50","26.4700","-926.00","143591798"
"2023-02-07 15:54:44","LONG","150","BLNK","BLINK CHARGING CO. COMMON STOCK","11.9200","150","2023-04-17 15:03:46","7.7100","-1.15","-693.00","2023-03-28 00:00:00","150","7.3000","-635.00","143497072"
"2023-04-14 11:21:24","LONG","40","WPC","W. P. CAREY","71.4677","40","2023-04-17 14:22:19","72.0065","-0.05","-29.51","2023-04-14 15:21:00","40","70.7300","21.20","144301130"
"2021-12-31 11:23:22","LONG","150","OZON","OZON HOLDINGS PLC ADS","29.5680","150","2023-04-17 13:39:00","11.6000","-5.70","-3140.70","2022-02-24 00:00:00","150","8.6300","-2698.00","138767392"
"2023-04-12 12:23:10","LONG","80","JD","JD.COM INC","37.5841","80","2023-04-17 09:35:53","37.7900","-0.01","-9.07","2023-04-14 00:00:00","8","36.4500","14.40","144272673"
"2023-04-03 11:38:17","LONG","100","SMTC","SEMTECH","23.0300","100","2023-04-12 09:33:46","23.0839","-0.03","-19.60","2023-04-05 00:00:00","10","21.0700","3.00","144156228"
"2023-03-14 15:26:52","LONG","120","VNO","VORNADO REALTY TRUST","16.1550","120","2023-04-06 15:34:45","15.2279","-0.07","-43.50","2023-03-24 00:00:00","12","12.5301","-113.40","143901300"
"2023-02-16 13:37:51","LONG","60","AKAM","AKAMAI TECHNOLOGIES","77.9825","60","2023-03-31 10:57:08","77.6267","-0.07","-44.00","2023-03-13 00:00:00","6","70.6500","-22.20","143609921"
"2023-03-31 09:46:03","LONG","15","SNOW","SNOWFLAKE INC","144.2400","15","2023-03-31 10:46:03","150.4788","0.00","0.00","2023-03-31 09:46:03","","0.0000","93.70","144127574"
"2023-03-31 09:47:42","LONG","80","W","WAYFAIR INC","33.2808","80","2023-03-31 10:28:45","33.9718","-0.01","-5.15","2023-03-31 09:58:00","8","32.6373","53.40","144127638"
"2023-03-28 12:48:13","LONG","40","PDD","PINDUODUO INC. ADS","72.8841","40","2023-03-30 09:35:52","74.3622","-0.01","-6.66","2023-03-29 00:00:00","4","71.2200","58.20","144094446"
"2023-03-27 15:30:27","LONG","80","SLG","SL GREEN REALTY","20.5794","80","2023-03-29 09:42:47","21.8997","-0.01","-8.64","2023-03-28 00:00:00","8","19.5000","104.40","144084767"
"2023-03-23 10:52:45","LONG","20","AAP","ADVANCE AUTO PARTS","113.7907","20","2023-03-27 14:57:27","115.4941","-0.02","-9.47","2023-03-24 00:00:00","2","109.0550","33.60","144012517"
"2023-03-06 14:03:25","LONG","60","MTCH","MATCH GROUP","40.0246","60","2023-03-22 14:29:36","40.1112","-0.05","-32.43","2023-03-13 00:00:00","6","34.6200","3.80","143790569"
"2023-03-21 09:55:06","LONG","70","USB","U.S. BANCORP","36.3871","70","2023-03-21 10:49:30","37.4267","-0.00","-0.61","2023-03-21 09:58:00","7","36.3000","71.60","143976912"
"2023-03-16 15:36:24","LONG","80","W","WAYFAIR INC","32.3829","80","2023-03-21 10:07:28","33.3859","-0.02","-13.46","2023-03-20 00:00:00","8","30.7000","78.40","143936371"
"2023-03-14 12:06:29","LONG","120","KSS","KOHL'S","22.5978","120","2023-03-16 13:48:57","23.3429","-0.02","-13.53","2023-03-15 00:00:00","12","21.4700","86.60","143897600"
"2023-03-10 10:00:27","LONG","30","ETSY","ETSY INC. COMMON STOCK","104.9382","30","2023-03-10 11:37:42","106.9700","-0.01","-4.43","2023-03-10 10:26:00","3","103.4600","60.40","143844543"
"2023-03-07 15:46:24","LONG","140","OMI","OWENS & MINOR INC","14.5487","140","2023-03-08 12:57:00","14.7280","-0.00","-1.66","2023-03-08 09:33:00","14","14.4300","22.20","143807044"
"2023-02-27 15:55:24","LONG","15","MRNA","MODERNA INC. COMMON STOCK","138.6800","15","2023-03-03 10:07:04","141.1400","-0.01","-7.53","2023-03-01 00:00:00","2","133.6600","36.70","143712668"
"2023-02-21 15:29:27","LONG","70","JD","JD.COM INC","47.2688","70","2023-03-03 09:38:09","47.8818","-0.04","-23.09","2023-02-28 00:00:00","7","43.9700","41.60","143653845"
"2023-03-01 10:48:30","LONG","50","CEG","CONSTELLATION ENERGY CORPORATION","74.2600","50","2023-03-02 12:08:09","75.8200","-0.01","-4.21","2023-03-01 11:22:00","5","73.4180","77.00","143734693"
"2023-02-17 10:08:54","LONG","70","AEM","AGNICO EAGLE MINES LIMITED","45.3880","70","2023-02-27 15:02:06","46.1433","-0.01","-6.29","2023-02-24 00:00:00","7","44.4900","51.60","143619408"
"2023-02-23 12:28:53","LONG","50","W","WAYFAIR INC","36.3200","50","2023-02-24 10:39:33","37.2400","-0.02","-9.95","2023-02-23 13:15:00","5","34.3300","45.00","143678526"
"2023-02-17 14:44:15","LONG","140","AFRM","AFFIRM HOLDINGS INC. CLASS A","12.6550","140","2023-02-23 09:37:57","13.4719","-0.01","-6.09","2023-02-21 00:00:00","14","12.2200","111.20","143624355"
"2023-02-17 09:54:22","LONG","70","DVN","DEVON ENERGY","52.8973","70","2023-02-21 15:28:14","53.8520","-0.00","-3.13","2023-02-17 10:16:00","7","52.4500","65.60","143618760"
"2023-02-16 11:25:28","LONG","80","AEM","AGNICO EAGLE MINES LIMITED","48.4330","80","2023-02-16 14:10:05","49.4730","-0.00","-0.14","2023-02-16 11:28:00","8","48.4150","81.40","143607562"
"2023-02-15 11:06:18","LONG","200","LYFT","LYFT INC. CLASS A COMMON STOCK","11.2670","200","2023-02-15 15:49:26","11.5700","-0.00","-1.74","2023-02-15 11:35:00","20","11.1800","57.00","143592476"
"2023-02-15 10:45:05","LONG","180","APPS","DIGITAL TURBINE INC","13.0550","180","2023-02-15 11:59:12","13.3073","0.00","0.00","2023-02-15 10:45:05","","0.0000","41.40","143592122"
"2023-02-09 11:41:51","LONG","30","GOOG","ALPHABET INC CLASS C","94.7650","30","2023-02-15 11:42:55","96.9014","-0.01","-6.35","2023-02-14 00:00:00","3","92.6500","63.40","143525829"
"2023-02-14 11:01:48","LONG","40","W","WAYFAIR INC","50.5500","40","2023-02-15 10:45:32","53.5000","-0.01","-6.16","2023-02-14 12:08:00","4","49.0100","117.20","143577581"
"2023-02-13 10:00:39","LONG","150","AFRM","AFFIRM HOLDINGS INC. CLASS A","12.7291","150","2023-02-15 09:53:19","14.0338","-0.01","-8.69","2023-02-14 00:00:00","15","12.1500","193.00","143560171"
"2023-02-09 09:36:46","LONG","170","UPST","UPSTART HOLDINGS INC. COMMON STOCK","17.8400","170","2023-02-15 09:52:58","20.0800","-0.07","-43.52","2023-02-14 00:00:00","17","15.2800","377.60","143522548"
"2023-02-08 13:24:48","LONG","180","EQT","EQT","29.8380","180","2023-02-09 11:42:02","30.6750","-0.01","-3.47","2023-02-08 15:16:00","18","29.6450","147.40","143510697"
"2023-01-18 14:51:26","LONG","30","ABBV","ABBVIE INC","149.6800","30","2023-02-09 09:46:15","148.3200","-0.03","-18.72","2023-02-02 00:00:00","3","143.4400","-41.60","143257525"
"2023-02-03 14:37:15","LONG","35","COP","CONOCOPHILLIPS","108.5300","35","2023-02-07 15:53:56","112.1375","-0.01","-3.92","2023-02-07 09:46:00","4","107.4100","125.30","143453251"
"2023-02-06 10:51:35","LONG","30","MPC","MARATHON PETROLEUM","115.0500","30","2023-02-07 10:08:38","118.3400","-0.00","-1.50","2023-02-06 10:58:00","3","114.5500","98.40","143472041"
"2023-02-01 15:39:05","LONG","40","CRWD","CROWDSTRIKE HOLDINGS INC. CLASS A","111.4550","40","2023-02-02 09:55:30","114.9700","-0.01","-4.98","2023-02-01 15:52:00","4","110.2100","140.20","143420239"
"2022-06-08 09:45:44","LONG","140","UPST","UPSTART HOLDINGS INC. COMMON STOCK","40.5728","140","2023-02-02 09:55:22","23.8507","-0.74","-399.88","2022-12-28 00:00:00","14","12.0100","-2343.80","140707126"
"2021-11-08 13:11:27","LONG","200","PTON","PELOTON INTERACTIVE INC. CLASS A","32.2394","200","2023-02-01 15:40:07","16.5050","-0.93","-511.59","2022-10-03 00:00:00","20","6.6600","-3151.00","138118730"
"2022-12-01 15:22:00","LONG","180","ZIM","ZIM INTEGRATED SHIPPING SERVICES LTD","20.1444","180","2023-02-01 15:37:05","20.5783","-0.13","-70.43","2022-12-19 00:00:00","18","16.2319","74.40","142739503"
"2022-10-19 11:56:34","LONG","150","CVNA","CARVANA CO","15.6200","150","2023-02-01 15:04:28","12.9220","-0.32","-181.05","2022-12-07 00:00:00","15","3.5500","-408.00","142229790"
"2023-02-01 12:19:15","LONG","180","RIVN","RIVIAN AUTOMOTIVE INC. CLASS A","18.5991","180","2023-02-01 15:02:15","19.5811","-0.00","-1.52","2023-02-01 14:00:00","18","18.5147","173.40","143415770"
"2022-12-02 12:54:06","LONG","30","ZS","ZSCALER INC. COMMON STOCK","128.1557","30","2023-02-01 10:28:12","125.5150","-0.15","-85.55","2023-01-12 00:00:00","3","99.6400","-79.60","142753711"
"2023-01-26 15:32:44","LONG","30","CRWD","CROWDSTRIKE HOLDINGS INC. CLASS A","103.8100","30","2023-02-01 10:19:53","106.7033","-0.02","-9.21","2023-01-31 00:00:00","3","100.7400","86.40","143355964"
"2021-12-21 15:54:50","LONG","35","SQ","BLOCK INC","170.5336","35","2023-01-27 12:16:11","98.8611","-0.55","-307.35","2022-02-24 00:00:00","4","82.7200","-2509.70","138657578"
"2023-01-26 15:33:45","LONG","170","RIVN","RIVIAN AUTOMOTIVE INC. CLASS A","18.2262","170","2023-01-27 12:15:33","19.1300","-0.00","-1.47","2023-01-27 09:30:00","17","18.1400","150.60","143355975"
"2022-12-06 11:05:33","LONG","250","LCID","LUCID GROUP INC","8.6050","250","2023-01-26 15:29:26","8.8600","-0.12","-62.88","2023-01-06 00:00:00","25","6.0900","59.00","142784439"
"2023-01-12 15:40:58","LONG","25","ABBV","ABBVIE INC","152.2790","25","2023-01-17 11:09:46","154.8000","-0.00","-2.35","2023-01-13 00:00:00","2","151.3400","62.50","143200301"
"2023-01-12 13:58:33","LONG","30","CRWD","CROWDSTRIKE HOLDINGS INC. CLASS A","97.8280","30","2023-01-17 11:09:38","102.0000","-0.01","-5.09","2023-01-13 00:00:00","3","96.1300","124.40","143198727"
"2023-01-06 15:35:50","LONG","15","ENPH","ENPHASE ENERGY","235.2080","15","2023-01-11 10:48:20","240.8700","-0.03","-16.14","2023-01-10 00:00:00","2","224.4500","84.70","143129566"
"2023-01-06 15:36:24","LONG","20","TSLA","TESLA  INC.","113.5100","20","2023-01-09 09:43:55","118.5300","-0.00","-2.12","2023-01-06 15:50:00","2","112.4500","99.60","143129572"
"2022-12-20 10:02:38","LONG","300","DNUT","KRISPY KREME INC. COMMON STOCK","10.8615","300","2023-01-06 11:03:50","11.0233","-0.04","-19.55","2022-12-30 00:00:00","30","10.2100","43.00","142939681"
"2023-01-05 12:12:06","LONG","50","ADM","ARCHER-DANIELS MIDLAND","84.4300","50","2023-01-06 11:03:42","86.3400","-0.01","-3.45","2023-01-05 12:40:00","5","83.7400","95.00","143111008"
"2022-12-28 13:47:19","LONG","30","TSLA","TESLA  INC.","113.1860","30","2022-12-29 11:13:05","122.3550","-0.01","-8.03","2022-12-28 15:38:00","3","110.5100","274.40","143022599"
"2022-12-19 15:56:52","LONG","40","COF","CAPITAL ONE FINANCIAL","87.6100","40","2022-12-21 11:14:19","89.7000","-0.00","-1.20","2022-12-20 00:00:00","4","87.3100","83.20","142931346"
"2022-12-01 10:59:55","LONG","130","CFLT","CONFLUENT INC. CLASS A COMMON STOCK","22.0800","130","2022-12-13 09:32:41","24.8123","-0.05","-26.65","2022-12-05 00:00:00","13","20.0300","352.40","142734982"
"2022-11-17 10:20:05","LONG","100","RBLX","ROBLOX CORP","32.3980","100","2022-12-01 15:21:40","33.2550","-0.05","-29.38","2022-11-21 00:00:00","10","29.4601","84.00","142599068"
"2022-11-30 11:24:12","LONG","50","PYPL","PAYPAL HOLDINGS CORP","76.3600","50","2022-12-01 09:45:45","80.2000","-0.01","-5.20","2022-11-30 13:30:00","5","75.3200","191.00","142720444"
"2022-09-13 09:35:13","LONG","60","OKTA","OKTA INC. CL A COMMON STOCK","61.6250","60","2022-12-01 09:45:36","64.1000","-0.19","-105.03","2022-11-04 00:00:00","6","44.1204","147.80","141762855"
"2022-11-30 11:23:32","LONG","40","CRWD","CROWDSTRIKE HOLDINGS INC. CLASS A","111.2400","40","2022-11-30 15:34:28","116.5200","-0.01","-3.76","2022-11-30 12:43:00","4","110.3000","210.20","142720438"
"2022-10-06 13:15:20","LONG","170","LI","LI AUTO INC","21.0478","170","2022-11-15 14:41:24","19.0250","-0.26","-144.99","2022-10-24 00:00:00","17","12.5190","-347.40","142070950"
"2022-08-18 15:57:23","LONG","50","SE","SEA LTD ADS","69.7288","50","2022-11-15 09:37:10","59.8900","-0.27","-145.32","2022-11-09 00:00:00","5","40.6650","-493.00","141467836"
"2022-09-15 15:33:21","LONG","90","TRU","TRANSUNION","68.3699","90","2022-11-10 12:08:49","61.6200","-0.30","-162.45","2022-11-04 00:00:00","9","50.3200","-608.80","141821455"
"2022-11-03 09:39:22","LONG","50","AMZN","AMAZON.COM","93.1000","50","2022-11-10 12:07:42","97.4800","-0.07","-36.15","2022-11-09 00:00:00","5","85.8700","218.00","142424225"
"2022-10-31 15:24:22","LONG","40","RRX","REGAL BELOIT CORP","127.0071","40","2022-10-31 15:59:05","126.1500","-0.01","-4.59","2022-10-31 15:57:00","4","125.8600","-34.80","142385991"
"2022-10-25 11:46:10","LONG","200","LCID","LUCID GROUP INC","13.9800","200","2022-10-26 10:54:15","14.4550","-0.01","-7.20","2022-10-26 00:00:00","20","13.6200","91.00","142303228"
"2022-09-22 12:58:53","LONG","100","NVAX","NOVAVAX","22.5572","100","2022-10-25 13:15:46","22.5483","-0.12","-65.57","2022-10-10 00:00:00","10","16.0000","-3.00","141896100"
"2022-10-20 15:09:24","LONG","70","ZION","ZIONS BANCORPORATION","47.2666","70","2022-10-25 11:44:02","51.0328","-0.01","-4.81","2022-10-21 00:00:00","7","46.5800","262.60","142251390"
"2022-08-11 13:00:40","LONG","60","TWLO","TWILIO INC","85.3400","60","2022-10-04 14:50:49","77.0200","-0.22","-126.29","2022-09-01 00:00:00","6","64.2916","-500.20","141389575"
"2022-09-27 10:50:45","LONG","60","WPC","W. P. CAREY","73.7244","60","2022-10-04 10:52:15","73.7417","-0.06","-35.76","2022-09-29 00:00:00","6","67.7650","-0.20","141944028"
"2022-09-29 11:55:04","LONG","120","ZIM","ZIM INTEGRATED SHIPPING SERVICES LTD","23.6486","120","2022-10-03 11:32:48","24.9040","-0.02","-10.36","2022-09-29 14:59:00","12","22.7850","148.60","141979183"
"2022-09-27 10:51:13","LONG","150","CC","CHEMOURS CO","24.4497","150","2022-09-28 12:18:07","24.8826","-0.02","-9.00","2022-09-27 12:45:00","15","23.8500","62.00","141944050"
"2022-09-19 13:28:39","LONG","60","FIS","FIDELITY NATIONAL INFO","82.2473","60","2022-09-21 11:25:49","82.7747","-0.02","-10.36","2022-09-20 00:00:00","6","80.5200","30.80","141854266"
"2022-09-20 11:05:28","LONG","40","EXPD","EXPEDITORS INTERNATIONAL","89.6600","40","2022-09-21 11:24:57","91.3544","-0.00","-2.48","2022-09-20 13:51:00","4","89.0500","67.20","141864535"
"2022-09-16 09:41:02","LONG","70","GE","GE AEROSPACE","66.1378","70","2022-09-19 15:10:46","66.9117","-0.01","-6.49","2022-09-16 10:04:00","7","65.2100","52.60","141828525"
"2022-09-16 09:41:47","LONG","110","Z","ZILLOW GROUP INC. CLASS C","34.9700","110","2022-09-16 09:55:15","35.3096","0.00","0.00","2022-09-16 09:41:47","","0.0000","34.80","141828558"
"2022-09-14 15:28:32","LONG","70","TRU","TRANSUNION","69.6100","70","2022-09-15 10:03:42","70.6500","-0.00","-1.89","2022-09-15 00:00:00","7","69.3400","71.60","141804148"
"2022-09-14 10:58:19","LONG","150","PARA","PARAMOUNT GLOBAL CLASS B COMMON STOCK","21.5193","150","2022-09-14 15:14:37","21.7975","-0.00","-2.09","2022-09-14 11:29:00","15","21.3800","39.00","141785292"
"2022-08-26 10:50:59","LONG","150","SBLK","STAR BULK CARRIERS","21.8570","150","2022-09-13 13:50:55","21.4100","-0.09","-48.11","2022-09-07 00:00:00","15","18.6500","-70.00","141558017"
"2022-09-13 09:34:40","LONG","180","LCID","LUCID GROUP INC","15.9988","180","2022-09-13 13:49:34","16.4615","-0.00","-1.24","2022-09-13 11:21:00","18","15.9300","79.40","141762820"
"2022-08-18 15:58:04","LONG","180","APP","APPLOVIN CORPORATION CLASS A","28.2731","180","2022-09-12 09:38:25","28.2448","-0.15","-88.26","2022-09-01 00:00:00","18","23.3700","-8.60","141467895"
"2022-08-19 11:49:22","LONG","60","RNG","RINGCENTRAL INC.","45.5470","60","2022-09-09 11:13:46","44.7817","-0.05","-29.74","2022-09-01 00:00:00","6","40.5900","-47.20","141478439"
"2022-09-07 11:56:49","LONG","80","ZIM","ZIM INTEGRATED SHIPPING SERVICES LTD","31.8080","80","2022-09-09 10:05:24","32.7756","-0.02","-13.26","2022-09-08 00:00:00","8","30.1500","75.40","141690793"
"2022-09-01 15:08:01","LONG","50","OKTA","OKTA INC. CL A COMMON STOCK","63.0700","50","2022-09-09 09:50:20","64.1300","-0.03","-18.60","2022-09-07 00:00:00","5","59.3500","52.00","141628237"
"2022-09-06 11:35:37","LONG","80","CIEN","CIENA CORPORTION","43.3900","80","2022-09-08 11:58:29","44.1603","-0.02","-8.80","2022-09-07 00:00:00","8","42.2900","60.40","141672048"
"2022-08-17 11:53:47","LONG","100","APP","APPLOVIN CORPORATION CLASS A","30.2898","100","2022-08-17 14:50:16","30.7648","0.00","0.00","2022-08-17 11:53:47","","0.0000","46.00","141450448"
"2022-08-17 12:02:19","LONG","70","RNG","RINGCENTRAL INC.","47.4368","70","2022-08-17 14:50:10","48.5580","-0.00","-0.40","2022-08-17 12:12:00","7","47.3800","76.60","141450574"
"2022-08-10 15:41:32","LONG","60","TWLO","TWILIO INC","86.9494","60","2022-08-11 09:51:54","89.0659","-0.01","-5.22","2022-08-10 15:57:00","6","86.0800","125.80","141375318"
"2021-11-01 11:53:45","LONG","70","PYPL","PAYPAL HOLDINGS CORP","177.0347","70","2022-08-10 13:12:17","130.6923","-0.82","-437.82","2022-06-30 00:00:00","4","67.5800","-3245.40","138030591"
"2022-08-09 15:09:54","LONG","50","TWLO","TWILIO INC","81.5491","50","2022-08-10 09:34:02","85.5468","-0.00","-1.75","2022-08-09 15:59:00","5","81.2000","199.00","141356003"
"2022-06-09 11:12:55","LONG","70","ZIM","ZIM INTEGRATED SHIPPING SERVICES LTD","54.2231","70","2022-08-08 10:15:55","52.7735","-0.18","-94.87","2022-07-06 00:00:00","7","40.6700","-102.40","140721700"
"2022-08-04 15:35:04","LONG","100","MCY","MERCURY GENERAL","32.4742","100","2022-08-08 10:00:23","33.1190","-0.02","-11.84","2022-08-05 00:00:00","10","31.2900","62.00","141309007"
"2022-08-05 11:38:18","LONG","80","RNG","RINGCENTRAL INC.","48.4267","80","2022-08-08 09:37:11","50.0346","-0.01","-6.37","2022-08-05 15:59:00","8","47.6300","127.40","141318688"
"2022-08-05 11:39:04","LONG","50","TWLO","TWILIO INC","83.5534","50","2022-08-08 09:36:58","89.4623","-0.00","-1.62","2022-08-05 11:48:00","5","83.2300","294.00","141318693"
"2022-05-05 11:13:42","LONG","130","CVNA","CARVANA CO","37.6269","130","2022-08-05 10:17:35","47.2785","-0.45","-236.30","2022-07-14 00:00:00","13","19.4500","1252.40","140380196"
"2022-08-04 13:05:49","LONG","130","APA","APA CORP","31.4883","130","2022-08-05 10:11:10","32.3316","-0.03","-17.40","2022-08-05 00:00:00","13","30.1500","107.40","141306266"
"2022-08-03 10:53:36","LONG","50","SWK","STANLEY BLACK & DECKER","92.6238","50","2022-08-04 12:38:01","94.4578","-0.00","-2.67","2022-08-03 12:07:00","5","92.0900","91.00","141285362"
"2022-08-03 10:42:37","LONG","50","MTCH","MATCH GROUP","62.6006","50","2022-08-04 12:37:52","65.7202","-0.01","-4.25","2022-08-03 10:45:00","5","61.7500","155.00","141285043"
"2022-08-01 15:11:24","LONG","100","AXS","AXIS CAPITAL HOLDINGS","48.9232","100","2022-08-03 09:31:03","49.0116","-0.01","-3.33","2022-08-01 15:55:00","10","48.5900","7.00","141258690"
"2022-08-01 15:42:31","LONG","150","TCEHY","TENCENT HOLDINGS ADR","37.3200","150","2022-08-02 12:45:18","38.6500","-0.01","-3.15","2022-08-02 10:12:00","15","37.1100","197.00","141259015"
"2022-07-29 12:51:17","LONG","60","SWK","STANLEY BLACK & DECKER","94.6645","60","2022-07-29 14:47:28","95.9584","-0.00","-0.57","2022-07-29 13:22:00","6","94.5700","76.80","141233557"
"2022-07-29 11:30:55","LONG","200","INTC","INTEL","35.6995","200","2022-07-29 14:40:17","36.2843","-0.00","-1.99","2022-07-29 11:33:00","20","35.6000","113.00","141231650"
"2022-07-25 15:31:58","LONG","100","NEM","NEWMONT CORP","44.2965","100","2022-07-27 09:31:05","46.3591","-0.00","-2.67","2022-07-25 15:43:00","10","44.0300","204.00","141179375"
"2022-06-22 10:28:17","LONG","80","ROCC","RANGER OIL CORPORATION CLASS A","35.6371","80","2022-07-25 15:22:58","35.3623","-0.12","-63.10","2022-07-06 00:00:00","8","27.7500","-23.60","140831211"
"2022-07-21 12:39:30","LONG","40","IBM","INTERNATIONAL BUSINESS MACHINES","126.5835","40","2022-07-25 15:22:39","128.3207","-0.01","-3.49","2022-07-22 00:00:00","4","125.7100","68.20","141138562"
"2022-07-14 10:55:17","LONG","120","APA","APA CORP","30.9906","120","2022-07-20 09:36:40","34.3350","-0.01","-4.04","2022-07-14 11:36:00","12","30.6541","398.60","141060334"
"2022-07-01 11:20:30","LONG","50","AMD","ADVANCED MICRO DEVICES INC. C","73.7696","50","2022-07-07 09:36:51","77.3505","-0.02","-10.85","2022-07-05 00:00:00","5","71.6000","178.00","140935337"
"2022-06-24 11:14:32","LONG","40","BG","BUNGE","88.9675","40","2022-06-29 09:31:38","90.9018","-0.01","-5.25","2022-06-24 13:44:00","4","87.6550","76.20","140854924"
"2022-06-24 15:32:21","LONG","50","DVA","DAVITA INC","77.2516","50","2022-06-29 09:31:20","81.8861","-0.00","-2.26","2022-06-27 00:00:00","5","76.8000","231.00","140857830"
"2022-06-02 11:46:42","LONG","100","TDOC","TELADOC HEALTH INC","35.3849","100","2022-06-24 15:31:47","36.9850","-0.15","-75.25","2022-06-14 00:00:00","10","27.8600","158.00","140662196"
"2022-06-02 11:48:49","LONG","50","WIX","WIX.COM LTD. ORDINARY SHARES","64.9100","50","2022-06-24 11:09:47","67.5594","-0.11","-58.95","2022-06-13 00:00:00","5","53.1200","131.00","140662274"
"2022-06-17 14:18:13","LONG","120","BP","BP","28.0080","120","2022-06-21 09:38:17","29.1203","-0.01","-3.22","2022-06-17 15:15:00","12","27.7400","130.60","140800178"
"2022-03-22 10:30:04","LONG","80","OKTA","OKTA INC. CL A COMMON STOCK","97.1556","80","2022-06-08 09:44:54","101.9852","-0.24","-127.88","2022-05-24 00:00:00","4","77.0100","384.40","139873415"
"2022-04-26 11:14:06","LONG","80","RIVN","RIVIAN AUTOMOTIVE INC. CLASS A","31.6254","80","2022-06-02 11:44:24","31.9511","-0.19","-99.00","2022-05-11 00:00:00","8","19.2500","24.40","140267434"
"2022-06-01 15:47:26","LONG","120","BIG","BIG LOTS","22.6292","120","2022-06-02 11:44:09","23.6788","-0.01","-4.42","2022-06-02 00:00:00","12","22.2612","123.60","140653900"
"2021-12-14 11:22:02","LONG","100","RUN","SUNRUN INC. COMMON STOCK","36.4400","100","2022-05-31 15:01:03","25.9206","-0.38","-196.40","2022-05-12 00:00:00","10","16.8000","-1054.00","138576703"
"2022-05-05 11:14:45","LONG","1","AMZN","AMAZON.COM","2342.9567","1","2022-05-31 14:59:04","2402.6900","-0.06","-31.78","2022-05-24 00:00:00","0","2025.2000","59.98","140380221"
"2022-05-26 11:57:50","LONG","200","SNAP","SNAP INC","14.8125","200","2022-05-27 10:35:44","15.1128","-0.01","-6.65","2022-05-26 15:18:00","20","14.4800","56.00","140608062"
"2022-05-18 12:33:03","LONG","40","WMT","WALMART INC.","122.5410","40","2022-05-26 11:56:50","125.6700","-0.04","-21.08","2022-05-20 00:00:00","4","117.2700","124.20","140520454"
"2022-05-20 11:49:35","LONG","80","KSS","KOHL'S","39.8084","80","2022-05-26 11:56:43","42.5240","-0.08","-41.35","2022-05-24 00:00:00","8","34.6400","215.40","140546653"
"2022-05-05 11:15:23","LONG","30","DASH","DOORDASH INC. CLASS A","71.0678","30","2022-05-13 11:46:05","74.2200","-0.08","-40.40","2022-05-12 00:00:00","3","57.6000","94.40","140380236"
"2022-04-26 11:15:45","LONG","100","LAC","LITHIUM AMERICAS INC","25.3356","100","2022-05-04 09:45:52","26.3750","-0.02","-13.16","2022-04-28 00:00:00","10","24.0200","102.00","140267468"
"2022-04-26 11:13:32","LONG","40","AMD","ADVANCED MICRO DEVICES INC. C","85.7186","40","2022-04-28 09:57:57","86.2810","-0.01","-6.79","2022-04-27 00:00:00","4","84.0200","22.20","140267409"
"2022-04-26 11:23:45","LONG","100","APP","APPLOVIN CORPORATION CLASS A","38.0712","100","2022-04-28 09:57:27","39.2649","-0.03","-14.71","2022-04-27 00:00:00","10","36.6000","117.00","140267684"
"2022-04-19 14:42:32","LONG","140","PFE","PFIZER","49.8898","140","2022-04-26 11:16:26","49.6250","-0.07","-38.78","2022-04-25 00:00:00","14","47.1200","-39.80","140187433"
"2022-04-06 14:45:30","LONG","15","MKTX","MARKETAXESS HOLDINGS","286.1657","15","2022-04-20 11:03:50","276.6630","-0.08","-44.87","2022-04-18 00:00:00","2","256.2550","-143.30","140048747"
"2022-04-06 09:50:29","LONG","50","AAWW","ATLAS AIR WORLDWIDE","72.5924","50","2022-04-19 14:05:46","70.9026","-0.06","-37.96","2022-04-11 00:00:00","5","65.0000","-85.00","140042826"
"2022-04-18 15:48:46","LONG","80","XPO","XPO INC","54.8490","80","2022-04-19 11:58:21","56.6175","-0.00","-0.63","2022-04-18 15:51:00","8","54.7700","139.40","140174242"
"2022-04-04 15:20:06","LONG","27","JBHT","J.B. HUNT TRANSPORT","176.6769","27","2022-04-18 15:48:24","170.2561","-0.05","-30.42","2022-04-06 00:00:00","3","165.4100","-173.54","140022900"
"2022-03-31 12:11:20","LONG","25","LOW","LOWE'S COMPANIES","206.0808","25","2022-04-08 11:03:24","207.4720","-0.04","-23.60","2022-04-06 00:00:00","2","196.6400","34.50","139981606"
"2022-04-07 11:26:27","LONG","120","GM","GENERAL MOTORS","38.2389","120","2022-04-07 15:53:47","38.8350","-0.01","-7.67","2022-04-07 12:50:00","12","37.6000","69.60","140059760"
"2022-03-28 10:32:42","LONG","20","LOW","LOWE'S COMPANIES","209.7252","20","2022-03-29 09:35:57","219.8119","-0.00","-0.83","2022-03-28 10:41:00","2","209.3100","201.60","139940475"
"2022-02-11 14:02:44","LONG","60","NEWR","NEW RELIC INC","73.2172","60","2022-03-21 15:45:36","66.0586","-0.17","-100.18","2022-03-14 00:00:00","6","56.5200","-431.20","139360618"
"2022-03-17 13:53:22","LONG","80","RIVN","RIVIAN AUTOMOTIVE INC. CLASS A","41.7488","80","2022-03-18 12:40:00","44.8922","-0.01","-3.27","2022-03-17 14:03:00","8","41.3400","249.40","139823534"
"2022-03-01 11:09:04","LONG","30","PPG","PPG INDUSTRIES","128.1700","30","2022-03-16 09:42:19","126.3474","-0.09","-50.55","2022-03-08 00:00:00","3","111.3200","-55.60","139591615"
"2022-03-14 10:23:03","LONG","25","BIDU","BAIDU","112.7500","25","2022-03-16 09:36:48","124.0182","-0.04","-22.45","2022-03-15 00:00:00","2","103.7700","281.50","139770594"
"2022-03-04 15:43:49","LONG","40","APTV","APTIV PLC","105.8100","40","2022-03-09 09:33:33","107.2089","-0.08","-44.24","2022-03-08 00:00:00","4","94.7500","55.20","139659107"
"2022-02-16 12:11:47","LONG","80","BKI","BLACK IRON INC","60.7121","80","2022-03-04 15:43:58","60.3848","-0.12","-69.70","2022-02-24 00:00:00","8","52.0000","-27.60","139418825"
"2022-02-25 12:01:22","LONG","20","ZS","ZSCALER INC. COMMON STOCK","212.3907","20","2022-03-01 11:08:22","253.3723","-0.01","-4.78","2022-02-25 12:56:00","2","210.0000","819.60","139552061"
"2022-02-07 09:49:13","LONG","30","FB","PROSHARES S&P 500 DYNAMIC BUFFER ETF","233.9900","30","2022-02-09 14:09:52","232.1350","-0.09","-53.52","2022-02-08 00:00:00","3","216.1500","-56.60","139284478"
"2022-02-02 15:43:01","LONG","30","ETSY","ETSY INC. COMMON STOCK","138.1512","30","2022-02-09 14:05:50","145.3988","-0.06","-38.34","2022-02-03 00:00:00","3","125.3700","216.40","139222659"
"2022-01-19 09:57:08","LONG","40","JPM","JPMORGAN CHASE","149.9995","40","2022-01-31 15:56:36","148.5623","-0.07","-41.72","2022-01-24 00:00:00","4","139.5700","-57.80","139008942"
"2022-01-04 15:46:54","LONG","8","HUBS","HUBSPOT INC","557.4900","8","2022-01-31 11:45:49","481.1400","-0.21","-123.59","2022-01-24 00:00:00","1","403.0000","-611.16","138817665"
"2022-01-27 11:15:37","LONG","130","RBLX","ROBLOX CORP","61.5288","130","2022-01-31 09:57:48","63.4118","-0.18","-102.68","2022-01-28 00:00:00","13","53.6300","242.40","139128009"
"2022-01-27 11:37:37","LONG","40","QDEL","QUIDEL","94.3554","40","2022-01-28 15:49:20","100.8425","-0.02","-12.86","2022-01-27 14:55:00","4","91.1400","258.20","139128637"
"2022-01-24 13:45:26","LONG","10","NFLX","NETFLIX","373.5000","10","2022-01-27 10:10:57","389.2267","-0.03","-16.88","2022-01-26 00:00:00","1","356.6200","156.80","139077959"
"2022-01-18 12:21:44","LONG","80","ASAN","ASANA INC","55.4827","80","2022-01-24 15:51:16","54.9139","-0.13","-77.62","2022-01-24 09:30:00","8","45.7800","-47.60","138992327"
"2022-01-24 13:46:05","LONG","50","RIVN","RIVIAN AUTOMOTIVE INC. CLASS A","60.1299","50","2022-01-24 15:51:00","63.5323","-0.00","-0.35","2022-01-24 13:52:00","5","60.0600","169.00","139077972"
"2021-03-26 10:24:56","LONG","120","VIAC","VIACOMCBS INC CLASS B","60.2969","120","2022-01-24 13:44:51","31.2311","-0.59","-384.08","2021-12-20 00:00:00","12","28.2900","-3490.40","134883030"
"2022-01-10 15:37:17","LONG","12","LULU","LULULEMON ATHLETICA","347.3281","12","2022-01-11 15:43:57","347.0691","-0.02","-12.33","2022-01-11 10:42:00","1","337.0500","-3.24","138893821"
"2022-01-06 15:56:35","LONG","120","OSH","OAK STREET HEALTH INC","26.7850","120","2022-01-11 10:40:58","26.8386","-0.07","-44.94","2022-01-10 00:00:00","12","23.0400","3.60","138856182"
"2022-01-04 11:14:17","LONG","70","JD","JD.COM INC","63.6559","70","2022-01-05 11:53:35","65.2110","-0.02","-10.40","2022-01-05 00:00:00","7","62.1700","107.60","138812106"
"2022-01-04 11:14:38","LONG","80","ZI","ZOOMINFO TECHNOLOGIES INC","56.1577","80","2022-01-04 15:46:04","59.1529","-0.00","-2.14","2022-01-04 11:17:00","8","55.8900","238.40","138812117"
"2021-12-22 15:07:27","LONG","30","KMX","CARMAX","128.4599","30","2021-12-31 11:21:56","128.6412","-0.02","-10.78","2021-12-27 00:00:00","3","124.8650","4.40","138670582"
"2021-12-23 15:10:10","LONG","40","CROX","CROCS","122.0700","40","2021-12-28 10:05:33","132.7729","-0.00","-1.04","2021-12-27 00:00:00","4","121.8100","427.20","138690468"
"2021-12-17 15:48:38","LONG","16","LULU","LULULEMON ATHLETICA","382.8126","16","2021-12-22 10:42:47","388.6473","-0.04","-26.17","2021-12-20 00:00:00","2","366.4530","92.68","138624071"
"2021-11-17 10:55:05","LONG","110","ATVI","ACTIVISION BLIZZARD","64.5894","110","2021-12-21 15:41:31","63.5150","-0.14","-90.08","2021-12-03 00:00:00","11","56.4000","-120.20","138228655"
"2021-12-21 12:16:37","LONG","120","LCID","LUCID GROUP INC","37.5250","120","2021-12-21 15:41:16","38.2616","-0.00","-3.18","2021-12-21 12:53:00","12","37.2600","85.60","138654961"
"2021-12-17 09:47:56","LONG","40","UPST","UPSTART HOLDINGS INC. COMMON STOCK","131.8432","40","2021-12-21 09:37:38","140.3739","-0.01","-9.37","2021-12-20 00:00:00","4","129.5000","340.20","138617780"
"2021-12-15 15:12:16","LONG","80","GDS","GDS HOLDINGS LIMITED ADS","42.4082","80","2021-12-17 11:09:03","45.4054","-0.00","-0.23","2021-12-15 15:15:00","8","42.3800","238.40","138593937"
"2021-12-17 09:47:29","LONG","30","W","WAYFAIR INC","186.0023","30","2021-12-17 11:08:53","202.0773","0.00","0.00","2021-12-17 09:47:29","","0.0000","481.40","138617763"
"2021-12-14 11:21:30","LONG","30","UPST","UPSTART HOLDINGS INC. COMMON STOCK","139.1670","30","2021-12-15 15:08:04","149.0618","-0.00","-2.69","2021-12-14 11:32:00","3","138.2720","296.40","138576687"
"2021-12-02 15:28:08","LONG","30","ZM","ZOOM COMMUNICATIONS INC. CLASS A","192.1600","30","2021-12-08 14:53:14","193.9413","-0.08","-50.67","2021-12-06 00:00:00","3","175.2700","52.40","138436191"
"2021-12-06 10:13:45","LONG","30","ESTC","ELASTIC NV","109.3802","30","2021-12-07 09:34:07","118.9522","-0.01","-7.68","2021-12-06 11:27:00","3","106.8200","286.40","138472579"
"2021-12-06 15:31:16","LONG","20","ZS","ZSCALER INC. COMMON STOCK","272.0643","20","2021-12-07 09:30:50","285.5343","0.00","0.00","2021-12-06 15:31:16","","0.0000","268.60","138481035"
"2021-12-03 14:52:10","LONG","80","ZI","ZOOMINFO TECHNOLOGIES INC","56.7192","80","2021-12-06 14:52:20","60.0424","-0.01","-6.55","2021-12-06 09:39:00","8","55.9000","264.40","138454928"
"2021-11-18 10:18:37","LONG","90","Z","ZILLOW GROUP INC. CLASS C","57.3578","90","2021-12-03 14:51:15","59.6022","-0.07","-43.09","2021-11-23 00:00:00","9","52.5702","200.20","138244847"
"2021-12-02 15:27:28","LONG","15","SPY","SPDR S&P 500","457.5162","15","2021-12-02 15:48:08","458.1806","-0.00","-0.10","2021-12-02 15:30:00","2","457.4500","9.70","138436186"
"2021-12-01 15:36:34","LONG","60","BBY","BEST BUY","103.1870","60","2021-12-02 09:58:12","105.0183","-0.01","-5.74","2021-12-01 15:59:00","6","102.2300","108.80","138420592"
"2021-12-01 15:19:38","LONG","30","CRWD","CROWDSTRIKE HOLDINGS INC. CLASS A","200.7657","30","2021-12-02 09:58:04","207.5622","-0.01","-4.75","2021-12-01 15:25:00","3","199.1830","203.40","138419143"
"2021-11-23 11:13:47","LONG","30","OKTA","OKTA INC. CL A COMMON STOCK","220.3227","30","2021-11-29 09:33:34","222.7474","-0.06","-36.25","2021-11-24 00:00:00","3","208.2400","72.40","138312625"
"2021-11-18 10:17:43","LONG","40","TDOC","TELADOC HEALTH INC","125.3900","40","2021-11-26 09:35:29","116.2945","-0.16","-99.52","2021-11-24 00:00:00","4","100.5100","-364.80","138244793"
"2021-11-22 14:23:13","LONG","30","RNG","RINGCENTRAL INC.","218.7770","30","2021-11-24 11:47:54","222.8689","-0.06","-39.59","2021-11-23 00:00:00","3","205.5800","122.40","138298792"
"2021-11-19 13:03:42","LONG","100","CMP","COMPASS MINERALS","52.6800","100","2021-11-22 15:51:53","52.5309","-0.02","-12.30","2021-11-22 14:08:00","10","51.4500","-17.00","138271272"
"2021-11-19 13:03:16","SHORT","100","CMP","COMPASS MINERALS","52.5678","100","2021-11-19 13:03:42","52.6878","-0.00","-1.20","2021-11-19 13:03:42","10","52.6878","-14.00","138271257"
"2021-11-18 14:49:51","LONG","90","LMND","LEMONADE INC","54.3262","90","2021-11-19 11:42:40","55.7034","-0.02","-12.39","2021-11-19 00:00:00","9","52.9500","122.20","138250437"
"2021-11-17 10:55:42","LONG","90","DVA","DAVITA INC","99.7735","90","2021-11-18 10:17:55","100.6848","-0.00","-1.65","2021-11-17 12:15:00","9","99.5900","80.20","138228669"
"2021-11-15 14:57:19","LONG","150","JAMF","JAMF HOLDING CORP. COMMON STOCK","30.9084","150","2021-11-17 10:54:27","32.0022","-0.01","-5.53","2021-11-15 15:05:00","15","30.5400","161.00","138202024"
"2021-11-11 09:48:11","LONG","220","DDD","3D SYSTEMS","25.2665","220","2021-11-12 11:55:03","25.6911","-0.01","-4.65","2021-11-11 10:11:00","22","25.0550","88.60","138159617"
"2021-10-28 11:53:13","LONG","100","FOUR","SHIFT4 PAYMENTS INC","67.7156","100","2021-11-10 09:35:44","71.0789","-0.16","-103.16","2021-11-04 00:00:00","10","57.4000","334.00","137993327"
"2021-10-27 12:34:30","LONG","140","PINS","PINTEREST INC","45.9285","140","2021-11-05 15:18:40","46.2500","-0.06","-36.80","2021-11-05 09:32:00","14","43.3000","42.20","137978836"
"2021-11-03 12:55:53","LONG","100","Z","ZILLOW GROUP INC. CLASS C","68.0000","100","2021-11-04 10:57:35","69.6500","-0.08","-48.70","2021-11-03 15:11:00","10","63.1300","163.00","138062147"
"2021-11-02 15:32:27","LONG","60","WEX","WEX INC","143.4200","60","2021-11-03 11:54:53","146.3739","-0.01","-3.60","2021-11-03 00:00:00","6","142.8200","175.80","138049672"
"2021-11-01 11:53:18","LONG","80","GRMN","GARMIN","142.0479","80","2021-11-02 11:15:07","144.4083","-0.01","-9.34","2021-11-01 15:27:00","8","140.8800","187.40","138030581"
"2021-10-29 15:40:34","LONG","60","WEX","WEX INC","149.6232","60","2021-11-01 11:25:44","154.7178","-0.01","-4.58","2021-11-01 09:42:00","6","148.8600","304.80","138011100"
"2021-10-26 11:45:35","LONG","220","INTC","INTEL","48.2622","220","2021-10-29 15:39:41","49.0400","-0.01","-8.63","2021-10-27 00:00:00","22","47.8700","166.60","137961219"
"2021-10-26 14:49:51","LONG","80","BC","BRUNSWICK","91.6852","80","2021-10-28 13:44:20","92.2756","-0.04","-26.20","2021-10-28 09:39:00","8","88.4100","45.40","137964489"
"2021-10-28 11:54:02","LONG","80","FISV","FISERV INC.","95.4500","80","2021-10-28 12:03:34","96.9556","0.00","0.00","2021-10-28 11:54:02","","0.0000","118.40","137993335"
"2021-10-27 12:34:15","LONG","120","SNAP","SNAP INC","52.6880","120","2021-10-28 11:52:52","53.8559","-0.02","-10.06","2021-10-27 15:35:00","12","51.8500","137.60","137978832"
"2021-10-25 15:39:05","LONG","120","SNAP","SNAP INC","54.5400","120","2021-10-26 09:48:31","55.2005","-0.00","-1.32","2021-10-25 15:59:00","12","54.4300","76.60","137949330"
"2021-10-22 13:45:48","LONG","120","DKNG","DRAFTKINGS INC. CLASS A COMMON STOCK","46.6244","120","2021-10-25 15:29:51","46.7350","-0.02","-15.14","2021-10-25 09:44:00","12","45.3625","10.60","137923269"
"2021-10-21 14:43:59","LONG","30","PYPL","PAYPAL HOLDINGS CORP","244.9800","30","2021-10-25 09:31:09","253.5589","-0.02","-15.69","2021-10-22 00:00:00","3","239.7500","256.40","137908316"
"2021-09-22 15:55:47","LONG","60","PTON","PELOTON INTERACTIVE INC. CLASS A","94.5900","60","2021-10-21 14:43:05","94.8039","-0.13","-81.30","2021-10-06 00:00:00","6","81.0400","11.80","137485529"
"2021-10-08 14:23:51","LONG","200","PAGS","PAGSEGURO DIGITAL","36.9614","200","2021-10-15 11:09:35","36.7581","-0.14","-89.55","2021-10-11 00:00:00","12","31.1000","-45.00","137733018"
"2021-05-21 12:13:15","LONG","330","ATHM","AUTOHOME INC","55.3333","330","2021-10-14 12:13:36","49.6895","-1.26","-649.55","2021-08-17 00:00:00","33","35.6500","-1868.60","135723159"
"2021-10-12 10:56:29","LONG","80","TMUS","T-MOBILE US INC. COMMON STOCK","117.7363","80","2021-10-14 10:10:20","118.7244","-0.02","-13.89","2021-10-13 00:00:00","8","116.0000","77.40","137771862"
"2021-10-13 11:18:14","LONG","80","MNST","MONSTER BEVERAGE","85.2754","80","2021-10-14 10:10:10","86.2956","-0.00","-2.20","2021-10-13 11:37:00","8","85.0000","80.40","137789916"
"2021-10-13 10:35:33","LONG","70","OSK","OSHKOSH","96.7000","70","2021-10-13 11:18:29","97.9563","-0.00","-0.49","2021-10-13 10:40:00","7","96.6300","86.60","137789129"
"2021-10-12 10:56:54","LONG","80","CTXS","CITRIX SYSTEMS","92.2056","80","2021-10-13 10:35:02","93.1094","-0.02","-13.16","2021-10-13 00:00:00","8","90.5600","70.40","137771874"
"2021-10-11 12:05:06","LONG","100","FOUR","SHIFT4 PAYMENTS INC","70.7700","100","2021-10-12 13:05:02","70.6449","-0.04","-27.70","2021-10-11 15:54:00","10","68.0000","-15.00","137754955"
"2021-10-06 12:51:04","LONG","70","ROST","ROSS STORES","105.4744","70","2021-10-07 09:33:34","108.0800","-0.01","-3.92","2021-10-06 13:05:00","7","104.9150","180.60","137696206"
"2021-10-04 11:12:49","LONG","60","BAND","BANDWIDTH INC. CLASS A COMMON STOCK","83.9600","60","2021-10-05 12:09:40","83.8600","-0.02","-10.25","2021-10-04 13:28:00","6","82.2522","-7.20","137647806"
"2021-10-01 10:55:54","LONG","100","LMND","LEMONADE INC","64.1500","100","2021-10-05 10:12:15","64.7300","-0.05","-31.00","2021-10-04 00:00:00","10","61.0500","56.00","137619355"
"2021-10-04 10:54:47","LONG","100","ZIM","ZIM INTEGRATED SHIPPING SERVICES LTD","44.5344","100","2021-10-05 09:51:42","46.0680","-0.02","-11.24","2021-10-04 15:52:00","10","43.4100","151.00","137646971"
"2021-10-04 11:13:09","LONG","40","ESTC","ELASTIC NV","140.9289","40","2021-10-04 15:12:39","141.7619","-0.01","-5.90","2021-10-04 11:57:00","4","139.4550","32.20","137647823"
"2021-10-01 10:56:22","LONG","100","ZIM","ZIM INTEGRATED SHIPPING SERVICES LTD","48.5489","100","2021-10-01 15:05:45","50.0600","-0.01","-6.09","2021-10-01 11:10:00","10","47.9400","149.00","137619361"
"2021-09-30 13:08:32","LONG","100","S","SENTINELONE INC","54.3518","100","2021-10-01 15:05:31","55.6092","-0.04","-22.62","2021-10-01 10:40:00","10","52.0900","124.00","137603264"
"2021-09-29 14:31:44","LONG","80","NET","CLOUDFLARE INC","112.5800","80","2021-09-29 15:02:02","113.8500","-0.00","-0.64","2021-09-29 14:35:00","8","112.5000","100.40","137586783"
"2021-09-29 12:04:08","LONG","60","LSPD","LIGHTSPEED COMMERCE INC","100.9400","60","2021-09-29 12:24:18","102.8000","-0.00","-1.62","2021-09-29 12:11:00","6","100.6700","110.80","137584241"
"2021-09-28 10:57:10","LONG","20","ROKU","ROKU INC. CLASS A COMMON STOCK","311.0500","20","2021-09-29 09:36:46","314.1944","-0.01","-7.00","2021-09-28 11:18:00","2","307.5500","62.60","137562220"
"2021-09-16 10:27:01","LONG","80","WYNN","WYNN RESORTS","84.0736","80","2021-09-23 12:13:11","83.4908","-0.07","-44.19","2021-09-21 00:00:00","8","78.5500","-48.60","137398491"
"2021-09-21 14:14:56","LONG","100","ATVI","ACTIVISION BLIZZARD","73.8900","100","2021-09-23 09:54:42","74.2948","-0.03","-16.90","2021-09-22 00:00:00","10","72.2000","38.00","137466121"
"2021-09-21 14:34:47","LONG","110","VFC","VF","66.1775","110","2021-09-23 09:54:31","67.4411","-0.02","-9.21","2021-09-22 00:00:00","11","65.3400","136.80","137466486"
"2021-09-02 11:37:48","LONG","30","FIVE","FIVE BELOW INC","191.3389","30","2021-09-22 15:56:06","191.4100","-0.06","-39.42","2021-09-08 00:00:00","3","178.2000","1.40","137226125"
"2021-09-21 11:18:08","LONG","80","NUE","NUCOR","93.7000","80","2021-09-21 14:15:08","96.1100","-0.00","-2.96","2021-09-21 11:29:00","8","93.3300","191.40","137462494"
"2021-09-20 15:48:40","LONG","130","NEM","NEWMONT CORP","53.8279","130","2021-09-21 11:01:27","54.5776","0.00","0.00","2021-09-20 15:48:40","","0.0000","94.40","137450387"
"2021-09-20 15:54:42","LONG","130","YUMC","YUM CHINA HOLDINGS INC","53.4686","130","2021-09-21 10:37:07","54.1211","0.00","0.00","2021-09-20 15:54:42","","0.0000","82.40","137450605"
"2021-09-15 14:17:34","LONG","150","STNE","STONECO LTD. CLASS A COMMON SHARES","40.8043","150","2021-09-17 10:34:38","41.1900","-0.02","-10.26","2021-09-16 00:00:00","15","40.1200","55.00","137386539"
"2021-09-10 15:48:45","LONG","30","RNG","RINGCENTRAL INC.","219.8450","30","2021-09-16 14:08:37","223.7040","-0.04","-21.56","2021-09-15 00:00:00","3","212.6600","115.40","137330294"
"2021-09-15 11:17:45","LONG","80","DLTR","DOLLAR TREE STORES","87.6744","80","2021-09-16 11:38:12","89.1638","-0.00","-1.24","2021-09-15 12:32:00","8","87.5200","117.40","137382920"
"2021-09-14 11:40:27","LONG","200","GRWG","GROWGENERATION CORP. COMMON STOCK","26.4550","200","2021-09-15 15:19:18","26.8347","-0.05","-29.10","2021-09-14 14:02:00","20","25.0000","72.00","137367683"
"2021-09-08 11:59:47","LONG","200","SKX","SKECHERS USA","46.3786","200","2021-09-09 12:07:51","47.4657","-0.01","-6.17","2021-09-08 14:53:00","20","46.0700","213.00","137291124"
"2021-07-15 10:14:51","LONG","400","PTRA","PROTERRA INC","12.4696","400","2021-09-03 10:45:16","11.5516","-0.29","-147.99","2021-08-19 00:00:00","40","8.7700","-375.00","136505410"
"2021-08-30 15:39:35","LONG","80","DLTR","DOLLAR TREE STORES","91.1500","80","2021-09-02 11:36:55","91.9756","-0.02","-12.08","2021-09-01 00:00:00","8","89.6400","64.40","137181942"
"2021-09-01 15:13:33","LONG","130","WFC","WELLS FARGO","43.6972","130","2021-09-02 11:36:49","44.8150","-0.01","-4.64","2021-09-01 16:00:00","13","43.3400","142.40","137214285"
"2021-02-16 12:29:54","LONG","180","AFRM","AFFIRM HOLDINGS INC. CLASS A","96.7171","180","2021-08-30 09:30:22","83.4411","-1.74","-903.91","2021-05-11 00:00:00","18","46.5000","-2393.60","134089823"
"2021-07-15 15:05:49","LONG","100","WWE","WORLD WRESTLING","51.6089","100","2021-08-26 13:11:29","51.2244","-0.09","-47.99","2021-08-19 00:00:00","10","46.8100","-40.00","136514823"
"2021-07-15 13:44:44","LONG","30","COUP","COUPA SOFTWARE INCORPORATED","231.8000","30","2021-08-24 10:02:14","228.9122","-0.16","-84.88","2021-08-17 00:00:00","3","203.5050","-87.60","136512241"
"2021-08-13 14:29:26","LONG","150","GRWG","GROWGENERATION CORP. COMMON STOCK","32.0523","150","2021-08-24 10:02:07","31.4652","-0.10","-53.13","2021-08-19 00:00:00","15","28.5100","-91.00","136960606"
"2021-08-23 15:04:40","LONG","140","AI","C3.AI INC","46.6648","140","2021-08-24 09:34:43","48.2597","-0.01","-5.81","2021-08-23 15:19:00","14","46.2500","220.20","137086193"
"2021-08-18 11:30:39","LONG","130","AEM","AGNICO EAGLE MINES LIMITED","56.5296","130","2021-08-23 09:36:16","57.2678","-0.02","-12.60","2021-08-20 00:00:00","13","55.5600","93.40","137019814"
"2021-08-19 14:06:37","LONG","150","AA","ALCOA","36.6495","150","2021-08-20 09:58:46","37.5330","-0.00","-0.62","2021-08-19 14:31:00","15","36.6085","130.00","137042818"
"2021-07-01 11:50:35","LONG","60","APP","APPLOVIN CORPORATION CLASS A","70.5502","60","2021-08-19 14:06:50","65.5129","-0.18","-95.58","2021-08-16 00:00:00","6","54.6200","-303.20","136289008"
"2021-08-19 09:37:42","LONG","100","BILI","BILIBILI INC. ADS","63.2589","100","2021-08-19 10:20:54","65.9000","-0.03","-15.09","2021-08-19 09:44:00","10","61.7500","262.00","137034607"
"2021-08-12 10:51:01","LONG","100","MU","MICRON TECHNOLOGY","69.8791","100","2021-08-13 11:44:22","70.7920","-0.02","-10.69","2021-08-12 13:35:00","10","68.8100","89.00","136938460"
"2021-08-09 11:24:05","SHORT","60","FMC","FMC","95.8491","60","2021-08-09 11:24:28","95.9800","-0.00","-0.79","2021-08-09 11:24:28","6","95.9800","-9.20","136885107"
"2021-08-06 13:15:33","LONG","120","TSP","TUSIMPLE HOLDINGS INC. CLASS A","33.3900","120","2021-08-09 11:24:23","34.1200","-0.02","-11.76","2021-08-09 09:45:00","12","32.4100","85.60","136863341"
"2021-08-05 11:47:48","LONG","60","FMC","FMC","94.7300","60","2021-08-09 11:23:51","95.9556","-0.02","-11.28","2021-08-05 13:41:00","6","92.8500","72.80","136844761"
"2021-08-03 14:03:30","LONG","50","FIS","FIDELITY NATIONAL INFO","130.8218","50","2021-08-06 13:14:39","134.1200","-0.03","-14.96","2021-08-04 00:00:00","5","127.8300","164.00","136809915"
"2021-07-30 12:27:10","LONG","20","PYPL","PAYPAL HOLDINGS CORP","276.8300","20","2021-08-05 11:43:56","278.9856","-0.03","-14.52","2021-08-03 00:00:00","2","269.5700","42.60","136760217"
"2021-07-30 09:56:28","LONG","20","W","WAYFAIR INC","248.0983","20","2021-08-03 13:55:50","248.8044","-0.05","-27.84","2021-08-02 00:00:00","2","234.1800","13.60","136755915"
"2021-04-28 12:18:54","LONG","200","AVIR","ATEA PHARMACEUTICALS INC. COMMON STOCK","27.0800","200","2021-08-02 13:40:37","26.5356","-0.33","-167.20","2021-05-13 00:00:00","20","18.7200","-113.00","135356213"
"2021-07-12 15:57:12","LONG","140","DDD","3D SYSTEMS","31.0681","140","2021-07-29 14:43:29","27.5421","-0.20","-109.59","2021-07-27 00:00:00","14","23.2400","-496.80","136457172"
"2021-07-26 15:50:31","LONG","60","NTES","NETEASE","89.9989","60","2021-07-28 09:33:16","96.0689","-0.08","-44.99","2021-07-27 00:00:00","6","82.5000","362.80","136683934"
"2021-07-15 14:48:25","LONG","250","NCLH","NORWEGIAN CRUISE LINE HOLDINGS","24.0700","250","2021-07-21 09:40:52","24.4060","-0.13","-69.75","2021-07-19 00:00:00","25","21.2800","79.00","136514561"
"2021-06-17 12:51:47","LONG","100","NEM","NEWMONT CORP","63.7961","100","2021-07-13 11:48:16","64.0550","-0.04","-21.66","2021-06-29 00:00:00","10","61.6300","24.00","136100448"
"2021-07-07 11:03:48","LONG","70","WYNN","WYNN RESORTS","113.4989","70","2021-07-12 15:53:49","113.9438","-0.04","-25.05","2021-07-08 00:00:00","7","109.9200","29.60","136362248"
"2021-07-08 10:17:36","LONG","200","QFIN","QFIN HOLDINGS INC. ADS","25.7268","200","2021-07-12 15:53:32","26.6769","-0.04","-25.34","2021-07-08 11:31:00","20","24.4600","186.00","136379763"
"2021-07-07 11:03:09","LONG","100","BEKE","KE HOLDINGS INC","38.9400","100","2021-07-08 14:30:22","39.2540","-0.06","-34.95","2021-07-08 00:00:00","10","35.4450","29.00","136362231"
"2021-04-08 12:19:49","LONG","180","MAXN","MAXEON SOLAR TECHNOLOGIES LTD","23.2900","180","2021-06-28 11:25:58","22.0135","-0.32","-165.24","2021-05-11 00:00:00","18","14.1100","-233.60","135064400"
"2021-06-24 09:45:18","LONG","140","OMI","OWENS & MINOR INC","41.4651","140","2021-06-24 15:55:15","41.7789","-0.01","-4.55","2021-06-24 10:02:00","14","41.1400","41.20","136192114"
"2021-06-22 15:45:23","LONG","120","RCII","RENT-A-CENTER","52.2307","120","2021-06-24 09:44:49","52.5746","-0.03","-16.93","2021-06-23 00:00:00","12","50.8200","38.60","136165775"
"2021-06-07 15:08:34","LONG","150","MGNX","MACROGENICS INC. COMMON STOCK","23.6989","150","2021-06-23 09:59:03","23.9558","-0.09","-50.98","2021-06-15 00:00:00","15","20.3000","36.00","135946923"
"2021-06-17 12:51:17","LONG","100","C","CITIGROUP","68.7200","100","2021-06-22 12:05:16","68.8204","-0.03","-15.90","2021-06-18 00:00:00","10","67.1300","8.00","136100438"
"2021-06-14 15:38:33","LONG","70","THO","THOR INDUSTRIES","108.6563","70","2021-06-21 15:24:21","107.8930","-0.08","-48.06","2021-06-17 00:00:00","7","101.7900","-54.40","136052389"
"2021-06-18 11:42:44","LONG","100","DAR","DARLING INGREDIENTS INC","62.9800","100","2021-06-21 10:18:40","63.5767","-0.02","-12.30","2021-06-18 14:59:00","10","61.7500","58.00","136117524"
"2021-06-16 10:13:40","LONG","100","C","CITIGROUP","70.7193","100","2021-06-17 09:40:03","71.6483","-0.01","-3.19","2021-06-16 13:37:00","10","70.4000","91.00","136077383"
"2021-06-14 15:49:26","LONG","80","CCS","CENTURY COMMUNITIES INC","62.4574","80","2021-06-15 12:11:21","63.0476","-0.01","-4.86","2021-06-15 09:51:00","8","61.8500","45.40","136052595"
"2021-06-01 15:14:25","LONG","80","YY","YY INC.","75.7899","80","2021-06-14 12:15:34","74.3967","-0.08","-43.92","2021-06-07 00:00:00","8","70.3000","-112.60","135863125"
"2021-06-11 11:58:02","LONG","120","RAMP","LIVERAMP HOLDINGS INC","42.5252","120","2021-06-11 15:24:26","42.1399","-0.01","-6.30","2021-06-11 13:08:00","12","42.0000","-48.40","136025539"
"2021-06-10 15:18:27","LONG","120","CCS","CENTURY COMMUNITIES INC","65.6294","120","2021-06-11 11:56:21","66.6038","-0.00","-0.23","2021-06-10 15:25:00","12","65.6100","114.60","136010510"
"2021-06-08 15:22:38","LONG","50","THO","THOR INDUSTRIES","114.8390","50","2021-06-09 15:04:17","117.3100","-0.00","-0.44","2021-06-08 15:28:00","5","114.7500","123.00","135970641"
"2021-06-07 15:07:38","LONG","100","TAL","TAL EDUCATION GROUP","27.6191","100","2021-06-08 11:39:52","28.0437","-0.01","-7.39","2021-06-08 10:15:00","10","26.8800","40.00","135946909"
"2021-04-26 15:36:53","LONG","100","AI","C3.AI INC","71.8136","100","2021-06-01 14:07:41","70.3137","-0.48","-245.94","2021-05-13 00:00:00","10","47.2200","-152.00","135324985"
"2021-05-06 10:00:46","LONG","120","FSLY","FASTLY INC. CLASS A","45.1262","120","2021-05-26 11:45:10","47.3045","-0.13","-67.83","2021-05-13 00:00:00","12","39.4738","258.60","135483807"
"2021-05-20 11:34:03","LONG","180","JWN","NORDSTROM","37.8713","180","2021-05-21 12:12:30","37.9849","-0.00","-1.28","2021-05-21 00:00:00","18","37.8000","16.40","135702405"
"2021-05-20 11:34:38","LONG","160","SQM","SOCIEDAD QUIMICA Y MINERA","41.7775","160","2021-05-21 10:11:15","42.7087","-0.04","-19.96","2021-05-20 13:55:00","16","40.5300","145.80","135702423"
"2021-05-17 14:57:25","LONG","80","APPN","APPIAN CORPORATION CLASS A COMMON STOCK","80.6046","80","2021-05-17 15:55:47","81.4149","-0.00","-0.96","2021-05-17 15:00:00","8","80.4850","63.40","135652772"
"2021-05-13 12:33:37","LONG","10","TSLA","TESLA  INC.","578.9038","10","2021-05-14 10:41:33","590.9295","-0.04","-19.25","2021-05-13 13:38:00","1","559.6500","119.80","135603102"
"2021-05-13 12:33:15","LONG","100","APPN","APPIAN CORPORATION CLASS A COMMON STOCK","78.8251","100","2021-05-14 10:05:00","82.1574","-0.07","-33.75","2021-05-13 13:46:00","10","75.4497","331.00","135603089"
"2021-05-11 09:30:20","LONG","100","APPN","APPIAN CORPORATION CLASS A COMMON STOCK","80.8551","100","2021-05-11 10:13:19","86.7064","0.00","0.00","2021-05-11 09:30:20","","0.0000","583.00","135555330"
"2021-05-06 11:39:30","LONG","100","PINS","PINTEREST INC","59.2257","100","2021-05-07 11:07:19","61.1331","-0.04","-21.76","2021-05-06 14:44:00","10","57.0500","189.00","135487850"
"2021-05-06 10:54:50","LONG","100","DDOG","DATADOG INC.","70.6191","100","2021-05-07 11:07:11","77.3207","-0.02","-8.89","2021-05-06 14:37:00","10","69.7300","668.00","135485821"
"2021-05-06 10:00:10","LONG","150","EXPI","EXP WORLD HOLDINGS INC. COMMON STOCK","27.9129","150","2021-05-06 10:54:18","29.0500","0.00","0.00","2021-05-06 10:00:10","","0.0000","168.00","135483715"
"2021-04-23 13:04:29","LONG","10","NFLX","NETFLIX","504.7681","10","2021-05-06 09:57:48","493.7817","-0.02","-11.57","2021-05-06 09:35:00","1","493.2000","-110.20","135295633"
"2021-04-12 15:24:47","LONG","250","PLUG","PLUG POWER","29.1970","250","2021-04-26 15:24:36","29.5114","-0.25","-132.18","2021-04-21 00:00:00","25","23.9100","74.00","135111004"
"2021-04-15 13:36:19","LONG","150","GBOX","GREENBOX POS COMMON STOCK","9.3200","150","2021-04-22 12:17:34","10.0076","-0.07","-39.76","2021-04-20 00:00:00","15","6.6696","100.00","135172287"
"2021-04-15 15:11:26","LONG","120","AI","C3.AI INC","65.5645","120","2021-04-22 12:17:28","68.4529","-0.14","-74.92","2021-04-21 00:00:00","12","59.3210","344.60","135174229"
"2021-04-20 11:28:22","LONG","90","PENN","PENN ENTERTAINMENT INC","86.3551","90","2021-04-20 15:47:37","89.1014","-0.01","-3.74","2021-04-20 11:38:00","9","85.9400","245.20","135232618"
"2021-03-02 15:47:22","LONG","60","TDOC","TELADOC HEALTH INC","196.0437","60","2021-04-15 15:07:09","193.8443","-0.31","-176.06","2021-03-29 00:00:00","6","166.7000","-133.20","134373655"
"2021-04-08 10:35:51","LONG","400","X","UNITED STATES STEEL","22.2039","400","2021-04-08 14:43:38","22.5014","-0.01","-5.36","2021-04-08 10:53:00","40","22.0700","111.00","135061975"
"2021-03-23 12:40:15","LONG","40","MAR","MARRIOT INTERNATIONAL CLASS A","144.2982","40","2021-03-25 15:28:58","145.3120","-0.03","-19.55","2021-03-25 10:54:00","4","139.4120","40.20","134813916"
"2021-03-19 15:36:14","LONG","30","COUP","COUPA SOFTWARE INCORPORATED","246.8149","30","2021-03-22 10:24:03","255.2455","0.00","0.00","2021-03-19 15:36:14","","0.0000","252.40","134740842"
"2021-03-18 12:34:18","LONG","200","ARRY","ARRAY TECHNOLOGIES INC. COMMON STOCK","29.7451","200","2021-03-19 15:19:41","30.0741","-0.05","-32.90","2021-03-19 00:00:00","20","28.1000","62.00","134703835"
"2021-02-18 11:12:04","LONG","100","FSLY","FASTLY INC. CLASS A","83.2379","100","2021-03-18 12:34:46","72.5401","-0.42","-250.28","2021-03-05 00:00:00","10","58.2100","-1072.00","134135822"
"2021-03-10 15:50:28","LONG","50","QDEL","QUIDEL","130.0390","50","2021-03-11 09:41:58","132.6220","-0.00","-1.65","2021-03-10 15:53:00","5","129.7100","128.00","134546887"
"2021-03-04 11:22:53","LONG","100","EXPI","EXP WORLD HOLDINGS INC. COMMON STOCK","48.6367","100","2021-03-10 09:59:38","47.5450","-0.18","-104.27","2021-03-05 00:00:00","10","38.2100","-111.00","134418614"
"2021-03-04 11:24:07","LONG","50","BAND","BANDWIDTH INC. CLASS A COMMON STOCK","129.7701","50","2021-03-09 15:16:04","131.1402","-0.08","-46.35","2021-03-08 00:00:00","5","120.5000","68.00","134418678"
"2021-03-05 10:55:15","LONG","20","MDB","MONGODB INC. CLASS A COMMON STOCK","309.9281","20","2021-03-09 10:24:04","311.1696","-0.09","-51.00","2021-03-08 00:00:00","2","284.4300","24.60","134448445"
"2021-02-12 15:38:42","LONG","150","PLTR","PALANTIR TECHNOLOGIES INC. CLASS A","31.7100","150","2021-03-05 15:47:03","24.0321","-0.31","-172.95","2021-03-05 11:28:00","15","20.1800","-1155.00","134044155"
"2021-03-03 10:29:37","LONG","50","PTON","PELOTON INTERACTIVE INC. CLASS A","110.8468","50","2021-03-05 15:46:52","105.0700","-0.15","-84.23","2021-03-05 11:16:00","5","94.0000","-290.00","134389425"
"2021-03-05 10:55:35","LONG","100","RUN","SUNRUN INC. COMMON STOCK","48.9400","100","2021-03-05 15:46:40","52.3931","-0.04","-20.60","2021-03-05 11:28:00","10","46.8800","343.00","134448468"
"2021-03-05 10:55:52","LONG","200","CCIV","CHURCHILL CAPITAL CORP IV","21.5774","200","2021-03-05 15:46:21","24.6055","-0.04","-23.55","2021-03-05 11:27:00","20","20.4000","602.00","134448489"
"2021-03-03 10:30:56","LONG","80","DLR","DIGITAL REALTY TRUST","126.8430","80","2021-03-04 11:21:52","129.8719","-0.03","-17.54","2021-03-04 00:00:00","8","124.6500","240.40","134389560"
"2021-02-26 14:52:58","LONG","200","AEM","AGNICO EAGLE MINES LIMITED","56.0607","200","2021-03-02 11:47:24","56.9622","-0.03","-19.01","2021-03-01 00:00:00","20","55.1100","176.00","134316634"
"2021-02-22 11:18:38","LONG","10","TSLA","TESLA  INC.","746.9100","10","2021-02-24 12:45:08","733.1215","-0.20","-127.91","2021-02-23 00:00:00","1","619.0000","-138.20","134195305"
"2021-02-22 11:19:28","LONG","20","COUP","COUPA SOFTWARE INCORPORATED","350.6543","20","2021-02-23 11:20:01","335.1891","-0.11","-68.38","2021-02-23 09:49:00","2","316.4660","-309.40","134195330"
"2021-02-23 10:27:23","LONG","120","CCIV","CHURCHILL CAPITAL CORP IV","38.6000","120","2021-02-23 11:19:49","41.1440","-0.02","-14.16","2021-02-23 10:33:00","12","37.4200","302.60","134226644"
"2021-02-23 10:00:10","LONG","40","ENPH","ENPHASE ENERGY","160.0057","40","2021-02-23 11:19:37","165.6617","-0.02","-10.86","2021-02-23 10:18:00","4","157.2900","225.20","134225187"
"2021-02-17 15:28:31","LONG","100","FNV","FRANCO-NEVADA","113.6246","100","2021-02-22 11:17:55","115.0714","-0.05","-30.47","2021-02-19 00:00:00","10","110.5780","143.00","134117529"
"2021-02-10 15:01:09","LONG","120","RAMP","LIVERAMP HOLDINGS INC","71.8379","120","2021-02-19 12:23:24","70.1281","-0.08","-49.89","2021-02-17 00:00:00","12","67.6800","-207.40","133992852"
"2021-02-11 11:35:29","LONG","90","AKAM","AKAMAI TECHNOLOGIES","102.0576","90","2021-02-17 15:56:45","102.0508","-0.05","-32.02","2021-02-16 00:00:00","9","98.5000","-2.80","134010783"
"2021-02-12 15:37:54","LONG","70","NUS","NU SKIN ENTERPRISES","49.0251","70","2021-02-16 12:19:49","49.3600","-0.00","-2.70","2021-02-12 15:59:00","7","48.6400","21.60","134044123"
"2021-02-09 15:56:46","LONG","50","PENN","PENN ENTERTAINMENT INC","116.6335","50","2021-02-12 15:28:13","118.0204","-0.05","-33.12","2021-02-11 00:00:00","5","110.0100","68.00","133952668"
"2021-02-10 11:07:24","LONG","40","EXPI","EXP WORLD HOLDINGS INC. COMMON STOCK","136.5836","40","2021-02-10 11:38:09","140.6853","-0.00","-1.05","2021-02-10 11:10:00","4","136.3200","163.20","133969965"
"2020-08-10 13:56:16","LONG","150","CCOI","COGENT COMMUNICATIONS HOLDINGS","71.0924","150","2021-02-10 11:37:33","62.6071","-0.47","-268.39","2020-11-06 00:00:00","15","53.2000","-1276.00","130543688"
"2021-02-09 15:54:07","LONG","100","HAS","HASBRO","90.8682","100","2021-02-10 11:03:24","91.5926","-0.02","-11.17","2021-02-10 09:47:00","10","89.7513","70.00","133952550"
"2021-02-08 15:07:16","LONG","60","U","UNITY SOFTWARE INC","124.5267","60","2021-02-09 09:53:41","130.0388","-0.00","-0.58","2021-02-08 15:27:00","6","124.4300","329.80","133924245"
"2021-02-03 15:29:29","LONG","200","PAAS","PAN AMERICAN SILVER","31.2908","200","2021-02-05 15:15:44","32.0228","-0.03","-21.82","2021-02-04 00:00:00","20","30.2000","142.00","133831182"
"2021-02-04 15:36:19","LONG","100","SPWR","SUNPOWER INC.","40.5250","100","2021-02-05 11:59:11","42.7190","-0.04","-23.15","2021-02-05 00:00:00","10","38.2100","217.00","133857894"
"2021-01-29 15:57:21","LONG","150","RUN","SUNRUN INC. COMMON STOCK","69.4539","150","2021-02-02 13:44:29","70.5101","-0.03","-18.81","2021-02-01 00:00:00","15","68.2000","155.00","133724611"
"2021-02-01 15:36:13","LONG","80","TSCO","TRACTOR SUPPLY","139.1713","80","2021-02-02 11:42:43","142.9590","0.00","0.00","2021-02-01 15:36:13","","0.0000","301.40","133771791"
"2021-01-28 15:21:18","LONG","80","CRI","CARTER'S","89.2291","80","2021-02-01 15:30:20","90.1608","-0.03","-21.59","2021-02-01 10:45:00","8","86.5300","73.40","133677514"
"2021-01-29 11:12:35","LONG","150","SCHW","CHARLES SCHWAB","51.4760","150","2021-02-01 12:20:56","53.0215","-0.00","-3.09","2021-01-29 12:49:00","15","51.2700","229.00","133705099"
"2021-01-27 15:27:27","LONG","80","RUN","SUNRUN INC. COMMON STOCK","69.6574","80","2021-01-28 09:53:11","72.0900","-0.01","-4.30","2021-01-27 15:34:00","8","69.1200","193.40","133643110"
"2021-01-27 15:48:21","LONG","40","SQ","BLOCK INC","203.0064","40","2021-01-28 09:31:45","208.9500","-0.01","-5.63","2021-01-27 15:58:00","4","201.6000","237.20","133643761"
"2021-01-27 09:48:51","LONG","20","TWLO","TWILIO INC","338.9800","20","2021-01-27 11:11:42","347.5693","-0.02","-11.88","2021-01-27 09:54:00","2","333.0400","171.60","133626802"
"2021-01-26 10:27:31","LONG","40","COUP","COUPA SOFTWARE INCORPORATED","308.5451","40","2021-01-27 10:45:57","307.8383","-0.10","-59.94","2021-01-27 00:00:00","2","284.9500","-28.80","133598547"
"2021-01-13 15:23:46","LONG","140","MIME","MIMECAST LIMITED ORDINARY SHARES","46.1186","140","2021-01-25 14:21:32","46.0284","-0.06","-38.20","2021-01-15 00:00:00","14","43.3900","-15.80","133358656"
"2021-01-19 14:12:53","LONG","80","GPC","GENUINE PARTS","99.3529","80","2021-01-20 11:01:03","100.2747","-0.01","-8.82","2021-01-20 00:00:00","8","98.2500","72.40","133463235"
"2021-01-19 14:12:25","LONG","40","COST","COSTCO WHOLESALE","354.9275","40","2021-01-20 10:33:12","358.1642","-0.01","-6.59","2021-01-19 14:34:00","4","353.2800","128.20","133463225"
"2021-01-15 12:08:00","LONG","20","LULU","LULULEMON ATHLETICA","342.5040","20","2021-01-19 09:51:43","342.6802","-0.00","-2.69","2021-01-15 12:40:00","2","341.1600","3.60","133407928"
"2021-01-12 13:23:30","LONG","20","FB","PROSHARES S&P 500 DYNAMIC BUFFER ETF","251.7082","20","2021-01-19 09:51:24","254.0533","-0.02","-14.20","2021-01-14 00:00:00","2","244.6100","46.60","133332867"
"2021-01-11 15:40:48","LONG","40","SBAC","SBA COMMUNICATIONS","260.0248","40","2021-01-13 09:48:27","261.6859","-0.02","-15.06","2021-01-12 00:00:00","4","256.2600","65.20","133312658"
"2021-01-07 14:48:07","LONG","80","UPS","UNITED PARCEL SERVICE","158.1997","80","2021-01-11 10:28:17","159.2700","-0.01","-5.84","2021-01-08 00:00:00","8","157.4700","84.40","133250774"
"2021-01-08 14:55:06","LONG","80","THO","THOR INDUSTRIES","95.9657","80","2021-01-11 10:28:09","98.9022","-0.02","-10.77","2021-01-11 09:30:00","8","94.6200","233.40","133281766"
"2021-01-06 15:00:23","LONG","50","BAND","BANDWIDTH INC. CLASS A COMMON STOCK","147.0927","50","2021-01-07 09:36:53","148.8593","-0.03","-16.61","2021-01-06 15:46:00","5","143.7700","87.00","133227147"
"2020-12-16 15:13:58","LONG","150","TSN","TYSON FOODS","65.3599","150","2021-01-06 15:00:58","65.1633","-0.07","-43.35","2020-12-22 00:00:00","15","62.4700","-32.00","132870893"
"2021-01-05 15:37:17","LONG","80","FSLR","FIRST SOLAR INC","91.9388","80","2021-01-06 09:42:45","98.2067","-0.00","-1.91","2021-01-05 15:51:00","8","91.7000","499.40","133193381"
"2020-12-31 14:45:48","LONG","120","FUBO","FUBOTV","28.5384","120","2021-01-05 09:33:05","29.0415","-0.11","-64.42","2021-01-04 00:00:00","12","23.1700","57.60","133120808"
"2020-12-30 11:11:14","LONG","50","MRNA","MODERNA INC. COMMON STOCK","111.9259","50","2021-01-04 11:41:28","112.5364","-0.08","-46.33","2020-12-31 00:00:00","5","102.6600","30.00","133092747"
"2020-12-30 11:10:51","SHORT","50","MRNA","MODERNA INC. COMMON STOCK","111.6096","50","2020-12-30 11:11:03","111.8739","-0.00","-1.32","2020-12-30 11:11:03","5","111.8740","-14.00","133092729"
"2020-12-28 13:01:39","LONG","15","LULU","LULULEMON ATHLETICA","350.8993","15","2020-12-30 09:34:46","353.9226","-0.02","-10.84","2020-12-29 00:00:00","2","343.6700","44.70","133049909"
"2020-12-24 11:28:59","LONG","150","BZUN","BAOZUN INC. AMERICAN DEPOSITARY SHARES","31.7906","150","2020-12-29 12:24:08","32.2033","-0.02","-13.21","2020-12-28 00:00:00","15","30.9100","59.00","133008033"
"2020-12-22 15:21:41","LONG","60","FIS","FIDELITY NATIONAL INFO","135.0654","60","2020-12-24 10:03:24","136.9752","-0.01","-6.72","2020-12-23 00:00:00","6","133.9450","113.80","132970394"
"2020-12-09 15:46:48","LONG","50","DLR","DIGITAL REALTY TRUST","130.5648","50","2020-12-17 10:07:25","132.8500","-0.03","-18.87","2020-12-15 00:00:00","5","126.7900","113.00","132729605"
"2020-12-10 13:29:15","LONG","80","BBY","BEST BUY","102.6555","80","2020-12-16 10:10:34","103.4700","-0.04","-24.04","2020-12-14 00:00:00","8","99.6500","63.40","132748505"
"2020-12-15 11:16:06","LONG","100","RCL","ROYAL CARIBBEAN GROUP","71.4425","100","2020-12-15 15:10:18","74.2626","-0.00","-1.92","2020-12-15 11:21:00","10","71.2500","280.00","132823645"
"2020-12-15 09:41:42","LONG","30","SNOW","SNOWFLAKE INC","311.6140","30","2020-12-15 11:16:19","326.8980","-0.00","-0.43","2020-12-15 09:44:00","3","311.4700","458.40","132820774"
"2020-12-11 13:05:07","LONG","70","SWKS","SKYWORKS SOLUTIONS","139.7329","70","2020-12-15 09:40:50","145.4090","-0.02","-12.55","2020-12-14 00:00:00","7","137.9400","395.60","132771038"
"2020-12-09 15:48:47","LONG","60","AGIO","AGIOS PHARMACEUTICALS INC","33.7963","60","2020-12-14 11:20:24","34.7361","-0.01","-6.34","2020-12-11 00:00:00","6","32.7400","54.80","132729696"
"2020-12-07 12:50:32","LONG","100","AEM","AGNICO EAGLE MINES LIMITED","72.9385","100","2020-12-08 14:50:34","72.7260","-0.02","-13.39","2020-12-07 15:35:00","10","71.6000","-23.00","132677219"
"2020-12-04 12:16:11","LONG","250","MDLA","MEDALLIA INC.","31.4426","250","2020-12-08 10:38:54","32.1194","-0.05","-26.56","2020-12-04 15:52:00","25","30.3800","164.00","132645836"
"2020-12-07 15:56:42","LONG","150","BIG","BIG LOTS","45.1799","150","2020-12-08 10:38:47","46.1460","-0.01","-3.88","2020-12-08 09:33:00","15","44.9212","142.00","132681735"
"2020-12-03 15:26:44","LONG","50","SPLK","SPLUNK INC","160.6545","50","2020-12-04 09:33:04","161.7832","-0.03","-16.87","2020-12-03 15:53:00","5","157.2800","55.00","132624461"
"2020-12-03 10:32:06","LONG","80","SPLK","SPLUNK INC","159.2030","80","2020-12-03 11:32:41","163.6571","-0.03","-15.22","2020-12-03 10:38:00","8","157.3000","354.40","132618474"
"2020-11-18 14:01:07","LONG","200","AEM","AGNICO EAGLE MINES LIMITED","69.0509","200","2020-12-01 09:41:19","68.4013","-0.23","-135.22","2020-11-24 00:00:00","20","62.2900","-134.00","132328567"
"2020-11-24 11:53:53","LONG","200","NEM","NEWMONT CORP","57.0293","200","2020-11-27 12:15:35","58.4484","-0.02","-9.59","2020-11-24 15:49:00","20","56.5500","280.00","132430783"
"2020-11-16 14:59:25","LONG","50","BNTX","BIONTECH SE","90.5232","50","2020-11-18 10:44:18","90.6304","-0.03","-19.37","2020-11-17 00:00:00","5","86.6500","4.00","132284839"
"2020-10-14 15:23:41","LONG","120","DKNG","DRAFTKINGS INC. CLASS A COMMON STOCK","47.9448","120","2020-11-17 14:15:10","46.3645","-0.29","-156.54","2020-10-30 00:00:00","12","34.9000","-192.40","131700533"
"2020-11-12 15:22:29","LONG","40","APD","AIR PRODUCTS & CHEMICALS","263.6600","40","2020-11-13 09:35:52","266.7761","0.00","0.00","2020-11-12 15:22:29","","0.0000","124.20","132231645"
"2020-11-11 10:06:38","LONG","150","DDOG","DATADOG INC.","81.0620","150","2020-11-11 11:56:38","82.9099","-0.01","-3.92","2020-11-11 10:09:00","15","80.8006","274.00","132199891"
"2020-11-09 15:46:33","LONG","113","ZS","ZSCALER INC. COMMON STOCK","130.3201","113","2020-11-11 10:05:57","134.1109","-0.20","-112.77","2020-11-10 00:00:00","11","120.3400","425.74","132160335"
"2020-11-10 11:05:36","LONG","40","BABA","ALIBABA GROUP HOLDING LIMITED","266.8371","40","2020-11-10 12:05:41","270.0000","-0.02","-9.75","2020-11-10 11:18:00","4","264.4000","126.20","132178484"
"2020-10-21 13:01:46","LONG","140","RUN","SUNRUN INC. COMMON STOCK","58.0279","140","2020-11-05 09:44:08","58.0482","-0.22","-123.46","2020-11-04 00:00:00","14","49.2094","0.20","131823595"
"2020-11-04 15:37:12","LONG","400","CAR","AVIS BUDGET GROUP","28.7315","400","2020-11-05 09:43:59","29.8743","-0.04","-21.26","2020-11-04 15:58:00","40","28.2000","449.00","132080332"
"2020-10-26 11:27:14","LONG","100","APPN","APPIAN CORPORATION CLASS A COMMON STOCK","72.0337","100","2020-11-04 09:37:07","70.1015","-0.18","-97.44","2020-10-30 00:00:00","10","62.2900","-195.00","131897706"
"2020-10-26 15:25:13","LONG","120","LEN","LENNAR","74.8042","120","2020-11-03 15:28:43","73.9600","-0.12","-64.73","2020-10-30 00:00:00","12","69.4100","-103.40","131905196"
"2020-10-29 10:03:37","LONG","100","FSLY","FASTLY INC. CLASS A","69.1319","100","2020-11-03 10:20:35","68.8764","-0.13","-69.34","2020-10-30 00:00:00","10","62.1977","-28.00","131967077"
"2020-11-02 15:22:04","LONG","20","DXCM","DEXCOM","310.5586","20","2020-11-03 09:32:41","319.9858","-0.00","-0.97","2020-11-02 15:27:00","2","310.0750","188.60","132028269"
"2020-10-30 10:58:09","LONG","70","SQ","BLOCK INC","154.0093","70","2020-11-02 09:36:43","158.5357","-0.02","-9.31","2020-10-30 14:26:00","7","152.6800","315.60","131989998"
"2020-10-30 11:05:15","LONG","80","TROW","T. ROWE PRICE","126.2025","80","2020-10-30 15:46:54","126.3700","-0.02","-10.10","2020-10-30 14:45:00","8","124.9400","11.40","131990210"
"2020-10-30 12:01:36","LONG","150","APPS","DIGITAL TURBINE INC","26.4600","150","2020-10-30 12:41:11","27.3329","-0.00","-0.86","2020-10-30 12:09:00","15","26.4027","128.00","131992163"
"2020-10-27 11:17:20","LONG","100","IBM","INTERNATIONAL BUSINESS MACHINES","110.4414","100","2020-10-29 14:25:59","109.5700","-0.08","-45.21","2020-10-28 00:00:00","10","105.9200","-89.00","131921199"
"2020-10-29 12:51:58","LONG","150","CREE","CREE","60.9224","150","2020-10-29 13:49:39","62.0712","-0.01","-5.44","2020-10-29 12:58:00","15","60.5600","169.00","131973344"
"2020-10-29 10:26:05","LONG","180","SYY","SYSCO","54.7476","180","2020-10-29 10:46:24","55.1000","0.00","0.00","2020-10-29 10:26:05","","0.0000","59.40","131968154"
"2020-10-28 10:11:56","LONG","250","LYFT","LYFT INC. CLASS A COMMON STOCK","21.9350","250","2020-10-28 14:44:53","22.4006","-0.03","-14.87","2020-10-28 11:32:00","25","21.3400","111.00","131944923"
"2020-10-28 10:12:28","LONG","130","SPG","SIMON PROPERTY GROUP","60.0899","130","2020-10-28 12:44:56","60.9183","-0.01","-2.99","2020-10-28 11:12:00","13","59.8600","105.40","131944963"
"2020-09-03 14:52:03","LONG","140","RGR","STURM RUGER","68.0759","140","2020-10-27 15:16:00","64.8443","-0.21","-112.92","2020-09-18 00:00:00","14","60.0101","-454.80","130985980"
"2020-10-26 15:33:37","LONG","150","COP","CONOCOPHILLIPS","30.3518","150","2020-10-27 15:15:42","30.5700","-0.01","-5.88","2020-10-27 00:00:00","15","29.9600","30.00","131905450"
"2020-10-26 13:59:50","LONG","100","Z","ZILLOW GROUP INC. CLASS C","90.6926","100","2020-10-26 15:16:56","91.7111","-0.00","-0.13","2020-10-26 14:02:00","10","90.6800","100.00","131902341"
"2020-10-23 13:34:29","LONG","140","WGO","WINNEBAGO INDUSTRIES","47.8305","140","2020-10-26 09:34:52","49.4893","-0.02","-10.79","2020-10-23 13:48:00","14","47.0600","229.20","131871484"
"2020-10-23 13:10:37","LONG","120","PZZA","PAPA JOHN'S INTERNATIONAL","75.2706","120","2020-10-23 14:44:27","76.2170","-0.00","-0.06","2020-10-23 13:14:00","12","75.2657","111.60","131870935"
"2020-10-19 14:15:48","LONG","100","LLY","ELI LILLY","143.3471","100","2020-10-23 09:49:53","143.8936","-0.05","-25.47","2020-10-22 00:00:00","10","140.8000","53.00","131774658"
"2020-10-22 10:56:50","LONG","30","TWLO","TWILIO INC","289.7347","30","2020-10-22 11:47:18","293.2500","-0.01","-5.14","2020-10-22 11:09:00","3","288.0200","104.40","131843228"
"2020-10-21 11:17:53","LONG","40","FVRR","FIVERR INTERNATIONAL LTD","159.4200","40","2020-10-21 14:09:54","163.7556","-0.00","-2.16","2020-10-21 12:15:00","4","158.8800","172.20","131820153"
"2020-10-21 11:17:39","LONG","70","FSLY","FASTLY INC. CLASS A","79.3262","70","2020-10-21 13:26:06","80.6847","-0.01","-5.33","2020-10-21 12:59:00","7","78.5647","93.60","131820149"
"2020-10-16 15:48:53","LONG","80","FSLY","FASTLY INC. CLASS A","84.2663","80","2020-10-20 11:58:56","84.9457","-0.03","-16.53","2020-10-19 00:00:00","8","82.2000","52.40","131747106"
"2020-10-13 10:23:19","LONG","150","RUN","SUNRUN INC. COMMON STOCK","65.5138","150","2020-10-13 11:36:14","66.5186","-0.00","-0.21","2020-10-13 10:27:00","15","65.5000","148.00","131667914"
"2020-10-09 15:51:58","LONG","120","DKNG","DRAFTKINGS INC. CLASS A COMMON STOCK","48.9600","120","2020-10-12 09:39:22","51.1200","-0.00","-2.52","2020-10-09 15:59:00","12","48.7500","256.60","131623107"
"2020-10-07 11:34:43","LONG","120","NTES","NETEASE","87.1405","120","2020-10-08 13:29:41","88.0182","-0.05","-25.21","2020-10-08 00:00:00","12","85.0400","102.60","131566220"
"2020-10-07 11:36:04","LONG","250","HES","HESS","36.9188","250","2020-10-07 15:22:11","37.9154","-0.01","-7.47","2020-10-07 12:38:00","25","36.6200","244.00","131566266"
"2020-10-01 13:24:55","LONG","180","VLO","VALERO ENERGY","40.2393","180","2020-10-02 12:25:19","40.6529","-0.05","-24.65","2020-10-02 10:45:00","18","38.8700","70.40","131465681"
"2020-09-29 15:00:31","LONG","160","RL","RALPH LAUREN","67.7232","160","2020-09-30 10:11:03","68.0786","-0.02","-9.81","2020-09-30 00:00:00","16","67.1100","53.80","131421697"
"2020-09-29 11:53:36","LONG","200","CVX","CHEVRON","71.2759","200","2020-09-30 10:10:58","72.5819","-0.00","-2.32","2020-09-29 12:04:00","20","71.1600","257.00","131417426"
"2020-09-24 12:47:53","LONG","250","EOG","EOG RESOURCES","36.5230","250","2020-09-28 09:47:42","37.5906","-0.02","-11.58","2020-09-25 00:00:00","25","36.0600","262.00","131345979"
"2020-09-22 15:53:38","LONG","30","MOH","MOLINA HEALTHCARE","155.7940","30","2020-09-25 10:13:08","157.8243","-0.02","-13.18","2020-09-23 00:00:00","3","151.4000","60.40","131301871"
"2020-09-17 14:04:12","LONG","25","LULU","LULULEMON ATHLETICA","304.7793","25","2020-09-22 13:52:15","308.9350","-0.08","-43.92","2020-09-21 00:00:00","2","287.2100","103.50","131227437"
"2020-09-18 11:07:51","LONG","100","FSLR","FIRST SOLAR INC","62.1271","100","2020-09-21 11:25:54","61.3849","-0.03","-18.77","2020-09-21 09:30:00","10","60.2500","-76.00","131243368"
"2020-09-10 14:37:14","LONG","15","COUP","COUPA SOFTWARE INCORPORATED","255.6218","15","2020-09-21 11:25:31","254.2914","-0.05","-26.48","2020-09-17 00:00:00","2","237.9700","-20.30","131115044"
"2020-09-10 12:56:47","LONG","200","EOG","EOG RESOURCES","39.3451","200","2020-09-16 11:08:04","39.8116","-0.05","-28.90","2020-09-11 00:00:00","20","37.9000","89.00","131113179"
"2020-09-14 15:50:08","LONG","10","SPLK","SPLUNK INC","184.3309","10","2020-09-15 10:17:53","185.9458","-0.00","-1.09","2020-09-14 15:59:00","1","183.2400","15.80","131167612"
"2020-09-10 13:02:25","LONG","120","LITE","LUMENTUM HOLDINGS INC","70.6070","120","2020-09-14 10:39:58","72.4600","-0.03","-17.48","2020-09-11 00:00:00","12","69.1500","219.60","131113284"
"2020-09-09 14:36:27","LONG","20","COUP","COUPA SOFTWARE INCORPORATED","257.8825","20","2020-09-10 09:43:11","264.7710","-0.00","-1.22","2020-09-09 14:48:00","2","257.2700","137.60","131092287"
"2020-09-08 10:09:08","LONG","10","TSLA","TESLA  INC.","354.2400","10","2020-09-10 09:39:39","388.0647","-0.05","-25.24","2020-09-08 16:00:00","1","329.0000","337.80","131064882"
"2020-09-08 15:37:11","LONG","15","DOCU","DOCUSIGN INC. COMMON STOCK","208.6813","15","2020-09-09 09:38:48","213.5425","-0.01","-5.10","2020-09-08 15:56:00","2","205.2800","72.70","131072580"
"2020-09-04 14:56:46","LONG","160","BIG","BIG LOTS","43.8926","160","2020-09-08 10:49:07","43.7486","-0.03","-18.68","2020-09-08 09:45:00","16","42.7250","-26.20","131011511"
"2020-09-08 09:41:30","LONG","20","W","WAYFAIR INC","248.8295","20","2020-09-08 10:09:10","262.7107","-0.00","-2.32","2020-09-08 09:44:00","2","247.6700","277.60","131059399"
"2020-09-04 10:51:59","LONG","20","DOCU","DOCUSIGN INC. COMMON STOCK","207.2700","20","2020-09-04 15:40:15","217.8100","0.00","0.00","2020-09-04 10:51:59","","0.0000","210.60","131004452"
"2020-09-04 10:51:42","LONG","20","COUP","COUPA SOFTWARE INCORPORATED","273.3400","20","2020-09-04 12:05:29","287.9291","0.00","0.00","2020-09-04 10:51:42","","0.0000","291.60","131004433"
"2020-09-04 10:50:43","LONG","50","IPHI","INPHI","98.5129","50","2020-09-04 11:52:51","103.4100","-0.01","-3.31","2020-09-04 10:53:00","5","97.8500","244.00","131004385"
"2020-09-04 10:54:45","LONG","20","W","WAYFAIR INC","237.5200","20","2020-09-04 11:30:03","247.2914","-0.00","-1.44","2020-09-04 10:57:00","2","236.8000","194.60","131004531"
"2020-08-31 15:15:39","LONG","120","THO","THOR INDUSTRIES","95.0029","120","2020-09-02 14:15:37","95.9900","-0.10","-52.35","2020-09-01 00:00:00","12","90.6400","115.60","130901332"
"2020-09-01 14:34:22","LONG","100","ABC","AMERISOURCEBERGEN","94.1864","100","2020-09-02 10:29:19","96.1029","-0.01","-6.46","2020-09-01 15:14:00","10","93.5400","190.00","130927250"
"2020-08-28 15:51:09","LONG","120","DLTR","DOLLAR TREE STORES","94.5900","120","2020-08-31 14:28:19","95.5858","-0.02","-8.04","2020-08-31 09:47:00","12","93.9200","117.60","130875140"
"2020-08-28 14:51:11","LONG","80","ETSY","ETSY INC. COMMON STOCK","118.0450","80","2020-08-28 15:50:42","119.5671","-0.00","-1.56","2020-08-28 14:57:00","8","117.8500","120.40","130873686"
"2020-08-27 15:42:55","LONG","90","FFIV","F5 INC","128.9386","90","2020-08-28 10:41:34","130.8949","-0.01","-5.12","2020-08-27 15:51:00","9","128.3700","174.20","130827603"
"2020-08-13 15:49:07","LONG","250","WDC","WESTERN DIGITAL","35.7161","250","2020-08-28 10:41:28","36.5500","-0.10","-54.65","2020-08-21 00:00:00","25","33.5300","203.00","130609516"
"2020-08-25 12:56:25","LONG","120","NEM","NEWMONT CORP","63.6800","120","2020-08-25 15:18:09","64.7571","-0.00","-1.08","2020-08-25 13:01:00","12","63.5900","126.60","130782498"
"2020-08-20 14:02:38","LONG","150","CREE","CREE","60.6986","150","2020-08-24 10:36:41","61.4964","-0.03","-15.73","2020-08-21 00:00:00","15","59.6500","117.00","130713932"
"2020-08-10 13:10:37","LONG","30","ANET","ARISTA NETWORKS INC","225.2771","30","2020-08-19 10:57:27","222.3400","-0.07","-39.68","2020-08-13 00:00:00","3","212.0500","-88.60","130542955"
"2020-08-12 14:20:57","LONG","30","TDOC","TELADOC HEALTH INC","185.1986","30","2020-08-13 15:48:17","192.9300","-0.00","-2.55","2020-08-12 14:40:00","3","184.3500","231.40","130587366"
"2020-08-11 15:30:07","LONG","100","GOLD","GOLD.COM INC","26.0600","100","2020-08-12 10:57:48","26.5150","-0.00","-1.00","2020-08-11 15:35:00","10","25.9600","44.00","130566794"
"2020-08-05 15:11:56","LONG","130","DVA","DAVITA INC","82.4773","130","2020-08-10 09:32:53","82.4084","-0.02","-12.99","2020-08-07 00:00:00","13","81.4777","-11.60","130475365"
"2020-08-07 12:41:36","LONG","50","FSLY","FASTLY INC. CLASS A","81.0618","50","2020-08-10 09:32:43","83.3200","-0.04","-22.71","2020-08-07 14:24:00","5","76.5200","112.00","130515106"
"2020-08-06 15:28:41","LONG","120","EVER","EVERQUOTE INC. CLASS A COMMON STOCK","39.6900","120","2020-08-07 12:41:52","41.5070","-0.01","-3.24","2020-08-06 15:38:00","12","39.4200","215.60","130496805"
"2020-07-30 15:36:02","LONG","150","RTX","RAYTHEON TECHNOLOGIES CORP","57.5550","150","2020-08-05 10:39:53","58.6519","-0.05","-27.38","2020-08-03 00:00:00","15","55.7300","162.00","130372361"
"2020-07-08 13:41:24","LONG","150","JCOM","J2 GLOBAL INC. COMMON STOCK","59.3083","150","2020-08-03 15:09:25","58.2800","-0.17","-90.95","2020-07-30 00:00:00","15","53.2450","-157.00","129973493"
"2020-07-29 15:32:02","LONG","300","INTC","INTEL","48.1064","300","2020-08-03 14:45:09","48.3700","-0.06","-34.09","2020-07-31 00:00:00","30","46.9700","73.00","130346503"
"2020-07-29 12:06:04","LONG","150","LVS","LAS VEGAS SANDS","43.8890","150","2020-07-30 14:59:29","45.6750","0.00","0.00","2020-07-29 12:06:04","","0.0000","265.00","130342359"
"2020-07-28 14:00:41","LONG","100","SPG","SIMON PROPERTY GROUP","64.7300","100","2020-07-29 15:22:36","65.2500","-0.04","-20.80","2020-07-29 10:38:00","10","62.6500","50.00","130322242"
"2020-07-27 13:04:17","LONG","100","CZR","CAESERS ENTERTAINMENT INC","30.1700","100","2020-07-28 10:30:13","30.5029","-0.02","-11.10","2020-07-27 15:17:00","10","29.0600","31.00","130297809"
"2020-07-22 15:36:26","LONG","200","WB","WEIBO CORPORATION AMERICAN DEP","33.7100","200","2020-07-28 10:20:13","34.8000","-0.05","-24.20","2020-07-27 00:00:00","20","32.5000","214.00","130224108"
"2020-07-24 10:04:15","LONG","80","WYNN","WYNN RESORTS","72.5400","80","2020-07-28 10:19:26","74.1400","-0.04","-20.16","2020-07-27 00:00:00","8","70.0200","126.40","130260852"
"2020-07-22 11:25:40","LONG","150","FE","FIRSTENERGY","26.7200","150","2020-07-22 11:47:51","27.5000","-0.00","-0.30","2020-07-22 11:32:00","15","26.7000","114.00","130218882"
"2020-07-20 15:45:12","LONG","120","SPG","SIMON PROPERTY GROUP","60.4600","120","2020-07-21 09:44:14","62.1100","-0.00","-2.40","2020-07-20 15:59:00","12","60.2600","195.60","130174118"
"2020-07-17 15:05:10","LONG","30","NFLX","NETFLIX","490.1300","30","2020-07-20 10:26:12","499.8700","-0.03","-17.79","2020-07-20 09:37:00","3","484.2000","291.40","130141675"
"2020-07-06 12:38:16","LONG","200","OKE","ONEOK","28.6700","200","2020-07-15 11:01:15","28.6300","-0.12","-60.60","2020-07-10 00:00:00","20","25.6400","-12.00","129928195"
"2020-07-14 12:18:24","LONG","80","ROST","ROSS STORES","81.3800","80","2020-07-15 09:31:57","82.4062","-0.03","-13.84","2020-07-14 15:19:00","8","79.6500","80.40","130074295"
"2020-07-10 09:43:47","LONG","130","UAL","UNITED AIRLINES HOLDINGS INC","30.7063","130","2020-07-10 14:31:43","32.6948","-0.01","-3.76","2020-07-10 09:57:00","13","30.4174","256.40","130015034"
"2020-07-02 12:04:19","LONG","140","ROST","ROSS STORES","89.4500","140","2020-07-06 12:37:31","90.0700","-0.03","-15.82","2020-07-02 15:51:00","14","88.3200","84.20","129881070"
"2020-06-26 10:57:42","LONG","80","ROST","ROSS STORES","85.3900","80","2020-07-01 10:17:19","88.5600","-0.06","-30.28","2020-06-29 00:00:00","8","81.6050","252.40","129775244"
"2020-06-18 10:18:26","LONG","80","SPG","SIMON PROPERTY GROUP","71.6000","80","2020-06-30 09:32:27","70.0500","-0.16","-82.48","2020-06-29 00:00:00","8","61.2900","-125.60","129635979"
"2020-06-23 15:41:57","LONG","120","UAL","UNITED AIRLINES HOLDINGS INC","35.9297","120","2020-06-29 13:07:51","34.7400","-0.12","-58.80","2020-06-25 00:00:00","12","31.0300","-145.40","129710866"
"2020-06-25 15:12:32","LONG","200","THS","TREEHOUSE FOODS","42.1600","200","2020-06-26 14:10:29","43.2100","-0.05","-25.20","2020-06-26 10:54:00","20","40.9000","206.00","129762120"
"2020-06-24 14:13:20","LONG","200","SPR","SPIRIT AEROSYSTEMS HLDNGS","22.3400","200","2020-06-25 10:10:56","23.0000","-0.03","-13.20","2020-06-25 00:00:00","20","21.6800","128.00","129732603"
"2020-06-24 12:04:14","LONG","120","OKE","ONEOK","32.0600","120","2020-06-24 13:08:14","32.8900","-0.00","-0.72","2020-06-24 12:09:00","12","32.0000","97.60","129730249"
"2020-06-15 15:55:07","LONG","120","DDS","DILLARDS","26.8192","120","2020-06-16 14:40:29","29.2492","-0.00","-0.11","2020-06-15 15:58:00","12","26.8100","289.60","129564690"
"2020-06-15 09:42:34","LONG","80","RL","RALPH LAUREN","71.3800","80","2020-06-15 11:19:59","73.5005","-0.01","-6.72","2020-06-15 10:00:00","8","70.5400","168.40","129555691"
"2020-06-12 15:45:31","LONG","200","OKE","ONEOK","33.9700","200","2020-06-15 11:19:48","35.0750","-0.07","-34.00","2020-06-15 09:30:00","20","32.2700","217.00","129537013"
"2020-06-11 10:07:33","LONG","100","HSIC","HENRY SCHEIN","56.2900","100","2020-06-12 10:53:59","56.3727","-0.02","-8.95","2020-06-11 15:00:00","10","55.3950","6.00","129493496"
"2020-06-11 15:42:52","LONG","250","JWN","NORDSTROM","17.2250","250","2020-06-12 09:31:55","17.9228","-0.02","-10.38","2020-06-12 00:00:00","25","16.8100","169.00","129513793"
"2020-06-11 15:45:06","LONG","150","HP","HELMERICH & PAYNE","21.0000","150","2020-06-12 09:31:38","22.4233","-0.01","-5.32","2020-06-11 15:52:00","15","20.6450","211.00","129513862"
"2020-06-11 09:33:22","LONG","100","UAL","UNITED AIRLINES HOLDINGS INC","33.8500","100","2020-06-11 10:47:38","35.4087","0.00","0.00","2020-06-11 09:33:22","","0.0000","154.00","129492159"
"2020-03-05 14:01:21","LONG","100","HP","HELMERICH & PAYNE","31.6975","100","2020-06-04 11:53:16","24.0600","-0.51","-192.97","2020-03-19 00:00:00","10","12.4000","-766.00","127874658"
"2020-03-04 15:54:42","LONG","200","UAL","UNITED AIRLINES HOLDINGS INC","41.1204","200","2020-06-04 09:39:32","33.5800","-0.85","-333.98","2020-03-18 00:00:00","8","17.8000","-1512.00","127857669"
"2020-04-29 14:48:34","LONG","300","JWN","NORDSTROM","20.1200","300","2020-06-03 14:29:45","19.1350","-0.42","-176.40","2020-05-14 00:00:00","30","14.2400","-302.00","128792862"
"2020-03-05 10:16:46","LONG","180","CAKE","CHEESECAKE FACTORY","32.3563","180","2020-06-03 11:23:18","24.8400","-0.82","-321.05","2020-03-17 00:00:00","18","14.5200","-1356.60","127869033"
"2020-05-26 13:01:16","LONG","300","OXY","OCCIDENTAL PETROLEUM","14.3180","300","2020-06-03 09:39:28","15.4950","-0.11","-49.36","2020-06-01 00:00:00","30","12.6725","347.00","129195678"
"2020-06-02 11:12:22","LONG","120","SLG","SL GREEN REALTY","46.8300","120","2020-06-03 09:34:44","49.4686","-0.01","-3.84","2020-06-02 11:35:00","12","46.5100","314.60","129311092"
"2020-05-22 13:55:36","LONG","150","SLG","SL GREEN REALTY","36.4800","150","2020-05-26 09:58:09","40.4300","-0.00","-1.35","2020-05-22 14:44:00","15","36.3900","590.00","129155639"
"2020-05-06 12:03:32","LONG","80","CINF","CINCINNATI FINANCIAL CORP","54.8000","80","2020-05-20 13:50:15","53.9800","-0.17","-69.84","2020-05-14 00:00:00","8","46.0700","-67.60","128892894"
"2020-05-04 15:46:58","LONG","200","LUV","SOUTHWEST AIRLINES","27.7100","200","2020-05-19 11:58:21","28.3400","-0.25","-104.90","2020-05-14 00:00:00","20","22.4650","122.00","128861331"
"2020-05-04 10:20:27","LONG","500","PLAY","DAVE & BUSTERS ENTERTAINMENT","11.3390","500","2020-05-18 13:12:22","11.4700","-0.35","-145.45","2020-05-14 00:00:00","50","8.4300","56.00","128855749"
"2020-05-13 11:13:27","LONG","140","BCO","BRINK'S COMPANY","33.7700","140","2020-05-14 14:07:17","34.3700","-0.02","-6.58","2020-05-14 00:00:00","14","33.3000","81.20","129001792"
"2020-05-04 09:44:27","LONG","200","DAL","DELTA AIR LINES","21.5750","200","2020-05-04 10:19:19","22.4900","0.00","0.00","2020-05-04 09:44:27","","0.0000","179.00","128854618"
"2020-04-09 15:49:13","LONG","250","OXY","OCCIDENTAL PETROLEUM","15.2500","250","2020-04-29 09:50:56","16.2600","-0.21","-93.75","2020-04-21 00:00:00","25","11.5000","248.00","128503271"
"2020-04-28 12:23:09","LONG","100","ARCH","ARCH RESOURCES INC","24.7700","100","2020-04-29 09:50:34","27.3600","-0.01","-4.42","2020-04-28 15:18:00","10","24.3284","257.00","128772465"
"2020-04-27 15:50:55","LONG","180","PENN","PENN ENTERTAINMENT INC","15.4356","180","2020-04-28 10:22:47","15.8221","-0.02","-10.36","2020-04-28 00:00:00","18","14.8600","66.40","128758757"
"2020-04-24 13:52:07","LONG","60","SPG","SIMON PROPERTY GROUP","51.0700","60","2020-04-27 13:33:47","57.5500","-0.00","-1.02","2020-04-24 13:55:00","6","50.9000","387.80","128731524"
"2020-04-09 15:52:41","LONG","150","ERI","ELDORADO RESORTS INC. COMMON","18.0100","150","2020-04-27 13:33:33","20.3500","-0.12","-50.85","2020-04-16 00:00:00","15","14.6200","348.00","128503323"
"2020-04-14 15:41:59","LONG","80","RTX","RAYTHEON TECHNOLOGIES CORP","64.8200","80","2020-04-21 15:51:33","62.6900","-0.06","-28.72","2020-04-15 00:00:00","8","61.2300","-171.60","128562771"
"2020-04-08 15:02:22","LONG","300","PLAY","DAVE & BUSTERS ENTERTAINMENT","12.9473","300","2020-04-09 09:54:22","14.9901","-0.03","-11.02","2020-04-08 15:41:00","30","12.5800","607.00","128480454"
"2020-04-07 11:29:48","LONG","160","WD","WALKER & DUNLOP","32.0000","160","2020-04-07 12:41:57","32.8600","-0.02","-10.56","2020-04-07 11:33:00","16","31.3400","134.80","128454742"
"2020-04-03 09:42:04","LONG","200","OXY","OCCIDENTAL PETROLEUM","13.6600","200","2020-04-07 10:34:53","14.6100","-0.10","-43.00","2020-04-03 12:13:00","20","11.5100","186.00","128403926"
"2020-04-02 15:57:13","LONG","60","MAR","MARRIOT INTERNATIONAL CLASS A","62.4300","60","2020-04-06 09:39:34","66.3300","-0.08","-32.58","2020-04-03 00:00:00","6","57.0000","232.80","128391910"
"2020-04-03 09:36:10","LONG","120","SHAK","SHAKE SHACK INC","31.2900","120","2020-04-03 14:16:25","32.5900","-0.02","-7.56","2020-04-03 10:44:00","12","30.6600","153.60","128403750"
"2020-04-02 10:30:30","LONG","200","OXY","OCCIDENTAL PETROLEUM","11.8000","200","2020-04-02 10:42:33","13.9100","0.00","0.00","2020-04-02 10:30:30","","0.0000","418.00","128377483"
"2020-03-30 11:20:15","LONG","120","RCL","ROYAL CARIBBEAN GROUP","31.0900","120","2020-03-31 10:45:34","33.2900","-0.09","-35.88","2020-03-30 14:48:00","12","28.1000","261.60","128316672"
"2020-03-12 13:06:32","LONG","50","JACK","JACK IN THE BOX","43.2777","50","2020-03-26 14:11:22","36.0100","-0.34","-132.34","2020-03-18 00:00:00","5","16.8100","-364.00","128009757"
"2020-03-12 13:05:39","LONG","70","AER","AERCAP HOLDINGS NV","30.9374","70","2020-03-26 14:10:54","26.4500","-0.37","-143.62","2020-03-18 00:00:00","7","10.4200","-315.40","128009692"
"2020-03-04 15:51:45","LONG","120","SCHW","CHARLES SCHWAB","37.0781","120","2020-03-25 12:47:27","34.3200","-0.25","-108.94","2020-03-16 00:00:00","12","28.0000","-333.40","127857604"
"2020-03-13 12:34:11","LONG","60","LEN","LENNAR","42.6900","60","2020-03-25 12:47:13","41.5800","-0.26","-103.62","2020-03-18 00:00:00","6","25.4200","-68.20","128034265"
"2020-03-20 09:30:39","LONG","80","DAL","DELTA AIR LINES","23.1350","80","2020-03-24 11:47:01","26.8954","-0.05","-20.28","2020-03-23 00:00:00","8","20.6000","299.40","128157629"
"2020-03-13 12:34:37","LONG","160","PLAY","DAVE & BUSTERS ENTERTAINMENT","8.7356","160","2020-03-24 09:35:17","13.0589","-0.17","-66.09","2020-03-18 00:00:00","16","4.6050","688.80","128034290"
"2020-03-18 15:18:17","LONG","50","NXPI","NXP SEMICONDUCTOR","64.4200","50","2020-03-19 11:21:02","69.5000","-0.04","-14.05","2020-03-18 15:40:00","5","61.6100","253.00","128122627"
"2020-03-17 09:49:43","LONG","100","JWN","NORDSTROM","15.0200","100","2020-03-17 14:57:20","17.0800","-0.03","-9.60","2020-03-17 09:57:00","10","14.0600","204.00","128085259"
"2020-03-09 10:04:55","LONG","80","WFC","WELLS FARGO","33.4994","80","2020-03-13 11:32:43","28.2200","-0.11","-51.04","2020-03-12 00:00:00","8","27.1200","-423.60","127919336"
"2020-03-12 10:03:50","LONG","50","AIG","AMERICAN INTERNATIONAL","27.5755","50","2020-03-13 11:32:30","25.3937","-0.03","-12.43","2020-03-13 00:00:00","5","25.0900","-110.00","128002735"
"2020-03-12 13:05:57","LONG","50","AAAU","GOLDMAN SACHS PHYSICAL GOLD ETF","15.9776","50","2020-03-12 15:16:50","15.7100","-0.00","-1.34","2020-03-12 14:40:00","5","15.7100","-14.00","128009735"
"2020-03-12 10:02:48","LONG","50","WDC","WESTERN DIGITAL","39.8529","50","2020-03-12 13:26:17","40.9199","-0.01","-2.91","2020-03-12 12:13:00","5","39.2700","52.00","128002710"
"2020-03-09 10:09:01","LONG","50","ROST","ROSS STORES","96.0880","50","2020-03-10 09:36:10","98.2982","-0.02","-8.39","2020-03-09 16:00:00","5","94.4100","110.00","127919484"
"2020-03-03 15:04:34","LONG","120","DY","DYCOM INDUSTRIES","24.7006","120","2020-03-04 09:49:25","25.6867","-0.00","-2.41","2020-03-03 15:25:00","12","24.5000","115.60","127833394"
"2020-03-03 15:18:24","LONG","100","PLAY","DAVE & BUSTERS ENTERTAINMENT","29.7706","100","2020-03-04 09:32:02","31.3037","-0.00","-0.51","2020-03-03 15:19:00","10","29.7200","151.00","127833664"
"2020-02-25 15:31:13","LONG","120","DD","DU PONT DE NEMOURS & CO","47.1400","120","2020-03-03 10:11:33","45.5025","-0.13","-60.96","2020-02-28 00:00:00","12","42.0600","-199.40","127706111"
"2020-02-28 10:35:35","LONG","60","ABT","ABBOTT LABORATORIES","74.6967","60","2020-03-02 10:08:01","77.3980","-0.00","-2.38","2020-02-28 10:49:00","6","74.3000","160.80","127766265"
"2020-02-28 10:18:39","LONG","60","AEP","AMERICAN ELECTRIC POWER","86.8636","60","2020-03-02 09:52:28","90.2442","-0.01","-2.66","2020-02-28 10:20:00","6","86.4200","201.80","127765612"
"2020-02-28 10:07:03","LONG","40","XPO","XPO INC","70.9601","40","2020-02-28 13:13:12","74.0608","-0.00","-1.28","2020-02-28 10:50:00","4","70.6400","123.20","127765161"
"2020-02-26 12:35:41","LONG","80","NCLH","NORWEGIAN CRUISE LINE HOLDINGS","37.8331","80","2020-02-28 09:58:35","34.8627","-0.08","-37.26","2020-02-27 00:00:00","8","33.1750","-239.60","127724868"
"2020-02-26 12:24:43","LONG","130","SGMS","SCIENTIFIC GAMES","19.0000","130","2020-02-27 12:40:29","19.8198","-0.03","-14.04","2020-02-27 00:00:00","13","17.9200","104.40","127724684"
"2020-02-27 10:54:16","LONG","100","SAVE","SPIRIT AIRLINES","31.0007","100","2020-02-27 12:17:57","32.0300","-0.01","-2.51","2020-02-27 10:56:00","10","30.7500","101.00","127743592"
"2020-02-27 11:07:54","LONG","100","FANG","DIAMONDBACK ENERGY INC","59.8741","100","2020-02-27 12:17:48","61.8500","-0.00","-2.24","2020-02-27 11:08:00","10","59.6500","196.00","127743909"
"2020-02-21 10:30:44","LONG","100","VSAT","VIASAT","55.8580","100","2020-02-25 09:43:18","55.8451","-0.06","-28.78","2020-02-24 00:00:00","10","52.9800","-3.00","127637578"
"2020-02-20 12:43:46","LONG","140","VSAT","VIASAT","57.0600","140","2020-02-20 14:58:06","57.9691","-0.01","-3.64","2020-02-20 12:54:00","14","56.8000","124.20","127623409"
"2020-02-14 15:14:17","LONG","100","LYFT","LYFT INC. CLASS A COMMON STOCK","44.9181","100","2020-02-20 09:34:15","46.2713","-0.02","-8.48","2020-02-18 00:00:00","10","44.0700","133.00","127521172"
"2020-02-18 13:01:37","LONG","100","R","RYDER SYSTEM","38.5836","100","2020-02-20 09:34:06","39.5155","-0.02","-9.44","2020-02-19 00:00:00","10","37.6400","91.00","127578057"
"2020-02-13 13:06:01","LONG","100","MRK","MERCK","82.1564","100","2020-02-14 15:13:55","82.5937","-0.01","-4.86","2020-02-14 00:00:00","10","81.6700","42.00","127499028"
"2020-01-24 15:29:36","LONG","120","HES","HESS","64.5988","120","2020-02-13 13:06:41","59.3276","-0.27","-127.91","2020-02-10 00:00:00","12","53.9400","-635.40","127214323"
"2020-02-11 10:20:29","LONG","140","BOOT","BOOT BARN HOLDINGS INC","33.5867","140","2020-02-12 10:32:24","33.9198","-0.03","-12.13","2020-02-11 15:05:00","14","32.7200","44.20","127456756"
"2020-02-07 13:13:18","LONG","120","OLLI","OLLIES BARGAIN OUTLET HOLDINGS INC.","49.8366","120","2020-02-11 10:29:44","50.2140","-0.07","-34.37","2020-02-10 00:00:00","12","46.9721","42.60","127416460"
"2020-02-07 11:15:42","LONG","150","STNG","SCORPIO TANKERS","21.9743","150","2020-02-11 10:20:43","23.7500","-0.02","-8.01","2020-02-10 00:00:00","15","21.4400","263.00","127413935"
"2020-01-30 09:49:13","LONG","80","FANG","DIAMONDBACK ENERGY INC","76.8946","80","2020-02-05 10:00:01","76.5400","-0.08","-35.12","2020-02-03 00:00:00","8","72.5050","-29.60","127286870"
"2020-01-27 10:29:25","LONG","60","UAL","UNITED AIRLINES HOLDINGS INC","78.4189","60","2020-02-04 09:35:37","77.1683","-0.05","-23.87","2020-01-30 00:00:00","6","74.4400","-76.20","127232961"
"2020-01-24 12:39:25","LONG","100","MRK","MERCK","86.7850","100","2020-01-29 09:44:43","86.9420","-0.04","-20.75","2020-01-27 00:00:00","10","84.7100","14.00","127211401"
"2020-01-27 09:52:52","LONG","50","CXO","CONCHO RESOURCES","79.5434","50","2020-01-28 10:50:36","80.0476","-0.01","-6.92","2020-01-27 11:09:00","5","78.1600","24.00","127232122"
"2020-01-24 12:40:59","LONG","80","MOM","QUANTSHARES MKT NEUTRAL MOMENTUM","24.5145","80","2020-01-27 09:53:05","24.4477","-0.00","-1.48","2020-01-24 14:34:00","8","24.3300","-6.60","127211437"
"2020-01-24 12:26:24","LONG","100","PSX","PHILLIPS 66","99.5746","100","2020-01-24 12:58:05","99.9257","-0.00","-0.32","2020-01-24 12:27:00","10","99.5429","33.00","127211074"
"2020-01-24 11:10:34","LONG","120","NUS","NU SKIN ENTERPRISES","36.1637","120","2020-01-24 12:13:04","36.6956","-0.00","-1.66","2020-01-24 11:22:00","12","36.0250","61.60","127207544"
"2020-01-23 09:59:45","LONG","100","EXPD","EXPEDITORS INTERNATIONAL","73.0779","100","2020-01-24 09:33:02","74.0345","-0.01","-2.98","2020-01-23 10:23:00","10","72.7800","94.00","127173309"
"2020-01-21 13:35:44","LONG","60","TGT","TARGET","113.8775","60","2020-01-22 10:29:56","114.9352","-0.00","-0.64","2020-01-22 00:00:00","6","113.7700","61.80","127129263"
"2020-01-16 11:23:52","LONG","200","STNG","SCORPIO TANKERS","31.9300","200","2020-01-16 12:45:39","32.4900","-0.01","-3.05","2020-01-16 11:24:00","20","31.7776","108.00","127043757"
"2020-01-09 14:57:16","LONG","220","TEN","TSAKOS ENERGY NAVIGATION","10.4757","220","2020-01-16 10:22:50","10.7406","-0.05","-23.78","2020-01-13 00:00:00","22","9.3950","53.60","126936800"
"2019-09-05 13:36:38","LONG","120","PINS","PINTEREST INC","31.6280","120","2020-01-15 09:50:37","22.6919","-0.37","-170.86","2019-12-13 00:00:00","12","17.3900","-1074.40","125235911"
"2019-12-23 10:32:20","LONG","80","KMX","CARMAX","89.9882","80","2020-01-13 13:16:48","90.1887","-0.06","-30.47","2020-01-06 00:00:00","8","86.1800","14.40","126724644"
"2020-01-07 12:20:29","LONG","50","PII","POLARIS INC","92.8274","50","2020-01-07 13:20:23","94.3808","-0.00","-0.09","2020-01-07 12:21:00","5","92.8100","77.00","126901011"
"2019-12-23 12:53:15","LONG","70","DRI","DARDEN RESTAURANTS","108.6800","70","2020-01-07 12:20:52","112.3065","-0.02","-9.66","2019-12-27 00:00:00","7","107.3000","252.60","126727310"
"2019-12-18 12:36:07","LONG","100","SRC","SPIRIT REALTY CAPITAL","48.8187","100","2019-12-20 11:35:42","48.9915","-0.01","-2.79","2019-12-19 00:00:00","10","48.5400","15.00","126672874"
"2019-12-19 15:38:44","LONG","80","HEI","HEICO CORP","115.4981","80","2019-12-20 10:05:25","116.5008","-0.00","-1.67","2019-12-20 00:00:00","8","115.2900","78.40","126692941"
"2019-12-12 15:06:41","LONG","120","WELL","WELLTOWER INC","79.2550","120","2019-12-19 11:11:31","79.1825","-0.06","-30.06","2019-12-18 00:00:00","12","76.7500","-11.40","126604394"
"2019-12-13 10:47:06","LONG","100","WPC","W. P. CAREY","76.7595","100","2019-12-18 13:11:02","77.6984","-0.01","-6.29","2019-12-13 13:36:00","10","76.1300","92.00","126615356"
"2019-12-12 13:00:03","LONG","100","LIVN","LIVANOVA PLC ORDINARY SHARES","76.0311","100","2019-12-12 15:06:10","76.7891","-0.01","-2.61","2019-12-12 13:24:00","10","75.7700","74.00","126600963"
"2019-12-06 11:29:16","LONG","110","JEC","JACOBS ENGINEERING","84.8877","110","2019-12-06 12:35:04","85.5307","-0.01","-4.59","2019-12-06 12:04:00","11","84.4700","68.80","126517651"
"2019-12-05 14:49:56","LONG","80","UPS","UNITED PARCEL SERVICE","114.5396","80","2019-12-06 09:31:40","116.1766","-0.00","-2.32","2019-12-05 14:58:00","8","114.2500","129.40","126504381"
"2019-12-03 10:10:31","LONG","100","DLTR","DOLLAR TREE STORES","89.1011","100","2019-12-05 09:41:47","90.7600","-0.01","-5.01","2019-12-03 15:46:00","10","88.6000","164.00","126458481"
"2019-12-03 12:25:02","LONG","80","OLLI","OLLIES BARGAIN OUTLET HOLDINGS INC.","56.2567","80","2019-12-04 09:33:53","57.7529","-0.01","-3.93","2019-12-03 13:08:00","8","55.7650","118.40","126463361"
"2019-10-29 10:12:12","LONG","240","SERV","SERVE ROBOTICS INC.","39.3756","240","2019-12-03 10:10:43","38.7190","-0.32","-140.29","2019-11-14 00:00:00","24","33.5300","-162.80","125986880"
"2019-11-25 13:17:20","LONG","40","GWPH","GW PHARMACEUTICALS PLC AMERICA","97.6492","40","2019-11-26 13:36:32","98.9594","-0.02","-7.76","2019-11-26 00:00:00","4","95.7100","51.20","126357365"
"2019-11-21 10:45:27","LONG","120","WB","WEIBO CORPORATION AMERICAN DEP","41.2650","120","2019-11-25 09:38:05","42.4632","-0.01","-5.94","2019-11-22 00:00:00","12","40.7700","141.60","126304648"
"2019-11-07 14:15:02","LONG","80","DLR","DIGITAL REALTY TRUST","119.1413","80","2019-11-18 10:31:50","120.2200","-0.06","-27.13","2019-11-13 00:00:00","8","115.7500","84.40","126118465"
"2019-11-14 13:48:48","LONG","100","EBIX","EBIX","33.7082","100","2019-11-15 10:56:13","34.0136","-0.03","-15.58","2019-11-15 09:46:00","10","32.1500","29.00","126215175"
"2019-11-08 12:38:55","LONG","80","AAN","AARON'S CO INC","58.7971","80","2019-11-15 10:19:08","59.0946","-0.04","-18.94","2019-11-11 00:00:00","8","56.4300","22.40","126134151"
"2019-11-04 14:23:51","LONG","100","LYV","LIVE NATION ENTERTAINMENT","63.1884","100","2019-11-07 10:03:51","62.8290","-0.05","-21.78","2019-11-06 00:00:00","10","61.0100","-38.00","126065716"
"2019-10-24 11:05:17","LONG","100","HAS","HASBRO","96.4149","100","2019-10-28 10:00:57","96.6876","-0.05","-22.25","2019-10-25 00:00:00","10","94.1900","25.00","125935117"
"2019-10-22 12:53:06","LONG","140","PDCE","PDC ENERGY","21.5775","140","2019-10-23 11:20:04","21.8245","-0.02","-11.59","2019-10-23 00:00:00","14","20.7500","32.20","125899525"
"2019-10-18 13:24:44","LONG","50","ESTC","ELASTIC NV","71.6118","50","2019-10-23 11:19:49","72.2725","-0.03","-11.76","2019-10-23 09:35:00","5","69.2600","32.00","125856576"
"2019-10-22 15:39:58","LONG","30","COUP","COUPA SOFTWARE INCORPORATED","121.4900","30","2019-10-23 09:55:59","126.4863","-0.02","-9.03","2019-10-23 00:00:00","3","118.4800","149.40","125904705"
"2019-08-12 10:49:49","LONG","60","Z","ZILLOW GROUP INC. CLASS C","38.1429","60","2019-10-17 12:25:31","32.3775","-0.13","-58.07","2019-10-03 00:00:00","6","28.4650","-347.20","124882885"
"2019-10-09 15:49:43","LONG","140","DD","DU PONT DE NEMOURS & CO","64.9900","140","2019-10-11 10:24:29","64.9642","-0.06","-29.68","2019-10-10 00:00:00","14","62.8700","-6.80","125705976"
"2019-10-02 13:16:52","LONG","50","CVX","CHEVRON","112.3950","50","2019-10-08 13:34:06","112.3117","-0.02","-9.87","2019-10-03 00:00:00","5","110.4220","-5.00","125597837"
"2019-10-01 11:20:31","LONG","50","BMRN","BIOMARIN PHARMACEUTICAL","65.5811","50","2019-10-04 10:15:46","65.9176","-0.03","-13.51","2019-10-02 00:00:00","5","62.8800","16.00","125571943"
"2019-09-18 15:31:20","LONG","70","TSCO","TRACTOR SUPPLY","93.4389","70","2019-10-03 11:41:37","91.7113","-0.08","-35.20","2019-09-26 00:00:00","7","88.4100","-122.40","125406773"
"2019-07-30 10:50:42","LONG","130","PTC","PTC INC. COMMON STOCK","69.2449","130","2019-09-30 14:06:33","68.3746","-0.20","-93.53","2019-08-14 00:00:00","13","62.0500","-115.60","124677362"
"2019-09-26 14:06:43","LONG","80","INCY","INCYTE","73.5877","80","2019-09-30 14:06:09","74.4469","-0.03","-12.70","2019-09-27 00:00:00","8","72.0000","67.40","125522864"
"2019-09-26 14:17:51","LONG","100","COP","CONOCOPHILLIPS","57.6716","100","2019-09-27 11:02:33","58.0773","-0.02","-7.12","2019-09-27 00:00:00","10","56.9600","39.00","125523007"
"2019-09-16 12:49:10","LONG","80","TSCO","TRACTOR SUPPLY","96.2692","80","2019-09-17 10:26:07","97.2071","-0.03","-12.95","2019-09-17 00:00:00","8","94.6500","73.40","125372012"
"2019-09-12 13:41:26","LONG","80","WING","WINGSTOP INC. COMMON STOCK","88.1290","80","2019-09-16 10:42:37","88.4063","-0.03","-15.71","2019-09-13 00:00:00","8","86.1650","20.40","125331969"
"2019-09-06 15:25:28","LONG","80","SMAR","SMARTSHEET INC","40.8042","80","2019-09-11 12:25:04","40.3750","-0.07","-31.55","2019-09-10 00:00:00","8","36.8600","-35.60","125253748"
"2019-09-09 13:13:55","LONG","100","CHGG","CHEGG INC","33.6982","100","2019-09-11 12:08:02","34.1648","-0.02","-11.48","2019-09-10 00:00:00","10","32.5500","45.00","125278099"
"2019-09-09 12:45:38","LONG","50","ZS","ZSCALER INC. COMMON STOCK","61.3897","50","2019-09-10 09:55:15","63.2313","-0.01","-6.80","2019-09-10 00:00:00","5","60.0300","91.00","125277682"
"2019-08-14 15:02:27","LONG","150","CAR","AVIS BUDGET GROUP","27.4534","150","2019-09-09 13:10:10","26.7835","-0.12","-53.90","2019-08-28 00:00:00","15","23.8600","-103.00","124936399"
"2019-07-31 15:18:21","LONG","80","DISH","DISH NETWORK","34.1798","80","2019-08-28 13:14:54","33.2840","-0.06","-28.80","2019-08-07 00:00:00","8","30.5800","-73.60","124703810"
"2019-08-27 13:06:57","LONG","50","CI","THE CIGNA GROUP","147.1635","50","2019-08-28 13:14:44","147.7612","-0.02","-8.29","2019-08-28 00:00:00","5","145.5050","29.00","125106884"
"2019-07-30 15:08:25","LONG","300","TGE","GENERATION ESSENTIALS GROUP","19.2854","300","2019-08-28 10:27:25","19.3218","-0.33","-150.16","2019-08-27 00:00:00","30","14.2800","5.00","124684626"
"2019-08-27 10:37:43","LONG","100","PM","PHILIP MORRIS","71.8000","100","2019-08-28 10:26:40","74.2211","-0.06","-25.30","2019-08-27 10:56:00","10","69.2700","240.00","125102425"
"2019-08-21 15:47:32","LONG","120","ELAN","ELANCO ANIMAL HEALTH INC","26.4493","120","2019-08-22 11:08:05","26.8248","-0.00","-1.31","2019-08-22 00:00:00","12","26.3400","42.60","125026403"
"2019-08-14 09:57:31","LONG","100","KSS","KOHL'S","45.8106","100","2019-08-19 09:38:46","46.7000","-0.06","-24.81","2019-08-15 00:00:00","10","43.3300","87.00","124928808"
"2019-08-15 15:20:40","LONG","50","THO","THOR INDUSTRIES","43.0386","50","2019-08-16 11:49:04","44.7425","-0.01","-2.89","2019-08-15 15:20:40","5","42.4600","84.00","124955380"
"2019-08-15 11:34:20","LONG","50","WAB","WESTINGHOUSE AIR BRAKE","62.6036","50","2019-08-16 11:48:56","65.7884","-0.02","-8.02","2019-08-15 11:34:20","5","61.0000","158.00","124951592"
"2019-08-09 13:27:59","LONG","70","YY","YY INC.","52.9122","70","2019-08-13 10:44:14","53.1580","-0.03","-13.39","2019-08-09 13:27:59","7","51.0000","15.60","124860176"
"2019-08-07 14:38:43","LONG","120","OXY","OCCIDENTAL PETROLEUM","45.6283","120","2019-08-08 15:46:36","46.8017","-0.01","-5.92","2019-08-07 14:38:43","12","45.1350","138.60","124820816"
"2019-08-07 10:09:29","LONG","70","PRU","PRUDENTIAL FINANCIAL","83.3640","70","2019-08-07 15:53:19","84.8979","-0.01","-5.49","2019-08-07 10:09:29","7","82.5800","105.60","124812568"
"2019-08-07 10:10:11","LONG","60","FANG","DIAMONDBACK ENERGY INC","88.8957","60","2019-08-07 14:35:14","90.9463","-0.03","-13.29","2019-08-07 10:10:11","6","86.6800","121.80","124812587"
"2019-08-05 15:41:11","LONG","60","DLTR","DOLLAR TREE STORES","92.9169","60","2019-08-07 12:13:15","92.9868","-0.02","-10.00","2019-08-05 15:41:11","6","91.2500","2.80","124775804"
"2019-08-05 15:25:52","LONG","60","UAL","UNITED AIRLINES HOLDINGS INC","85.6172","60","2019-08-07 10:39:37","86.2586","-0.02","-9.52","2019-08-05 15:25:52","6","84.0300","36.80","124775453"
"2019-08-05 15:40:14","LONG","60","LNG","CHENIERE ENERGY","59.9387","60","2019-08-06 09:56:31","60.6941","-0.00","-0.14","2019-08-05 15:40:14","6","59.9150","43.80","124775772"
"2019-08-02 12:03:40","LONG","100","WLK","WESTLAKE CORP","62.6866","100","2019-08-06 09:56:19","63.0747","-0.06","-26.07","2019-08-02 12:03:40","10","60.0800","37.00","124742997"
"2019-08-05 10:01:59","LONG","40","ADSK","AUTODESK","143.3101","40","2019-08-06 09:34:55","146.0941","-0.02","-9.00","2019-08-05 10:01:59","4","141.0600","110.20","124767608"
"2019-08-01 11:54:46","LONG","50","FANG","DIAMONDBACK ENERGY INC","95.9762","50","2019-08-02 12:03:12","97.3650","-0.01","-5.72","2019-08-01 11:54:46","5","94.8329","68.00","124720053"
"2019-05-10 14:46:43","LONG","100","THO","THOR INDUSTRIES","60.7051","100","2019-07-31 15:18:50","59.7914","-0.21","-95.75","2019-05-10 14:46:43","10","51.1300","-93.00","123626247"
"2019-07-29 15:18:24","LONG","300","BPT","BP PRUDHOE BAY","8.1914","300","2019-07-30 09:50:53","8.4411","-0.00","-0.32","2019-07-29 15:18:24","30","8.1808","69.00","124664373"
"2019-07-23 12:20:20","LONG","120","AMCX","AMC GLOBAL MEDIA INC. CLASS A","51.7688","120","2019-07-24 09:58:20","52.2887","-0.01","-3.59","2019-07-23 12:20:20","12","51.4700","59.60","124580780"
"2019-07-22 09:40:53","LONG","80","GPC","GENUINE PARTS","94.8900","80","2019-07-23 13:10:04","96.0455","-0.00","-0.45","2019-07-22 09:40:53","8","94.8342","90.40","124562495"
"2019-07-22 10:54:45","LONG","180","SON","SONOCO PRODUCTS","59.1345","180","2019-07-23 09:47:24","60.0484","-0.01","-3.14","2019-07-22 10:54:45","18","58.9600","161.40","124564531"
"2019-07-15 13:22:08","LONG","150","BIG","BIG LOTS","23.4051","150","2019-07-16 10:37:45","23.9381","-0.01","-3.23","2019-07-15 13:22:08","15","23.1900","77.00","124464675"
"2019-07-11 11:39:06","LONG","100","NCLH","NORWEGIAN CRUISE LINE HOLDINGS","49.2221","100","2019-07-15 10:02:23","50.4694","-0.00","-0.22","2019-07-11 11:39:06","10","49.2000","123.00","124420386"
"2019-07-12 13:20:11","LONG","120","MRK","MERCK","79.0411","120","2019-07-15 09:34:38","80.3489","-0.00","-2.05","2019-07-12 13:20:11","12","78.8700","154.60","124440182"
"2019-07-11 11:35:18","LONG","100","DOV","DOVER CORP","97.5400","100","2019-07-12 13:19:46","99.5636","-0.00","-0.60","2019-07-11 11:35:18","10","97.4800","200.00","124420270"
"2019-03-20 11:19:55","LONG","170","TEN","TSAKOS ENERGY NAVIGATION","25.2078","170","2019-07-11 11:35:34","8.6208","-0.64","-282.17","2019-03-20 11:19:55","17","8.6097","-2823.40","122992055"
"2019-07-09 10:48:56","LONG","120","RCL","ROYAL CARIBBEAN GROUP","110.7981","120","2019-07-10 10:14:26","112.1271","-0.02","-8.02","2019-07-09 10:48:56","12","110.1300","156.60","124388310"
"2019-06-28 12:11:12","LONG","150","TMUS","T-MOBILE US INC. COMMON STOCK","73.5472","150","2019-07-01 09:41:45","74.2669","-0.00","-1.46","2019-06-28 12:11:12","15","73.4500","105.00","124269667"
"2019-06-28 13:52:08","LONG","100","JKS","JINKOSOLAR HOLDING","21.0100","100","2019-07-01 09:41:31","22.1948","-0.00","-0.90","2019-06-28 13:52:08","10","20.9200","116.00","124270963"
"2019-06-25 11:26:17","LONG","120","PZZA","PAPA JOHN'S INTERNATIONAL","43.2563","120","2019-06-28 10:28:15","43.9703","-0.05","-20.84","2019-06-25 11:26:17","12","41.5200","83.60","124222295"
"2019-06-24 11:00:12","LONG","120","CCL","CARNIVAL CORP LTD","45.7897","120","2019-06-27 12:07:13","45.9401","-0.03","-12.36","2019-06-24 11:00:12","12","44.7600","15.60","124204139"
"2019-06-26 10:49:39","LONG","100","VNO","VORNADO REALTY TRUST","63.2846","100","2019-06-27 10:38:15","63.9695","-0.01","-3.05","2019-06-26 10:49:39","10","62.9800","67.00","124239564"
"2019-06-25 11:35:39","LONG","100","PLNT","PLANET FITNESS INC","71.2241","100","2019-06-27 09:32:43","73.1385","-0.03","-11.24","2019-06-25 11:35:39","10","70.1000","189.00","124222489"
"2019-06-21 12:52:21","LONG","100","TXRH","TEXAS ROADHOUSE","51.6499","100","2019-06-24 10:55:45","52.7817","-0.00","-0.30","2019-06-21 12:52:21","10","51.6200","111.00","124184659"
"2019-06-17 14:27:07","LONG","130","LW","LAMB WESTON HOLDINGS INC","60.2028","130","2019-06-19 11:26:10","60.8513","-0.03","-15.25","2019-06-17 14:27:07","13","59.0300","81.40","124113857"
"2019-05-09 10:48:43","LONG","100","MGA","MAGNA INTERNATIONAL","47.8546","100","2019-06-18 10:01:20","47.1802","-0.13","-65.45","2019-05-31 08:29:00","10","41.3100","-69.00","123590956"
"2019-06-12 11:20:00","LONG","200","EQT","EQT","16.0588","200","2019-06-17 13:48:34","16.1722","-0.03","-13.18","2019-06-17 09:45:00","20","15.4000","19.00","124051525"
"2019-05-17 09:41:46","LONG","100","SWKS","SKYWORKS SOLUTIONS","72.2831","100","2019-06-10 10:06:13","72.6087","-0.16","-79.83","2019-06-04 16:16:00","10","64.3000","31.00","123709552"
"2019-06-06 11:16:19","LONG","80","DELL","DELL TECHNOLOGIES INC","52.8694","80","2019-06-07 11:05:34","54.8394","-0.01","-5.52","2019-06-06 14:28:00","8","52.1800","156.40","123963900"
"2019-05-24 15:03:39","LONG","100","BC","BRUNSWICK","43.4968","100","2019-06-04 11:37:00","43.2403","-0.05","-24.77","2019-06-03 09:31:00","10","41.0200","-28.00","123817813"
"2019-05-30 11:36:48","LONG","120","CLR","CONTINENTAL RESOURCES","36.0179","120","2019-06-04 09:35:27","38.3392","-0.03","-16.89","2019-06-03 13:03:00","12","34.6100","276.60","123876004"
"2019-05-17 15:35:58","LONG","150","FN","FABRINET","47.1631","150","2019-05-31 14:50:08","44.9417","-0.07","-33.69","2019-05-31 14:38:00","7","42.3500","-336.00","123720538"
"2019-05-28 11:43:15","LONG","80","LOW","LOWE'S COMPANIES","93.5205","80","2019-05-30 11:36:01","94.0019","-0.04","-17.92","2019-05-29 08:42:00","8","91.2800","37.40","123846002"
"2019-05-23 12:09:59","LONG","100","KSS","KOHL'S","51.1288","100","2019-05-28 12:14:35","52.0412","-0.01","-7.29","2019-05-24 09:31:00","10","50.4000","89.00","123799093"
"2019-05-22 12:00:46","LONG","100","QRVO","QORVO INC. COMMON STOCK","60.3704","100","2019-05-24 09:34:08","61.9661","-0.04","-18.50","2019-05-23 09:42:00","10","58.5200","158.00","123781842"
"2019-05-14 12:49:02","LONG","120","TGT","TARGET","70.7742","120","2019-05-14 15:25:25","71.4915","-0.00","-0.07","2019-05-14 12:49:02","12","70.7684","83.60","123666917"
"2019-05-13 11:58:49","LONG","100","MCHP","MICROCHIP TECHNOLOGY","84.1485","100","2019-05-14 09:40:01","84.4843","-0.02","-12.48","2019-05-13 13:22:00","10","82.9000","32.00","123646585"
"2019-05-08 15:39:40","LONG","120","NRG","NRG ENERGY","37.0985","120","2019-05-10 14:47:15","37.0908","-0.02","-10.78","2019-05-10 09:34:00","12","36.2000","-3.40","123578862"
"2019-05-08 12:22:21","LONG","100","VLO","VALERO ENERGY","82.4308","100","2019-05-10 12:39:02","82.9379","-0.07","-36.41","2019-05-09 10:27:00","10","78.7900","49.00","123576383"
"2019-05-09 10:48:17","LONG","100","PSX","PHILLIPS 66","84.2952","100","2019-05-10 09:43:18","86.6008","-0.01","-2.95","2019-05-09 10:57:00","10","84.0000","229.00","123590936"
"2019-05-09 10:47:52","LONG","80","KLAC","KLA CORP","112.1498","80","2019-05-10 09:41:15","115.3974","-0.01","-6.00","2019-05-09 11:08:00","8","111.4000","258.40","123590929"
"2019-05-08 12:36:19","LONG","140","CC","CHEMOURS CO","28.5033","140","2019-05-08 15:39:02","29.2084","-0.00","-1.59","2019-05-08 12:44:00","14","28.3900","96.20","123576506"
"2019-05-07 10:01:44","LONG","120","PSX","PHILLIPS 66","85.5374","120","2019-05-08 09:51:32","86.6896","-0.01","-3.21","2019-05-07 10:17:00","12","85.2700","135.60","123557036"
"2019-05-02 12:51:00","LONG","240","CLR","CONTINENTAL RESOURCES","42.7526","240","2019-05-03 10:12:03","43.0201","-0.02","-9.42","2019-05-02 13:11:00","24","42.3600","59.20","123509766"
"2019-04-29 11:23:34","LONG","15","TSLA","TESLA  INC.","241.5597","15","2019-05-02 14:33:01","244.2191","-0.03","-16.59","2019-05-02 07:14:00","2","230.5000","39.70","123464319"
"2019-05-01 11:37:31","LONG","100","JBHT","J.B. HUNT TRANSPORT","92.9481","100","2019-05-02 14:32:42","94.5032","-0.03","-15.28","2019-05-02 09:41:00","10","91.4200","154.00","123492255"
"2019-02-21 10:27:39","LONG","270","CVS","CVS HEALTH CORP","59.5968","270","2019-05-01 15:51:24","57.0878","-0.42","-207.00","2019-03-08 09:31:00","27","51.9300","-682.40","122620585"
"2019-05-01 09:39:42","LONG","120","CHRW","CH ROBINSON WORLDWIDE","78.8200","120","2019-05-01 09:50:21","80.2307","-0.01","-4.92","2019-05-01 09:41:00","12","78.4100","166.60","123489796"
"2019-04-25 12:13:06","LONG","100","MMSI","MERIT MEDICAL SYSTEMS","53.2317","100","2019-04-25 15:58:35","54.3626","-0.02","-8.42","2019-04-25 12:50:00","10","52.3900","111.00","123430925"
"2019-04-23 10:32:41","LONG","180","MRK","MERCK","74.1700","180","2019-04-23 12:05:02","74.6500","-0.01","-3.60","2019-04-23 10:39:00","18","73.9700","82.40","123400809"
"2019-04-22 12:08:02","LONG","50","GPC","GENUINE PARTS","103.8300","50","2019-04-23 11:48:58","104.7286","-0.01","-7.45","2019-04-23 09:43:00","5","102.3400","44.00","123388695"
"2019-04-22 13:56:26","LONG","100","SNBR","SLEEP NUMBER CORP","36.5710","100","2019-04-23 10:32:15","37.2941","-0.01","-5.01","2019-04-22 15:22:00","10","36.0700","70.00","123391718"
"2019-04-17 12:32:21","LONG","140","BAX","BAXTER INTERNATIONAL","75.0315","140","2019-04-23 09:41:15","75.4014","-0.04","-23.12","2019-04-18 10:12:00","14","73.3800","49.20","123346452"
"2019-04-15 15:19:12","LONG","140","PLAY","DAVE & BUSTERS ENTERTAINMENT","48.9555","140","2019-04-17 12:29:34","49.8828","-0.02","-10.86","2019-04-16 11:12:00","14","48.1800","127.20","123319623"
"2019-04-09 11:47:47","LONG","120","TWOU","2U INC. COMMON STOCK","65.5436","120","2019-04-09 14:38:40","66.9688","-0.00","-2.32","2019-04-09 11:52:00","12","65.3500","168.60","123256112"
"2019-04-05 12:25:35","LONG","150","PDD","PINDUODUO INC. ADS","21.5685","150","2019-04-08 14:49:35","21.8583","-0.01","-4.03","2019-04-05 13:17:00","15","21.3000","40.00","123221947"
"2019-04-04 15:15:03","LONG","120","LW","LAMB WESTON HOLDINGS INC","70.8300","120","2019-04-05 14:46:57","71.3468","-0.03","-14.28","2019-04-05 09:42:00","12","69.6400","59.60","123206982"
"2019-03-06 10:05:55","LONG","150","ALK","ALASKA AIR GROUP","56.8734","150","2019-04-03 10:37:20","58.0956","-0.10","-52.26","2019-03-25 10:18:00","15","53.3895","180.00","122803418"
"2019-03-26 11:19:41","LONG","140","CRTO","CRITEO S.A. AMERICAN DEPOSITAR","19.0228","140","2019-03-27 15:56:56","19.1206","-0.04","-17.96","2019-03-26 14:10:00","14","17.7400","11.20","123078091"
"2019-03-27 12:11:25","LONG","130","TDOC","TELADOC HEALTH INC","50.3203","130","2019-03-27 15:56:17","50.8618","-0.00","-2.08","2019-03-27 12:29:00","13","50.1600","67.40","123100565"
"2019-03-21 10:53:04","LONG","200","DSW","DSW","21.0972","200","2019-03-26 09:37:10","22.2664","-0.04","-17.74","2019-03-25 09:31:00","20","20.2100","230.00","123013720"
"2019-03-22 13:04:45","LONG","150","ZION","ZIONS BANCORPORATION","43.5679","150","2019-03-26 09:36:57","44.7523","-0.01","-4.47","2019-03-22 13:51:00","15","43.2700","175.00","123037975"
"2019-03-05 11:42:04","LONG","140","WBA","WALGREEN BOOTS ALLIANCE INC.","64.1978","140","2019-03-19 10:05:20","64.1110","-0.14","-68.15","2019-03-08 10:57:00","14","59.3300","-14.80","122791036"
"2019-03-15 12:03:59","LONG","160","TEN","TSAKOS ENERGY NAVIGATION","26.9061","160","2019-03-19 09:46:32","27.0660","-0.04","-20.26","2019-03-18 12:20:00","16","25.6400","22.80","122929148"
"2019-03-15 15:29:22","LONG","140","AVAV","AEROVIRONMENT","71.4859","140","2019-03-19 09:46:15","71.7660","-0.03","-13.66","2019-03-18 09:38:00","14","70.5100","36.20","122933323"
"2019-03-14 11:24:11","LONG","180","NAV","NAVISTAR INTERNATIONAL","31.7451","180","2019-03-15 12:03:27","32.2788","-0.02","-8.73","2019-03-14 13:59:00","18","31.2600","92.40","122912270"
"2019-03-14 11:34:03","LONG","80","AMCX","AMC GLOBAL MEDIA INC. CLASS A","59.4517","80","2019-03-14 15:21:50","59.8721","-0.00","-0.89","2019-03-14 11:37:00","8","59.3400","32.40","122912457"
"2019-03-08 11:27:46","LONG","130","DVA","DAVITA INC","49.9297","130","2019-03-12 09:56:31","51.2002","-0.01","-5.33","2019-03-08 11:45:00","13","49.5200","162.40","122837154"
"2019-02-21 10:45:37","LONG","120","TRGP","TARGA RESOURCES","42.3991","120","2019-03-07 12:24:03","40.2094","-0.06","-30.11","2019-02-27 09:55:00","12","39.8900","-265.40","122621258"
"2019-03-05 11:44:26","LONG","20","TSLA","TESLA  INC.","277.6331","20","2019-03-07 12:23:32","282.2319","-0.01","-6.49","2019-03-06 09:50:00","2","274.3900","91.60","122791069"
"2019-03-05 10:02:32","LONG","20","WCG","WELLCARE HEALTH PLANS","240.9013","20","2019-03-05 12:31:28","247.3508","-0.01","-2.68","2019-03-05 10:13:00","2","239.5600","128.60","122788755"
"2019-03-01 10:34:49","LONG","100","WELL","WELLTOWER INC","73.0174","100","2019-03-01 13:48:39","73.4017","-0.00","-2.37","2019-03-01 11:23:00","10","72.7800","36.00","122749823"
"2019-02-28 15:12:38","LONG","30","CI","THE CIGNA GROUP","174.6785","30","2019-03-01 13:48:33","178.2562","-0.00","-2.04","2019-02-28 18:02:00","3","174.0000","106.40","122738062"
"2019-02-21 10:59:01","LONG","40","ICPT","NTERCEPT PHARMACEUTICALS","94.7000","40","2019-02-28 09:35:35","99.4039","-0.05","-25.72","2019-02-22 09:46:00","4","88.2700","187.20","122621713"
"2019-02-25 12:07:48","LONG","80","GDOT","GREEN DOT","64.3940","80","2019-02-27 15:40:31","64.4400","-0.03","-16.83","2019-02-27 09:32:00","8","62.2900","2.40","122670087"
"2019-02-08 12:55:41","LONG","200","VNDA","VANDA PHARMACEUTICALS","18.7843","200","2019-02-14 09:40:33","20.0225","-0.07","-35.69","2019-02-11 16:03:00","20","17.0000","244.00","122434374"
"2019-02-11 14:30:51","LONG","150","VCRA","VOCERA COMMUNICATIONS","29.8649","150","2019-02-12 11:25:31","30.4406","-0.01","-4.12","2019-02-11 15:09:00","15","29.5900","83.00","122462283"
"2019-02-08 11:17:23","LONG","100","LITE","LUMENTUM HOLDINGS INC","42.5367","100","2019-02-11 14:05:40","43.2414","-0.02","-10.32","2019-02-08 12:13:00","10","41.5050","68.00","122432156"
"2019-01-25 15:19:14","LONG","140","CHD","CHURCH & DWIGHT COMPANY","63.8476","140","2019-01-31 11:45:56","63.9059","-0.03","-15.79","2019-01-31 09:32:00","14","62.7200","5.20","122192272"
"2019-01-28 11:57:02","LONG","100","ABBV","ABBVIE INC","77.5763","100","2019-01-30 15:22:41","78.9021","-0.04","-18.06","2019-01-29 13:23:00","10","75.7700","131.00","122220515"
"2019-01-30 10:12:59","LONG","150","VZ","VERIZON COMMUNICATIONS","53.0067","150","2019-01-30 11:36:07","53.6891","-0.00","-0.48","2019-01-30 10:17:00","15","52.9750","99.00","122266967"
"2019-01-23 13:24:28","LONG","30","TSLA","TESLA  INC.","285.2491","30","2019-01-24 12:30:40","287.4388","-0.04","-17.90","2019-01-24 09:33:00","3","279.2830","65.40","122137703"
"2018-09-21 12:57:00","LONG","80","THO","THOR INDUSTRIES","90.2823","80","2019-01-22 11:30:55","65.1835","-0.74","-340.58","2018-12-24 09:51:00","8","47.7100","-2009.60","119977415"
"2018-09-27 14:02:53","LONG","200","DWDP","DOWDUPONT","65.6893","200","2019-01-18 11:32:50","58.0520","-0.74","-335.99","2018-12-26 10:15:00","20","48.8900","-1531.00","120071853"
"2019-01-08 11:54:02","LONG","120","HQY","HEALTHEQUITY INC. COMMON STOC","51.3647","120","2019-01-08 15:44:21","52.8085","-0.00","-0.54","2019-01-08 11:58:00","12","51.3200","170.60","121847112"
"2018-12-06 15:52:26","LONG","80","NTRS","NORTHERN TRUST","91.0583","80","2019-01-08 11:33:45","83.5876","-0.27","-120.79","2018-12-26 11:00:00","8","75.9600","-599.60","121386729"
"2018-12-11 15:15:57","LONG","130","SIG","SIGNET JEWELERS","34.7873","130","2019-01-07 11:43:55","35.0594","-0.18","-84.33","2018-12-24 09:49:00","13","28.3000","32.40","121450630"
"2018-12-17 14:39:44","LONG","120","MAC","MACERICH","45.0997","120","2019-01-04 11:51:52","44.4801","-0.11","-50.40","2018-12-26 10:55:00","12","40.9000","-76.40","121533893"
"2018-12-24 10:41:07","LONG","60","MSI","MOTOROLA SOLUTIONS","111.9995","60","2018-12-28 09:44:37","112.9100","-0.05","-22.50","2018-12-26 11:09:00","6","108.2500","53.80","121642942"
"2018-12-21 12:48:46","LONG","80","WBA","WALGREEN BOOTS ALLIANCE INC.","67.7617","80","2018-12-28 09:44:29","68.4180","-0.06","-26.01","2018-12-26 10:55:00","8","64.5100","51.40","121623750"
"2018-12-20 11:57:50","LONG","100","HP","HELMERICH & PAYNE","47.7030","100","2018-12-26 15:44:43","47.5011","-0.07","-31.43","2018-12-26 10:21:00","10","44.5600","-22.00","121597888"
"2018-12-20 14:50:07","LONG","50","MSI","MOTOROLA SOLUTIONS","116.1405","50","2018-12-21 11:36:12","116.6127","-0.01","-6.15","2018-12-20 15:53:00","5","114.9100","23.00","121603269"
"2018-12-14 12:19:30","LONG","100","UPS","UNITED PARCEL SERVICE","98.7339","100","2018-12-18 09:35:42","98.7170","-0.05","-23.74","2018-12-17 15:50:00","10","96.3600","-4.00","121504598"
"2018-12-12 10:14:03","LONG","50","FDX","FEDEX","189.8300","50","2018-12-17 12:19:58","185.8680","-0.08","-41.15","2018-12-17 09:46:00","5","181.6000","-199.00","121462349"
"2018-12-13 11:45:15","LONG","250","UA","UNDERARMOUR CLASS C","17.8878","250","2018-12-17 11:33:20","17.7443","-0.04","-17.95","2018-12-17 09:32:00","25","17.1700","-41.00","121483470"
"2018-12-11 14:30:38","LONG","100","DRI","DARDEN RESTAURANTS","101.9580","100","2018-12-11 15:56:40","101.7130","-0.00","-2.45","2018-12-11 15:56:40","0","101.7130","-27.00","121449876"
"2018-12-10 11:41:25","LONG","200","BIG","BIG LOTS","29.6383","200","2018-12-11 09:32:01","29.9920","-0.02","-7.77","2018-12-10 12:20:00","20","29.2500","67.00","121425431"
"2018-12-10 11:41:03","LONG","40","FDX","FEDEX","191.0300","40","2018-12-11 09:31:44","195.6118","-0.00","-1.20","2018-12-10 12:00:00","4","190.7300","182.20","121425419"
"2018-12-07 12:59:07","LONG","70","HQY","HEALTHEQUITY INC. COMMON STOC","68.4611","70","2018-12-07 14:37:22","69.3199","-0.02","-8.20","2018-12-07 13:28:00","7","67.2900","58.60","121402872"
"2018-12-06 12:08:15","LONG","50","LH","LABORATORY CORPORATION","140.4498","50","2018-12-06 14:37:13","141.6659","-0.01","-2.90","2018-12-06 13:21:00","5","139.8700","60.00","121380487"
"2018-11-30 15:02:49","LONG","170","PDCE","PDC ENERGY","33.3962","170","2018-12-03 09:41:28","35.5149","-0.00","-0.27","2018-11-30 15:04:00","17","33.3800","356.60","121284444"
"2018-11-21 14:45:31","LONG","120","ROST","ROSS STORES","81.6759","120","2018-11-28 09:55:18","83.7907","-0.04","-22.53","2018-11-23 12:01:00","12","79.7980","251.60","121108822"
"2018-11-20 14:35:24","LONG","100","TGT","TARGET","69.7177","100","2018-11-21 09:33:15","70.0045","-0.02","-9.08","2018-11-20 15:37:00","10","68.8100","27.00","121078599"
"2018-11-14 14:16:50","LONG","120","WP","WORLDPAY INC","83.3356","120","2018-11-21 09:32:55","81.4365","-0.18","-89.47","2018-11-20 09:31:00","12","75.8800","-230.40","120945495"
"2018-11-19 14:19:14","LONG","100","ROST","ROSS STORES","90.6022","100","2018-11-20 09:49:43","87.7992","-0.15","-76.02","2018-11-20 09:32:00","10","83.0000","-282.00","121054895"
"2018-11-20 09:35:35","LONG","100","TGT","TARGET","69.1781","100","2018-11-20 09:45:29","70.8044","-0.01","-3.58","2018-11-20 09:37:00","10","68.8200","161.00","121071273"
"2018-11-20 09:33:28","LONG","100","SQ","BLOCK INC","57.5617","100","2018-11-20 09:44:29","60.1194","-0.01","-4.22","2018-11-20 09:36:00","10","57.1400","254.00","121071181"
"2018-11-07 14:39:50","LONG","100","MYGN","MYRIAD GENETICS","33.2761","100","2018-11-19 11:49:53","31.9000","-0.08","-41.96","2018-11-14 11:44:00","10","29.0800","-140.00","120805055"
"2018-11-16 09:38:46","LONG","100","KSS","KOHL'S","69.7406","100","2018-11-16 11:33:34","72.1103","-0.00","-2.21","2018-11-16 09:44:00","10","69.5200","235.00","121001691"
"2018-11-12 15:50:57","LONG","100","PDCE","PDC ENERGY","39.9466","100","2018-11-14 09:35:01","40.5576","-0.04","-18.17","2018-11-13 10:41:00","10","38.1300","59.00","120891715"
"2018-11-12 11:39:00","LONG","100","QRVO","QORVO INC. COMMON STOCK","63.1814","100","2018-11-12 15:51:09","64.0881","-0.00","-0.61","2018-11-12 11:53:00","10","63.1200","89.00","120884551"
"2018-11-02 13:50:50","LONG","40","AAPL","APPLE","207.0587","40","2018-11-07 12:09:18","207.5365","-0.07","-35.55","2018-11-05 10:25:00","4","198.1700","18.20","120703361"
"2018-11-06 15:13:20","LONG","30","WCG","WELLCARE HEALTH PLANS","256.6269","30","2018-11-07 09:33:44","263.2228","-0.01","-3.92","2018-11-06 15:47:00","3","255.3200","197.40","120772904"
"2018-11-05 10:33:55","LONG","100","QRVO","QORVO INC. COMMON STOCK","67.6280","100","2018-11-06 09:37:02","70.0556","-0.01","-3.48","2018-11-05 10:37:00","10","67.2800","241.00","120729434"
"2018-10-31 12:23:27","LONG","80","IBM","INTERNATIONAL BUSINESS MACHINES","115.1000","80","2018-11-01 15:12:06","116.3926","-0.00","-1.68","2018-10-31 15:23:00","8","114.8900","101.40","120644853"
"2018-10-25 15:41:00","LONG","150","AMD","ADVANCED MICRO DEVICES INC. C","19.0900","150","2018-11-01 15:12:00","20.0413","-0.10","-43.80","2018-10-30 09:31:00","15","16.1700","140.00","120546977"
"2018-10-04 13:46:25","LONG","100","VAC","MARRIOTT VACATIONS WORLDWIDE","103.7969","100","2018-11-01 11:14:00","94.7909","-0.45","-206.87","2018-10-30 09:30:00","10","83.1100","-903.00","120187808"
"2018-10-25 15:40:31","LONG","240","EQT","EQT","33.6630","240","2018-10-31 11:21:16","34.2027","-0.16","-75.19","2018-10-29 15:14:00","24","30.5300","125.20","120546972"
"2018-10-29 10:08:40","LONG","150","AIG","AMERICAN INTERNATIONAL","41.2477","150","2018-10-31 09:38:55","41.6952","-0.06","-29.36","2018-10-30 11:19:00","15","39.2900","64.00","120595176"
"2018-10-29 12:43:08","LONG","5","AMZN","AMAZON.COM","1567.7507","5","2018-10-31 09:38:45","1586.0000","-0.10","-45.70","2018-10-30 09:31:00","0","1476.3600","90.90","120600391"
"2018-10-09 09:51:46","LONG","60","PKG","PACKAGING CORP OF AMERICA","94.8738","60","2018-10-25 09:52:08","90.0981","-0.14","-68.00","2018-10-24 16:00:00","6","83.5400","-288.20","120252101"
"2018-09-25 15:34:15","LONG","120","AOS","A.O.SMITH CORP","55.6919","120","2018-10-24 15:02:51","44.7552","-0.28","-136.58","2018-10-23 10:19:00","12","44.3100","-1314.40","120030936"
"2018-10-24 11:59:35","LONG","80","VLO","VALERO ENERGY","88.1217","80","2018-10-24 15:02:27","87.8314","-0.03","-12.17","2018-10-24 12:44:00","8","86.6000","-24.60","120513549"
"2018-10-24 11:17:22","LONG","50","NVDA","NVIDIA","210.8182","50","2018-10-24 11:59:18","213.4729","-0.02","-10.24","2018-10-24 11:34:00","5","208.7700","132.00","120512104"
"2018-10-23 09:57:28","LONG","100","DHR","DANAHER","96.7551","100","2018-10-23 15:57:06","97.3006","-0.02","-11.05","2018-10-23 10:35:00","10","95.6500","53.00","120486568"
"2018-10-09 13:42:07","LONG","150","AAL","AMERICAN AIRLINES GROUP INC. C","34.0077","150","2018-10-16 15:29:54","33.2126","-0.11","-57.42","2018-10-11 05:40:00","15","30.1800","-122.00","120259418"
"2018-10-12 13:08:16","LONG","60","URI","UNITED RENTALS","137.4450","60","2018-10-16 11:33:28","139.9900","-0.01","-7.17","2018-10-16 09:56:00","6","136.2500","151.80","120327597"
"2018-10-11 11:47:55","LONG","100","SQ","BLOCK INC","68.8809","100","2018-10-11 14:18:21","69.0697","-0.01","-4.31","2018-10-11 13:54:00","10","68.4501","17.00","120302656"
"2018-10-05 14:26:04","LONG","100","MCHP","MICROCHIP TECHNOLOGY","69.5864","100","2018-10-10 14:37:12","66.4345","-0.09","-44.56","2018-10-10 10:18:00","10","65.1300","-317.00","120211299"
"2018-10-10 10:20:57","LONG","60","CRM","SALESFORCE INC","142.9168","60","2018-10-10 14:36:58","139.7054","-0.05","-23.08","2018-10-10 12:08:00","6","139.0700","-194.20","120274810"
"2018-10-10 10:21:23","LONG","80","TRIP","TRIPADVISOR","45.4958","80","2018-10-10 13:55:18","45.0048","-0.03","-16.77","2018-10-10 11:47:00","8","43.4000","-40.60","120274832"
"2018-10-04 10:09:47","LONG","100","AKAM","AKAMAI TECHNOLOGIES","67.1892","100","2018-10-09 15:28:37","64.8895","-0.05","-26.99","2018-10-08 13:01:00","10","64.4900","-232.00","120182140"
"2018-10-08 12:03:58","LONG","230","PENN","PENN ENTERTAINMENT INC","28.5382","230","2018-10-09 12:02:59","28.6575","-0.04","-20.54","2018-10-09 10:18:00","23","27.6450","22.40","120236098"
"2018-10-02 12:42:44","LONG","120","SHOO","STEVEN MADDEN","50.5532","120","2018-10-03 11:56:54","50.7409","-0.02","-9.76","2018-10-02 15:12:00","12","49.7400","20.60","120138839"
"2018-10-02 13:56:19","LONG","80","FRC","FIRST REPUBLIC BANK (SAN","93.7789","80","2018-10-03 11:56:43","95.3734","-0.01","-4.07","2018-10-02 15:32:00","8","93.2700","126.40","120140464"
"2018-09-24 15:53:25","LONG","80","SITE","SITEONE LANDSCAPE SUPPLY INC","80.1767","80","2018-09-25 11:18:28","81.7700","-0.00","-0.45","2018-09-24 15:53:25","8","80.1200","125.40","120011513"
"2018-09-20 14:24:09","LONG","120","SITE","SITEONE LANDSCAPE SUPPLY INC","81.7664","120","2018-09-21 10:02:40","82.0499","-0.01","-4.40","2018-09-21 09:31:00","12","81.4000","31.60","119956871"
"2018-09-19 13:03:14","LONG","180","HFC","HOLLYFRONTIER","67.0314","180","2018-09-21 10:02:33","67.1675","-0.10","-53.12","2018-09-20 09:38:00","18","64.0800","21.40","119933942"
"2018-09-17 13:01:52","LONG","150","CREE","CREE","40.6131","150","2018-09-20 09:35:37","40.9516","-0.02","-12.05","2018-09-19 13:10:00","15","39.8100","48.00","119891691"
"2018-09-19 15:28:33","LONG","150","MAN","MANPOWERGROUP","84.0281","150","2018-09-20 09:35:27","84.7680","-0.00","-0.72","2018-09-19 16:00:00","15","83.9800","108.00","119936914"
"2018-09-18 11:35:03","LONG","150","LYB","LYONDELLBASELL INDUSTRIES","101.6966","150","2018-09-19 12:41:38","102.4976","-0.07","-38.80","2018-09-19 09:31:00","15","99.1100","117.00","119910757"
"2018-09-13 13:47:13","LONG","160","DIN","DINE BRANDS GLOBAL INC","78.5385","160","2018-09-13 15:47:17","79.8476","-0.01","-5.26","2018-09-13 14:01:00","16","78.2100","205.80","119848836"
"2018-09-12 12:01:16","LONG","130","MU","MICRON TECHNOLOGY","41.2386","130","2018-09-13 09:46:41","43.2000","-0.00","-1.54","2018-09-12 19:54:00","13","41.1200","252.40","119827583"
"2018-09-11 14:43:13","LONG","150","BUD","ANHEUSER-BUSCH INBEV","88.0394","150","2018-09-13 09:32:13","89.3887","-0.02","-10.79","2018-09-12 09:33:00","15","87.3200","199.00","119809454"
"2018-09-12 12:49:43","LONG","40","ALNY","ALNYLAM PHARMACEUTICALS","92.3264","40","2018-09-12 15:44:36","95.1436","-0.00","-1.31","2018-09-12 14:23:00","4","92.0000","112.20","119828627"
"2018-09-12 12:24:08","LONG","160","DK","DELEK US HOLDINGS","45.5060","160","2018-09-12 13:55:45","46.2274","-0.00","-2.18","2018-09-12 12:26:00","16","45.3700","111.80","119828142"
"2018-09-12 09:35:54","LONG","100","KLAC","KLA CORP","101.2175","100","2018-09-12 10:08:33","102.2924","-0.01","-5.87","2018-09-12 09:40:00","10","100.6300","105.00","119818924"
"2018-09-11 15:31:39","LONG","110","FNV","FRANCO-NEVADA","58.7633","110","2018-09-12 10:08:08","59.8695","-0.00","-1.14","2018-09-12 09:32:00","11","58.6600","119.80","119810499"
"2018-09-11 14:16:33","LONG","100","DOCU","DOCUSIGN INC. COMMON STOCK","53.6153","100","2018-09-12 10:07:53","55.0180","-0.02","-11.15","2018-09-11 18:20:00","10","52.5000","138.00","119808710"
"2018-09-11 11:22:20","LONG","100","MU","MICRON TECHNOLOGY","42.9726","100","2018-09-11 14:39:21","43.6034","-0.00","-1.73","2018-09-11 11:26:00","10","42.8000","61.00","119802069"
"2018-08-06 12:35:33","LONG","100","MZOR","MAZOR ROBOTICS LTD. AMERICAN D","49.9690","100","2018-09-11 10:32:35","48.8280","-0.16","-83.68","2018-08-16 14:53:00","10","41.6015","-116.00","119302294"
"2018-09-06 12:46:42","LONG","120","CLR","CONTINENTAL RESOURCES","60.8640","120","2018-09-11 10:32:16","60.9455","-0.04","-23.21","2018-09-07 09:46:00","12","58.9300","7.60","119748992"
"2018-09-05 15:37:01","LONG","150","APTV","APTIV PLC","85.7175","150","2018-09-10 15:52:47","85.5501","-0.06","-34.16","2018-09-07 09:35:00","15","83.4400","-28.00","119736793"
"2018-09-07 11:11:45","LONG","20","TSLA","TESLA  INC.","267.1773","20","2018-09-10 09:31:31","277.0327","-0.03","-14.15","2018-09-07 13:38:00","2","260.1000","196.60","119762025"
"2018-09-06 11:50:52","LONG","50","ASML","ASML HOLDING","185.8800","50","2018-09-07 12:04:42","183.5808","-0.05","-27.20","2018-09-07 09:34:00","5","180.4400","-116.00","119747953"
"2018-09-07 09:47:28","LONG","120","BUD","ANHEUSER-BUSCH INBEV","88.8225","120","2018-09-07 10:14:03","89.7205","-0.01","-3.99","2018-09-07 09:54:00","12","88.4901","105.60","119759812"
"2018-09-06 11:26:52","LONG","40","RH","RH","122.7929","40","2018-09-06 12:47:02","125.8903","-0.01","-2.77","2018-09-06 11:44:00","4","122.1000","123.20","119747003"
"2018-08-31 11:42:41","LONG","150","BLD","TOPBUILD CORP","62.2371","150","2018-09-05 11:25:21","63.0746","-0.03","-15.41","2018-09-04 12:27:00","15","61.2100","123.00","119683864"
"2018-09-04 15:27:57","LONG","150","MAXR","MAXAR TECHNOLOGIES INC","29.2369","150","2018-09-05 11:25:04","30.2672","-0.01","-7.00","2018-09-05 09:46:00","15","28.7700","152.00","119720691"
"2018-08-30 10:11:14","LONG","120","GGAL","GRUPO FINANCIERO GALICIA","19.7539","120","2018-08-31 10:04:34","20.4673","-0.03","-17.45","2018-08-30 14:29:00","12","18.3000","83.60","119663000"
"2018-08-29 12:21:10","LONG","150","SIG","SIGNET JEWELERS","54.8653","150","2018-08-30 09:31:03","62.4662","-0.04","-21.83","2018-08-29 18:57:00","15","53.4100","1137.00","119648877"
"2018-08-28 11:53:06","LONG","100","DLPH","DELPHI TECHNOLOGIES PLC","37.2289","100","2018-08-28 15:15:35","37.3859","-0.01","-2.69","2018-08-28 13:30:00","10","36.9600","14.00","119628300"
"2018-08-28 11:54:40","LONG","100","MAXR","MAXAR TECHNOLOGIES INC","31.3675","100","2018-08-28 15:15:17","31.7356","-0.01","-3.28","2018-08-28 12:04:00","10","31.0400","35.00","119628321"
"2018-08-23 11:44:23","LONG","150","DLPH","DELPHI TECHNOLOGIES PLC","36.5863","150","2018-08-27 10:17:44","37.2069","-0.02","-10.89","2018-08-24 11:33:00","15","35.8600","90.00","119570606"
"2018-08-13 10:38:29","LONG","70","PTLA","PORTOLA PHARMACEUTICALS INC.","27.1539","70","2018-08-24 10:10:25","27.1971","-0.03","-17.67","2018-08-16 09:43:00","7","24.6300","1.60","119408847"
"2018-08-15 11:29:42","LONG","80","GOLD","GOLD.COM INC","63.8710","80","2018-08-17 10:41:55","64.4292","-0.02","-10.57","2018-08-16 15:27:00","8","62.5500","43.40","119452245"
"2018-08-17 10:04:56","LONG","80","LW","LAMB WESTON HOLDINGS INC","63.9547","80","2018-08-17 10:40:56","65.4200","-0.01","-3.08","2018-08-17 10:12:00","8","63.5700","115.40","119486849"
"2018-08-15 15:34:00","LONG","150","FTI","TECHNICFMC PLC","27.7293","150","2018-08-16 11:14:29","28.2313","-0.00","-2.09","2018-08-15 16:00:00","15","27.5900","72.00","119458815"
"2018-08-13 10:39:01","LONG","80","PRGO","PERRIGO COMPANY PLC","68.4144","80","2018-08-15 14:43:44","69.0896","-0.01","-5.32","2018-08-15 09:51:00","8","67.7500","52.40","119408872"
"2018-08-15 09:40:19","LONG","50","NTES","NETEASE","199.1497","50","2018-08-15 11:18:48","202.1325","-0.04","-18.90","2018-08-15 10:05:00","5","195.3700","148.00","119448099"
"2018-08-10 11:23:09","LONG","80","PRGO","PERRIGO COMPANY PLC","68.4434","80","2018-08-10 14:14:01","69.8617","-0.00","-0.99","2018-08-10 11:29:00","8","68.3201","111.40","119380887"
"2018-08-07 12:40:11","LONG","100","MAXR","MAXAR TECHNOLOGIES INC","38.3300","100","2018-08-09 11:16:41","38.3669","-0.05","-25.10","2018-08-08 12:29:00","10","35.8200","2.00","119322359"
"2018-08-08 12:21:57","LONG","200","NWL","NEWELL BRANDS INC","20.4211","200","2018-08-08 15:18:33","20.8701","-0.00","-1.22","2018-08-08 12:24:00","20","20.3600","86.00","119344536"
"2018-08-08 10:43:37","LONG","80","CLVS","CLOVIS ONCOLOGY","34.9643","80","2018-08-08 15:18:18","35.6690","-0.01","-2.91","2018-08-08 10:48:00","8","34.6000","54.40","119340335"
"2018-07-31 12:15:47","LONG","100","CYBR","CYBERARK SOFTWARE LTD. ORDINAR","62.0032","100","2018-08-02 15:17:27","61.7709","-0.04","-19.53","2018-08-01 13:46:00","10","60.0500","-25.00","119208430"
"2018-07-27 10:34:00","LONG","100","UNFI","UNITED NATURAL FOODS","33.1435","100","2018-08-02 15:17:06","33.1589","-0.03","-13.03","2018-07-30 11:57:00","10","31.8400","0.00","119158726"
"2018-08-01 14:23:44","LONG","100","CAKE","CHEESECAKE FACTORY","49.0765","100","2018-08-02 12:39:29","49.6522","-0.02","-10.06","2018-08-02 09:45:00","10","48.0701","56.00","119233160"
"2018-07-31 11:09:47","LONG","80","MCO","MOODY'S","170.0846","80","2018-08-01 09:36:16","172.7134","-0.02","-12.56","2018-07-31 12:54:00","8","168.5150","208.40","119205542"
"2018-07-31 11:01:18","LONG","120","CBOE","CBOE GLOBAL MARKETS INC","94.3971","120","2018-07-31 11:47:52","95.0347","-0.00","-1.77","2018-07-31 11:05:00","12","94.2500","74.60","119205300"
"2018-07-30 15:32:50","LONG","80","RGLD","ROYAL GOLD","84.3877","80","2018-07-31 10:12:26","84.9014","-0.01","-4.38","2018-07-31 09:31:00","8","83.8400","39.40","119192347"
"2018-07-30 13:03:22","LONG","100","ATVI","ACTIVISION BLIZZARD","72.1669","100","2018-07-30 15:15:22","72.7365","-0.00","-0.97","2018-07-30 13:05:00","10","72.0700","55.00","119188859"
"2018-07-26 14:26:12","LONG","40","WHR","WHIRLPOOL","125.8897","40","2018-07-26 15:46:45","127.1300","-0.00","-0.44","2018-07-26 14:26:12","4","125.7800","49.20","119142662"
"2018-07-26 13:22:41","LONG","50","VC","VISTEON CORPORATION COMMON STOCK","115.3835","50","2018-07-26 15:13:03","117.9639","-0.02","-9.99","2018-07-26 14:07:00","5","113.3850","128.00","119141423"
"2018-07-24 10:18:30","LONG","170","HP","HELMERICH & PAYNE","59.3846","170","2018-07-26 09:57:18","60.0146","-0.06","-30.34","2018-07-25 11:55:00","17","57.6000","103.60","119090957"
"2018-07-25 13:54:57","LONG","60","THO","THOR INDUSTRIES","88.6757","60","2018-07-25 15:43:55","90.1700","-0.00","-1.59","2018-07-25 14:58:00","6","88.4100","88.80","119121089"
"2018-07-23 13:40:33","LONG","100","ALB","ALBEMARLE","90.7278","100","2018-07-24 09:39:02","91.5035","-0.01","-4.52","2018-07-23 14:12:00","10","90.2760","76.00","119075363"
"2018-07-19 13:08:47","LONG","150","HP","HELMERICH & PAYNE","59.6256","150","2018-07-20 14:30:43","59.6728","-0.02","-11.71","2018-07-20 11:34:00","15","58.8450","4.00","119020837"
"2018-07-20 12:21:22","LONG","100","ABBV","ABBVIE INC","87.4085","100","2018-07-20 13:51:41","88.3100","-0.01","-2.99","2018-07-20 12:40:00","10","87.1100","88.00","119038996"
"2018-07-19 10:56:16","LONG","150","ESRX","EXPRESS SCRIPTS","76.5642","150","2018-07-19 12:18:43","77.1059","-0.00","-1.11","2018-07-19 10:56:16","15","76.4900","78.00","119016812"
"2018-07-18 10:20:21","LONG","150","HP","HELMERICH & PAYNE","60.5544","150","2018-07-18 13:02:17","60.9828","-0.01","-3.97","2018-07-18 10:31:00","15","60.2900","61.00","118993918"
"2018-07-10 15:25:49","LONG","100","PETS","PETMED EXPRESS","36.0833","100","2018-07-11 10:56:28","36.6250","-0.01","-2.83","2018-07-11 09:44:00","10","35.8000","52.00","118851408"
"2018-06-06 09:42:38","LONG","150","FSLR","FIRST SOLAR INC","55.2300","150","2018-07-10 12:18:32","55.4518","-0.16","-75.00","2018-06-15 13:56:00","15","50.2300","30.00","118287575"
"2018-06-25 10:52:31","LONG","100","MCHP","MICROCHIP TECHNOLOGY","94.1683","100","2018-07-10 10:51:09","93.9550","-0.10","-49.67","2018-07-02 09:32:00","10","89.2009","-23.00","118626460"
"2018-06-27 10:15:55","LONG","170","CAR","AVIS BUDGET GROUP","33.5031","170","2018-07-10 10:40:34","34.5092","-0.08","-36.77","2018-07-02 09:34:00","17","31.3400","167.60","118670965"
"2018-07-02 10:33:21","LONG","120","CREE","CREE","41.3022","120","2018-07-03 10:06:00","43.0969","-0.01","-4.47","2018-07-02 11:34:00","12","40.9300","212.60","118743477"
"2018-06-27 12:22:23","LONG","150","AKAM","AKAMAI TECHNOLOGIES","73.8477","150","2018-06-29 10:47:20","73.8114","-0.09","-42.40","2018-06-28 09:31:00","15","71.0210","-8.00","118675494"
"2018-06-27 14:39:57","LONG","60","RHT","RED HAT","133.8348","60","2018-06-28 14:43:55","134.1460","-0.04","-21.63","2018-06-28 08:25:00","6","130.2300","17.80","118679779"
"2018-06-27 14:28:42","LONG","60","PODD","INSULET","86.2617","60","2018-06-28 14:43:37","87.9189","-0.02","-11.35","2018-06-28 10:06:00","6","84.3700","97.80","118679214"
"2018-05-23 14:07:52","LONG","120","CXO","CONCHO RESOURCES","137.5722","120","2018-06-27 09:40:29","135.5300","-0.38","-180.87","2018-06-08 07:04:00","12","122.5000","-247.40","118074849"
"2018-06-19 10:17:29","LONG","100","WLK","WESTLAKE CORP","105.1967","100","2018-06-21 10:40:07","106.5633","-0.04","-18.67","2018-06-20 12:02:00","10","103.3300","135.00","118508318"
"2018-06-18 10:39:41","LONG","80","BMA","MACRO BANK","60.4887","80","2018-06-19 10:11:04","61.2433","-0.04","-16.87","2018-06-18 13:20:00","8","58.3800","58.40","118482553"
"2018-06-12 10:12:32","LONG","130","WEC","WEC ENERGY GROUP","58.9752","130","2018-06-18 12:13:36","60.6823","-0.00","-1.24","2018-06-12 11:53:00","13","58.8800","219.40","118388931"
"2018-05-30 14:34:57","LONG","200","CAR","AVIS BUDGET GROUP","39.6614","200","2018-06-11 12:00:26","40.7047","-0.10","-46.23","2018-06-06 07:01:00","20","37.3500","205.00","118174824"
"2018-06-08 10:58:17","LONG","50","SGH","SMART GLOBAL HOLDINGS INC.","41.1605","50","2018-06-08 13:29:32","42.0633","-0.01","-4.30","2018-06-08 11:48:00","5","40.3000","44.00","118334571"
"2018-05-02 12:29:58","LONG","180","TMUS","T-MOBILE US INC. COMMON STOCK","58.2800","180","2018-06-07 12:07:28","58.1191","-0.11","-54.90","2018-05-31 11:24:00","18","55.2300","-32.60","117759002"
"2018-06-04 11:38:17","LONG","200","HP","HELMERICH & PAYNE","63.7379","200","2018-06-07 10:24:44","65.6078","-0.04","-20.96","2018-06-04 14:24:00","20","62.6900","370.00","118251956"
"2018-05-30 14:35:34","LONG","160","CIT","CIT GROUP","50.2524","160","2018-06-01 12:45:58","50.4008","-0.02","-9.32","2018-05-31 13:59:00","16","49.6700","20.80","118174840"
"2018-05-25 12:28:16","LONG","200","BBY","BEST BUY","69.7483","200","2018-05-30 15:05:25","69.8013","-0.09","-43.97","2018-05-30 09:34:00","20","67.5500","7.00","118117966"
"2018-05-25 12:07:49","LONG","200","SLB","SLB LTD","68.4200","200","2018-05-30 10:13:02","68.8853","-0.05","-25.00","2018-05-29 09:31:00","20","67.1700","89.00","118117429"
"2018-05-29 09:39:25","LONG","300","PBR","PETROLEO BRASILEIRO SA","11.3892","300","2018-05-29 15:47:23","11.8501","-0.00","-0.88","2018-05-29 09:39:25","30","11.3600","132.00","118144450"
"2018-05-17 10:44:04","LONG","200","DUK","DUKE ENERGY","74.6479","200","2018-05-24 14:52:15","75.4259","-0.06","-30.36","2018-05-18 13:29:00","20","73.1300","152.00","117978603"
"2018-05-21 11:46:58","LONG","120","CELG","CELGENE","75.8300","120","2018-05-22 09:39:57","76.3086","-0.04","-20.40","2018-05-21 15:06:00","12","74.1300","54.60","118022849"
"2018-05-18 09:45:50","LONG","100","JACK","JACK IN THE BOX","81.9147","100","2018-05-21 09:49:13","81.9600","-0.06","-26.85","2018-05-18 15:24:00","10","79.2300","3.00","117994314"
"2018-05-18 09:46:11","LONG","220","AZUL","AZUL","20.1628","220","2018-05-18 15:22:19","21.1479","-0.02","-9.96","2018-05-18 12:48:00","22","19.7100","212.60","117994323"
"2018-05-16 12:40:01","LONG","180","AVAV","AEROVIRONMENT","52.2229","180","2018-05-16 14:41:41","52.9905","-0.01","-4.55","2018-05-16 13:16:00","18","51.9700","134.40","117962823"
"2018-05-14 14:46:59","LONG","150","PZZA","PAPA JOHN'S INTERNATIONAL","51.1989","150","2018-05-15 15:51:49","51.8905","-0.02","-10.33","2018-05-15 10:30:00","15","50.5100","101.00","117925393"
"2018-05-14 13:56:14","LONG","200","YELP","YELP","42.3834","200","2018-05-15 11:11:44","43.1300","-0.04","-17.87","2018-05-15 09:37:00","20","41.4900","145.00","117924032"
"2018-05-11 13:29:46","LONG","200","BDC","BELDEN","54.3000","200","2018-05-14 09:46:30","55.8271","-0.01","-3.70","2018-05-11 13:33:00","20","54.1150","301.00","117900011"
"2018-05-09 12:31:35","LONG","150","CTSH","COGNIZANT TECH SOLUTION","75.3499","150","2018-05-10 11:29:23","76.1710","-0.01","-5.85","2018-05-09 15:35:00","15","74.9600","120.00","117860150"
"2018-05-08 10:57:06","LONG","130","RCL","ROYAL CARIBBEAN GROUP","105.4194","130","2018-05-10 09:34:16","107.2400","-0.05","-21.57","2018-05-08 15:01:00","13","103.7600","234.40","117839531"
"2018-05-09 12:44:01","LONG","180","AZUL","AZUL","25.5654","180","2018-05-09 15:32:12","25.7404","-0.02","-8.74","2018-05-09 13:30:00","18","25.0800","28.40","117860368"
"2018-05-09 13:54:19","LONG","250","HTZ","HERTZ GLOBAL HOLDINGS INC COMMON STOCK","16.9067","250","2018-05-09 15:32:07","17.0908","-0.01","-5.17","2018-05-09 14:32:00","25","16.7000","41.00","117861796"
"2018-05-08 11:26:57","LONG","50","GGAL","GRUPO FINANCIERO GALICIA","46.0300","50","2018-05-08 11:52:56","48.4229","-0.00","-1.28","2018-05-08 11:31:00","5","45.7750","119.00","117840902"
"2018-05-03 11:29:42","LONG","130","NCLH","NORWEGIAN CRUISE LINE HOLDINGS","50.9100","130","2018-05-04 14:52:06","51.6604","-0.01","-2.86","2018-05-03 12:29:00","13","50.6900","95.40","117777067"
"2018-01-09 15:17:57","LONG","180","WELL","WELLTOWER INC","61.5200","180","2018-05-04 14:52:00","56.1865","-0.49","-214.92","2018-04-25 13:19:00","18","49.5800","-963.60","115783827"
"2018-05-03 13:01:43","LONG","120","WYN","WYNDHAM WORLDWIDE","103.5640","120","2018-05-04 14:51:50","106.7800","-0.00","-0.29","2018-05-03 13:07:00","12","103.5400","383.60","117780305"
"2018-05-03 11:29:29","LONG","100","NXPI","NXP SEMICONDUCTOR","92.5471","100","2018-05-03 13:07:47","93.9800","-0.02","-7.97","2018-05-03 11:42:00","10","91.7500","141.00","117777058"
"2018-05-01 11:40:17","LONG","150","DLX","DELUXE","67.7400","150","2018-05-03 09:59:55","68.2300","-0.00","-1.95","2018-05-01 12:10:00","15","67.6100","71.00","117738881"
"2018-05-02 09:59:11","LONG","150","BUD","ANHEUSER-BUSCH INBEV","95.6038","150","2018-05-03 09:59:46","96.7400","-0.03","-15.51","2018-05-02 16:00:00","15","94.5700","167.00","117754369"
"2018-05-02 09:59:26","LONG","130","XPO","XPO INC","93.5900","130","2018-05-02 15:30:38","93.8500","-0.02","-7.67","2018-05-02 10:04:00","13","93.0000","31.40","117754377"
"2018-04-26 13:09:38","LONG","170","CASA","CASA SYSTEMS INC. COMMON STOCK","24.0100","170","2018-05-02 09:39:54","24.2100","-0.06","-24.82","2018-04-30 09:34:00","17","22.5500","30.60","117679293"
"2018-04-27 11:49:38","LONG","150","TEN","TSAKOS ENERGY NAVIGATION","45.7600","150","2018-05-02 09:39:44","46.6700","-0.05","-21.45","2018-05-01 09:31:00","15","44.3300","134.00","117697756"
"2018-04-25 15:47:38","LONG","120","LITE","LUMENTUM HOLDINGS INC","51.1500","120","2018-05-01 12:42:00","51.7500","-0.03","-13.20","2018-04-27 13:33:00","12","50.0500","69.60","117664712"
"2018-04-23 13:33:20","LONG","170","SWKS","SKYWORKS SOLUTIONS","89.1550","170","2018-05-01 11:18:43","89.6600","-0.12","-51.42","2018-04-30 12:18:00","17","86.1300","82.60","117624456"
"2018-04-30 13:00:35","LONG","150","WRK","WESTROCK CO","59.2559","150","2018-04-30 15:53:17","59.3100","-0.01","-4.44","2018-04-30 13:22:00","15","58.9600","5.00","117718812"
"2018-04-30 13:01:06","LONG","150","OC","OWENS-CORNING","64.4100","150","2018-04-30 15:52:58","65.4048","-0.01","-2.25","2018-04-30 13:08:00","15","64.2600","146.00","117718905"
"2018-04-23 09:41:36","LONG","150","CL","COLGATE-PALMOLIVE","67.1244","150","2018-04-27 14:55:13","66.6900","-0.12","-52.87","2018-04-27 06:59:00","15","63.6000","-68.00","117619440"
"2018-04-26 13:03:53","LONG","200","TER","TERADYNE","33.8800","200","2018-04-26 14:16:53","34.3500","-0.01","-2.80","2018-04-26 13:32:00","20","33.7400","90.00","117679085"
"2018-04-26 12:01:24","LONG","150","K","KELLOGG","59.4050","150","2018-04-26 14:16:38","60.0600","-0.00","-1.28","2018-04-26 12:49:00","15","59.3200","95.00","117678028"
"2018-04-26 12:01:39","LONG","120","XPO","XPO INC","95.8700","120","2018-04-26 12:52:32","96.3360","-0.00","-1.44","2018-04-26 12:05:00","12","95.7500","53.60","117678045"
"2018-04-24 14:15:55","LONG","200","MAS","MASCO","36.1568","200","2018-04-25 09:39:34","36.5600","-0.02","-6.84","2018-04-24 15:58:00","20","35.8150","77.00","117644518"
"2018-04-20 12:25:29","LONG","170","CLX","CLOROX","115.5737","170","2018-04-25 09:39:26","115.6800","-0.08","-34.06","2018-04-24 10:19:00","17","113.5700","14.60","117600698"
"2018-04-24 10:24:08","LONG","180","PM","PHILIP MORRIS","81.5793","180","2018-04-24 15:17:48","82.3441","-0.01","-3.95","2018-04-24 14:40:00","18","81.3600","134.40","117638119"
"2018-04-17 15:55:46","LONG","180","BMY","BRISTOL-MYERS SQUIBB","52.5199","180","2018-04-24 14:44:34","51.2681","-0.08","-33.48","2018-04-23 14:57:00","18","50.6600","-228.60","117549797"
"2017-12-14 12:05:26","LONG","150","PPC","PILGRIMS PRIDE CORPORATION COM","33.5700","150","2018-04-24 14:44:29","22.5708","-0.38","-166.80","2018-04-20 13:56:00","15","22.4500","-1653.00","115354506"
"2018-04-19 13:49:51","LONG","180","AMAT","APPLIED MATERIALS","51.1699","180","2018-04-20 09:48:20","51.9600","-0.02","-6.66","2018-04-19 14:24:00","18","50.8000","138.40","117584557"
"2018-04-19 13:49:25","LONG","200","OC","OWENS-CORNING","78.0400","200","2018-04-19 14:58:21","78.3700","-0.02","-6.60","2018-04-19 14:27:00","20","77.7100","62.00","117584541"
"2018-04-19 13:52:40","LONG","200","LEN","LENNAR","54.6699","200","2018-04-19 14:34:35","55.1208","-0.01","-2.80","2018-04-19 14:00:00","20","54.5300","86.00","117584592"
"2018-04-16 15:50:44","LONG","200","CTRP","CTRIP.COM INTERNATIONAL","42.6880","200","2018-04-17 10:25:11","43.1500","-0.02","-8.76","2018-04-17 07:01:00","20","42.2500","88.00","117532288"
"2018-04-13 11:33:04","LONG","180","TEN","TSAKOS ENERGY NAVIGATION","52.5600","180","2018-04-16 10:15:14","52.6900","-0.05","-22.86","2018-04-13 15:21:00","18","51.2900","19.40","117504091"
"2018-04-13 12:21:12","LONG","200","CAH","CARDINAL HEALTH","60.1697","200","2018-04-16 10:07:34","60.6000","-0.03","-12.59","2018-04-16 09:35:00","20","59.5400","82.00","117505801"
"2018-04-13 15:11:48","LONG","140","ELLI","ELLIE MAE","86.3100","140","2018-04-16 10:05:43","87.1500","-0.12","-53.20","2018-04-16 09:33:00","14","82.5100","115.20","117510222"
"2018-04-10 10:30:05","LONG","180","LUV","SOUTHWEST AIRLINES","54.7581","180","2018-04-12 14:48:54","54.9202","-0.06","-24.81","2018-04-11 16:49:00","18","53.3800","25.40","117446999"
"2018-04-02 11:15:23","LONG","30","ALNY","ALNYLAM PHARMACEUTICALS","101.1900","30","2018-04-12 14:48:20","101.6900","-0.06","-24.54","2018-04-06 09:33:00","3","93.0100","14.40","117327545"
"2018-04-02 11:16:17","LONG","30","TSLA","TESLA  INC.","248.4800","30","2018-04-03 09:32:32","264.5400","-0.01","-6.27","2018-04-02 11:20:00","3","246.3900","481.40","117327581"
"2018-03-28 09:52:09","LONG","120","QRVO","QORVO INC. COMMON STOCK","69.6500","120","2018-03-29 14:52:33","70.8700","-0.04","-18.24","2018-03-28 15:09:00","12","68.1300","143.60","117275567"
"2018-03-28 09:52:24","LONG","30","FB","PROSHARES S&P 500 DYNAMIC BUFFER ETF","154.0500","30","2018-03-29 11:47:01","158.8800","-0.02","-9.75","2018-03-28 11:33:00","3","150.8000","144.40","117275574"
"2018-03-23 12:01:10","LONG","180","DWDP","DOWDUPONT","63.9100","180","2018-03-27 09:36:23","64.7314","-0.06","-26.64","2018-03-26 11:31:00","18","62.4300","144.40","117208991"
"2018-03-26 11:33:31","LONG","60","FB","PROSHARES S&P 500 DYNAMIC BUFFER ETF","152.9100","60","2018-03-27 09:36:12","158.7900","-0.00","-1.86","2018-03-26 11:35:00","6","152.6000","351.80","117232220"
"2018-02-21 10:04:10","LONG","160","AEM","AGNICO EAGLE MINES LIMITED","40.9900","160","2018-03-23 09:38:28","40.8700","-0.17","-68.64","2018-02-28 04:28:00","16","36.7000","-22.20","116639157"
"2018-03-21 11:57:09","LONG","150","POST","POST HOLDINGS","72.5800","150","2018-03-22 12:41:47","72.4100","-0.07","-28.80","2018-03-22 09:51:00","15","70.6600","-29.00","117157153"
"2018-03-21 11:56:37","LONG","200","PM","PHILIP MORRIS","97.5500","200","2018-03-21 15:44:14","97.7100","-0.02","-9.80","2018-03-21 14:04:00","20","97.0600","28.00","117157129"
"2018-03-20 11:29:24","LONG","160","ABC","AMERISOURCEBERGEN","89.9900","160","2018-03-21 10:01:34","91.0300","-0.07","-29.41","2018-03-20 14:05:00","16","88.1520","162.80","117138053"
"2018-03-20 12:26:57","LONG","180","POST","POST HOLDINGS","74.4000","180","2018-03-20 15:42:50","74.8000","-0.01","-4.14","2018-03-20 13:52:00","18","74.1700","68.40","117139873"
"2018-03-19 14:45:35","LONG","200","DWDP","DOWDUPONT","66.0000","200","2018-03-20 09:36:11","66.9900","-0.00","-1.20","2018-03-19 14:47:00","20","65.9400","194.00","117123108"
"2018-03-16 15:25:45","LONG","100","ARNA","ARENA PHARMACEUTICALS","31.2800","100","2018-03-20 09:36:00","43.6800","-0.03","-12.80","2018-03-19 10:15:00","10","30.0000","1238.00","117101435"
"2018-03-14 15:48:13","LONG","180","X","UNITED STATES STEEL","38.3900","180","2018-03-16 10:40:17","39.8200","-0.02","-8.82","2018-03-15 11:49:00","18","37.9000","253.40","117050660"
"2018-03-08 13:54:56","LONG","150","OXY","OCCIDENTAL PETROLEUM","63.0200","150","2018-03-09 11:54:40","63.5300","-0.02","-8.25","2018-03-08 15:44:00","15","62.4700","74.00","116937732"
"2018-02-26 14:09:23","LONG","100","MAXR","MAXAR TECHNOLOGIES INC","46.5300","100","2018-03-05 13:22:33","47.7300","-0.01","-5.60","2018-02-27 15:18:00","10","45.9700","118.00","116729638"
"2018-03-01 12:44:23","LONG","120","PRGO","PERRIGO COMPANY PLC","79.9900","120","2018-03-05 12:00:59","82.3600","-0.05","-17.88","2018-03-01 14:03:00","12","78.5000","281.60","116805196"
"2018-02-22 11:04:38","LONG","180","XOM","EXXON MOBIL","76.1200","180","2018-02-23 11:40:58","76.8600","-0.02","-8.64","2018-02-22 15:48:00","18","75.6400","129.40","116667155"
"2018-02-01 11:45:14","LONG","170","EQT","EQT","52.6700","170","2018-02-15 11:51:01","52.0100","-0.40","-152.49","2018-02-09 12:51:00","17","43.7000","-115.40","116226620"
"2018-02-14 12:59:04","LONG","240","SKT","TANGER INC.","21.4500","240","2018-02-15 11:29:19","22.0100","-0.00","-1.20","2018-02-15 07:34:00","24","21.4000","129.20","116509433"
"2018-02-07 13:39:17","LONG","140","GOLD","GOLD.COM INC","86.2500","140","2018-02-14 11:48:52","89.4000","-0.18","-68.60","2018-02-09 13:15:00","14","81.3500","438.20","116374679"
"2018-02-09 13:01:16","LONG","120","EOG","EOG RESOURCES","98.0300","120","2018-02-12 09:34:18","102.2400","-0.05","-17.88","2018-02-09 13:42:00","12","96.5400","502.60","116422656"
"2017-10-25 14:29:52","LONG","600","GE","GE AEROSPACE","20.0267","600","2018-02-08 15:37:01","14.5900","-0.85","-326.20","2018-02-08 15:37:00","60","14.5900","-3270.50","114526358"
"2018-02-05 11:03:18","LONG","230","XOM","EXXON MOBIL","80.8709","230","2018-02-08 15:36:54","76.6200","-0.26","-101.91","2018-02-08 11:34:00","23","76.4400","-982.60","116298584"
"2018-02-08 13:17:43","LONG","100","KLAC","KLA CORP","98.9100","100","2018-02-08 15:36:14","98.4500","-0.01","-4.80","2018-02-08 15:21:00","10","98.4300","-48.00","116397922"
"2018-02-07 13:38:36","LONG","120","TAP","MOLSON COORS BEVERAGE CO","76.5900","120","2018-02-07 15:33:22","76.5800","-0.02","-9.60","2018-02-07 14:05:00","12","75.7900","-3.40","116374656"
"2018-01-29 12:52:00","LONG","330","LEN","LENNAR","64.3864","330","2018-02-07 11:23:43","61.6836","-0.71","-275.76","2018-02-06 09:32:00","33","56.0300","-898.60","116155262"
"2018-02-06 15:02:57","LONG","80","UPS","UNITED PARCEL SERVICE","111.9400","80","2018-02-06 15:50:52","112.0800","-0.00","-1.28","2018-02-06 15:04:00","8","111.7800","9.40","116353173"
"2018-02-02 12:30:26","LONG","120","IIVI","COHERENT CORP","41.7500","120","2018-02-06 15:50:24","40.2500","-0.18","-69.00","2018-02-06 08:01:00","12","36.0000","-182.40","116253110"
"2018-02-01 11:20:30","LONG","180","TUP","TUPPERWARE BRANDS","55.4700","180","2018-02-01 11:40:24","56.2000","-0.00","-0.18","2018-02-01 11:22:00","18","55.4600","127.40","116225748"
"2018-01-31 15:29:46","LONG","170","EGN","ENERGEN","52.3500","170","2018-02-01 11:20:12","53.7800","-0.01","-2.38","2018-01-31 16:00:00","17","52.2100","239.60","116207427"
"2018-01-31 09:55:51","LONG","120","ANDV","ANDEAVOR","106.5100","120","2018-01-31 15:29:31","107.9900","-0.03","-14.04","2018-01-31 11:16:00","12","105.3400","175.60","116198627"
"2018-01-30 14:16:54","LONG","50","AAPL","APPLE","166.6100","50","2018-01-31 09:51:53","168.1100","-0.01","-5.30","2018-01-31 04:33:00","5","165.5500","74.00","116183489"
"2018-01-23 15:46:06","LONG","140","LITE","LUMENTUM HOLDINGS INC","44.0500","140","2018-01-29 11:05:24","44.3000","-0.05","-20.30","2018-01-24 09:48:00","14","42.6000","32.20","116055667"
"2018-01-25 15:27:15","LONG","130","ALK","ALASKA AIR GROUP","62.6800","130","2018-01-29 11:05:15","65.1000","-0.03","-15.21","2018-01-26 09:48:00","13","61.5100","312.40","116105317"
"2018-01-23 15:44:32","LONG","150","ALB","ALBEMARLE","112.9900","150","2018-01-25 11:25:52","115.5300","-0.03","-14.25","2018-01-24 13:22:00","15","112.0400","378.00","116055561"
"2018-01-19 15:01:26","LONG","160","ADNT","ADIENT PLC","72.3200","160","2018-01-22 13:20:42","73.0200","-0.11","-44.80","2018-01-22 07:04:00","16","69.5200","108.80","115989233"
"2018-01-10 12:26:35","LONG","150","VNO","VORNADO REALTY TRUST","72.5700","150","2018-01-22 13:20:26","73.0400","-0.08","-32.55","2018-01-18 10:28:00","15","70.4000","68.00","115805654"
"2018-01-16 15:46:07","LONG","150","SIMO","SILICON MOTION TECH","46.1700","150","2018-01-17 11:37:45","46.7500","-0.02","-10.05","2018-01-17 07:01:00","15","45.5000","84.00","115914637"
"2017-11-17 12:27:02","LONG","100","BITA","BITAUTO HOLDINGS","38.8700","100","2018-01-05 12:56:48","36.4000","-0.24","-104.70","2017-12-12 12:30:00","10","28.4000","-249.00","114918524"
"2017-12-07 12:37:31","LONG","150","QRVO","QORVO INC. COMMON STOCK","69.0300","150","2018-01-02 14:55:59","68.6600","-0.16","-67.50","2017-12-26 09:49:00","15","64.5300","-59.00","115244622"
"2017-12-21 10:17:35","LONG","160","VNQ","VANGUARD REAL ESTATE ETF","81.4400","160","2017-12-22 14:52:51","81.8100","-0.01","-4.16","2017-12-21 15:51:00","16","81.1800","55.80","115462961"
"2017-12-14 14:09:51","LONG","150","BIG","BIG LOTS","53.5500","150","2017-12-15 11:40:58","54.4900","-0.02","-8.85","2017-12-14 14:31:00","15","52.9600","138.00","115357869"
"2017-12-12 09:51:31","LONG","150","FNV","FRANCO-NEVADA","75.5300","150","2017-12-13 13:04:19","76.3000","-0.02","-9.90","2017-12-12 12:27:00","15","74.8700","113.00","115308836"
"2017-11-29 12:24:42","LONG","120","WDC","WESTERN DIGITAL","81.6500","120","2017-12-08 12:40:02","81.3900","-0.18","-75.36","2017-12-05 07:01:00","12","75.3700","-33.40","115101897"
"2017-12-04 13:11:12","LONG","150","LITE","LUMENTUM HOLDINGS INC","49.3500","150","2017-12-08 09:35:45","50.4000","-0.12","-51.75","2017-12-06 09:31:00","15","45.9000","155.00","115177252"
"2017-12-06 09:36:33","LONG","120","QRVO","QORVO INC. COMMON STOCK","69.7800","120","2017-12-06 15:19:07","70.2600","-0.06","-27.00","2017-12-06 11:21:00","12","67.5300","55.60","115217695"
"2017-12-01 11:38:07","LONG","140","BRKS","BROOKS AUTOMATION","22.2100","140","2017-12-01 14:08:39","23.0700","-0.00","-1.26","2017-12-01 11:44:00","14","22.1200","117.20","115144815"
"2017-11-28 11:42:21","LONG","180","BPL","BUCKEYE PARTNERS LP","45.1900","180","2017-11-30 09:42:30","45.6700","-0.05","-23.24","2017-11-29 14:45:00","18","43.8990","82.40","115079768"
"2017-11-14 14:15:34","LONG","180","BPT","BP PRUDHOE BAY","19.9000","180","2017-11-22 13:18:24","19.9000","-0.03","-11.68","2017-11-15 09:59:00","18","19.2510","-3.60","114852820"
"2017-11-14 11:48:29","LONG","200","ATI","ALLEGHENY TECHNOLOGIES","21.5500","200","2017-11-16 10:01:09","21.7900","-0.02","-10.80","2017-11-15 09:37:00","20","21.0100","44.00","114848492"
"2017-11-15 11:29:43","LONG","250","MIC","MACQUARIE INFRASTRUCTURE HOLDINGS","63.7500","250","2017-11-15 15:49:13","64.5000","-0.00","-1.50","2017-11-15 11:32:00","25","63.6900","183.00","114868892"
"2017-11-15 10:39:34","LONG","200","JCI","JOHNSON CONTROLS","35.0100","200","2017-11-15 14:25:54","35.4400","-0.00","-0.20","2017-11-15 10:41:00","20","35.0000","82.00","114867513"
"2017-11-14 11:48:15","LONG","150","INCR","INTERCURE LTD. ORDINARY SHARES","34.8500","150","2017-11-15 14:25:44","35.7500","-0.04","-18.75","2017-11-15 10:09:00","15","33.6000","132.00","114848475"
"2017-11-13 11:47:36","LONG","100","TTD","THE TRADE DESK INC. CLASS A","48.4200","100","2017-11-13 15:42:47","48.9500","-0.01","-6.20","2017-11-13 12:12:00","10","47.8000","51.00","114828275"
"2017-11-10 12:54:16","LONG","200","PINC","PREMIER INC. CLASS A COMMON S","27.6400","200","2017-11-13 15:42:05","27.9500","-0.02","-9.70","2017-11-10 13:18:00","20","27.1550","58.00","114798295"
"2017-11-13 11:14:21","LONG","280","BRKS","BROOKS AUTOMATION","26.1200","280","2017-11-13 12:05:14","26.7800","-0.00","-1.12","2017-11-13 11:17:00","28","26.0800","179.40","114827287"
"2017-11-10 10:58:51","LONG","250","TWLO","TWILIO INC","25.4500","250","2017-11-13 11:42:56","26.0200","-0.01","-6.00","2017-11-13 09:35:00","25","25.2100","138.00","114793536"
"2017-10-27 12:51:54","LONG","120","OMC","OMNICOM GROUP","68.8000","120","2017-11-10 10:23:02","67.5300","-0.10","-41.76","2017-11-08 09:34:00","12","65.3200","-154.40","114574182"
"2017-10-09 11:26:02","LONG","100","WBA","WALGREEN BOOTS ALLIANCE INC.","71.1600","100","2017-11-10 10:16:13","70.2100","-0.17","-73.40","2017-10-27 10:20:00","10","63.8200","-97.00","114111918"
"2017-11-07 12:30:14","LONG","150","FN","FABRINET","29.4300","150","2017-11-08 09:49:50","30.0700","-0.03","-12.45","2017-11-07 18:44:00","15","28.6000","93.00","114727260"
"2017-11-06 12:19:59","LONG","100","TPX","TEMPUR SEALY INTERNATIONAL","52.0500","100","2017-11-08 09:41:53","53.3800","-0.04","-19.00","2017-11-07 12:20:00","10","50.1500","131.00","114705883"
"2017-11-06 15:29:46","LONG","100","EVH","EVOLENT HEALTH INC","10.9500","100","2017-11-07 12:01:53","11.3000","-0.01","-6.00","2017-11-07 10:33:00","10","10.3500","33.00","114709782"
"2017-09-27 11:02:31","LONG","100","HCN","WELLTOWER INC","70.4900","100","2017-11-07 09:33:48","69.2600","-0.12","-50.90","2017-10-25 10:51:00","10","65.4000","-125.00","113891104"
"2017-11-02 15:51:21","LONG","180","FNSR","FINISAR","18.9800","180","2017-11-06 09:59:16","19.4600","-0.00","-1.44","2017-11-02 16:01:00","18","18.9000","82.40","114660102"
"2017-11-02 12:27:27","LONG","200","OMI","OWENS & MINOR INC","19.4700","200","2017-11-03 11:43:24","20.2000","-0.04","-16.60","2017-11-02 15:02:00","20","18.6400","142.00","114654209"
"2017-11-01 13:21:35","LONG","150","MANH","MANHATTAN ASSOCIATES","41.2300","150","2017-11-02 15:41:08","41.2600","-0.01","-2.25","2017-11-02 09:41:00","15","41.0800","2.00","114633775"
"2017-10-02 14:42:23","LONG","130","VTR","VENTAS","63.9800","130","2017-11-02 12:26:23","63.9800","-0.10","-41.08","2017-10-25 10:49:00","13","60.8200","-2.60","113978946"
"2017-11-01 13:20:26","LONG","200","OMI","OWENS & MINOR INC","20.1800","200","2017-11-01 14:52:09","20.9500","-0.00","-1.60","2017-11-01 13:22:00","20","20.1000","150.00","114633715"
"2017-10-31 12:54:59","LONG","180","INT","WORLD FUEL SERVICES","28.0900","180","2017-11-01 13:14:41","28.4900","-0.02","-8.64","2017-10-31 13:50:00","18","27.6100","68.40","114614280"
"2017-10-23 12:53:07","LONG","300","BHGE","BAKER HUGHES A GE COMPANY","31.6300","300","2017-10-31 15:56:10","31.4200","-0.14","-60.30","2017-10-27 09:39:00","30","29.6200","-69.00","114425808"
"2017-10-27 10:04:37","LONG","100","FRT","FEDERAL REALTY INVESTMENT","120.7700","100","2017-10-31 15:55:56","120.5000","-0.03","-14.00","2017-10-31 10:46:00","10","119.3700","-29.00","114568454"
"2017-10-25 11:35:48","LONG","100","OMER","OMEROS","14.7200","100","2017-10-30 09:41:25","16.1000","-0.03","-11.70","2017-10-26 11:59:00","10","13.5500","136.00","114520215"
"2017-10-26 13:50:00","LONG","80","FRT","FEDERAL REALTY INVESTMENT","121.2200","80","2017-10-26 15:59:20","121.7900","-0.00","-1.36","2017-10-26 13:52:00","8","121.0500","44.40","114546797"
"2017-10-26 10:21:47","LONG","100","EQT","EQT","58.7700","100","2017-10-26 14:10:18","60.0300","-0.01","-5.70","2017-10-26 10:55:00","10","58.2000","124.00","114540668"
"2017-10-25 11:29:26","LONG","200","TRGP","TARGA RESOURCES","40.5700","200","2017-10-26 12:23:16","40.9600","-0.05","-19.60","2017-10-26 09:41:00","20","39.5900","74.00","114519948"
"2017-10-25 11:36:24","LONG","35","MELI","MERCADOLIBRE","220.0800","35","2017-10-25 14:29:18","221.5500","-0.02","-9.94","2017-10-25 12:25:00","4","217.2400","50.30","114520248"
"2017-10-25 10:03:28","LONG","100","CLX","CLOROX","124.8800","100","2017-10-25 11:29:51","125.7200","-0.02","-7.90","2017-10-25 10:15:00","10","124.0900","82.00","114516538"
"2017-10-23 12:57:41","LONG","25","MELI","MERCADOLIBRE","225.9900","25","2017-10-24 11:50:04","229.3200","-0.01","-3.22","2017-10-23 17:02:00","2","224.7000","82.50","114425877"
"2017-10-20 13:28:10","LONG","350","SVU","SUPERVALU","14.7700","350","2017-10-23 11:23:42","15.1500","-0.00","-1.40","2017-10-20 14:51:00","35","14.7300","126.00","114399021"
"2017-10-12 10:17:36","LONG","100","PLCE","CHILDRENS PLACE INC.","106.1000","100","2017-10-23 11:23:28","104.6500","-0.15","-62.00","2017-10-20 15:47:00","10","99.9000","-147.00","114179089"
"2017-10-18 13:53:35","LONG","200","HAWK","HAWKEYE 360 INC","33.1500","200","2017-10-19 14:53:12","33.9500","-0.02","-8.00","2017-10-19 08:01:00","20","32.7500","156.00","114353829"
"2017-10-19 12:15:26","LONG","180","EPC","EDGEWELL PERSONAL CARE CO","67.1600","180","2017-10-19 14:50:13","67.6900","-0.00","-0.72","2017-10-19 12:15:26","18","67.1200","91.40","114373081"
"2017-10-18 13:53:14","LONG","200","BPL","BUCKEYE PARTNERS LP","52.9400","200","2017-10-19 11:24:53","53.3000","-0.02","-8.20","2017-10-19 09:31:00","20","52.5300","68.00","114353822"
"2017-10-13 12:09:38","LONG","150","CVS","CVS HEALTH CORP","73.1100","150","2017-10-18 13:52:55","74.0800","-0.04","-14.85","2017-10-16 09:33:00","15","72.1200","143.00","114245076"
"2017-10-16 12:25:13","LONG","150","JWN","NORDSTROM","40.0500","150","2017-10-17 12:35:22","40.7400","-0.02","-6.30","2017-10-16 13:26:00","15","39.6300","101.00","114300577"
"2017-10-10 14:08:38","LONG","100","W","WAYFAIR INC","65.4600","100","2017-10-11 15:55:13","66.2600","-0.01","-2.60","2017-10-10 14:18:00","10","65.2000","78.00","114138914"
"2017-09-29 12:45:26","LONG","100","SCG","SCANA","49.0000","100","2017-10-11 10:00:03","49.6300","-0.03","-12.00","2017-10-04 09:40:00","10","47.8000","61.00","113945923"
"2017-09-29 15:12:33","LONG","80","W","WAYFAIR INC","67.5600","80","2017-10-02 11:36:42","68.5700","-0.02","-6.40","2017-09-29 16:01:00","8","66.7600","79.40","113950715"
"2017-09-27 15:17:38","LONG","120","PNW","PINNACLE WEST CAPITAL","84.8800","120","2017-10-02 11:27:41","85.0900","-0.02","-8.28","2017-09-29 10:13:00","12","84.1900","22.60","113898405"
"2017-09-29 09:59:36","LONG","100","VAR","VARIAN MEDICAL SYSTEMS INC.","99.3000","100","2017-10-02 11:25:01","100.5000","-0.02","-9.60","2017-09-29 11:25:00","10","98.3400","118.00","113938127"
"2017-09-29 13:25:49","LONG","120","AGO","ASSURED GUARANTY","37.4300","120","2017-09-29 15:53:09","37.6800","0.00","0.00","2017-09-29 13:27:00","12","37.4300","27.60","113947135"
"2017-09-27 12:12:20","LONG","120","DGX","QUEST DIAGNOSTICS","92.9500","120","2017-09-29 10:36:27","93.6000","-0.07","-29.28","2017-09-27 16:45:00","12","90.5100","75.60","113893221"
"2017-09-27 12:09:47","LONG","100","PG","PROCTER & GAMBLE","90.7400","100","2017-09-28 13:12:03","90.8900","-0.01","-4.00","2017-09-27 13:33:00","10","90.3400","13.00","113893109"
"2017-09-26 10:57:12","LONG","80","W","WAYFAIR INC","69.5700","80","2017-09-27 12:10:42","69.9700","-0.03","-10.80","2017-09-26 15:46:00","8","68.2200","30.40","113865283"
"2017-09-26 11:20:42","LONG","70","INCY","INCYTE","109.1500","70","2017-09-27 12:10:19","110.0000","-0.01","-4.48","2017-09-26 11:25:00","7","108.5100","58.60","113866190"
"2017-09-25 14:25:28","LONG","100","DGX","QUEST DIAGNOSTICS","94.4300","100","2017-09-25 15:35:40","94.8300","-0.00","-0.70","2017-09-25 14:27:00","10","94.3600","38.00","113846300"
"2017-09-22 15:25:21","LONG","100","DLR","DIGITAL REALTY TRUST","114.3300","100","2017-09-25 15:34:32","114.2600","-0.01","-5.80","2017-09-25 09:52:00","10","113.7500","-9.00","113820599"
"2017-09-22 13:58:15","LONG","80","IONS","IONIS PHARMACEUTICALS INC.","52.0700","80","2017-09-25 13:57:39","52.6000","-0.02","-7.76","2017-09-25 09:41:00","8","51.1000","40.40","113818319"
"2017-09-21 12:28:55","LONG","30","AGN","ALLERGAN INC","204.4900","30","2017-09-22 09:54:18","206.0300","-0.02","-9.21","2017-09-22 09:32:00","3","201.4200","45.40","113790950"
"2017-09-21 10:50:02","LONG","100","DGX","QUEST DIAGNOSTICS","100.4500","100","2017-09-21 11:57:52","101.5800","-0.00","-0.80","2017-09-21 11:08:00","10","100.3700","111.00","113787817"
"2017-09-19 13:46:03","LONG","200","DLR","DIGITAL REALTY TRUST","115.5800","200","2017-09-21 09:46:55","116.5800","-0.05","-21.00","2017-09-20 14:12:00","10","114.1500","196.00","113749314"
"2017-09-19 13:42:32","LONG","70","HSIC","HENRY SCHEIN","79.4300","70","2017-09-20 12:54:00","80.2600","-0.01","-4.06","2017-09-19 15:02:00","7","78.8500","56.60","113749198"
"2017-09-15 11:49:46","LONG","40","EFX","EQUIFAX","92.7200","40","2017-09-20 09:56:51","96.5400","-0.02","-8.88","2017-09-19 04:32:00","4","90.5000","152.20","113703699"
"2017-09-19 12:11:34","LONG","40","AYI","ACUITY INC","154.8600","40","2017-09-19 15:07:20","158.4400","-0.00","-1.24","2017-09-19 12:11:34","4","154.5500","142.20","113747025"
"2017-09-15 11:48:14","LONG","140","COR","CENCORA INC","109.8000","140","2017-09-18 15:09:38","112.6000","-0.00","-1.68","2017-09-15 11:52:00","14","109.6800","389.20","113703677"
"2017-08-25 11:59:58","LONG","260","TTC","TORO","61.7300","260","2017-09-15 12:18:50","60.9000","-0.22","-86.84","2017-09-06 11:51:00","26","58.3900","-221.20","113344302"
"2017-09-14 10:45:01","LONG","40","EFX","EQUIFAX","94.5300","40","2017-09-14 11:28:03","99.2200","-0.00","-0.72","2017-09-14 10:49:00","4","94.3500","187.20","113682743"
"2017-08-18 11:34:51","LONG","100","ALK","ALASKA AIR GROUP","79.1500","100","2017-09-14 09:56:41","78.1000","-0.19","-74.50","2017-09-06 09:41:00","10","71.7000","-107.00","113224841"
"2017-09-08 15:14:54","LONG","180","CBS","CBS","58.8600","180","2017-09-13 09:38:23","59.2300","-0.05","-22.14","2017-09-12 09:39:00","18","57.6300","63.40","113607286"
"2017-09-08 09:46:27","LONG","300","NWL","NEWELL BRANDS INC","44.0607","300","2017-09-11 12:45:38","44.2100","-0.09","-35.42","2017-09-11 09:32:00","30","42.8800","39.00","113599659"
"2017-08-04 10:02:19","LONG","100","MYL","MYLAN N.V. ORDINARY SHARES","33.9500","100","2017-09-08 12:37:04","32.0900","-0.14","-54.40","2017-08-09 08:09:00","10","28.5100","-188.00","112988810"
"2017-08-30 15:01:39","LONG","140","TRV","TRAVELERS COMPANIES","121.9800","140","2017-09-08 12:36:53","119.6600","-0.30","-115.08","2017-09-07 13:38:00","14","113.7600","-327.80","113453705"
"2017-09-07 12:44:34","LONG","150","TECD","TECH DATA","82.2700","150","2017-09-07 15:27:13","82.5500","-0.01","-2.85","2017-09-07 12:47:00","15","82.0800","39.00","113584094"
"2017-09-07 12:45:23","LONG","180","HCI","HCI GROUP INC","28.8600","180","2017-09-07 15:27:04","29.5000","-0.01","-3.60","2017-09-07 12:58:00","18","28.6602","111.40","113584152"
"2017-09-06 11:21:52","LONG","120","TECD","TECH DATA","82.3700","120","2017-09-06 13:38:03","83.1200","-0.01","-4.32","2017-09-06 11:36:00","12","82.0100","87.60","113561202"
"2017-09-05 12:34:38","LONG","120","TECD","TECH DATA","81.7700","120","2017-09-05 14:58:49","82.8700","-0.01","-3.12","2017-09-05 12:46:00","12","81.5100","129.60","113541886"
"2017-09-01 12:50:07","LONG","150","KHC","THE KRAFT HEINZ COMPANY COMMON STOCK","80.7400","150","2017-09-05 11:23:28","80.9000","-0.01","-3.60","2017-09-01 13:24:00","15","80.5000","21.00","113496259"
"2017-08-07 12:41:49","LONG","150","RDY","DR. REDDY LABS","34.1300","150","2017-09-01 09:49:23","34.1400","-0.17","-64.50","2017-08-21 10:00:00","15","29.8300","-1.00","113020332"
"2017-08-30 13:39:27","LONG","120","SJM","J.M. SMUCKER","103.8200","120","2017-08-30 15:01:23","104.7500","-0.00","-0.84","2017-08-30 13:41:00","12","103.7500","109.60","113451057"
"2017-08-03 12:51:16","LONG","120","CRUS","CIRRUS LOGIC","60.2300","120","2017-08-30 13:39:06","57.5500","-0.19","-75.74","2017-08-21 11:07:00","12","53.9180","-324.40","112970117"
"2017-08-28 13:04:18","LONG","200","K","KELLOGG","66.3900","200","2017-08-28 15:36:49","66.7700","-0.00","-1.20","2017-08-28 13:32:00","20","66.3300","72.00","113388495"
"2017-08-25 14:58:11","LONG","80","SJM","J.M. SMUCKER","105.2000","80","2017-08-28 15:36:43","105.5500","-0.02","-8.40","2017-08-28 13:37:00","8","104.1500","26.40","113351904"
"2017-08-23 11:42:53","LONG","200","DAL","DELTA AIR LINES","46.2200","200","2017-08-25 11:16:17","46.4000","-0.06","-24.40","2017-08-24 15:43:00","20","45.0000","32.00","113297899"
"2017-08-09 10:35:19","LONG","100","MNK","MALLINCKRODT PLC","38.0100","100","2017-08-24 11:47:12","38.5200","-0.08","-29.70","2017-08-15 11:54:00","10","35.0400","49.00","113059127"
"2017-08-23 12:11:55","LONG","150","LOW","LOWE'S COMPANIES","71.5500","150","2017-08-24 11:46:49","73.2800","-0.02","-8.85","2017-08-23 12:39:00","15","70.9600","257.00","113298848"
"2017-08-21 15:42:37","LONG","150","NKE","NIKE","53.5900","150","2017-08-22 11:19:15","54.0100","-0.01","-4.20","2017-08-21 16:36:00","15","53.3100","60.00","113262883"
"2017-08-21 15:29:31","LONG","100","DY","DYCOM INDUSTRIES","76.1000","100","2017-08-21 15:42:24","76.5800","-0.01","-2.00","2017-08-21 15:33:00","10","75.9000","46.00","113262592"
"2017-08-17 15:55:13","LONG","100","EOG","EOG RESOURCES","83.4900","100","2017-08-21 14:39:14","83.6300","-0.01","-2.00","2017-08-18 09:36:00","10","83.2900","12.00","113209458"
"2017-08-15 10:15:34","LONG","80","PLCE","CHILDRENS PLACE INC.","101.4000","80","2017-08-21 11:25:13","101.6000","-0.07","-25.60","2017-08-16 10:31:00","8","98.2000","14.40","113152119"
"2017-08-18 11:01:56","LONG","120","LVLT","LEVEL 3","52.1300","120","2017-08-18 13:47:44","52.6900","-0.01","-2.16","2017-08-18 11:03:00","12","51.9500","64.60","113223529"
"2017-08-11 12:12:39","LONG","100","SLG","SL GREEN REALTY","97.8400","100","2017-08-11 15:56:13","98.9900","-0.00","-1.10","2017-08-11 12:15:00","10","97.7300","113.00","113108973"
"2017-08-10 13:34:54","LONG","120","EVHC","ENVISION HEALTHCARE HOLDINGS","51.9800","120","2017-08-10 14:45:08","52.4500","-0.00","-0.12","2017-08-10 13:36:00","12","51.9700","53.60","113088213"
"2017-08-09 15:58:37","LONG","100","BAS","BASIC ENERGY SERVICES","16.5200","100","2017-08-10 12:05:39","16.9300","-0.00","-0.70","2017-08-09 16:00:00","10","16.4500","39.00","113068166"
"2017-08-07 12:42:52","LONG","100","PRGO","PERRIGO COMPANY PLC","67.7200","100","2017-08-10 09:31:06","75.8800","-0.10","-40.40","2017-08-09 09:42:00","10","63.6800","814.00","113020366"
"2017-07-20 14:24:36","LONG","140","UAL","UNITED AIRLINES HOLDINGS INC","72.4500","140","2017-08-09 15:54:33","67.0100","-0.21","-84.00","2017-07-27 09:37:00","14","66.4500","-764.80","112707056"
"2017-08-09 11:44:03","LONG","120","SYNA","SYNAPTICS","42.1700","120","2017-08-09 15:54:14","42.5600","-0.01","-3.36","2017-08-09 11:49:00","12","41.8900","44.60","113061154"
"2017-08-09 10:27:39","LONG","100","ABC","AMERISOURCEBERGEN","79.3300","100","2017-08-09 11:30:40","79.5900","-0.01","-3.40","2017-08-09 11:13:00","10","78.9900","24.00","113058839"
"2017-08-09 09:57:04","LONG","140","TRVG","TRIVAGO N.V. AMERICAN DEPOSITARY SHARES","15.6100","140","2017-08-09 10:35:52","16.0500","-0.00","-0.28","2017-08-09 09:59:00","14","15.5900","59.20","113057389"
"2017-08-08 13:58:07","LONG","100","BAS","BASIC ENERGY SERVICES","17.2500","100","2017-08-09 09:38:59","17.6000","-0.01","-4.50","2017-08-08 14:41:00","10","16.8000","33.00","113042572"
"2017-08-04 09:55:18","LONG","100","ABC","AMERISOURCEBERGEN","80.4000","100","2017-08-07 15:53:30","80.5400","-0.03","-11.60","2017-08-07 12:29:00","10","79.2400","12.00","112988032"
"2017-08-04 14:34:28","LONG","100","FNSR","FINISAR","23.8800","100","2017-08-07 10:14:24","24.3200","-0.00","-0.25","2017-08-04 15:22:00","10","23.8550","42.00","112997980"
"2017-08-03 10:32:41","LONG","80","KLAC","KLA CORP","89.2400","80","2017-08-07 10:14:15","89.7000","-0.02","-6.72","2017-08-04 10:09:00","8","88.4000","35.40","112965711"
"2017-08-02 12:58:20","LONG","150","RRC","RANGE RESOURCES","18.0000","150","2017-08-04 14:33:23","18.0300","-0.02","-7.80","2017-08-03 14:44:00","15","17.4800","2.00","112948260"
"2017-08-03 10:32:09","LONG","100","RSPP","RSP PERMIAN INC","30.7100","100","2017-08-04 13:54:40","31.1300","-0.02","-8.50","2017-08-03 14:44:00","10","29.8600","40.00","112965692"
"2017-05-17 15:21:13","LONG","150","FRTA","FORTERRA INC. COMMON STOCK","11.1900","150","2017-08-03 15:33:29","8.4500","-0.13","-50.70","2017-07-07 12:21:00","15","7.8100","-414.00","111650669"
"2017-08-01 14:54:39","LONG","80","NUVA","NUVASIVE","64.0000","80","2017-08-03 15:33:09","63.5900","-0.04","-16.00","2017-08-03 08:13:00","8","62.0000","-34.60","112927517"
"2017-08-02 14:42:50","LONG","100","CDK","CDK GLOBAL INC. COMMON STOCK","62.1300","100","2017-08-03 15:33:03","61.8800","-0.01","-5.05","2017-08-03 11:47:00","10","61.6250","-27.00","112951188"
"2017-08-02 14:39:20","LONG","50","ICPT","NTERCEPT PHARMACEUTICALS","106.2500","50","2017-08-03 10:39:50","107.0200","-0.04","-16.90","2017-08-03 10:29:00","5","102.8700","38.00","112951046"
"2017-07-31 15:23:11","LONG","130","INT","WORLD FUEL SERVICES","32.6200","130","2017-08-01 14:54:23","33.1600","-0.01","-4.42","2017-07-31 15:49:00","13","32.2800","67.40","112902359"
"2017-07-28 14:16:29","LONG","80","VAR","VARIAN MEDICAL SYSTEMS INC.","97.7800","80","2017-08-01 13:17:37","98.3100","-0.03","-12.88","2017-07-31 14:30:00","8","96.1700","40.40","112870357"
"2017-07-26 14:23:51","LONG","30","DPZ","DOMINOS PIZZA INC","186.3200","30","2017-07-31 15:31:36","186.2900","-0.04","-15.69","2017-07-27 13:41:00","3","181.0900","-1.60","112797614"
"2017-07-28 14:17:01","LONG","120","JCI","JOHNSON CONTROLS","39.0400","120","2017-07-31 15:22:52","38.9500","-0.01","-4.68","2017-07-31 12:35:00","12","38.6500","-13.40","112870377"
"2017-07-28 10:48:11","LONG","120","TUP","TUPPERWARE BRANDS","60.3500","120","2017-07-31 12:50:37","60.8500","-0.02","-8.16","2017-07-28 14:45:00","12","59.6700","57.60","112863983"
"2017-07-26 14:22:55","LONG","80","WAB","WESTINGHOUSE AIR BRAKE","75.1100","80","2017-07-28 10:47:34","75.2200","-0.03","-13.36","2017-07-27 09:33:00","8","73.4400","7.40","112797590"
"2017-07-19 12:04:05","LONG","150","GPC","GENUINE PARTS","83.0400","150","2017-07-26 14:22:14","83.1000","-0.09","-35.25","2017-07-20 08:59:00","15","80.6900","6.00","112683795"
"2017-07-24 12:10:48","LONG","100","SLCA","US SILICA HOLDINGS","28.4600","100","2017-07-26 14:21:52","28.5700","-0.05","-21.10","2017-07-24 15:40:00","10","26.3500","9.00","112749721"
"2017-07-20 14:48:06","LONG","130","NTRS","NORTHERN TRUST","87.6900","130","2017-07-24 12:10:38","88.0600","-0.04","-14.56","2017-07-21 10:27:00","13","86.5700","45.40","112707511"
"2017-07-05 10:47:05","LONG","20","TSLA","TESLA  INC.","339.0000","20","2017-07-19 10:10:21","324.0600","-0.18","-71.74","2017-07-10 09:59:00","2","303.1300","-299.40","112419538"
"2017-04-24 14:59:36","LONG","130","REG","REGENCY CENTERS","65.3500","130","2017-07-17 13:54:19","64.1900","-0.21","-79.88","2017-06-20 10:49:00","13","59.2050","-153.60","111235038"
"2017-07-12 09:44:04","LONG","70","KMB","KIMBERLY-CLARK CORPORATION","124.8000","70","2017-07-17 11:50:34","124.9300","-0.03","-10.08","2017-07-13 10:55:00","7","123.3600","7.60","112548330"
"2017-07-07 14:44:22","LONG","120","LB","LANDBRIDGE CO LLC","45.2100","120","2017-07-13 12:08:29","44.9000","-0.06","-22.32","2017-07-11 11:27:00","12","43.3500","-39.40","112476020"
"2017-06-29 11:45:13","LONG","100","DLR","DIGITAL REALTY TRUST","113.2100","100","2017-07-12 15:41:12","111.9300","-0.13","-52.10","2017-07-11 18:45:00","10","108.0000","-130.00","112284693"
"2017-07-07 10:42:26","LONG","100","VTR","VENTAS","67.2800","100","2017-07-12 09:35:58","68.0200","-0.02","-8.60","2017-07-11 11:28:00","10","66.4200","72.00","112467971"
"2017-07-11 11:37:26","LONG","20","ULTA","ULTA BEAUTY INC","254.7600","20","2017-07-12 09:32:33","262.4205","-0.01","-3.06","2017-07-11 11:45:00","2","253.2300","152.60","112523167"
"2017-07-05 10:46:35","LONG","120","WDC","WESTERN DIGITAL","85.2700","120","2017-07-07 09:35:14","86.6964","-0.02","-7.19","2017-07-05 11:06:00","12","84.6711","168.60","112419528"
"2017-06-29 13:20:04","LONG","140","IPHI","INPHI","33.5200","140","2017-06-29 15:45:50","34.3500","-0.01","-2.56","2017-06-29 13:29:00","14","33.3368","113.20","112287650"
"2017-06-29 13:43:49","LONG","120","KLAC","KLA CORP","91.4900","120","2017-06-29 15:44:34","92.5700","-0.00","-0.72","2017-06-29 13:50:00","12","91.4300","127.60","112288481"
"2017-06-28 12:43:16","LONG","100","OMER","OMEROS","21.0000","100","2017-06-29 09:58:27","22.0100","-0.05","-18.60","2017-06-28 14:11:00","10","19.1400","99.00","112264995"
"2017-06-21 10:32:14","LONG","100","BURL","BURLINGTON STORES INC","92.7200","100","2017-06-29 09:39:22","92.9100","-0.32","-118.50","2017-06-23 11:31:00","10","80.8700","17.00","112152116"
"2017-06-28 13:18:49","LONG","50","BMRN","BIOMARIN PHARMACEUTICAL","90.7400","50","2017-06-28 14:54:31","92.0200","-0.00","-0.05","2017-06-28 13:20:00","5","90.7300","63.00","112265971"
"2017-06-20 14:30:29","LONG","140","ROST","ROSS STORES","58.0800","140","2017-06-28 11:29:45","57.4800","-0.11","-40.04","2017-06-23 13:48:00","14","55.2200","-86.80","112139986"
"2017-06-23 15:30:02","LONG","120","LOW","LOWE'S COMPANIES","75.8800","120","2017-06-26 10:18:13","76.7600","-0.00","-0.60","2017-06-23 15:39:00","12","75.8302","103.60","112196869"
"2017-06-21 11:09:14","LONG","150","EQT","EQT","50.9600","150","2017-06-22 10:06:36","51.4800","-0.05","-19.95","2017-06-21 13:07:00","15","49.6300","75.00","112153585"
"2017-06-20 11:03:26","LONG","120","HES","HESS","40.1100","120","2017-06-20 15:12:03","41.7500","-0.00","-1.08","2017-06-20 11:06:00","12","40.0200","194.60","112136377"
"2017-06-15 13:07:35","LONG","120","QRVO","QORVO INC. COMMON STOCK","71.0900","120","2017-06-20 11:03:04","71.8800","-0.00","-1.08","2017-06-15 13:09:00","12","71.0000","92.60","112080549"
"2017-06-12 10:43:34","LONG","60","SWKS","SKYWORKS SOLUTIONS","101.9200","60","2017-06-13 13:07:03","104.6000","-0.01","-2.10","2017-06-12 10:49:00","6","101.5700","159.80","112014643"
"2017-04-26 15:50:39","LONG","100","VNO","VORNADO REALTY TRUST","97.6500","100","2017-06-12 11:17:50","94.9100","-0.17","-64.70","2017-06-06 15:58:00","10","91.1800","-276.00","111281467"
"2017-06-12 10:15:07","LONG","100","QRVO","QORVO INC. COMMON STOCK","71.7200","100","2017-06-12 11:17:29","74.1100","-0.00","-1.80","2017-06-12 10:17:00","10","71.5400","237.00","112013761"
"2017-06-07 12:56:30","LONG","150","SEMG","SUNCOAST SELECT GROWTH ETF","26.4000","150","2017-06-08 15:56:42","26.4000","-0.03","-10.50","2017-06-08 09:53:00","15","25.7000","-3.00","111954730"
"2017-06-01 15:33:58","LONG","100","ADI","ANALOG DEVICES","82.3200","100","2017-06-08 13:22:52","81.8500","-0.11","-40.60","2017-06-05 15:28:00","10","78.2600","-49.00","111879148"
"2017-06-08 11:04:33","LONG","100","AMBA","AMBARELLA INC","52.1500","100","2017-06-08 12:44:10","52.8600","-0.00","-1.10","2017-06-08 11:32:00","10","52.0400","69.00","111970679"
"2017-06-07 14:31:53","LONG","200","CBI","CHICAGO BRDGE & IRON","15.2600","200","2017-06-08 10:14:57","16.0800","-0.01","-2.20","2017-06-07 14:38:00","20","15.1500","160.00","111957794"
"2017-06-06 15:45:34","LONG","120","FL","FOOT LOCKER","55.1200","120","2017-06-07 12:56:16","55.2700","-0.03","-9.72","2017-06-07 09:47:00","12","54.3100","15.60","111940104"
"2017-05-30 13:02:35","LONG","150","CLR","CONTINENTAL RESOURCES","37.8100","150","2017-06-01 11:23:42","38.2400","-0.04","-14.25","2017-05-31 11:45:00","15","36.8600","62.00","111834296"
"2017-05-26 10:52:01","LONG","100","DY","DYCOM INDUSTRIES","83.6100","100","2017-06-01 09:35:56","84.6550","-0.11","-41.00","2017-05-31 10:04:00","10","79.5100","103.00","111791522"
"2017-04-27 15:44:37","LONG","150","LSI","LIFE STORAGE INC","79.4900","150","2017-05-30 14:54:47","75.3100","-0.30","-111.15","2017-05-04 10:29:00","15","72.0800","-630.00","111303963"
"2017-05-24 11:37:47","LONG","150","RDY","DR. REDDY LABS","38.1500","150","2017-05-30 10:01:38","38.0500","-0.04","-16.80","2017-05-26 10:56:00","15","37.0300","-18.00","111750316"
"2017-05-17 11:27:36","LONG","200","HRI","HERC HOLDINGS INC","38.1100","200","2017-05-26 15:30:38","36.4100","-0.26","-96.80","2017-05-18 13:24:00","20","33.2700","-344.00","111644117"
"2017-05-26 10:51:25","LONG","140","TRIP","TRIPADVISOR","38.5500","140","2017-05-26 15:30:06","39.0200","-0.00","-1.54","2017-05-26 10:59:00","14","38.4400","63.20","111791495"
"2017-05-25 11:48:38","LONG","140","HP","HELMERICH & PAYNE","53.7200","140","2017-05-25 15:44:21","53.7900","-0.03","-10.78","2017-05-25 12:22:00","14","52.9500","7.20","111771970"
"2017-05-24 12:23:06","LONG","150","TRIP","TRIPADVISOR","40.4000","150","2017-05-24 15:54:53","40.8800","-0.01","-3.15","2017-05-24 12:56:00","15","40.1900","69.00","111751344"
"2017-05-18 11:26:50","LONG","200","CBI","CHICAGO BRDGE & IRON","18.8000","200","2017-05-19 09:40:17","20.3900","-0.03","-12.30","2017-05-18 14:16:00","20","18.1850","314.00","111666986"
"2017-05-10 12:31:19","LONG","150","LBTYA","LIBERTY GLOBAL PLC CLASS A ORD","30.4200","150","2017-05-18 14:57:45","29.9000","-0.05","-19.05","2017-05-17 09:31:00","15","29.1500","-81.00","111525462"
"2017-05-12 10:14:51","LONG","120","CAKE","CHEESECAKE FACTORY","59.0600","120","2017-05-18 11:26:17","58.8300","-0.04","-16.86","2017-05-16 10:42:00","12","57.6550","-30.40","111571515"
"2017-05-16 11:53:56","LONG","150","DKS","DICK'S SPORTING GOODS","41.5000","150","2017-05-17 15:19:13","41.8700","-0.05","-18.75","2017-05-16 15:25:00","15","40.2500","53.00","111621016"
"2017-05-15 11:34:00","LONG","200","CAR","AVIS BUDGET GROUP","24.0600","200","2017-05-16 15:23:40","23.6800","-0.06","-22.40","2017-05-16 11:21:00","20","22.9400","-80.00","111601793"
"2017-05-12 12:21:18","LONG","180","CBI","CHICAGO BRDGE & IRON","23.3100","180","2017-05-15 11:34:40","23.6100","-0.02","-7.38","2017-05-15 09:53:00","18","22.9000","50.40","111575532"
"2017-05-09 15:34:19","LONG","170","TSN","TYSON FOODS","58.0200","170","2017-05-12 12:21:37","58.3900","-0.03","-9.52","2017-05-11 09:51:00","17","57.4600","59.60","111485179"
"2017-05-08 13:09:22","LONG","200","SKT","TANGER INC.","27.6850","200","2017-05-10 11:47:55","27.7400","-0.04","-13.50","2017-05-09 10:20:00","20","27.0100","7.00","111461764"
"2017-05-01 15:49:48","LONG","140","HP","HELMERICH & PAYNE","58.9050","140","2017-05-05 12:42:27","58.8800","-0.08","-30.45","2017-05-04 12:00:00","14","56.7300","-6.80","111350602"
"2017-05-04 12:03:47","LONG","100","O","REALTY INCOME","55.3400","100","2017-05-05 12:13:37","56.6000","-0.01","-4.20","2017-05-04 12:14:00","10","54.9200","124.00","111411209"
"2017-05-03 09:59:43","LONG","180","NBL","NOBLE ENERGY","30.1400","180","2017-05-04 11:32:00","30.4400","-0.03","-12.78","2017-05-03 12:14:00","18","29.4300","50.40","111382632"
"2017-05-04 10:02:10","LONG","80","AMCX","AMC GLOBAL MEDIA INC. CLASS A","53.8200","80","2017-05-04 10:11:42","54.6400","-0.00","-0.16","2017-05-04 10:04:00","8","53.8000","64.40","111407131"
"2017-05-04 09:42:23","LONG","150","CBS","CBS","61.2500","150","2017-05-04 09:50:58","62.2600","-0.00","-0.60","2017-05-04 09:44:00","15","61.2100","149.00","111406379"
"2017-05-03 12:20:25","LONG","140","TEN","TSAKOS ENERGY NAVIGATION","57.1400","140","2017-05-03 13:10:15","57.6600","n/a","","","","","70.20","111388110"
"2017-03-07 12:37:20","LONG","400","RRD","R.R. DONNELLEY & SONS CO","15.0450","400","2017-05-03 09:58:58","14.2800","-0.44","-160.60","2017-04-13 11:33:00","40","11.0300","-314.00","110083357"
"2017-04-28 11:59:27","LONG","170","EQT","EQT","58.0800","170","2017-05-01 15:36:04","58.1400","-0.03","-9.86","2017-05-01 09:33:00","17","57.5000","6.60","111321192"
"2017-04-27 12:35:08","LONG","180","BAS","BASIC ENERGY SERVICES","27.2600","180","2017-04-27 12:57:26","27.8500","-0.00","-1.26","2017-04-27 12:37:00","18","27.1900","102.40","111298845"
"2017-03-20 12:07:59","LONG","150","FSLR","FIRST SOLAR INC","29.9500","150","2017-04-26 15:41:07","29.1700","-0.18","-65.87","2017-04-06 09:48:00","15","25.5588","-120.00","110333117"
"2017-03-23 15:41:38","LONG","200","HTZ","HERTZ GLOBAL HOLDINGS INC COMMON STOCK","17.8950","200","2017-04-26 11:44:37","17.2800","-0.16","-59.90","2017-04-04 14:15:00","20","14.9000","-127.00","110408532"
"2017-04-21 11:19:08","LONG","130","SLCA","US SILICA HOLDINGS","40.9400","130","2017-04-24 12:04:35","41.2800","-0.03","-9.36","2017-04-21 13:40:00","13","40.2200","41.40","111191308"
"2017-04-13 10:38:04","LONG","80","MSM","MSC INDUSTRIAL DIRECT CO","90.6200","80","2017-04-24 09:46:01","90.7900","-0.12","-44.08","2017-04-18 09:31:00","8","85.1100","12.40","110971679"
"2017-04-20 11:45:32","LONG","100","PDCE","PDC ENERGY","57.2100","100","2017-04-21 14:35:53","57.5200","-0.04","-13.30","2017-04-20 12:38:00","10","55.8800","29.00","111158119"
"2017-04-19 14:32:18","LONG","150","LITE","LUMENTUM HOLDINGS INC","42.9000","150","2017-04-20 10:13:57","43.8500","-0.02","-7.12","2017-04-19 15:32:00","15","42.4250","140.00","111130347"
"2017-04-18 12:57:32","LONG","140","FAST","FASTENAL","44.7700","140","2017-04-19 11:25:53","45.3700","-0.02","-8.68","2017-04-18 16:10:00","14","44.1500","81.20","111093177"
"2017-03-28 11:01:36","LONG","80","RARE","ULTRAGENYX PHARMACEUTICAL INC.","67.9900","80","2017-04-19 09:46:36","63.8800","-0.26","-94.56","2017-04-11 11:47:00","8","56.1700","-330.60","110481017"
"2017-04-11 11:51:34","LONG","120","NFG","NATIONAL FUEL GAS CO","53.9800","120","2017-04-18 12:14:23","53.3100","-0.03","-11.40","2017-04-18 10:38:00","12","53.0300","-82.40","110914608"
"2017-04-13 09:46:31","LONG","120","WFC","WELLS FARGO","52.1000","120","2017-04-13 10:07:56","52.6900","-0.01","-3.96","2017-04-13 09:52:00","12","51.7700","68.60","110969800"
"2017-04-07 13:11:34","LONG","80","CLVS","CLOVIS ONCOLOGY","54.5500","80","2017-04-10 10:04:46","56.8600","-0.03","-9.84","2017-04-07 13:53:00","8","53.3200","183.40","110820850"
"2017-04-05 15:28:50","LONG","120","WOR","WORTHINGTON ENTERPRISES INC","43.4500","120","2017-04-07 13:08:37","43.5100","-0.03","-9.60","2017-04-07 09:34:00","12","42.6500","4.60","110738891"
"2017-03-31 15:04:20","LONG","120","AKAM","AKAMAI TECHNOLOGIES","59.7400","120","2017-04-05 15:27:11","58.8600","-0.07","-24.12","2017-04-03 17:41:00","12","57.7300","-108.40","110592650"
"2017-03-30 13:34:33","LONG","100","INTU","INTUIT","116.5200","100","2017-04-04 15:42:54","116.0300","-0.05","-17.20","2017-04-03 11:07:00","10","114.8000","-51.00","110556386"
"2017-04-03 12:36:40","LONG","120","KMX","CARMAX","56.4800","120","2017-04-03 15:07:24","56.8800","-0.00","-0.48","2017-04-03 12:38:00","12","56.4400","45.60","110653514"
"2017-03-15 14:49:17","LONG","150","ESRX","EXPRESS SCRIPTS","65.8200","150","2017-03-30 11:57:58","66.2400","-0.10","-39.00","2017-03-21 11:37:00","15","63.2200","60.00","110255141"
"2017-03-08 13:41:28","LONG","150","DVN","DEVON ENERGY","41.2100","150","2017-03-29 10:38:08","40.8900","-0.13","-48.15","2017-03-27 09:21:00","15","38.0000","-51.00","110115018"
"2017-03-23 15:23:58","LONG","50","STMP","STAMPS.COM","117.2500","50","2017-03-24 15:11:34","116.7000","-0.01","-4.50","2017-03-24 10:14:00","5","116.3500","-29.00","110407824"
"2017-03-21 11:22:59","LONG","150","OZRK","BANK OF THE OZARKS","49.7600","150","2017-03-23 11:49:59","50.0900","-0.07","-27.45","2017-03-22 09:32:00","15","47.9300","47.00","110355798"
"2017-03-22 11:36:24","LONG","140","MNK","MALLINCKRODT PLC","42.3290","140","2017-03-23 09:47:15","43.3100","-0.01","-4.33","2017-03-22 12:58:00","14","42.0200","134.20","110380854"
"2017-03-21 11:23:46","LONG","180","CAR","AVIS BUDGET GROUP","29.2900","180","2017-03-21 12:20:52","29.7300","-0.01","-5.40","2017-03-21 11:41:00","18","28.9900","75.40","110355862"
"2017-03-03 15:05:59","LONG","140","SHAK","SHAKE SHACK INC","33.0200","140","2017-03-17 15:08:54","32.4600","-0.10","-37.24","2017-03-15 11:19:00","14","30.3600","-80.80","110029547"
"2017-03-09 15:46:05","LONG","130","VTR","VENTAS","60.1300","130","2017-03-16 11:30:33","60.3000","-0.04","-15.21","2017-03-15 09:31:00","13","58.9600","19.40","110145158"
"2017-03-14 15:37:11","LONG","100","GWR","GENESEE & WYOMING INC.","68.0400","100","2017-03-15 14:42:58","68.7100","-0.02","-8.60","2017-03-15 09:34:00","10","67.1800","65.00","110228955"
"2017-03-14 11:06:00","LONG","270","UAL","UNITED AIRLINES HOLDINGS INC","66.4400","270","2017-03-15 11:22:00","67.3878","-0.15","-57.24","2017-03-15 09:42:00","27","64.3200","250.60","110222249"
"2017-03-06 13:14:22","LONG","150","REG","REGENCY CENTERS","66.7300","150","2017-03-14 15:32:26","64.8500","-0.19","-72.45","2017-03-10 12:26:00","15","61.9000","-285.00","110054872"
"2017-03-14 11:06:50","LONG","300","IDT","IDT","12.4300","300","2017-03-14 15:32:06","12.6100","-0.01","-2.10","2017-03-14 11:15:00","30","12.3600","48.00","110222271"
"2017-03-07 11:29:42","LONG","200","TGT","TARGET","55.3450","200","2017-03-09 15:43:29","55.3000","-0.05","-18.70","2017-03-09 11:05:00","20","54.4100","-13.00","110081302"
"2017-03-09 13:11:22","LONG","160","THO","THOR INDUSTRIES","98.9500","160","2017-03-09 15:37:39","99.3200","-0.03","-11.45","2017-03-09 13:56:00","16","98.2346","55.80","110141117"
"2017-03-09 13:10:46","LONG","140","SLCA","US SILICA HOLDINGS","44.2600","140","2017-03-09 15:37:23","45.9200","-0.05","-17.22","2017-03-09 14:12:00","14","43.0300","229.20","110141090"
"2017-02-23 14:26:11","LONG","120","TRIP","TRIPADVISOR","44.0251","120","2017-03-08 10:52:10","43.8100","-0.11","-42.90","2017-03-02 09:33:00","12","40.4500","-28.40","109795483"
"2017-02-13 12:30:33","LONG","120","UBNT","UBIQUITI NETWORKS","50.5762","120","2017-03-07 15:45:05","48.6600","-0.15","-60.19","2017-02-22 16:18:00","12","45.5600","-232.40","109500752"
"2017-02-09 12:06:40","LONG","100","CAB","CABELA'S","50.7049","100","2017-03-07 11:20:27","46.3700","-0.15","-57.05","2017-02-21 09:31:00","10","45.0000","-435.00","109430490"
"2017-03-01 15:45:15","LONG","100","DIN","DINE BRANDS GLOBAL INC","53.2801","100","2017-03-02 10:04:02","53.5587","-0.01","-4.40","2017-03-01 15:55:00","10","52.8400","26.00","109964129"
"2017-02-22 15:43:49","LONG","240","WAB","WESTINGHOUSE AIR BRAKE","79.1462","240","2017-02-24 15:25:40","78.6188","-0.08","-32.55","2017-02-23 15:00:00","24","77.7900","-131.80","109758941"
"2017-02-23 09:38:38","LONG","80","JACK","JACK IN THE BOX","94.4922","80","2017-02-23 09:48:25","95.7725","-0.01","-3.61","2017-02-23 09:40:00","8","94.0410","100.40","109782686"
"2017-02-16 15:20:33","LONG","170","TECK","TECK RESOURCES LTD","21.3099","170","2017-02-21 09:54:40","21.7535","-0.03","-10.88","2017-02-17 09:33:00","17","20.6700","71.60","109609509"
"2017-02-13 10:46:47","LONG","120","CATM","CARDTRONICS","45.0267","120","2017-02-16 15:30:10","44.6543","-0.04","-16.76","2017-02-14 09:44:00","12","43.6300","-47.40","109497369"
"2017-02-08 15:38:02","LONG","150","AN","AUTONATION","47.4981","150","2017-02-10 11:54:29","47.4311","-0.01","-3.12","2017-02-09 13:53:00","15","47.2900","-13.00","109398316"
"2017-02-02 09:45:23","LONG","100","RL","RALPH LAUREN","79.6051","100","2017-02-10 09:54:58","79.4511","-0.11","-41.05","2017-02-03 06:46:00","10","75.5000","-17.00","109234523"
"2017-02-06 12:17:26","LONG","100","SIG","SIGNET JEWELERS","73.9836","100","2017-02-09 11:04:35","73.8304","-0.08","-31.94","2017-02-08 09:54:00","10","70.7900","-17.00","109313523"
"2017-01-19 13:29:22","LONG","120","TGT","TARGET","65.7366","120","2017-02-08 15:48:31","64.8304","-0.09","-33.62","2017-01-27 11:52:00","12","62.9350","-111.40","108811141"
"2017-02-08 12:08:51","LONG","70","VMC","VULCAN MATERIALS","119.0976","70","2017-02-08 15:32:33","120.0535","-0.01","-2.71","2017-02-08 13:34:00","7","118.7100","65.60","109392502"
"2017-02-06 12:33:56","LONG","80","ALV","AUTOLIV","103.0672","80","2017-02-08 12:08:11","103.8479","-0.01","-2.06","2017-02-06 13:40:00","8","102.8100","60.40","109313982"
"2017-02-06 14:42:16","LONG","120","IP","INTERNATIONAL PAPER","50.9292","120","2017-02-07 09:40:51","52.1087","-0.00","-0.47","2017-02-06 14:47:00","12","50.8900","139.60","109318535"
"2017-01-27 11:08:40","LONG","240","HP","HELMERICH & PAYNE","71.4214","240","2017-02-03 11:04:17","71.3784","-0.16","-60.75","2017-02-02 11:15:00","24","68.8900","-14.80","109095915"
"2017-02-02 12:22:47","LONG","150","PAYC","PAYCOM SOFTWARE INC","43.4274","150","2017-02-02 15:25:19","44.2354","-0.00","-0.26","2017-02-02 12:31:00","15","43.4100","118.00","109239791"
"2017-01-26 15:03:32","LONG","120","QCOM","QUALCOMM","53.7525","120","2017-01-27 10:39:39","54.5697","-0.00","-0.15","2017-01-26 15:05:00","12","53.7400","95.60","109062433"
"2017-01-23 11:22:52","LONG","100","PRGO","PERRIGO COMPANY PLC","73.8583","100","2017-01-27 10:39:28","74.0934","-0.05","-21.08","2017-01-24 16:55:00","10","71.7500","22.00","108943113"
"2017-01-26 13:03:09","LONG","120","BMY","BRISTOL-MYERS SQUIBB","47.2636","120","2017-01-27 09:49:21","48.2001","-0.04","-15.04","2017-01-26 13:23:00","12","46.0100","109.60","109058658"
"2017-01-19 12:55:06","LONG","100","JLL","JONES LANG LASALLE","99.8177","100","2017-01-24 12:21:01","101.5752","-0.06","-22.18","2017-01-23 11:51:00","10","97.6000","174.00","108809946"
"2017-01-18 15:41:11","LONG","120","AMBA","AMBARELLA INC","49.3389","120","2017-01-24 09:42:23","49.8980","-0.09","-33.11","2017-01-23 17:08:00","12","46.5800","64.60","108732870"
"2017-01-13 15:30:52","LONG","50","SIG","SIGNET JEWELERS","81.0992","50","2017-01-17 10:16:36","82.9731","-0.01","-2.90","2017-01-17 09:31:00","5","80.5200","93.00","108650096"
"2016-12-15 12:27:46","LONG","80","RL","RALPH LAUREN","96.7652","80","2017-01-17 09:51:52","89.3593","-0.23","-87.80","2017-01-13 10:30:00","8","85.7900","-593.60","107989570"
"2017-01-04 15:37:51","LONG","100","TSO","TESORO","85.9832","100","2017-01-17 09:42:49","82.4495","-0.18","-68.85","2017-01-13 13:29:00","10","79.0982","-355.00","108347545"
"2017-01-05 13:11:26","LONG","120","LB","LANDBRIDGE CO LLC","61.6179","120","2017-01-17 09:41:37","61.9983","-0.05","-18.80","2017-01-13 10:33:00","12","60.0514","43.60","108384282"
"2017-01-12 09:48:24","LONG","80","PRGO","PERRIGO COMPANY PLC","78.4527","80","2017-01-13 11:42:13","79.0273","-0.03","-10.42","2017-01-12 11:33:00","8","77.1500","44.40","108583964"
"2017-01-11 12:03:45","LONG","120","ENDP","ENDO INTERNATIONAL PLC ORDINAR","14.0230","120","2017-01-12 12:57:28","13.9578","-0.01","-4.24","2017-01-12 11:12:00","12","13.6700","-10.40","108536396"
"2017-01-10 10:52:46","LONG","70","EGRX","EAGLE PHARMACEUTICALS INC. CO","66.0774","70","2017-01-12 11:48:04","66.0863","-0.09","-34.84","2017-01-11 14:57:00","7","61.1000","-0.40","108493562"
"2017-01-12 11:28:28","LONG","100","AMBA","AMBARELLA INC","49.9892","100","2017-01-12 11:47:48","49.9286","-0.01","-2.59","2017-01-12 11:46:00","10","49.7300","-8.00","108592498"
"2017-01-11 09:41:52","LONG","70","SIG","SIGNET JEWELERS","83.8776","70","2017-01-11 12:01:20","85.0466","-0.02","-7.19","2017-01-11 10:20:00","7","82.8500","80.60","108527955"
"2016-12-15 10:18:44","LONG","100","PVH","PVH","96.4349","100","2017-01-05 13:09:41","91.5738","-0.23","-90.65","2017-01-05 08:58:00","10","87.3700","-488.00","107984559"
"2017-01-03 10:15:31","LONG","120","DRI","DARDEN RESTAURANTS","71.9500","120","2017-01-04 15:38:02","72.1386","-0.02","-9.12","2017-01-03 11:10:00","12","71.1900","20.60","108306386"
"2016-12-22 10:52:19","LONG","120","DKS","DICK'S SPORTING GOODS","55.5518","120","2017-01-03 09:40:25","53.9536","-0.11","-42.50","2016-12-23 14:22:00","12","52.0100","-194.40","108135729"
"2016-12-30 11:23:43","LONG","120","SPLK","SPLUNK INC","51.0731","120","2017-01-03 09:39:35","51.5446","-0.01","-3.76","2016-12-30 15:00:00","12","50.7600","54.60","108271752"
"2016-12-30 15:49:44","LONG","100","SINA","SINA","60.5685","100","2017-01-03 09:38:55","62.1402","-0.00","-0.89","2016-12-30 15:52:00","10","60.4800","155.00","108277762"
"2016-12-30 10:36:33","LONG","50","DUST","DIREXION DAILY GOLD MINERS INDEX BEAR 2X ETF","44.5170","50","2016-12-30 11:40:14","47.1250","-0.01","-4.53","2016-12-30 10:43:00","5","43.6105","129.00","108270686"
"2016-11-30 14:45:03","LONG","120","GIMO","GIGAMON INC","51.8269","120","2016-12-30 10:37:59","45.4135","-0.22","-84.92","2016-12-29 11:06:00","12","44.7500","-772.40","107632870"
"2016-12-22 09:50:33","LONG","100","HAS","HASBRO","78.4180","100","2016-12-23 14:18:02","78.4004","-0.01","-3.48","2016-12-22 09:56:00","10","78.0700","-4.00","108133133"
"2016-12-21 12:07:54","LONG","120","CYBR","CYBERARK SOFTWARE LTD. ORDINAR","45.6651","120","2016-12-21 13:08:22","46.0488","-0.00","-1.62","2016-12-21 12:09:00","12","45.5300","43.60","108108394"
"2016-12-16 12:08:17","LONG","100","EQT","EQT","64.7698","100","2016-12-19 09:59:28","66.1815","-0.01","-3.25","2016-12-16 13:47:00","10","64.4450","139.00","108018324"
"2016-12-16 14:10:32","LONG","100","JWN","NORDSTROM","50.7498","100","2016-12-16 15:34:17","50.3453","-0.01","-4.40","2016-12-16 15:27:00","10","50.3100","-42.00","108021553"
"2016-12-14 15:21:07","LONG","80","GWR","GENESEE & WYOMING INC.","71.0003","80","2016-12-15 15:27:57","71.5043","-0.01","-5.28","2016-12-15 12:34:00","8","70.3400","38.40","107947644"
"2016-12-14 15:24:45","LONG","50","UHS","UNIVERSAL HEALTH SERVICES","101.1329","50","2016-12-15 09:45:14","103.3900","-0.01","-3.91","2016-12-14 15:44:00","5","100.3500","112.00","107947917"
"2016-12-14 12:35:16","LONG","100","RDUS","SCHNITZER STEEL INDUSTRIES INC. CLASS A","38.9094","100","2016-12-14 13:19:30","39.9089","-0.00","-0.79","2016-12-14 12:35:16","10","38.8300","98.00","107939337"
"2016-12-13 14:17:59","LONG","60","ALXN","ALEXION PHARMACEUTICALS","110.9177","60","2016-12-14 11:15:17","112.4124","-0.02","-9.65","2016-12-14 09:31:00","6","109.3100","88.80","107913950"
"2016-11-30 15:21:05","LONG","180","VRTX","VERTEX","78.7015","180","2016-12-09 09:54:38","77.6358","-0.20","-76.60","2016-12-07 11:25:00","10","74.0900","-195.60","107633727"
"2016-12-08 14:40:30","LONG","80","RDUS","SCHNITZER STEEL INDUSTRIES INC. CLASS A","44.9174","80","2016-12-08 15:01:52","46.4941","-0.00","-1.25","2016-12-08 14:42:00","8","44.7610","124.40","107827784"
"2016-11-30 14:42:10","LONG","80","Q","QNITY ELECTRONICS INC","77.0275","80","2016-12-05 09:39:12","74.6429","-0.11","-41.02","2016-12-02 09:32:00","8","71.9000","-192.60","107632817"
"2016-12-02 12:20:49","LONG","100","WDAY","WORKDAY","71.7544","100","2016-12-02 12:32:26","72.3897","-0.00","-0.74","2016-12-02 12:22:00","10","71.6800","62.00","107698765"
"2016-12-02 10:44:01","LONG","80","NOW","SERVICENOW","74.1148","80","2016-12-02 11:47:17","74.6188","-0.00","-1.56","2016-12-02 10:53:00","8","73.9200","38.40","107696004"
"2016-12-02 10:42:25","LONG","100","IPHI","INPHI","39.4013","100","2016-12-02 10:42:35","39.3833","-0.00","-0.18","2016-12-02 10:42:35","0","39.3833","-4.00","107695962"
"2016-12-01 11:04:43","LONG","80","LRCX","LAM RESEARCH","99.7728","80","2016-12-02 09:40:14","100.0705","-0.04","-16.18","2016-12-02 07:22:00","8","97.7500","22.40","107661070"
"2016-12-01 12:35:25","LONG","100","ADI","ANALOG DEVICES","70.1718","100","2016-12-01 15:43:46","68.8011","-0.04","-15.07","2016-12-01 15:42:00","10","68.6650","-139.00","107664061"
"2016-12-01 11:11:18","LONG","100","NOW","SERVICENOW","79.0412","100","2016-12-01 11:29:53","79.8741","-0.00","-0.51","2016-12-01 11:13:00","10","78.9900","81.00","107661348"
"2016-11-30 12:47:25","LONG","100","OPHT","OPHTHOTECH CORPORATION COMMON","30.6464","100","2016-11-30 15:20:22","30.7003","-0.01","-2.46","2016-11-30 13:47:00","10","30.4000","3.00","107627497"
"2016-11-29 15:27:03","LONG","100","OLED","UNIVERSAL DISPLAY CORPORATION","53.6979","100","2016-11-30 13:19:44","53.7933","-0.04","-15.98","2016-11-30 10:04:00","10","52.1000","8.00","107588221"
"2016-11-23 15:39:43","LONG","120","JUNO","JUNO THERAPEUTICS INC. COMMON","22.2284","120","2016-11-25 11:27:21","22.7979","-0.12","-46.31","2016-11-23 16:53:00","12","18.3695","65.60","107451035"
"2016-11-23 15:39:12","LONG","140","SPLK","SPLUNK INC","57.5298","140","2016-11-25 10:52:05","57.9228","-0.00","-1.68","2016-11-23 15:41:00","14","57.4100","52.20","107451027"
"2016-11-21 11:11:51","LONG","140","HDB","HDFC BANK","63.0182","140","2016-11-23 13:49:28","62.9243","-0.03","-11.31","2016-11-23 09:37:00","14","62.2100","-15.80","107364642"
"2016-11-18 15:16:26","LONG","140","ICLR","ICON","76.1799","140","2016-11-21 14:49:51","76.2229","-0.01","-4.06","2016-11-21 10:50:00","14","75.8900","3.20","107334640"
"2016-11-17 14:23:50","LONG","100","ELLI","ELLIE MAE","81.2870","100","2016-11-18 14:12:42","82.2445","-0.04","-16.97","2016-11-18 10:52:00","10","79.5900","94.00","107295695"
"2016-11-17 15:37:15","LONG","120","MNK","MALLINCKRODT PLC","56.1739","120","2016-11-18 10:14:28","56.4200","-0.04","-14.09","2016-11-18 09:34:00","12","55.0000","27.60","107297507"
"2016-11-17 11:44:18","LONG","120","VSAT","VIASAT","69.5724","120","2016-11-18 09:31:49","73.5800","-0.04","-15.87","2016-11-17 15:34:00","12","68.2500","478.60","107289533"
"2016-11-10 15:49:29","LONG","70","SBAC","SBA COMMUNICATIONS","100.0402","70","2016-11-16 14:54:53","98.7785","-0.08","-30.66","2016-11-14 14:30:00","7","95.6600","-89.40","107105093"
"2016-11-15 15:23:45","LONG","120","CPT","CAMDEN PROPERTY TRUST","76.4257","120","2016-11-16 09:48:43","77.4954","-0.00","-1.66","2016-11-16 09:32:00","12","76.2875","125.60","107227622"
"2016-11-11 11:43:53","LONG","120","AEM","AGNICO EAGLE MINES LIMITED","43.3768","120","2016-11-15 11:15:50","43.5879","-0.11","-41.84","2016-11-14 10:00:00","12","39.8900","22.60","107137937"
"2016-11-14 15:30:29","LONG","120","GPN","GLOBAL PAYMENTS","66.8864","120","2016-11-15 09:55:56","68.2346","-0.07","-27.08","2016-11-15 09:31:00","12","64.6300","159.60","107187969"
"2016-11-14 15:12:38","LONG","70","ELLI","ELLIE MAE","85.1987","70","2016-11-15 09:55:30","87.9142","-0.01","-5.03","2016-11-14 15:59:00","7","84.4800","188.60","107187276"
"2016-11-14 15:36:49","LONG","150","CLGX","CORELOGIC INC.","35.7983","150","2016-11-15 09:54:50","37.0025","-0.01","-1.92","2016-11-14 15:54:00","15","35.6700","178.00","107188163"
"2016-10-25 15:47:01","LONG","50","ATHN","ATHENA TECHNOLOGY ACQUISITION CORP","108.3670","50","2016-11-14 15:33:43","102.2452","-0.14","-53.34","2016-11-09 09:45:00","5","97.7000","-307.00","106657864"
"2016-11-10 15:47:00","LONG","100","FMX","FOMENTO ECONOMICO","82.8125","100","2016-11-14 15:29:37","81.6837","-0.13","-49.12","2016-11-11 09:58:00","10","77.9000","-115.00","107104999"
"2016-11-11 11:40:23","LONG","100","ADM","ARCHER-DANIELS MIDLAND","41.8293","100","2016-11-14 13:03:21","42.2946","-0.01","-3.89","2016-11-14 09:33:00","10","41.4400","45.00","107137834"
"2016-11-10 13:00:50","LONG","140","PAYC","PAYCOM SOFTWARE INC","40.7829","140","2016-11-14 09:53:11","42.3587","-0.06","-22.86","2016-11-10 15:55:00","14","39.1500","218.20","107098344"
"2016-11-10 15:40:53","LONG","120","RGR","STURM RUGER","48.2590","120","2016-11-11 11:10:18","49.2223","-0.00","-1.01","2016-11-10 15:42:00","12","48.1750","113.60","107104717"
"2016-11-10 12:21:41","LONG","80","TAP","MOLSON COORS BEVERAGE CO","99.0657","80","2016-11-10 13:01:04","99.9675","-0.00","-0.45","2016-11-10 12:23:00","8","99.0100","70.40","107096592"
"2016-11-10 10:19:24","LONG","130","HCN","WELLTOWER INC","60.6237","130","2016-11-10 10:51:22","61.5003","-0.01","-2.65","2016-11-10 10:23:00","13","60.4200","111.40","107088689"
"2016-11-09 11:47:22","LONG","120","MGA","MAGNA INTERNATIONAL","37.2459","120","2016-11-10 10:26:39","38.2318","-0.01","-1.69","2016-11-09 11:47:22","12","37.1050","115.60","107040122"
"2016-11-01 11:04:59","LONG","150","CTL","CENTURYLINK","25.4078","150","2016-11-08 15:50:36","24.2808","-0.12","-45.27","2016-11-04 07:30:00","15","22.3900","-172.00","106829058"
"2016-11-08 09:40:08","LONG","100","CVS","CVS HEALTH CORP","71.1611","100","2016-11-08 09:46:28","72.5779","-0.01","-1.91","2016-11-08 09:42:00","10","70.9700","140.00","106992040"
"2016-11-04 15:09:50","LONG","80","NUS","NU SKIN ENTERPRISES","53.7134","80","2016-11-07 10:31:42","54.0482","-0.02","-5.71","2016-11-04 15:42:00","8","53.0000","25.40","106936954"
"2016-11-02 12:12:53","LONG","100","THO","THOR INDUSTRIES","76.4977","100","2016-11-07 09:33:50","76.5923","-0.07","-24.98","2016-11-04 09:31:00","10","74.0000","7.00","106867219"
"2016-11-03 13:48:19","LONG","100","PRTA","PROTHENA CORPORATION PLC ORDIN","43.0903","100","2016-11-04 10:50:10","43.5183","-0.07","-25.10","2016-11-03 15:54:00","10","40.5800","41.00","106902667"
"2016-10-28 11:06:07","LONG","200","GNC","GNC ACQUISITION HOLDINGS","13.7381","200","2016-11-03 15:27:49","13.4382","-0.04","-14.76","2016-11-02 10:26:00","20","13.0000","-64.00","106739637"
"2016-11-01 15:31:27","LONG","130","AMP","AMERIPRISE FINANCIAL","87.5528","130","2016-11-03 09:38:41","87.9119","-0.04","-16.94","2016-11-02 13:39:00","13","86.2500","44.40","106838731"
"2016-10-26 14:01:53","LONG","80","RDUS","SCHNITZER STEEL INDUSTRIES INC. CLASS A","44.7668","80","2016-11-02 14:24:07","39.5000","-0.14","-51.33","2016-11-02 14:12:00","8","38.3500","-422.60","106682430"
"2016-10-31 12:14:43","LONG","100","BUD","ANHEUSER-BUSCH INBEV","115.0498","100","2016-11-01 09:56:08","116.0440","-0.01","-4.10","2016-10-31 12:36:00","10","114.6400","97.00","106799894"
"2016-10-21 11:49:43","LONG","100","WBC","WABCO HOLDINGS","99.4950","100","2016-10-31 15:28:30","98.2869","-0.09","-32.95","2016-10-27 10:23:00","10","96.2000","-123.00","106592543"
"2016-10-28 15:56:10","LONG","150","UA","UNDERARMOUR CLASS C","30.9786","150","2016-10-31 15:28:01","31.1258","-0.02","-6.08","2016-10-31 10:26:00","15","30.5733","19.00","106751815"
"2016-10-31 13:24:28","LONG","80","OPHT","OPHTHOTECH CORPORATION COMMON","34.1241","80","2016-10-31 15:27:54","35.9399","-0.00","-0.51","2016-10-31 13:26:00","8","34.0600","143.40","106801947"
"2016-10-27 14:04:13","LONG","200","ATI","ALLEGHENY TECHNOLOGIES","13.6707","200","2016-10-28 15:36:58","13.6618","-0.02","-6.41","2016-10-28 09:31:00","20","13.3500","-6.00","106711060"
"2016-10-04 10:37:10","LONG","120","ACAD","ACADIA PHARMACEUTICALS","29.2553","120","2016-10-27 15:24:46","22.5635","-0.22","-82.02","2016-10-27 11:06:00","12","22.4200","-805.40","106217226"
"2016-10-27 11:54:13","LONG","70","VNO","VORNADO REALTY TRUST","91.2470","70","2016-10-27 15:24:28","91.6603","-0.00","-0.96","2016-10-27 12:42:00","7","91.1100","27.60","106707682"
"2016-10-27 10:53:35","LONG","120","CMCSA","COMCAST","60.7884","120","2016-10-27 15:24:14","61.2424","-0.00","-1.42","2016-10-27 11:05:00","12","60.6700","51.60","106705769"
"2016-10-26 12:25:39","LONG","180","RRC","RANGE RESOURCES","34.6308","180","2016-10-27 09:43:54","35.2700","-0.06","-22.51","2016-10-26 14:35:00","18","33.3800","111.40","106680008"
"2016-10-26 12:28:05","LONG","40","ABMD","ABIOMED","112.8654","40","2016-10-26 15:19:09","111.3431","-0.03","-12.78","2016-10-26 12:50:00","4","109.6700","-61.80","106680064"
"2016-09-29 14:37:53","LONG","120","LULU","LULULEMON ATHLETICA","61.6450","120","2016-10-26 15:10:01","57.0991","-0.24","-91.86","2016-10-25 08:59:00","12","53.9900","-548.40","106147859"
"2016-10-25 12:56:00","LONG","120","DLPH","DELPHI TECHNOLOGIES PLC","62.9177","120","2016-10-26 12:24:14","64.6521","-0.01","-2.85","2016-10-26 09:52:00","12","62.6800","205.60","106654183"
"2016-10-24 15:11:00","LONG","100","RLI","RLI","57.7638","100","2016-10-25 15:13:41","57.7190","-0.01","-2.84","2016-10-25 12:31:00","10","57.4800","-6.00","106626732"
"2016-10-12 15:27:15","LONG","150","HTZ","HERTZ GLOBAL HOLDINGS INC COMMON STOCK","34.9639","150","2016-10-24 13:31:55","34.1940","-0.13","-48.96","2016-10-21 09:38:00","15","31.7000","-118.00","106408438"
"2016-10-21 13:51:58","LONG","150","YELP","YELP","33.4555","150","2016-10-24 11:20:56","34.6171","-0.01","-2.63","2016-10-21 15:54:00","15","33.2800","171.00","106595263"
"2016-10-20 11:13:22","LONG","100","OPB","OPUS BANK COMMON STOCK","23.4328","100","2016-10-21 11:21:24","23.7400","-0.01","-2.13","2016-10-21 09:33:00","10","23.2200","29.00","106564068"
"2016-10-19 15:14:31","LONG","50","KITE","KITE PHARMA INC. COMMON STOCK","46.2007","50","2016-10-21 11:07:26","46.9800","-0.03","-12.20","2016-10-20 09:58:00","5","43.7600","38.00","106545820"
"2016-10-20 10:49:53","LONG","130","GPC","GENUINE PARTS","89.1258","130","2016-10-20 15:38:26","89.7404","-0.01","-4.11","2016-10-20 12:56:00","13","88.8100","77.40","106563300"
"2016-10-19 11:38:11","LONG","150","MGA","MAGNA INTERNATIONAL","40.5405","150","2016-10-19 13:17:25","40.6187","-0.00","-0.76","2016-10-19 11:38:11","15","40.4900","9.00","106540566"
"2016-10-12 15:40:39","LONG","100","DATA","TABLEAU SOFTWARE INC","49.3166","100","2016-10-19 09:35:44","49.9073","-0.06","-22.17","2016-10-18 15:48:00","10","47.1000","57.00","106408849"
"2016-10-18 11:20:44","LONG","160","BWA","BORGWARNER","33.2835","160","2016-10-18 15:17:47","33.6829","-0.01","-2.94","2016-10-18 11:57:00","16","33.1000","60.80","106514895"
"2016-10-18 10:53:20","LONG","140","EQT","EQT","65.0377","140","2016-10-18 12:12:18","65.5846","-0.00","-0.81","2016-10-18 10:59:00","14","64.9800","74.20","106514172"
"2016-10-14 12:29:32","LONG","100","GOLD","GOLD.COM INC","83.4052","100","2016-10-17 13:20:13","83.8053","-0.03","-12.05","2016-10-17 05:00:00","10","82.2000","38.00","106463042"
"2016-10-13 10:42:53","LONG","100","DLPH","DELPHI TECHNOLOGIES PLC","65.8089","100","2016-10-13 15:03:45","66.3100","-0.01","-4.59","2016-10-13 12:31:00","10","65.3500","48.00","106433551"
"2016-10-04 09:39:43","LONG","100","FNV","FRANCO-NEVADA","66.2238","100","2016-10-13 14:40:36","65.8831","-0.12","-44.64","2016-10-11 14:05:00","10","61.7600","-36.00","106214825"
"2016-10-13 10:16:56","LONG","120","SPLK","SPLUNK INC","55.0883","120","2016-10-13 11:55:58","56.2009","-0.01","-4.66","2016-10-13 10:34:00","12","54.7000","131.60","106427095"
"2016-10-11 11:36:44","LONG","100","GOLD","GOLD.COM INC","85.3109","100","2016-10-12 15:40:13","84.7413","-0.06","-20.91","2016-10-12 07:02:00","10","83.2200","-59.00","106367407"
"2016-10-11 11:38:07","LONG","80","GPN","GLOBAL PAYMENTS","73.7048","80","2016-10-11 15:06:07","73.7530","-0.00","-0.92","2016-10-11 11:44:00","8","73.5900","2.40","106367426"
"2016-10-10 15:16:25","LONG","140","TWTR","TWITTER INC","17.3997","140","2016-10-11 15:04:14","17.8706","-0.00","-1.68","2016-10-10 15:19:00","14","17.2800","63.20","106340564"
"2016-10-07 12:49:36","LONG","100","DLR","DIGITAL REALTY TRUST","91.4665","100","2016-10-10 12:08:39","92.6658","-0.01","-1.87","2016-10-07 14:53:00","10","91.2800","118.00","106307441"
"2016-10-07 11:49:26","LONG","140","MYL","MYLAN N.V. ORDINARY SHARES","36.0626","140","2016-10-10 09:34:09","39.6688","-0.02","-7.60","2016-10-07 16:46:00","14","35.5200","502.20","106304758"
"2016-10-04 10:04:18","LONG","80","DLR","DIGITAL REALTY TRUST","92.0463","80","2016-10-07 09:35:00","92.5502","-0.06","-22.93","2016-10-06 09:32:00","8","89.1800","38.40","106215869"
"2016-10-06 10:32:24","LONG","70","RGLD","ROYAL GOLD","65.9698","70","2016-10-07 09:34:33","67.7236","-0.02","-8.26","2016-10-06 14:59:00","7","64.7900","121.60","106272545"
"2016-10-05 15:51:24","LONG","80","ELS","EQUITY LIFESTYLE","71.6109","80","2016-10-06 15:27:00","71.5683","-0.03","-10.01","2016-10-06 09:32:00","8","70.3600","-4.60","106255073"
"2016-10-04 15:40:14","LONG","100","CVS","CVS HEALTH CORP","86.2493","100","2016-10-05 15:45:11","86.1492","-0.01","-3.59","2016-10-05 11:24:00","10","85.8900","-12.00","106228067"
"2016-10-05 12:51:02","LONG","100","CCI","CROWN CASTLE INC","88.6441","100","2016-10-05 15:41:13","89.1809","-0.00","-0.64","2016-10-05 12:53:00","10","88.5801","52.00","106250876"
"2016-09-27 12:27:22","LONG","150","HTZ","HERTZ GLOBAL HOLDINGS INC COMMON STOCK","43.8108","150","2016-10-04 15:39:06","39.5010","-0.21","-80.71","2016-09-30 10:02:00","15","38.4300","-649.00","106099054"
"2016-08-08 14:53:29","LONG","300","SHEN","SHENANDOAH TELECOMMUNICAT","31.4974","300","2016-10-04 15:20:16","25.9850","-0.50","-187.72","2016-09-07 13:35:00","30","25.2400","-1660.00","105050806"
"2016-10-04 13:41:58","LONG","60","DXCM","DEXCOM","82.1786","60","2016-10-04 15:20:08","82.5231","-0.00","-1.37","2016-10-04 13:45:00","6","81.9503","19.80","106224833"
"2016-09-29 13:14:45","LONG","170","TXRH","TEXAS ROADHOUSE","39.0272","170","2016-10-04 09:38:59","39.3992","-0.02","-6.75","2016-10-03 15:55:00","17","38.6300","59.60","106145502"
"2016-09-29 13:16:04","LONG","80","MNK","MALLINCKRODT PLC","68.8528","80","2016-09-30 11:52:18","70.0121","-0.01","-3.54","2016-09-29 13:57:00","8","68.4100","91.40","106145610"
"2016-09-28 14:05:14","LONG","150","LEG","LEGGETT & PLATT","46.0361","150","2016-09-29 10:08:53","46.3989","-0.00","-0.59","2016-09-28 14:05:14","15","45.9970","51.00","106124245"
"2016-09-28 12:37:22","LONG","150","PLAY","DAVE & BUSTERS ENTERTAINMENT","37.8609","150","2016-09-29 10:08:36","38.5015","-0.01","-3.91","2016-09-28 12:51:00","15","37.6000","93.00","106122195"
"2016-08-09 13:05:53","LONG","120","FSLR","FIRST SOLAR INC","42.1548","120","2016-09-29 10:08:10","40.0516","-0.27","-101.34","2016-09-20 18:57:00","12","33.7100","-254.40","105073129"
"2016-09-27 09:49:14","LONG","150","OXY","OCCIDENTAL PETROLEUM","68.2573","150","2016-09-28 12:35:39","69.4432","-0.02","-6.41","2016-09-27 10:41:00","15","67.8300","175.00","106094279"
"2016-09-23 12:58:18","LONG","140","WST","WEST PHARMACEUTICAL","72.8050","140","2016-09-27 12:31:37","72.9058","-0.06","-22.05","2016-09-26 09:31:00","14","71.2300","11.20","106049326"
"2016-09-27 11:33:29","LONG","100","EQT","EQT","69.0881","100","2016-09-27 12:11:13","69.4833","-0.01","-2.08","2016-09-27 11:36:00","10","68.8800","38.00","106097737"
"2016-09-26 15:19:53","LONG","140","TGT","TARGET","67.2123","140","2016-09-27 09:34:11","68.1207","-0.00","-1.15","2016-09-26 15:33:00","14","67.1300","124.20","106079066"
"2016-09-21 15:48:36","LONG","120","HNI","HNI","40.2297","120","2016-09-22 11:02:14","41.3161","-0.02","-8.62","2016-09-22 09:31:00","12","39.5110","127.60","106005077"
"2016-09-16 14:51:20","LONG","130","RRC","RANGE RESOURCES","37.4010","130","2016-09-19 15:38:35","37.2542","-0.01","-5.34","2016-09-19 11:23:00","13","36.9900","-21.60","105926948"
"2016-09-14 15:43:47","LONG","120","UNFI","UNITED NATURAL FOODS","39.4925","120","2016-09-19 13:44:13","39.3036","-0.03","-11.19","2016-09-16 15:00:00","12","38.5600","-25.40","105882071"
"2016-09-16 14:52:09","LONG","80","INGR","INGREDION","129.0951","80","2016-09-19 13:42:27","129.1882","-0.01","-4.20","2016-09-16 15:55:00","8","128.5700","5.40","105926977"
"2016-09-13 12:14:20","LONG","120","HP","HELMERICH & PAYNE","57.2205","120","2016-09-14 12:04:16","57.7909","-0.02","-7.09","2016-09-14 09:32:00","12","56.6300","65.60","105851914"
"2016-09-12 14:08:38","LONG","120","USCR","US CONCRETE","47.3492","120","2016-09-14 11:53:24","47.8454","-0.06","-20.96","2016-09-13 12:57:00","12","45.6025","57.60","105828436"
"2016-09-09 10:44:01","LONG","120","DECK","DECKERS OUTDOOR CORP","59.3945","120","2016-09-13 15:01:30","58.1800","-0.06","-22.73","2016-09-12 09:31:00","12","57.5000","-148.40","105737874"
"2016-08-30 10:51:38","LONG","150","ZOES","ZOE'S KITCHEN INC","27.8495","150","2016-09-13 15:01:23","24.7108","-0.13","-47.99","2016-09-13 11:40:00","15","24.6500","-474.00","105521107"
"2016-09-08 15:09:55","LONG","120","RCL","ROYAL CARIBBEAN GROUP","65.9627","120","2016-09-12 12:00:29","66.7996","-0.03","-10.35","2016-09-12 09:55:00","12","65.1000","97.60","105709124"
"2016-09-02 12:48:16","LONG","120","MYL","MYLAN N.V. ORDINARY SHARES","40.1983","120","2016-09-07 15:15:13","40.5632","-0.01","-4.54","2016-09-02 14:38:00","12","39.8200","41.60","105612676"
"2016-09-06 12:35:07","LONG","140","DECK","DECKERS OUTDOOR CORP","61.3503","140","2016-09-07 15:15:02","61.9059","-0.02","-8.75","2016-09-07 09:41:00","14","60.7250","75.20","105662560"
"2016-08-16 15:05:22","LONG","100","VRSN","VERISIGN","76.4589","100","2016-09-02 09:36:22","79.0808","-0.07","-24.49","2016-08-31 09:31:00","10","74.0100","260.00","105221488"
"2016-08-24 12:19:45","LONG","80","WYNN","WYNN RESORTS","93.6593","80","2016-09-01 14:53:06","94.0254","-0.11","-41.27","2016-08-31 09:31:00","8","88.5000","27.40","105383419"
"2016-08-25 13:33:36","LONG","150","SIMO","SILICON MOTION TECH","48.7698","150","2016-08-26 09:40:49","50.0460","-0.05","-17.55","2016-08-25 14:23:00","15","47.6000","188.00","105408754"
"2016-08-15 13:44:16","LONG","180","FNBC","FIRST NBC BANK HOLDING COMPANY","12.5209","180","2016-08-23 09:50:03","12.5312","-0.06","-20.90","2016-08-18 09:56:00","18","11.3600","-1.60","105191908"
"2016-08-19 09:44:16","LONG","120","DVA","DAVITA INC","64.7338","120","2016-08-22 11:27:04","65.1700","-0.04","-13.13","2016-08-19 10:06:00","12","63.6400","49.60","105297814"
"2016-08-18 10:04:08","LONG","130","CRM","SALESFORCE INC","76.8734","130","2016-08-19 14:30:31","77.3301","-0.01","-4.85","2016-08-19 07:06:00","13","76.5000","56.40","105265291"
"2016-08-17 15:45:13","LONG","120","DVA","DAVITA INC","67.2437","120","2016-08-18 12:56:29","67.8884","-0.00","-1.12","2016-08-17 15:57:00","12","67.1500","74.60","105247909"
"2016-08-17 11:48:15","LONG","120","AMSG","AMSURG","61.5980","120","2016-08-17 15:44:44","62.6738","-0.01","-3.46","2016-08-17 12:03:00","12","61.3100","126.60","105240839"
"2016-08-17 11:31:13","LONG","100","MAA","MID-AMERICA","93.3932","100","2016-08-17 12:12:08","94.1496","-0.00","-0.53","2016-08-17 11:34:00","10","93.3400","74.00","105240363"
"2016-08-16 11:48:55","LONG","150","DVA","DAVITA INC","67.3254","150","2016-08-16 15:12:56","68.1694","-0.01","-2.03","2016-08-16 11:52:00","15","67.1900","124.00","105216672"
"2016-08-11 15:19:29","LONG","120","AHS","AMN HEALTHCARE SERVICES","34.7374","120","2016-08-12 12:40:00","35.8165","-0.02","-6.21","2016-08-12 09:34:00","12","34.2200","126.60","105128396"
"2016-08-05 12:23:41","LONG","100","PBH","PRESTIGE CONSUMER HEALTHCARE INC","51.5551","100","2016-08-12 11:05:37","49.6708","-0.12","-45.85","2016-08-12 09:32:00","10","46.9700","-190.00","105011796"
"2016-08-11 15:20:11","LONG","120","KLAC","KLA CORP","67.0924","120","2016-08-12 10:03:27","67.7081","-0.01","-2.07","2016-08-11 15:30:00","12","66.9200","71.60","105128420"
"2016-08-10 15:14:43","LONG","100","OPHT","OPHTHOTECH CORPORATION COMMON","54.3649","100","2016-08-11 14:41:21","53.7147","-0.05","-18.45","2016-08-11 10:10:00","10","52.5200","-67.00","105102383"
"2016-08-10 10:20:58","LONG","120","DVA","DAVITA INC","70.6838","120","2016-08-11 14:35:10","70.4136","-0.04","-14.09","2016-08-11 11:22:00","12","69.5100","-34.40","105093392"
"2016-08-10 12:36:14","LONG","120","USCR","US CONCRETE","53.6451","120","2016-08-10 15:14:50","54.5654","-0.01","-4.02","2016-08-10 13:14:00","12","53.3100","107.60","105098320"
"2016-08-10 10:44:17","LONG","120","W","WAYFAIR INC","36.2975","120","2016-08-10 12:58:52","37.4510","-0.01","-5.37","2016-08-10 10:55:00","12","35.8500","135.60","105094357"
"2016-08-08 12:47:02","LONG","100","LILAK","LIBERTY LATIN AMERICA LTD. CLASS C","29.3530","100","2016-08-09 15:01:29","29.6497","-0.01","-5.43","2016-08-08 14:28:00","10","28.8100","28.00","105048250"
"2016-08-08 12:50:54","LONG","120","BMY","BRISTOL-MYERS SQUIBB","60.3255","120","2016-08-09 09:55:03","61.2051","-0.01","-3.79","2016-08-08 13:15:00","12","60.0100","103.60","105048355"
"2016-07-27 12:17:00","LONG","100","MCD","MCDONALD'S","119.9384","100","2016-08-08 15:38:57","118.2667","-0.07","-28.28","2016-08-02 10:10:00","10","117.1100","-169.00","104850055"
"2016-07-29 09:45:30","LONG","120","LVLT","LEVEL 3","50.8640","120","2016-08-08 15:28:06","50.0600","-0.09","-33.53","2016-08-02 10:57:00","12","48.0700","-98.40","104886155"
"2016-08-05 12:46:28","LONG","120","USCR","US CONCRETE","55.9872","120","2016-08-08 09:50:08","57.4409","-0.02","-7.77","2016-08-08 09:31:00","12","55.3400","171.60","105012379"
"2016-08-05 12:18:28","LONG","70","HSNI","HSN","44.9178","70","2016-08-05 12:35:07","45.9183","-0.00","-0.19","2016-08-05 12:20:00","7","44.8900","68.60","105011725"
"2016-08-05 09:59:40","LONG","150","APA","APA CORP","48.6000","150","2016-08-05 10:59:45","49.3540","-0.01","-3.60","2016-08-05 10:26:00","15","48.3600","110.00","105008493"
"2016-08-04 14:10:46","LONG","100","QRVO","QORVO INC. COMMON STOCK","53.1219","100","2016-08-05 10:15:11","54.0163","-0.00","-1.72","2016-08-04 14:33:00","10","52.9501","87.00","104993308"
"2016-08-04 11:49:24","LONG","140","AAWW","ATLAS AIR WORLDWIDE","35.6116","140","2016-08-05 09:58:55","36.3544","-0.01","-3.10","2016-08-04 11:51:00","14","35.3900","101.20","104990325"
"2016-08-03 10:49:57","LONG","100","EXR","EXTRA SPACE STORAGE","83.1348","100","2016-08-05 09:49:16","83.2102","-0.05","-17.75","2016-08-04 09:52:00","10","81.3600","6.00","104965468"
"2016-08-04 10:39:29","LONG","120","MMP","MAGELLAN MIDSTREAM","69.6104","120","2016-08-04 13:11:15","70.0085","-0.00","-0.96","2016-08-04 10:44:00","12","69.5300","45.60","104988440"
"2016-08-01 15:52:54","LONG","120","CHKP","CHECK POINT SOFTWARE","76.1355","120","2016-08-03 15:37:21","75.4958","-0.05","-19.63","2016-08-03 09:35:00","12","74.5000","-79.40","104925339"
"2016-08-02 14:20:59","LONG","120","CRZO","CARRIZO OIL & GAS","30.3230","120","2016-08-03 10:50:16","31.3705","-0.01","-2.56","2016-08-03 09:34:00","12","30.1100","123.60","104946948"
"2016-08-02 15:24:37","LONG","80","GPN","GLOBAL PAYMENTS","71.4451","80","2016-08-03 09:56:04","72.4497","-0.01","-5.32","2016-08-03 09:33:00","8","70.7800","78.40","104948276"
"2016-08-01 15:21:45","LONG","80","AMSG","AMSURG","72.4952","80","2016-08-02 09:54:55","73.0469","-0.01","-3.96","2016-08-02 09:31:00","8","72.0000","42.40","104924680"
"2016-07-29 10:09:08","LONG","130","CHKP","CHECK POINT SOFTWARE","76.5775","130","2016-08-01 11:44:34","76.8285","-0.01","-3.61","2016-08-01 09:35:00","13","76.3000","30.40","104886894"
"2016-07-28 11:40:46","LONG","80","EXR","EXTRA SPACE STORAGE","86.1792","80","2016-07-29 09:48:32","87.2245","-0.04","-15.91","2016-07-28 14:15:00","8","84.1900","82.40","104869428"
"2016-07-27 11:37:50","LONG","100","TAP","MOLSON COORS BEVERAGE CO","94.9131","100","2016-07-28 09:56:09","95.1676","-0.15","-55.13","2016-07-27 11:44:00","10","89.4000","23.00","104848979"
"2016-07-27 11:56:19","LONG","120","HES","HESS","51.2251","120","2016-07-28 09:55:56","52.5701","-0.02","-8.10","2016-07-27 12:33:00","12","50.5500","158.60","104849377"
"2016-07-20 15:47:07","LONG","140","SSYS","STRATASYS","20.4456","140","2016-07-27 11:56:27","20.2939","-0.04","-13.64","2016-07-25 12:40:00","14","19.4710","-23.80","104732306"
"2016-07-25 15:48:47","LONG","80","SYK","STRYKER","115.7981","80","2016-07-26 09:55:37","116.2826","-0.00","-0.55","2016-07-25 15:51:00","8","115.7300","37.40","104812364"
"2016-07-25 12:52:49","LONG","70","GOLD","GOLD.COM INC","111.2204","70","2016-07-26 09:33:03","113.0922","-0.00","-0.84","2016-07-25 13:19:00","7","111.1000","129.60","104809264"
"2016-07-22 12:09:16","LONG","120","RS","RELIANCE INC","75.8151","120","2016-07-25 15:48:55","75.6672","-0.03","-9.66","2016-07-25 12:32:00","12","75.0100","-20.40","104772782"
"2016-07-21 15:40:06","LONG","100","NUE","NUCOR","52.2106","100","2016-07-22 12:08:02","52.6417","-0.01","-3.51","2016-07-22 09:04:00","10","51.8600","41.00","104756654"
"2016-07-20 15:47:53","LONG","80","CALM","CAL-MAINE FOODS","41.3605","80","2016-07-21 15:40:23","41.3807","-0.02","-6.48","2016-07-21 12:06:00","8","40.5500","0.40","104732334"
"2016-07-20 10:07:00","LONG","100","PRI","PRIMERICA","52.3461","100","2016-07-20 12:45:36","52.9843","-0.00","-1.56","2016-07-20 10:11:00","10","52.1900","62.00","104724643"
"2016-07-14 15:42:15","LONG","100","COR","CENCORA INC","84.9157","100","2016-07-19 11:49:00","84.9235","-0.03","-10.26","2016-07-15 15:02:00","10","83.8900","-1.00","104645521"
"2016-06-13 12:01:52","LONG","150","BG","BUNGE","63.3226","150","2016-07-18 12:32:24","61.2260","-0.28","-99.49","2016-06-27 11:16:00","15","56.6900","-317.00","103428174"
"2016-07-01 15:08:25","LONG","100","JLL","JONES LANG LASALLE","95.6024","100","2016-07-08 09:59:39","94.9766","-0.15","-55.32","2016-07-06 09:39:00","10","90.0700","-65.00","104427552"
"2016-07-07 15:22:45","LONG","100","LXFT","LUXOFT HOLDING INC","47.2291","100","2016-07-08 09:36:06","48.4140","-0.00","-0.49","2016-07-07 15:24:00","10","47.1800","116.00","104534910"
"2016-07-06 14:40:55","LONG","200","DUST","DIREXION DAILY GOLD MINERS INDEX BEAR 2X ETF","5.8792","200","2016-07-07 10:43:33","6.3301","-0.01","-4.78","2016-07-06 19:10:00","20","5.6400","86.00","104508873"
"2016-06-21 12:44:54","LONG","100","RARE","ULTRAGENYX PHARMACEUTICAL INC.","52.6302","100","2016-07-01 12:29:19","50.9652","-0.17","-61.10","2016-06-27 10:54:00","10","46.5200","-169.00","104196537"
"2016-06-24 15:36:20","LONG","80","MAN","MANPOWERGROUP","66.7585","80","2016-06-30 15:47:46","63.9789","-0.21","-75.99","2016-06-27 10:33:00","8","57.2600","-223.60","104289726"
"2016-06-28 15:12:19","LONG","120","RCL","ROYAL CARIBBEAN GROUP","65.4575","120","2016-06-29 10:39:22","66.8436","-0.01","-5.37","2016-06-28 17:13:00","12","65.0100","163.60","104361850"
"2016-06-28 15:45:33","LONG","140","DD","DU PONT DE NEMOURS & CO","62.4331","140","2016-06-29 09:35:23","63.2165","-0.00","-1.44","2016-06-28 15:47:00","14","62.3300","107.20","104362591"
"2016-06-27 11:32:34","LONG","140","CAR","AVIS BUDGET GROUP","28.7681","140","2016-06-28 09:32:37","29.9504","-0.02","-6.41","2016-06-27 15:28:00","14","28.3100","163.20","104333928"
"2016-06-27 15:47:51","LONG","100","WDAY","WORKDAY","69.3768","100","2016-06-28 09:32:09","71.4106","-0.00","-0.17","2016-06-27 15:51:00","10","69.3600","201.00","104340373"
"2016-06-27 10:39:11","LONG","110","FLR","FLUOR","46.0765","110","2016-06-27 15:46:35","46.0690","-0.01","-3.04","2016-06-27 10:57:00","11","45.8000","-3.20","104331995"
"2016-06-27 10:37:16","LONG","100","NXPI","NXP SEMICONDUCTOR","74.5252","100","2016-06-27 15:45:49","75.1721","-0.03","-9.05","2016-06-27 10:51:00","10","73.6200","63.00","104331907"
"2016-06-21 15:39:12","LONG","70","NBIX","NEUROCRINE BIOSCIENCES","43.0197","70","2016-06-23 09:55:20","43.2297","-0.03","-9.38","2016-06-22 09:46:00","7","41.6800","13.60","104200773"
"2016-06-20 15:41:47","LONG","100","CVS","CVS HEALTH CORP","93.4401","100","2016-06-22 12:33:37","93.6818","-0.02","-6.00","2016-06-21 09:34:00","10","92.8400","22.00","104177503"
"2016-06-20 15:42:17","LONG","120","LVS","LAS VEGAS SANDS","44.4501","120","2016-06-21 12:44:22","44.9606","-0.02","-6.84","2016-06-21 09:37:00","12","43.8800","58.60","104177509"
"2016-06-16 10:16:35","LONG","120","SAVE","SPIRIT AIRLINES","41.9416","120","2016-06-16 15:10:51","42.3780","-0.01","-3.74","2016-06-16 10:41:00","12","41.6300","49.60","104113682"
"2016-06-16 10:13:29","LONG","120","NXPI","NXP SEMICONDUCTOR","85.1378","120","2016-06-16 15:10:47","85.7010","-0.03","-10.29","2016-06-16 10:54:00","12","84.2800","65.60","104113492"
"2016-06-16 10:14:43","LONG","120","COF","CAPITAL ONE FINANCIAL","63.1679","120","2016-06-16 14:17:24","64.0822","-0.01","-5.25","2016-06-16 10:26:00","12","62.7300","107.60","104113574"
"2016-06-14 15:08:24","LONG","150","LUV","SOUTHWEST AIRLINES","39.9492","150","2016-06-15 13:18:24","40.1200","-0.01","-2.84","2016-06-15 11:31:00","15","39.7600","23.00","103458649"
"2016-06-14 15:26:57","LONG","100","EXR","EXTRA SPACE STORAGE","86.0781","100","2016-06-15 12:59:01","86.8769","-0.00","-0.28","2016-06-14 15:28:00","10","86.0500","78.00","103459308"
"2016-06-14 15:07:26","LONG","120","OMF","ONEMAIN HOLDINGS INC","24.3890","120","2016-06-15 11:43:31","25.1473","-0.01","-3.11","2016-06-15 09:44:00","12","24.1300","88.60","103458607"
"2016-06-14 15:07:52","LONG","150","MPC","MARATHON PETROLEUM","32.6496","150","2016-06-15 11:42:07","34.0233","-0.03","-9.44","2016-06-15 09:32:00","15","32.0200","203.00","103458623"
"2016-05-26 13:21:26","LONG","200","ANF","ABERCROMBIE & FITCH","20.5526","200","2016-06-14 15:26:26","18.5630","-0.12","-46.25","2016-06-10 09:31:00","20","18.2400","-402.00","102553753"
"2016-06-14 12:04:08","LONG","100","TSO","TESORO","72.0541","100","2016-06-14 12:58:33","72.3970","-0.00","-1.64","2016-06-14 12:16:00","10","71.8900","32.00","103452834"
"2016-06-10 10:43:02","LONG","80","ADPT","ADAPTIVE BIOTECHNOLOGIES CORP","52.5529","80","2016-06-14 11:39:52","52.0945","-0.05","-17.94","2016-06-13 10:21:00","8","50.3100","-38.60","103389712"
"2016-06-13 12:09:00","LONG","80","EXPE","EXPEDIA","104.7032","80","2016-06-14 09:51:47","104.6651","-0.02","-8.99","2016-06-13 16:48:00","8","103.5800","-4.60","103428490"
"2016-06-10 11:57:01","LONG","200","CWEI","CLAYTON WILLIAMS ENERGY","24.0552","200","2016-06-13 11:50:50","23.8587","-0.07","-24.70","2016-06-13 09:32:00","20","22.8201","-43.00","103391854"
"2016-06-09 13:21:25","LONG","80","ADPT","ADAPTIVE BIOTECHNOLOGIES CORP","54.3182","80","2016-06-09 14:26:40","54.9371","n/a","","","","","48.40","102766539"
"2016-06-08 12:22:27","LONG","200","MRTX","MIRATI THERAPEUTICS INC. COMM","9.3221","200","2016-06-09 11:05:51","9.6700","-0.01","-4.24","2016-06-08 15:39:00","20","9.1100","66.00","102743329"
"2016-06-09 09:39:41","LONG","150","TSN","TYSON FOODS","60.1205","150","2016-06-09 10:31:35","60.6431","-0.01","-2.26","2016-06-09 09:43:00","15","59.9700","75.00","102760426"
"2016-06-07 15:47:41","LONG","150","OMED","ONCOMED PHARMACEUTICALS INC.","12.3711","150","2016-06-08 12:21:56","12.4003","-0.00","-1.07","2016-06-07 15:55:00","15","12.3000","1.00","102727351"
"2016-05-24 09:55:39","LONG","140","CVS","CVS HEALTH CORP","98.5897","140","2016-06-07 12:34:48","97.3902","-0.11","-38.92","2016-06-01 10:24:00","14","95.8100","-170.80","102507148"
"2016-06-06 10:26:12","LONG","150","EQR","EQUITY RESIDENTIAL","63.4257","150","2016-06-07 11:34:05","63.9134","-0.01","-4.74","2016-06-06 12:57:00","15","63.1100","70.00","102700085"
"2016-06-06 14:16:08","LONG","150","TSN","TYSON FOODS","60.8906","150","2016-06-07 11:34:00","61.7018","-0.00","-1.51","2016-06-07 10:21:00","15","60.7900","119.00","102705480"
"2016-06-03 10:33:33","LONG","140","LYB","LYONDELLBASELL INDUSTRIES","79.0668","140","2016-06-03 15:49:37","79.8010","-0.02","-5.70","2016-06-03 10:46:00","14","78.6600","100.20","102673761"
"2016-06-02 13:23:25","LONG","150","TSN","TYSON FOODS","63.0461","150","2016-06-03 13:47:46","63.3346","-0.06","-20.79","2016-06-03 09:34:00","15","61.6600","40.00","102652891"
"2016-05-23 15:04:44","LONG","230","CMCM","CHEETAH MOBILE INC","9.9707","230","2016-05-24 13:07:38","10.5688","-0.02","-5.54","2016-05-23 16:01:00","23","9.7300","133.40","102495225"
"2016-05-13 15:16:57","LONG","150","JWN","NORDSTROM","38.9264","150","2016-05-23 14:54:26","38.2311","-0.11","-41.08","2016-05-18 15:42:00","15","36.1875","-107.00","102343587"
"2016-05-20 12:45:07","LONG","200","SONC","SONIC","29.1100","200","2016-05-23 14:54:10","29.1011","-0.01","-2.40","2016-05-20 13:17:00","20","28.9900","-6.00","102469088"
"2016-05-19 09:41:39","LONG","150","O","REALTY INCOME","59.1013","150","2016-05-23 14:54:02","59.0129","-0.03","-11.72","2016-05-20 09:54:00","15","58.3200","-16.00","102440223"
"2016-05-19 09:41:00","LONG","150","MAR","MARRIOT INTERNATIONAL CLASS A","65.1594","150","2016-05-20 11:10:57","65.2144","-0.05","-15.74","2016-05-19 09:41:00","15","64.1100","5.00","102440177"
"2016-05-19 12:21:43","LONG","160","TGT","TARGET","67.2027","160","2016-05-20 11:10:29","68.1197","-0.02","-5.64","2016-05-19 12:21:43","16","66.8500","143.80","102445414"
"2016-05-17 11:51:56","LONG","290","MAC","MACERICH","73.5002","290","2016-05-20 09:35:49","73.7360","-0.03","-9.67","2016-05-17 11:51:56","15","73.4400","62.20","102392068"
"2016-05-18 14:50:03","LONG","160","DKS","DICK'S SPORTING GOODS","38.2502","160","2016-05-19 09:39:48","40.3877","-0.02","-4.64","2016-05-18 14:50:03","16","37.9600","338.80","102424174"
"2016-05-13 10:35:55","LONG","280","WSM","WILLIAMS-SONOMA","50.4290","280","2016-05-18 15:21:44","48.1906","-0.20","-70.38","2016-05-18 14:32:00","14","47.6600","-632.60","102335738"
"2016-05-18 12:59:21","LONG","130","AMCX","AMC GLOBAL MEDIA INC. CLASS A","63.4508","130","2016-05-18 15:21:31","64.0900","-0.02","-4.69","2016-05-18 12:59:21","13","63.0900","80.40","102418810"
"2016-05-18 11:52:35","LONG","160","RH","RH","31.5598","160","2016-05-18 12:59:31","32.0410","-0.01","-4.32","2016-05-18 11:52:35","16","31.2900","73.80","102417403"
"2016-05-04 11:37:14","LONG","160","WNR","WESTERN REFINING","22.8706","160","2016-05-17 15:37:27","22.2849","-0.10","-35.69","2016-05-09 11:16:00","16","20.6400","-97.20","102179070"
"2016-05-13 15:17:35","LONG","150","SEDG","SOLAREDGE TECHNOLOGIES INC. C","17.3541","150","2016-05-16 09:38:24","18.0504","-0.01","-2.01","2016-05-13 15:19:00","15","17.2200","101.00","102343604"
"2016-05-05 11:47:43","LONG","150","MLNX","MELLANOX TECHNOLOGIES","41.9206","150","2016-05-13 15:17:53","41.5312","-0.06","-20.71","2016-05-06 10:23:00","15","40.5400","-61.00","102205046"
"2016-05-13 09:49:15","LONG","130","KORS","MICHAEL KORS HOLDINGS","41.3524","130","2016-05-13 11:07:36","42.5923","-0.02","-7.05","2016-05-13 10:06:00","13","40.8100","158.40","102333667"
"2016-05-12 14:07:39","LONG","120","UAL","UNITED AIRLINES HOLDINGS INC","44.0912","120","2016-05-13 09:49:23","44.4037","-0.02","-6.13","2016-05-13 09:13:00","12","43.5800","35.60","102318651"
"2016-05-11 12:16:52","LONG","200","UA","UNDERARMOUR CLASS C","37.6404","200","2016-05-12 15:39:17","37.7697","-0.03","-11.21","2016-05-12 11:53:00","20","37.0800","22.00","102295438"
"2016-05-12 11:32:29","LONG","100","MAC","MACERICH","75.5130","100","2016-05-12 13:30:33","76.6214","-0.00","-0.43","2016-05-12 11:40:00","10","75.4700","109.00","102314716"
"2016-05-10 15:54:03","LONG","120","IPXL","IMPAX LABORATORIES","29.4293","120","2016-05-11 12:16:19","29.6526","-0.01","-3.11","2016-05-11 10:30:00","12","29.1700","24.60","102279206"
"2016-05-10 15:51:53","LONG","150","SCTY","SOLARCITY","17.6024","150","2016-05-11 11:16:48","19.7138","-0.01","-3.04","2016-05-10 16:01:00","15","17.4000","314.00","102279169"
"2016-05-03 09:56:16","LONG","120","FSLR","FIRST SOLAR INC","53.1545","120","2016-05-10 15:51:17","51.3009","-0.12","-42.65","2016-05-09 17:38:00","12","49.6000","-224.40","102150695"
"2016-05-09 11:15:35","LONG","80","YY","YY INC.","52.5824","80","2016-05-10 11:14:20","52.1071","-0.10","-35.70","2016-05-09 15:47:00","8","48.1200","-39.60","102252377"
"2016-05-09 11:45:24","LONG","120","LNG","CHENIERE ENERGY","32.2883","120","2016-05-10 11:12:51","33.0613","-0.01","-2.86","2016-05-09 15:46:00","12","32.0500","90.60","102253184"
"2016-05-06 15:20:25","LONG","100","IPXL","IMPAX LABORATORIES","29.6384","100","2016-05-09 10:02:23","30.3015","-0.00","-1.08","2016-05-06 15:33:00","10","29.5300","64.00","102235223"
"2016-05-06 11:14:26","LONG","120","SAVE","SPIRIT AIRLINES","40.8031","120","2016-05-06 15:16:17","41.0247","-0.01","-3.88","2016-05-06 11:51:00","12","40.4800","24.60","102226328"
"2016-05-06 11:25:58","LONG","120","SPLK","SPLUNK INC","45.8675","120","2016-05-06 15:16:09","46.3491","-0.02","-8.61","2016-05-06 12:05:00","12","45.1500","55.60","102226601"
"2016-05-05 11:49:17","LONG","20","TSLA","TESLA  INC.","215.7146","20","2016-05-06 13:43:48","214.6009","-0.04","-15.21","2016-05-06 09:37:00","2","208.1100","-22.40","102205091"
"2016-05-06 11:03:00","LONG","100","MNK","MALLINCKRODT PLC","55.9130","100","2016-05-06 13:43:26","56.1789","-0.04","-13.93","2016-05-06 12:21:00","10","54.5201","25.00","102226071"
"2016-05-05 11:47:05","LONG","100","HFC","HOLLYFRONTIER","30.3182","100","2016-05-06 11:45:56","30.4628","-0.04","-13.18","2016-05-06 08:48:00","10","29.0000","12.00","102205023"
"2016-05-03 13:17:55","LONG","100","AMAG","AMAG PHARMACEUTICALS","22.6391","100","2016-05-05 15:01:38","19.8728","-0.09","-32.89","2016-05-04 15:29:00","10","19.3500","-279.00","102157242"
"2016-04-22 11:04:04","LONG","120","AAL","AMERICAN AIRLINES GROUP INC. C","37.9614","120","2016-05-05 15:01:15","32.9508","-0.17","-62.78","2016-05-05 09:42:00","12","32.7300","-603.40","101982221"
"2016-05-03 11:52:04","LONG","140","AMBA","AMBARELLA INC","38.4102","140","2016-05-05 13:25:04","37.9169","-0.05","-17.08","2016-05-04 14:46:00","14","37.1900","-71.80","102154750"
"2016-05-04 11:36:47","LONG","100","PSX","PHILLIPS 66","78.7806","100","2016-05-04 15:08:32","79.0510","-0.00","-1.21","2016-05-04 13:46:00","10","78.6600","25.00","102179054"
"2016-04-27 15:56:03","LONG","80","PRGO","PERRIGO COMPANY PLC","97.2500","80","2016-05-03 11:51:39","97.6770","-0.05","-19.44","2016-05-02 14:04:00","8","94.8200","32.40","102061865"
"2016-04-28 15:22:39","LONG","100","AAPL","APPLE","94.6733","100","2016-05-03 10:01:02","94.0009","-0.06","-22.73","2016-05-02 10:07:00","10","92.4000","-69.00","102084158"
"2016-05-02 14:49:22","LONG","80","MOH","MOLINA HEALTHCARE","48.8389","80","2016-05-03 09:48:32","50.2333","-0.02","-5.93","2016-05-02 16:06:00","8","48.0975","110.40","102135591"
"2016-04-29 10:00:22","LONG","80","ABC","AMERISOURCEBERGEN","85.1357","80","2016-05-02 15:29:18","85.2830","-0.01","-5.41","2016-04-29 15:05:00","8","84.4600","10.40","102099099"
"2016-05-02 11:19:32","LONG","80","PRLB","PROTO LABS","59.5467","80","2016-05-02 12:21:50","60.4713","-0.00","-0.85","2016-05-02 11:29:00","8","59.4400","72.40","102130489"
"2016-04-27 10:47:26","LONG","100","AAPL","APPLE","97.4203","100","2016-04-27 11:36:01","98.4694","0.00","0.00","2016-04-27 10:49:00","10","97.4200","103.00","102053470"
"2016-04-26 14:33:36","LONG","80","KMB","KIMBERLY-CLARK CORPORATION","123.8676","80","2016-04-27 10:13:32","125.1120","-0.00","-1.18","2016-04-26 14:55:00","8","123.7200","98.40","102037552"
"2016-04-22 10:45:01","LONG","130","RCL","ROYAL CARIBBEAN GROUP","74.2391","130","2016-04-25 12:09:15","74.7004","-0.03","-11.17","2016-04-22 11:56:00","13","73.3800","57.40","101981495"
"2016-04-22 14:38:55","LONG","200","KR","KROGER","35.4821","200","2016-04-25 11:52:07","35.8988","-0.01","-1.84","2016-04-25 09:32:00","20","35.3900","79.00","101988604"
"2016-04-21 14:17:35","LONG","150","AWK","AMERICAN WATER WORKS","68.7292","150","2016-04-22 14:12:36","69.0963","-0.02","-8.39","2016-04-21 14:50:00","15","68.1700","52.00","101961544"
"2016-04-21 15:45:53","LONG","130","O","REALTY INCOME","59.0005","130","2016-04-22 10:44:38","59.3644","-0.00","-0.27","2016-04-21 15:47:00","13","58.9800","44.40","101963723"
"2016-04-20 14:22:29","LONG","140","VIAB","VIACOM INC CLASS B","36.2188","140","2016-04-21 09:37:32","38.5023","-0.00","-0.43","2016-04-20 14:24:00","14","36.1880","317.20","101934140"
"2016-04-18 15:30:42","LONG","80","AAPL","APPLE","107.1577","80","2016-04-20 11:29:30","107.7358","-0.02","-8.78","2016-04-20 09:43:00","8","106.0600","44.40","101883971"
"2016-04-19 11:40:01","LONG","120","CAVM","CAVIUM","53.5010","120","2016-04-20 10:27:57","54.6607","-0.03","-11.05","2016-04-19 12:48:00","12","52.5800","136.60","101902855"
"2016-04-15 11:15:08","LONG","100","DDS","DILLARDS","72.5589","100","2016-04-18 12:49:32","72.7167","-0.04","-15.29","2016-04-15 14:25:00","10","71.0300","14.00","101852030"
"2016-04-07 12:48:30","LONG","120","JWN","NORDSTROM","52.3662","120","2016-04-18 12:19:06","52.4793","-0.08","-29.59","2016-04-08 09:54:00","12","49.9000","11.60","101711836"
"2016-04-15 13:03:27","LONG","120","WDC","WESTERN DIGITAL","40.3463","120","2016-04-18 12:18:51","41.1086","-0.02","-6.20","2016-04-15 13:33:00","12","39.8300","88.60","101854405"
"2016-04-15 11:15:56","LONG","180","BOFI","BOFI HOLDING","17.9192","180","2016-04-18 11:26:53","18.4330","-0.05","-16.73","2016-04-15 12:51:00","18","16.9900","88.40","101852046"
"2016-04-12 12:57:23","LONG","140","FLTX","FLEETMATICS GROUP","35.0343","140","2016-04-14 09:53:15","35.8971","-0.00","-1.74","2016-04-12 13:13:00","14","34.9100","118.20","101785092"
"2016-04-05 12:33:48","LONG","100","FSLR","FIRST SOLAR INC","63.3933","100","2016-04-13 10:15:09","62.5948","-0.11","-38.93","2016-04-12 09:45:00","10","59.5000","-82.00","101662608"
"2016-04-12 11:18:29","LONG","180","CAR","AVIS BUDGET GROUP","22.3303","180","2016-04-13 09:38:27","22.8173","-0.01","-3.97","2016-04-12 11:41:00","18","22.1100","84.40","101782166"
"2016-04-11 10:08:39","LONG","100","UA","UNDERARMOUR CLASS C","41.8557","100","2016-04-12 15:52:06","41.3607","-0.05","-18.46","2016-04-12 10:17:00","10","40.0100","-52.00","101755998"
"2016-04-11 15:56:04","LONG","60","PANW","PALO ALTO NETWORKS","140.3160","60","2016-04-12 14:18:51","140.5548","-0.10","-33.34","2016-04-12 10:25:00","6","134.7600","12.80","101765258"
"2016-04-11 10:17:23","LONG","180","NOV","NATIONAL OILWELL VARCO INC.","27.1619","180","2016-04-11 15:21:22","27.4808","-0.00","-0.39","2016-04-11 10:19:00","18","27.1400","53.40","101756330"
"2016-04-07 15:26:15","LONG","150","HOG","HARLEY-DAVIDSON","44.4791","150","2016-04-08 09:37:56","44.7646","-0.00","-0.96","2016-04-07 15:58:00","15","44.4150","40.00","101716211"
"2016-03-31 15:37:23","LONG","140","DE","DEERE","77.1881","140","2016-04-07 15:25:39","76.1062","-0.09","-31.89","2016-04-01 09:39:00","14","74.9100","-153.80","101597830"
"2016-04-05 15:16:56","LONG","100","CMP","COMPASS MINERALS","67.8435","100","2016-04-06 15:42:00","68.0319","-0.02","-7.94","2016-04-06 10:40:00","10","67.0500","17.00","101666078"
"2016-04-06 12:42:22","LONG","180","RCI","ROGERS COMMUNICATIONS","37.6501","180","2016-04-06 15:19:32","37.9788","-0.00","-0.54","2016-04-06 12:42:22","18","37.6200","55.40","101687798"
"2016-04-04 15:36:56","LONG","100","LEA","LEAR","102.3891","100","2016-04-05 12:34:17","102.6677","-0.04","-15.63","2016-04-05 09:38:00","10","100.8260","26.00","101645088"
"2016-03-29 11:33:09","LONG","70","RDUS","SCHNITZER STEEL INDUSTRIES INC. CLASS A","28.8313","70","2016-03-29 14:56:32","30.2317","-0.00","-1.55","2016-03-29 11:37:00","7","28.6100","96.60","101545531"
"2016-03-28 15:04:00","LONG","170","NBL","NOBLE ENERGY","29.7804","170","2016-03-29 14:02:29","29.9903","-0.05","-16.33","2016-03-29 10:39:00","17","28.8200","32.60","101527870"
"2016-03-28 15:43:31","LONG","100","EXPE","EXPEDIA","106.4774","100","2016-03-29 13:03:59","107.1386","-0.04","-15.17","2016-03-29 10:40:00","10","104.9600","64.00","101528836"
"2016-03-14 15:51:33","LONG","100","ACOR","ACORDA THERAPEUTICS","29.4514","100","2016-03-28 12:03:11","25.0007","-0.13","-45.51","2016-03-28 10:58:00","10","24.9000","-447.00","101218684"
"2016-03-24 15:45:18","LONG","120","CERN","CERNER","51.2607","120","2016-03-28 12:02:58","51.7820","-0.00","-0.13","2016-03-24 15:47:00","12","51.2500","60.60","101484537"
"2016-03-24 15:35:48","LONG","160","WSM","WILLIAMS-SONOMA","54.1491","160","2016-03-28 10:29:38","54.8583","-0.00","-0.63","2016-03-24 15:37:00","16","54.1100","109.80","101484328"
"2016-03-24 13:09:25","LONG","100","DPS","DR PEPPER SNAPPLE GROUP","88.1192","100","2016-03-28 10:10:34","89.5262","-0.00","-0.99","2016-03-24 15:56:00","10","88.0200","139.00","101480523"
"2016-03-22 10:43:30","LONG","150","BPT","BP PRUDHOE BAY","15.5948","150","2016-03-23 13:51:51","15.5410","-0.10","-33.52","2016-03-23 09:31:00","15","13.3600","-11.00","101409595"
"2016-03-21 15:27:17","LONG","140","LULU","LULULEMON ATHLETICA","60.2858","140","2016-03-22 15:44:50","60.3417","-0.06","-20.66","2016-03-22 10:07:00","14","58.8100","5.20","101387415"
"2016-03-18 15:42:57","LONG","10","CMG","CHIPOTLE MEXICAN GRILL","457.9570","10","2016-03-21 15:26:43","461.3088","-0.01","-5.18","2016-03-21 11:44:00","1","452.7800","33.80","101356883"
"2016-03-18 12:40:11","LONG","100","VRX","VALEANT PHARMACEUTICALS","27.9815","100","2016-03-21 09:57:38","30.6380","-0.07","-23.02","2016-03-21 08:12:00","10","25.6800","264.00","101351117"
"2016-03-17 15:01:32","LONG","150","RH","RH","36.7710","150","2016-03-18 15:27:31","37.3985","-0.08","-26.11","2016-03-18 10:03:00","15","35.0300","91.00","101323724"
"2016-03-17 15:06:34","LONG","100","ENDP","ENDO INTERNATIONAL PLC ORDINAR","29.6017","100","2016-03-18 12:32:40","30.2232","-0.01","-2.32","2016-03-17 15:10:00","10","29.3700","60.00","101323886"
"2016-03-15 09:47:22","LONG","130","EAT","BRINKER INTERNATIONAL","47.0703","130","2016-03-18 10:13:32","47.3862","-0.04","-13.33","2016-03-16 09:35:00","13","46.0450","38.40","101241800"
"2016-03-14 11:25:47","LONG","80","ANET","ARISTA NETWORKS INC","57.8012","80","2016-03-16 14:41:03","57.9071","-0.06","-22.40","2016-03-16 09:33:00","8","55.0011","6.40","101210929"
"2016-03-09 15:37:16","LONG","150","NKE","NIKE","58.1386","150","2016-03-10 09:39:20","58.9033","-0.01","-2.83","2016-03-09 15:43:00","15","57.9500","112.00","101128540"
"2016-03-08 15:37:59","LONG","120","AMBA","AMBARELLA INC","38.1648","120","2016-03-09 09:57:51","39.4638","-0.01","-4.86","2016-03-08 15:58:00","12","37.7600","153.60","101089843"
"2016-03-01 12:51:53","LONG","50","ASPS","ALTISOURCE PORTFOLIO","20.8472","50","2016-03-07 14:50:59","21.6006","-0.05","-17.59","2016-03-02 11:38:00","5","17.3300","37.00","100925155"
"2016-03-03 15:37:14","LONG","100","MON","MONUMENT CIRCLE ACQUISITION CORP. CLASS A","84.9515","100","2016-03-04 11:31:18","85.4987","-0.04","-12.42","2016-03-04 09:29:00","10","83.7100","53.00","100978342"
"2016-02-18 15:43:33","LONG","200","CLMT","CALUMET SPECIALTY","10.8807","200","2016-03-04 10:45:00","11.0923","-0.18","-61.61","2016-02-24 10:16:00","20","7.8000","38.00","100712716"
"2016-03-03 15:36:37","LONG","70","CASY","CASEY'S GENERAL STORES","102.4381","70","2016-03-04 09:52:51","103.4732","-0.01","-3.07","2016-03-03 15:49:00","7","102.0000","70.60","100978328"
"2016-02-08 09:44:29","LONG","100","N","TO2PAVXPOR7IOEE79T","58.1998","100","2016-02-26 14:33:50","59.0330","-0.19","-64.50","2016-02-16 11:17:00","10","51.7500","81.00","100399833"
"2016-02-24 11:41:44","LONG","180","SF","STIFEL FINANCIAL","25.8007","180","2016-02-24 15:51:06","26.8103","-0.01","-2.89","2016-02-24 13:01:00","18","25.6400","178.40","100826900"
"2016-02-22 15:45:22","LONG","30","PRGO","PERRIGO COMPANY PLC","123.4168","30","2016-02-23 11:59:16","126.2172","-0.00","-1.22","2016-02-22 15:54:00","3","123.0100","83.40","100763852"
"2016-02-17 15:55:59","LONG","170","DVN","DEVON ENERGY","20.3197","170","2016-02-22 13:17:04","20.1712","-0.11","-38.24","2016-02-19 11:10:00","17","18.0700","-28.40","100689497"
"2016-02-16 11:59:24","LONG","140","RRC","RANGE RESOURCES","25.5299","140","2016-02-17 09:57:00","26.1396","-0.01","-4.62","2016-02-16 12:30:00","14","25.2000","82.20","100654905"
"2016-02-16 11:48:20","LONG","140","LPNT","LIFEPOINT HEALTH INC COMMON","59.1034","140","2016-02-16 15:51:36","60.1804","-0.04","-12.65","2016-02-16 14:46:00","14","58.2000","148.20","100654527"
"2016-02-10 12:22:48","LONG","120","ASML","ASML HOLDING","82.8390","120","2016-02-16 13:03:22","83.8242","-0.10","-31.19","2016-02-12 10:46:00","12","80.2400","115.60","100559252"
"2016-02-12 11:12:08","LONG","120","FSLR","FIRST SOLAR INC","59.6495","120","2016-02-16 09:35:47","62.0953","-0.01","-2.75","2016-02-12 11:30:00","12","59.4200","291.60","100612472"
"2016-02-11 15:41:18","LONG","120","TRGP","TARGA RESOURCES","15.4790","120","2016-02-12 11:51:31","16.8145","-0.02","-7.55","2016-02-12 10:30:00","12","14.8500","157.60","100590697"
"2016-02-11 15:40:07","LONG","120","LNC","LINCOLN NATIONAL","30.9890","120","2016-02-12 09:38:40","31.9550","-0.01","-2.63","2016-02-11 16:00:00","12","30.7700","113.60","100590670"
"2016-02-11 09:57:59","LONG","100","YY","YY INC.","47.7581","100","2016-02-11 15:41:31","47.3457","-0.17","-54.08","2016-02-11 11:11:00","10","42.3500","-43.00","100580347"
"2016-02-10 15:17:42","LONG","100","DWRE","DEMANDWARE","27.9323","100","2016-02-11 13:43:11","28.9731","-0.06","-19.02","2016-02-10 16:39:00","10","26.0300","102.00","100563339"
"2016-02-10 15:15:41","LONG","100","APAM","ARTISAN PARTNERS ASSET MANAGEM","24.7050","100","2016-02-11 13:43:00","24.4473","-0.03","-10.55","2016-02-11 09:34:00","10","23.6500","-28.00","100563226"
"2016-02-09 15:47:06","LONG","100","CRI","CARTER'S","85.8106","100","2016-02-10 15:13:26","85.6872","-0.01","-2.91","2016-02-10 11:43:00","10","85.5200","-14.00","100505771"
"2016-02-03 10:56:01","LONG","30","TSLA","TESLA  INC.","173.3360","30","2016-02-10 15:13:15","146.6398","-0.31","-99.71","2016-02-09 08:45:00","3","140.1000","-801.60","100329687"
"2016-02-09 14:08:06","LONG","100","ELLI","ELLIE MAE","59.7043","100","2016-02-10 11:36:16","60.5067","-0.02","-6.44","2016-02-09 15:45:00","10","59.0600","78.00","100457130"
"2016-02-09 14:07:45","LONG","80","NFLX","NETFLIX","84.4276","80","2016-02-09 15:23:09","86.7055","-0.01","-4.86","2016-02-09 14:14:00","8","83.8200","180.40","100457120"
"2016-02-09 13:47:03","LONG","120","CTSH","COGNIZANT TECH SOLUTION","51.4905","120","2016-02-09 15:22:54","52.7165","-0.01","-1.69","2016-02-09 13:54:00","12","51.3500","144.60","100433595"
"2016-02-05 12:26:43","LONG","120","CCL","CARNIVAL CORP LTD","43.7311","120","2016-02-09 12:43:03","43.0230","-0.12","-38.53","2016-02-09 09:31:00","12","40.5200","-87.40","100379303"
"2016-02-05 11:37:37","LONG","120","CRM","SALESFORCE INC","59.1309","120","2016-02-09 10:12:26","57.9783","-0.25","-78.37","2016-02-08 14:34:00","12","52.6000","-140.40","100377955"
"2016-02-08 09:45:37","LONG","100","LB","LANDBRIDGE CO LLC","82.1535","100","2016-02-09 10:04:18","82.8257","-0.07","-22.24","2016-02-08 15:09:00","10","79.9300","65.00","100399894"
"2016-02-09 09:42:35","LONG","100","LVLT","LEVEL 3","42.1121","100","2016-02-09 09:52:34","43.2582","-0.00","-0.72","2016-02-09 09:44:00","10","42.0400","113.00","100426726"
"2016-02-08 12:21:16","LONG","120","CAVM","CAVIUM","47.9584","120","2016-02-08 15:50:20","47.5584","-0.04","-13.78","2016-02-08 13:54:00","12","46.8100","-50.40","100405596"
"2015-12-31 12:38:09","LONG","100","AAPL","APPLE","105.8250","100","2016-02-08 15:13:02","93.9550","-0.44","-148.05","2016-01-21 04:01:00","10","91.0200","-1189.00","98983530"
"2016-02-03 15:32:39","LONG","130","EA","ELECTRONIC ARTS","59.0395","130","2016-02-08 15:12:34","55.5483","-0.24","-78.38","2016-02-08 09:34:00","13","53.0100","-456.60","100337489"
"2016-02-05 12:27:06","LONG","100","IMPV","IMPERVA INC. COMMON STOCK","39.6423","100","2016-02-05 15:01:13","39.7835","-0.02","-5.62","2016-02-05 13:15:00","10","39.0800","12.00","100379310"
"2016-02-05 11:53:08","LONG","100","EPAM","EPAM SYSTEMS","59.2928","100","2016-02-05 12:53:31","59.8333","-0.02","-6.28","2016-02-05 12:00:00","10","58.6650","52.00","100378354"
"2016-02-05 11:35:31","LONG","100","NOW","SERVICENOW","50.4548","100","2016-02-05 11:58:23","51.9855","-0.00","-1.10","2016-02-05 11:37:00","10","50.3450","151.00","100377788"
"2016-02-03 15:33:31","LONG","80","LEA","LEAR","98.2840","80","2016-02-05 11:32:26","99.1424","-0.04","-14.67","2016-02-04 09:43:00","8","96.4500","67.40","100337507"
"2016-02-02 13:07:29","LONG","100","SLG","SL GREEN REALTY","89.2643","100","2016-02-04 12:35:59","91.6930","-0.06","-21.14","2016-02-03 14:00:00","10","87.1500","241.00","100310555"
"2016-01-06 09:38:20","LONG","100","DLPH","DELPHI TECHNOLOGIES PLC","79.4849","100","2016-02-03 15:31:03","62.1384","-0.53","-178.75","2016-02-03 11:08:00","10","61.6100","-1737.00","99050204"
"2016-02-03 10:53:07","LONG","80","LEA","LEAR","97.7119","80","2016-02-03 12:33:30","98.1354","-0.00","-0.33","2016-02-03 11:12:00","8","97.6700","32.40","100329592"
"2016-01-26 15:53:40","LONG","120","GRA","W. R. GRACE","82.0974","120","2016-02-02 09:39:10","81.4176","-0.13","-43.77","2016-01-29 10:00:00","12","78.4500","-84.40","100205151"
"2016-01-28 10:55:59","LONG","140","SPLK","SPLUNK INC","44.6976","140","2016-01-29 09:46:12","45.5142","-0.04","-12.57","2016-01-28 13:33:00","14","43.8000","111.20","100243090"
"2016-01-25 15:47:36","LONG","150","RJF","RAYMOND JAMES FINANCIAL","42.7191","150","2016-01-27 11:09:24","44.0342","-0.00","-1.04","2016-01-25 15:53:00","15","42.6500","194.00","100180626"
"2016-01-21 14:58:49","LONG","130","NTRS","NORTHERN TRUST","59.8038","130","2016-01-22 14:54:55","60.3799","-0.03","-10.71","2016-01-21 16:00:00","13","58.9800","72.40","100135523"
"2016-01-19 12:33:41","LONG","180","CWEI","CLAYTON WILLIAMS ENERGY","14.4602","180","2016-01-22 09:40:47","14.6873","-0.18","-58.14","2016-01-20 10:59:00","18","11.2300","37.40","100076371"
"2016-01-15 12:50:37","LONG","200","SM","SM ENERGY","11.7193","200","2016-01-21 12:17:07","11.8277","-0.21","-66.79","2016-01-20 10:34:00","20","8.3800","18.00","100020074"
"2016-01-20 11:15:28","LONG","120","CCL","CARNIVAL CORP LTD","47.6339","120","2016-01-20 15:34:23","48.6535","-0.02","-7.13","2016-01-20 12:48:00","12","47.0400","119.60","100101383"
"2016-01-19 12:34:16","LONG","120","ESRX","EXPRESS SCRIPTS","72.6280","120","2016-01-20 15:33:58","71.9887","-0.14","-43.06","2016-01-20 12:37:00","12","69.0400","-79.40","100076386"
"2016-01-20 09:48:40","LONG","120","ADSK","AUTODESK","46.7669","120","2016-01-20 15:33:28","48.1809","-0.06","-19.76","2016-01-20 12:28:00","12","45.1200","167.60","100097723"
"2016-01-20 12:58:10","LONG","150","CLR","CONTINENTAL RESOURCES","14.7520","150","2016-01-20 15:32:49","16.1510","-0.01","-3.93","2016-01-20 13:18:00","15","14.4900","207.00","100104680"
"2016-01-20 11:14:36","LONG","120","WDC","WESTERN DIGITAL","43.6683","120","2016-01-20 12:23:13","43.8364","-0.00","-0.70","2016-01-20 11:27:00","12","43.6100","17.60","100101359"
"2016-01-20 11:19:17","LONG","120","SPWR","SUNPOWER INC.","19.9366","120","2016-01-20 12:22:57","20.3615","-0.00","-0.08","2016-01-20 11:21:00","12","19.9300","48.60","100101567"
"2016-01-07 09:39:18","LONG","100","ZBRA","ZEBRA TECHNOLOGIES","61.1917","100","2016-01-19 15:52:58","56.7787","-0.19","-63.02","2016-01-15 12:40:00","10","54.8900","-443.00","99082541"
"2016-01-13 11:18:51","LONG","120","NSC","NORFOLK SOUTHERN","73.1684","120","2016-01-19 15:38:05","71.8685","-0.12","-38.98","2016-01-15 17:30:00","12","69.9200","-158.40","99194833"
"2016-01-15 12:49:23","LONG","140","OMF","ONEMAIN HOLDINGS INC","29.8834","140","2016-01-15 15:43:49","30.2937","-0.02","-7.47","2016-01-15 14:33:00","14","29.3500","54.20","100020021"
"2016-01-14 14:32:52","LONG","140","RGLD","ROYAL GOLD","29.1024","140","2016-01-15 14:31:07","28.4380","-0.06","-19.63","2016-01-15 10:39:00","14","27.7000","-95.80","99983446"
"2016-01-15 12:48:26","LONG","150","BC","BRUNSWICK","37.4163","150","2016-01-15 14:28:40","37.9287","-0.00","-0.24","2016-01-15 12:50:00","15","37.4000","74.00","100019967"
"2016-01-14 13:27:46","LONG","150","BWA","BORGWARNER","32.6709","150","2016-01-14 15:32:02","32.8614","-0.02","-5.56","2016-01-14 14:06:00","15","32.3000","26.00","99982274"
"2016-01-14 10:29:10","LONG","100","EXP","EAGLE MATERIALS","49.9996","100","2016-01-14 13:26:54","51.1554","-0.03","-9.60","2016-01-14 11:25:00","10","49.0400","114.00","99977528"
"2016-01-13 11:19:28","LONG","180","WMB","WILLIAMS COMPANIES","14.9580","180","2016-01-14 12:53:31","15.8174","-0.12","-39.38","2016-01-13 15:16:00","18","12.7700","151.40","99194858"
"2016-01-14 10:26:35","LONG","120","TRIP","TRIPADVISOR","70.9782","120","2016-01-14 10:43:09","71.7488","-0.00","-0.34","2016-01-14 10:28:00","12","70.9500","89.60","99977460"
"2016-01-14 10:04:31","LONG","120","CAR","AVIS BUDGET GROUP","25.3856","120","2016-01-14 10:43:01","26.2011","-0.00","-0.07","2016-01-14 10:06:00","12","25.3800","95.60","99976702"
"2016-01-13 10:44:05","LONG","140","CAR","AVIS BUDGET GROUP","28.0739","140","2016-01-13 15:41:18","27.3581","-0.05","-16.85","2016-01-13 14:53:00","14","26.8700","-102.80","99194044"
"2016-01-12 15:19:21","LONG","134.800000000","LBTYA","LIBERTY GLOBAL PLC CLASS A ORD","30.9630","134.800000000","2016-01-13 09:54:41","31.3040","n/a","","","","","43.30","99174419"
"2016-01-12 15:20:19","LONG","120","EGN","ENERGEN","32.6000","120","2016-01-13 09:37:36","33.2490","-0.00","-1.44","2016-01-12 15:22:00","12","32.4800","75.60","99174443"
"2016-01-11 14:19:59","LONG","100","CAH","CARDINAL HEALTH","78.9980","100","2016-01-12 09:47:57","80.6539","-0.01","-3.08","2016-01-11 15:19:00","10","78.6900","164.00","99152584"
"2016-01-11 11:43:38","LONG","120","FEYE","FIREEYE INC. COMMON STOCK","16.9599","120","2016-01-11 15:49:33","17.4519","-0.02","-6.84","2016-01-11 13:55:00","12","16.3900","56.60","99148981"
"2016-01-08 14:46:42","LONG","140","CAVM","CAVIUM","58.1083","140","2016-01-08 14:55:06","58.5125","-0.01","-2.22","2016-01-08 14:46:42","14","57.9500","54.20","99115529"
"2016-01-08 11:53:58","LONG","140","STX","SEAGATE TECHNOLOGY","32.7085","140","2016-01-08 14:26:14","32.7906","-0.00","-1.38","2016-01-08 13:26:00","14","32.6100","8.20","99111577"
"2016-01-08 11:54:54","LONG","150","CAR","AVIS BUDGET GROUP","30.3275","150","2016-01-08 14:25:41","30.7351","-0.00","-1.03","2016-01-08 11:56:00","15","30.2590","58.00","99111597"
"2016-01-08 11:54:24","LONG","150","APA","APA CORP","35.6101","150","2016-01-08 14:25:08","37.0005","-0.01","-3.00","2016-01-08 12:05:00","15","35.4100","206.00","99111589"
"2015-12-31 12:35:45","LONG","80","NHTC","NATURAL HEALTH TRENDS","34.8400","80","2016-01-08 12:38:42","21.5976","-0.31","-105.94","2016-01-08 12:38:42","0","21.5976","-1060.60","98983506"
"2016-01-06 11:22:56","LONG","120","LRCX","LAM RESEARCH","74.0586","120","2016-01-07 15:25:42","71.7874","-0.09","-31.18","2016-01-07 14:30:00","12","71.4600","-275.40","99053380"
"2016-01-06 15:27:18","LONG","100","KEX","KIRBY","48.3715","100","2016-01-07 15:25:23","46.9035","-0.04","-14.68","2016-01-07 15:25:23","0","46.9035","-149.00","99058704"
"2016-01-07 09:50:41","LONG","180","CRUS","CIRRUS LOGIC","26.1041","180","2016-01-07 11:12:44","26.9374","-0.00","-1.33","2016-01-07 09:53:00","18","26.0300","146.40","99083195"
"2016-01-06 11:23:40","LONG","100","SYNA","SYNAPTICS","67.6879","100","2016-01-07 11:12:19","69.1243","-0.09","-33.38","2016-01-07 09:33:00","10","64.3500","142.00","99053407"
"2015-12-02 12:19:36","LONG","180","KMI","KINDER MORGAN","20.6902","180","2016-01-06 15:26:50","14.6706","-0.33","-116.46","2015-12-21 09:55:00","18","14.2200","-1087.60","98606146"
"2016-01-06 09:39:16","LONG","120","SWKS","SKYWORKS SOLUTIONS","70.1904","120","2016-01-06 10:41:40","71.0011","-0.01","-3.60","2016-01-06 09:42:00","12","69.8900","94.60","99050254"
"2016-01-05 10:37:13","LONG","120","DAL","DELTA AIR LINES","47.3818","120","2016-01-05 11:43:36","47.8732","-0.00","-0.02","2016-01-05 10:39:00","12","47.3800","56.60","99031018"
"2015-12-30 10:54:21","LONG","150","EGN","ENERGEN","40.5500","150","2015-12-31 12:34:23","41.3500","-0.02","-8.10","2015-12-30 13:25:00","15","40.0100","117.00","98966867"
"2015-12-17 10:54:17","LONG","180","CLR","CONTINENTAL RESOURCES","24.1150","180","2015-12-23 14:35:46","24.3700","-0.23","-81.27","2015-12-22 09:36:00","18","19.6000","42.40","98825527"
"2015-12-21 10:01:51","LONG","60","XEC","CIMAREX ENERGY CO","89.7300","60","2015-12-23 10:34:21","89.7700","-0.08","-28.38","2015-12-21 11:35:00","6","85.0000","0.80","98863075"
"2015-12-16 11:26:33","LONG","180","KMT","KENNAMETAL","19.1317","180","2015-12-22 11:40:38","18.8600","-0.07","-25.59","2015-12-18 10:12:00","18","17.7100","-52.60","98806591"
"2015-12-18 09:51:35","LONG","150","PNR","PENTAIR","48.8900","150","2015-12-21 15:26:33","48.2800","-0.03","-11.25","2015-12-18 10:16:00","15","48.1400","-95.00","98842253"
"2015-12-15 12:38:25","LONG","150","CRS","CARPENTER TECHNOLOGY","29.5437","150","2015-12-21 15:26:22","28.9400","-0.08","-29.91","2015-12-17 11:21:00","15","27.5500","-94.00","98790692"
"2015-12-09 11:06:26","LONG","140","VIAB","VIACOM INC CLASS B","45.0217","140","2015-12-17 14:50:17","40.0300","-0.20","-70.86","2015-12-17 12:50:00","14","39.9600","-701.80","98706301"
"2015-12-08 12:04:10","LONG","100","GWR","GENESEE & WYOMING INC.","56.5229","100","2015-12-17 14:43:58","52.2300","-0.18","-64.53","2015-12-14 15:46:00","10","50.0700","-431.00","98688796"
"2015-12-17 11:39:20","LONG","120","EOG","EOG RESOURCES","73.0000","120","2015-12-17 14:43:20","73.4100","-0.04","-12.84","2015-12-17 12:33:00","12","71.9300","46.60","98826896"
"2015-12-14 11:25:59","LONG","150","WDR","WADDELL & REED FNANCIAL","29.3658","150","2015-12-16 15:51:12","29.3660","-0.04","-14.49","2015-12-15 09:29:00","15","28.4000","-3.00","98768054"
"2015-12-16 11:41:11","LONG","180","ARMH","ARM HOLDINGS PLC ADR HEDGED","46.1343","180","2015-12-16 15:07:54","46.7089","-0.00","-0.80","2015-12-16 13:42:00","18","46.0900","99.40","98806986"
"2015-12-11 14:38:38","LONG","150","LM","LEGG MASON","39.9560","150","2015-12-15 13:29:47","38.6816","-0.09","-34.59","2015-12-14 08:57:00","15","37.6500","-194.00","98750968"
"2015-12-11 13:14:18","LONG","150","FTNT","FORTINET","30.6505","150","2015-12-14 15:44:50","30.2542","-0.03","-12.31","2015-12-14 11:49:00","15","29.8300","-62.00","98749482"
"2015-12-14 12:08:18","LONG","180","OKS","ONEOK PARTNERS","22.6150","180","2015-12-14 13:10:01","23.2140","-0.00","-0.27","2015-12-14 12:51:00","18","22.6000","104.40","98768986"
"2015-12-14 12:02:57","LONG","120","URI","UNITED RENTALS","64.8194","120","2015-12-14 13:06:31","65.3203","-0.00","-0.23","2015-12-14 12:04:00","12","64.8000","57.60","98768877"
"2015-11-30 12:52:06","LONG","150","CAR","AVIS BUDGET GROUP","38.0039","150","2015-12-10 15:17:57","35.6422","-0.18","-64.86","2015-12-08 15:57:00","15","33.6800","-357.00","98568795"
"2015-12-09 12:53:34","LONG","100","OUTR","OUTERWALL INC","41.1518","100","2015-12-09 15:16:10","40.9182","-0.01","-5.02","2015-12-09 14:11:00","10","40.6500","-25.00","98709772"
"2015-12-04 10:15:50","LONG","200","NGLS","TARGA RESOURCES PARTNERS","18.6774","200","2015-12-09 10:17:42","17.7451","-0.31","-112.15","2015-12-07 11:14:00","20","13.0700","-190.00","98645649"
"2015-12-07 15:44:07","LONG","100","URI","UNITED RENTALS","70.3757","100","2015-12-09 09:33:37","70.4390","-0.08","-28.76","2015-12-08 10:24:00","10","67.5001","4.00","98672739"
"2015-12-07 15:39:47","LONG","120","TK","TEEKAY CORP LTD","21.1129","120","2015-12-08 15:05:11","21.0157","-0.01","-4.84","2015-12-08 13:40:00","12","20.7100","-14.40","98672678"
"2015-12-08 12:02:47","LONG","100","LYB","LYONDELLBASELL INDUSTRIES","87.4485","100","2015-12-08 15:04:10","87.3407","-0.03","-9.18","2015-12-08 13:26:00","10","86.5300","-13.00","98688765"
"2015-12-07 10:54:23","LONG","120","TRGP","TARGA RESOURCES","25.0339","120","2015-12-07 15:32:09","25.5060","-0.01","-2.13","2015-12-07 11:30:00","12","24.8562","54.60","98666674"
"2015-12-02 12:46:29","LONG","130","VIAB","VIACOM INC CLASS B","48.3745","130","2015-12-07 15:18:50","46.8657","-0.09","-34.12","2015-12-07 09:39:00","13","45.7500","-198.60","98606933"
"2015-12-03 11:27:49","LONG","80","CALM","CAL-MAINE FOODS","49.4701","80","2015-12-04 15:50:59","49.0453","-0.03","-11.60","2015-12-03 12:22:00","8","48.0200","-35.60","98626512"
"2015-12-03 14:59:52","LONG","170","CTSH","COGNIZANT TECH SOLUTION","61.6328","170","2015-12-04 09:40:08","62.5275","-0.02","-7.85","2015-12-03 15:33:00","17","61.1710","148.60","98631890"
"2015-12-03 14:56:58","LONG","120","BIG","BIG LOTS","42.7598","120","2015-12-03 15:04:55","43.2296","-0.00","-0.24","2015-12-03 14:58:00","12","42.7400","53.60","98631827"
"2015-12-03 12:26:59","LONG","180","NGL","NGL ENERGY PARTNERS","13.4075","180","2015-12-03 13:35:40","13.8263","-0.01","-2.11","2015-12-03 12:40:00","18","13.2900","71.40","98628188"
"2015-11-18 15:06:56","LONG","170","TERP","TERRAFORM POWER INC. CLASS A NEW","9.9872","170","2015-12-01 10:16:50","9.0445","-0.14","-55.20","2015-11-25 10:29:00","17","6.7400","-163.40","98434885"
"2015-11-24 11:30:46","LONG","120","WSM","WILLIAMS-SONOMA","63.4898","120","2015-11-24 13:52:21","64.2790","-0.01","-3.24","2015-11-24 11:35:00","12","63.2200","92.60","98508452"
"2015-11-23 15:45:49","LONG","130","GME","GAMESTOP","37.0750","130","2015-11-24 13:38:26","37.6440","-0.04","-16.84","2015-11-24 09:09:00","13","35.7800","71.40","98494505"
"2015-11-20 10:47:44","LONG","120","AKAM","AKAMAI TECHNOLOGIES","56.3180","120","2015-11-23 09:53:36","57.6923","-0.03","-11.50","2015-11-20 12:02:00","12","55.3600","162.60","98469331"
"2015-11-20 10:23:26","LONG","140","WSM","WILLIAMS-SONOMA","62.7000","140","2015-11-20 10:48:06","63.5797","-0.01","-2.80","2015-11-20 10:25:00","14","62.5001","120.20","98468761"
"2015-11-19 15:19:56","LONG","100","INGN","INOGEN INC COMMON STOCK","35.3394","100","2015-11-20 10:47:54","36.5822","-0.02","-7.19","2015-11-20 09:34:00","10","34.6200","122.00","98456646"
"2015-11-19 09:51:28","LONG","130","BBY","BEST BUY","29.6265","130","2015-11-19 11:39:28","30.2112","-0.02","-7.23","2015-11-19 10:01:00","13","29.0700","73.40","98449226"
"2015-11-16 11:11:55","LONG","80","RH","RH","91.8689","80","2015-11-19 10:02:05","91.3256","-0.07","-27.75","2015-11-17 11:19:00","8","88.4000","-44.60","98391579"
"2015-11-18 09:43:06","LONG","100","TGT","TARGET","70.0854","100","2015-11-19 09:51:33","70.8423","-0.05","-19.35","2015-11-18 11:07:00","10","68.1500","74.00","98427516"
"2015-11-17 10:08:07","LONG","120","GMCR","KEURIG GREEN MOUNTAIN INC. CO","41.2498","120","2015-11-19 09:34:04","47.3210","-0.05","-17.88","2015-11-18 08:37:00","12","39.7600","726.60","98410475"
"2015-11-18 10:55:34","LONG","130","SPWR","SUNPOWER INC.","22.9198","130","2015-11-18 15:25:17","23.6483","-0.01","-5.46","2015-11-18 12:45:00","13","22.5000","92.40","98429503"
"2015-11-17 10:51:24","LONG","180","URBN","URBAN OUTFITTERS","20.1302","180","2015-11-17 11:29:42","21.1793","-0.00","-0.18","2015-11-17 10:51:24","18","20.1200","185.40","98411700"
"2015-11-10 13:40:44","LONG","200","PRAA","PRA GROUP INC","38.0413","200","2015-11-17 09:40:55","36.8749","-0.34","-120.63","2015-11-13 16:26:00","20","32.0100","-237.00","98292179"
"2015-11-16 12:11:50","LONG","200","VIPS","VIPSHOP HOLDINGS","12.3359","200","2015-11-17 09:32:11","13.4897","-0.00","-1.72","2015-11-16 16:03:00","20","12.2500","227.00","98393055"
"2015-11-10 10:33:08","LONG","160","SWIR","SIERRA WIRELESS","16.6377","160","2015-11-16 13:21:47","15.8709","-0.12","-42.20","2015-11-13 19:49:00","16","14.0000","-126.20","98274997"
"2015-11-13 13:42:19","LONG","130","FIT","FITBIT INC","27.5322","130","2015-11-16 11:39:57","28.5502","-0.02","-6.72","2015-11-13 15:03:00","13","27.0150","129.40","98371591"
"2015-11-12 11:20:09","LONG","100","WBA","WALGREEN BOOTS ALLIANCE INC.","80.8369","100","2015-11-16 10:02:24","80.3474","-0.06","-21.37","2015-11-13 19:23:00","10","78.7000","-51.00","98345495"
"2015-11-09 13:27:07","LONG","130","CAR","AVIS BUDGET GROUP","42.9783","130","2015-11-13 15:07:17","40.7023","-0.10","-34.43","2015-11-13 10:20:00","13","40.3300","-298.60","98258205"
"2015-11-12 15:07:44","LONG","120","TRGP","TARGA RESOURCES","41.4061","120","2015-11-13 14:32:34","41.3501","-0.06","-20.11","2015-11-13 10:47:00","12","39.7300","-9.40","98350689"
"2015-11-13 10:37:15","LONG","120","STX","SEAGATE TECHNOLOGY","32.9217","120","2015-11-13 13:30:34","33.5517","-0.01","-1.94","2015-11-13 10:46:00","12","32.7600","73.60","98366878"
"2015-11-13 09:44:20","LONG","120","TIF","TIFFANY & CO.","74.0168","120","2015-11-13 11:31:59","74.7363","-0.03","-11.12","2015-11-13 10:01:00","12","73.0900","83.60","98364069"
"2015-11-11 12:41:30","LONG","120","TIF","TIFFANY & CO.","77.7657","120","2015-11-12 14:10:35","77.7807","-0.04","-15.19","2015-11-12 08:08:00","12","76.5000","-0.40","98324963"
"2015-11-06 15:34:44","LONG","140","HCN","WELLTOWER INC","61.2285","140","2015-11-11 15:33:57","59.0691","-0.10","-36.66","2015-11-09 15:17:00","14","58.6100","-304.80","98230888"
"2015-11-10 13:44:32","LONG","120","CYBR","CYBERARK SOFTWARE LTD. ORDINAR","40.9545","120","2015-11-11 15:33:26","40.4667","-0.06","-22.13","2015-11-11 10:54:00","12","39.1100","-61.40","98292261"
"2015-11-09 11:39:10","LONG","120","WAB","WESTINGHOUSE AIR BRAKE","75.3478","120","2015-11-10 09:43:12","77.5489","-0.02","-7.17","2015-11-09 13:06:00","12","74.7500","261.60","98251542"
"2015-11-06 14:57:41","LONG","140","RGLD","ROYAL GOLD","35.7634","140","2015-11-09 13:08:25","36.9395","-0.01","-3.69","2015-11-06 15:59:00","14","35.5000","162.20","98230194"
"2015-11-04 11:35:41","LONG","140","RRGB","RED ROBIN GOURMET BURGERS","67.7859","140","2015-11-06 13:15:53","67.4830","-0.09","-34.38","2015-11-05 12:25:00","14","65.3304","-44.80","98184207"
"2015-11-05 15:44:32","LONG","130","CAR","AVIS BUDGET GROUP","43.0649","130","2015-11-06 12:00:50","44.3275","-0.01","-2.01","2015-11-05 15:49:00","13","42.9100","161.40","98210001"
"2015-11-05 10:24:16","LONG","100","PZZA","PAPA JOHN'S INTERNATIONAL","56.9228","100","2015-11-05 14:26:36","57.9110","-0.01","-3.13","2015-11-05 11:02:00","10","56.6100","97.00","98202501"
"2015-10-15 14:42:05","LONG","70","SRPT","SAREPTA THERAPEUTICS INC. COM","28.1598","70","2015-11-05 14:17:48","24.2329","-0.10","-35.49","2015-11-05 10:12:00","7","23.0900","-276.40","97824516"
"2015-10-29 11:50:03","LONG","170","BTU","PEABODY ENERGY CORP","14.8964","170","2015-11-04 09:54:59","14.5192","-0.15","-53.49","2015-10-30 09:40:00","17","11.7500","-67.40","98087829"
"2015-11-03 10:05:07","LONG","140","VRSK","VERISK ANALYTICS","69.7544","140","2015-11-03 10:36:11","70.3380","-0.00","-1.32","2015-11-03 10:07:00","14","69.6600","79.20","98161430"
"2015-10-29 15:40:37","LONG","170","EROS","EROS INTL PLC","13.1096","170","2015-10-30 11:05:01","13.4328","-0.08","-29.06","2015-10-30 09:28:00","17","11.4000","51.60","98093920"
"2015-10-26 10:10:09","LONG","140","SAVE","SPIRIT AIRLINES","38.4000","140","2015-10-30 11:04:50","38.4897","-0.18","-64.40","2015-10-27 11:01:00","14","33.8000","10.20","98004158"
"2015-10-22 15:48:22","LONG","140","WDC","WESTERN DIGITAL","70.0721","140","2015-10-29 13:38:54","68.4522","-0.15","-54.21","2015-10-28 17:17:00","14","66.2000","-229.80","97957527"
"2015-10-27 10:02:35","LONG","120","EQT","EQT","66.0855","120","2015-10-29 10:15:08","66.1719","-0.10","-35.59","2015-10-28 14:15:00","12","63.1200","7.60","98027937"
"2015-10-26 15:29:58","LONG","130","RRC","RANGE RESOURCES","28.9854","130","2015-10-28 11:48:29","29.4176","-0.04","-15.02","2015-10-27 09:41:00","13","27.8300","53.40","98012059"
"2015-10-27 09:54:59","LONG","120","DECK","DECKERS OUTDOOR CORP","50.8734","120","2015-10-27 10:00:00","52.2445","-0.00","-1.36","2015-10-27 09:56:00","12","50.7599","162.60","98027691"
"2015-10-26 11:49:13","LONG","120","GIII","G-III APPAREL GROUP","53.8888","120","2015-10-26 15:31:48","54.5891","-0.01","-2.87","2015-10-26 12:15:00","12","53.6500","81.60","98007193"
"2015-10-26 10:19:56","LONG","120","JWN","NORDSTROM","64.2912","120","2015-10-26 12:06:23","65.0116","-0.00","-1.57","2015-10-26 10:28:00","12","64.1600","83.60","98004472"
"2015-10-22 15:06:28","LONG","80","AKRX","AKORN","21.3176","80","2015-10-23 09:47:03","23.7366","-0.01","-3.35","2015-10-22 15:26:00","8","20.8990","192.40","97956493"
"2015-10-21 14:36:34","LONG","70","CXRX","CONCORDIA HEALTHCARE","23.9339","70","2015-10-22 15:06:36","26.8490","-0.04","-14.90","2015-10-22 10:18:00","7","21.8050","202.60","97927264"
"2015-10-22 12:28:19","LONG","100","AMSG","AMSURG","60.3581","100","2015-10-22 13:44:05","63.2611","-0.00","-0.18","2015-10-22 12:31:00","10","60.3400","288.00","97951376"
"2015-10-16 11:51:54","LONG","120","STX","SEAGATE TECHNOLOGY","39.4238","120","2015-10-22 10:47:59","39.1452","-0.09","-31.44","2015-10-21 14:18:00","12","36.8039","-35.40","97845939"
"2015-10-21 12:09:09","LONG","140","HFC","HOLLYFRONTIER","45.0512","140","2015-10-22 10:47:49","46.2839","-0.00","-0.30","2015-10-21 12:11:00","14","45.0300","170.20","97923026"
"2015-10-19 12:02:21","LONG","70","NFLX","NETFLIX","100.5915","70","2015-10-19 12:23:02","101.3658","-0.00","-0.64","2015-10-19 12:10:00","7","100.5000","52.60","97871411"
"2015-10-14 10:03:17","LONG","120","VMW","VMWARE","69.0000","120","2015-10-16 11:06:01","69.7572","-0.05","-18.24","2015-10-14 14:34:00","12","67.4800","88.60","97789347"
"2015-10-13 10:17:19","LONG","30","TSLA","TESLA  INC.","221.0580","30","2015-10-16 09:39:24","224.5444","-0.06","-22.07","2015-10-15 09:33:00","3","213.7000","104.40","97765282"
"2015-10-15 12:30:56","LONG","130","EXP","EAGLE MATERIALS","66.1680","130","2015-10-15 14:57:53","67.2261","-0.01","-2.70","2015-10-15 12:52:00","13","65.9600","135.40","97820923"
"2015-10-14 10:43:39","LONG","50","DXCM","DEXCOM","71.1216","50","2015-10-15 09:37:25","78.2723","-0.01","-4.16","2015-10-14 15:21:00","5","70.2900","357.00","97791070"
"2015-10-14 09:33:12","LONG","40","RDUS","SCHNITZER STEEL INDUSTRIES INC. CLASS A","51.4469","40","2015-10-14 12:46:38","54.5656","-0.06","-22.23","2015-10-14 10:32:00","4","45.8900","124.20","97787993"
"2015-10-09 14:51:20","LONG","100","DXCM","DEXCOM","77.0782","100","2015-10-12 12:13:15","78.1358","-0.03","-11.68","2015-10-12 09:57:00","10","75.9100","104.00","97722537"
"2015-10-09 15:39:23","LONG","80","RDUS","SCHNITZER STEEL INDUSTRIES INC. CLASS A","57.7328","80","2015-10-12 09:40:21","60.7398","-0.02","-5.86","2015-10-09 19:44:00","8","57.0000","239.40","97723815"
"2015-10-07 15:43:37","LONG","140","DG","DOLLAR GENERAL","67.3539","140","2015-10-09 10:52:55","67.2057","-0.07","-25.67","2015-10-08 11:18:00","14","65.5200","-23.80","97670561"
"2015-10-08 12:13:33","LONG","100","MDCO","MEDICINES","34.5925","100","2015-10-09 09:57:01","35.1871","-0.01","-3.72","2015-10-08 13:06:00","10","34.2200","57.00","97689281"
"2015-09-28 11:01:40","LONG","40","XON","INTREXON CORPORATION","34.9776","40","2015-10-08 14:57:07","34.0913","-0.09","-29.83","2015-10-02 10:06:00","4","27.5200","-35.80","97473223"
"2015-10-07 13:09:41","LONG","100","MOH","MOLINA HEALTHCARE","63.9521","100","2015-10-08 14:41:07","63.9469","-0.03","-9.52","2015-10-08 09:40:00","10","63.0000","-3.00","97666314"
"2015-10-08 12:14:13","LONG","80","DXCM","DEXCOM","76.2992","80","2015-10-08 14:40:55","77.2752","-0.01","-2.39","2015-10-08 12:30:00","8","76.0000","76.40","97689303"
"2015-10-07 10:57:55","LONG","130","DLTR","DOLLAR TREE STORES","62.3079","130","2015-10-07 12:25:38","63.8227","-0.00","-1.14","2015-10-07 10:59:00","13","62.2200","194.40","97661281"
"2015-09-30 15:08:53","LONG","70","LCI","LANNETT COMPANY","41.2350","70","2015-10-02 10:44:33","42.6959","-0.03","-9.48","2015-10-01 13:12:00","7","39.8800","100.60","97530507"
"2015-09-29 10:04:23","LONG","100","LVS","LAS VEGAS SANDS","39.1593","100","2015-10-02 10:42:33","38.9909","-0.08","-26.29","2015-10-01 12:09:00","10","36.5300","-19.00","97496432"
"2015-09-25 11:01:19","LONG","120","WYNN","WYNN RESORTS","59.4205","120","2015-10-02 09:38:28","56.2499","-0.30","-101.53","2015-10-01 13:50:00","12","50.9600","-382.40","97446757"
"2015-09-28 11:00:58","LONG","120","WMB","WILLIAMS COMPANIES","38.6420","120","2015-10-01 15:23:59","38.7368","-0.14","-48.02","2015-09-29 15:46:00","12","34.6400","8.60","97473202"
"2015-09-29 10:05:00","LONG","80","THC","TENET HEALTHCARE","36.8286","80","2015-09-30 09:45:41","36.9710","-0.02","-8.07","2015-09-29 15:31:00","8","35.8200","9.40","97496493"
"2015-09-21 14:52:04","LONG","120","AGU","AGRIUM","98.6241","120","2015-09-29 14:52:27","87.5948","-0.42","-144.29","2015-09-28 11:55:00","12","86.6000","-1326.40","97352895"
"2015-09-29 10:06:07","LONG","50","CEMP","CEMPRA","27.0801","50","2015-09-29 10:26:52","28.3672","-0.00","-1.40","2015-09-29 10:10:00","5","26.8000","63.00","97496542"
"2015-09-22 12:09:52","LONG","140","MOS","MOSAIC","33.8312","140","2015-09-28 15:13:54","30.9313","-0.12","-41.04","2015-09-28 15:12:00","14","30.9000","-408.80","97373804"
"2015-09-28 11:02:08","LONG","100","QRVO","QORVO INC. COMMON STOCK","44.2097","100","2015-09-28 15:12:52","43.4197","-0.02","-7.90","2015-09-28 15:12:52","0","43.4197","-81.00","97473242"
"2015-09-22 11:59:03","LONG","120","LRCX","LAM RESEARCH","65.9932","120","2015-09-25 09:33:59","64.7244","-0.17","-57.52","2015-09-24 11:05:00","12","61.2000","-154.40","97373369"
"2015-09-24 09:53:55","LONG","100","CAVM","CAVIUM","60.8950","100","2015-09-24 15:09:35","61.3003","-0.02","-7.95","2015-09-24 11:10:00","10","60.1000","39.00","97418066"
"2015-09-24 12:33:09","LONG","100","MNK","MALLINCKRODT PLC","68.8904","100","2015-09-24 15:04:15","69.9873","-0.02","-6.35","2015-09-24 12:55:00","10","68.2550","108.00","97423125"
"2015-09-24 09:54:26","LONG","100","MON","MONUMENT CIRCLE ACQUISITION CORP. CLASS A","81.7451","100","2015-09-24 13:27:21","82.5157","-0.02","-5.25","2015-09-24 10:54:00","10","81.2200","75.00","97418088"
"2015-09-24 12:29:59","LONG","100","SYNA","SYNAPTICS","65.9801","100","2015-09-24 12:46:18","65.8895","-0.01","-2.30","2015-09-24 12:32:00","10","65.7500","-11.00","97422962"
"2015-09-24 09:58:04","LONG","100","THRM","GENTHERM","39.9361","100","2015-09-24 10:56:42","40.4019","-0.01","-4.06","2015-09-24 10:06:00","10","39.5300","45.00","97418235"
"2015-09-23 12:11:26","LONG","100","WYNN","WYNN RESORTS","60.6086","100","2015-09-24 10:17:05","61.0113","-0.03","-11.09","2015-09-24 08:39:00","10","59.5000","38.00","97398877"
"2015-09-23 12:28:39","LONG","100","EXP","EAGLE MATERIALS","73.9673","100","2015-09-23 14:56:20","73.5378","-0.02","-5.77","2015-09-23 13:40:00","10","73.3900","-45.00","97399501"
"2015-09-22 12:08:59","LONG","50","VRTX","VERTEX","112.2111","50","2015-09-22 14:11:56","113.7858","-0.03","-9.01","2015-09-22 13:42:00","5","110.4100","78.00","97373764"
"2015-09-04 10:18:19","LONG","100","GPRO","GOPRO INC. CLASS A COMMON STO","38.7509","100","2015-09-17 15:26:25","36.4841","-0.21","-74.29","2015-09-11 12:24:00","10","31.3220","-229.00","97055002"
"2015-09-16 12:35:12","LONG","130","PBF","PBF ENERGY","27.1471","130","2015-09-17 14:20:50","28.1701","-0.01","-3.47","2015-09-16 14:25:00","13","26.8800","130.40","97263641"
"2015-09-14 10:15:56","LONG","100","GOLD","GOLD.COM INC","55.7781","100","2015-09-16 09:34:05","56.8066","-0.02","-7.18","2015-09-14 14:41:00","10","55.0600","101.00","97205814"
"2015-09-09 11:05:41","LONG","100","LNG","CHENIERE ENERGY","55.3176","100","2015-09-15 09:53:03","55.9130","-0.13","-47.18","2015-09-11 10:01:00","10","50.6000","58.00","97122920"
"2015-09-11 15:29:40","LONG","120","BRS","BRISTOW GROUP","29.2977","120","2015-09-15 09:35:40","29.4488","-0.03","-9.93","2015-09-14 15:55:00","12","28.4700","15.60","97188193"
"2015-09-11 10:13:02","LONG","100","QIHU","QIHOO 360 TECHNOLOGY","42.4744","100","2015-09-11 12:35:51","43.2789","-0.00","-0.74","2015-09-11 10:13:02","10","42.4000","78.00","97176285"
"2015-09-09 12:19:03","LONG","80","EXAM","EXAMWORKS GROUP","30.9130","80","2015-09-10 12:20:02","31.1677","-0.01","-4.10","2015-09-10 09:34:00","8","30.4000","18.40","97125182"
"2015-08-31 14:09:58","LONG","100","NEE","NEXTERA ENERGY","98.4578","100","2015-09-08 15:08:40","96.8734","-0.12","-44.18","2015-09-04 09:38:00","10","94.0400","-160.00","96956568"
"2015-09-04 15:32:41","LONG","100","GOLD","GOLD.COM INC","56.7690","100","2015-09-08 15:08:32","56.8813","-0.01","-2.49","2015-09-08 13:32:00","10","56.5200","9.00","97063018"
"2015-09-04 13:29:38","LONG","100","SLG","SL GREEN REALTY","100.3928","100","2015-09-04 15:46:24","101.4370","-0.00","-0.78","2015-09-04 13:31:00","10","100.3150","102.00","97060188"
"2015-09-02 12:43:20","LONG","120","DLTR","DOLLAR TREE STORES","67.6478","120","2015-09-04 10:47:25","68.6241","-0.05","-16.29","2015-09-03 14:20:00","12","66.2900","114.60","97009421"
"2015-08-27 12:31:14","LONG","100","PDCO","PATTERSON COMPANIES","45.8784","100","2015-09-03 14:10:23","44.7703","-0.04","-15.88","2015-09-02 10:21:00","10","44.2900","-113.00","96890163"
"2015-09-02 12:44:02","LONG","80","GPRO","GOPRO INC. CLASS A COMMON STO","40.1530","80","2015-09-02 14:40:27","40.6607","-0.00","-1.30","2015-09-02 12:49:00","8","39.9900","39.40","97009487"
"2015-08-26 10:07:03","LONG","80","VMW","VMWARE","78.5799","80","2015-09-01 09:54:43","79.7162","-0.06","-20.32","2015-08-28 13:58:00","8","76.0401","89.40","96858820"
"2015-08-25 11:16:22","LONG","100","PRU","PRUDENTIAL FINANCIAL","78.2108","100","2015-08-27 12:17:07","80.7278","-0.13","-43.01","2015-08-25 17:18:00","10","73.9100","250.00","96836366"
"2015-08-26 15:43:05","LONG","80","WYNN","WYNN RESORTS","74.0053","80","2015-08-27 09:43:45","77.1407","-0.00","-1.32","2015-08-26 15:51:00","8","73.8400","249.40","96868617"
"2015-08-24 15:53:50","LONG","100","CVX","CHEVRON","73.0836","100","2015-08-27 09:34:16","75.0560","-0.10","-33.34","2015-08-25 16:01:00","10","69.7500","195.00","96817136"
"2015-08-25 14:49:24","LONG","100","MON","MONUMENT CIRCLE ACQUISITION CORP. CLASS A","91.2135","100","2015-08-26 11:26:38","95.9889","-0.06","-22.01","2015-08-25 17:35:00","10","89.0130","476.00","96841433"
"2015-08-25 14:51:15","LONG","80","MNK","MALLINCKRODT PLC","81.4000","80","2015-08-26 09:37:33","81.0657","-0.08","-27.12","2015-08-25 17:33:00","8","78.0100","-28.60","96841467"
"2015-08-25 11:06:37","LONG","40","NFLX","NETFLIX","105.7406","40","2015-08-25 13:26:47","103.7194","-0.02","-8.08","2015-08-25 13:26:47","0","103.7190","-81.80","96835975"
"2015-08-25 10:16:35","LONG","130","CRZO","CARRIZO OIL & GAS","28.3583","130","2015-08-25 13:26:32","28.5186","-0.02","-5.95","2015-08-25 10:27:00","13","27.9005","18.40","96834325"
"2015-08-24 15:52:51","LONG","100","PRU","PRUDENTIAL FINANCIAL","76.6268","100","2015-08-25 09:55:20","77.0902","-0.04","-12.47","2015-08-24 16:06:00","10","75.3800","44.00","96817078"
"2015-08-14 15:44:32","LONG","40","NTES","NETEASE","126.2554","40","2015-08-24 13:58:30","107.7162","-0.30","-105.02","2015-08-24 08:23:00","4","100.0000","-742.80","96657497"
"2015-08-20 12:51:38","LONG","100","CPA","COPA HOLDINGS SA","56.6054","100","2015-08-24 13:58:14","52.8927","-0.17","-58.55","2015-08-24 09:42:00","10","50.7500","-373.00","96751606"
"2015-08-24 10:12:48","LONG","100","PRU","PRUDENTIAL FINANCIAL","77.5996","100","2015-08-24 13:58:09","77.5922","-0.01","-4.85","2015-08-24 11:08:00","10","77.1150","-3.00","96806362"
"2015-08-24 10:03:22","LONG","100","WYNN","WYNN RESORTS","77.8944","100","2015-08-24 10:13:25","78.9433","-0.01","-3.14","2015-08-24 10:07:00","10","77.5800","103.00","96805955"
"2015-08-24 09:41:40","LONG","100","SYNA","SYNAPTICS","64.0734","100","2015-08-24 10:07:07","65.9701","-0.01","-2.73","2015-08-24 09:53:00","10","63.8000","188.00","96804449"
"2015-08-24 09:37:06","LONG","100","CVX","CHEVRON","71.8168","100","2015-08-24 09:52:12","73.1754","-0.01","-3.87","2015-08-24 09:37:06","10","71.4300","134.00","96804072"
"2015-08-24 09:35:38","LONG","80","NXPI","NXP SEMICONDUCTOR","72.7486","80","2015-08-24 09:50:24","76.5357","-0.00","-0.07","2015-08-24 09:37:00","8","72.7400","301.40","96803972"
"2015-08-17 15:52:03","LONG","100","CRR","CARBO CERAMICS","29.3546","100","2015-08-21 14:43:11","24.7584","-0.14","-50.45","2015-08-21 09:33:00","10","24.3100","-462.00","96682252"
"2015-08-20 10:55:46","LONG","100","NXPI","NXP SEMICONDUCTOR","84.1767","100","2015-08-21 14:42:54","81.6705","-0.16","-57.07","2015-08-21 09:31:00","10","78.4700","-253.00","96748557"
"2015-08-21 09:33:40","LONG","100","WYNN","WYNN RESORTS","83.9890","100","2015-08-21 14:42:46","82.8491","-0.05","-19.09","2015-08-21 11:36:00","10","82.0800","-116.00","96771861"
"2015-08-21 09:34:43","LONG","80","GPRO","GOPRO INC. CLASS A COMMON STO","48.8468","80","2015-08-21 10:08:46","50.5931","-0.00","-0.77","2015-08-21 09:36:00","8","48.7500","138.40","96771923"
"2015-08-05 13:39:02","LONG","100","SEMG","SUNCOAST SELECT GROWTH ETF","62.0498","100","2015-08-20 14:06:46","55.6313","-0.23","-79.58","2015-08-10 09:31:00","10","54.0920","-644.00","96457598"
"2015-08-06 13:11:21","LONG","120","SUNE","SUNATION ENERGY INC.","18.1619","120","2015-08-20 14:06:26","12.4816","-0.19","-68.16","2015-08-20 14:06:26","0","12.4816","-684.40","96484125"
"2015-08-19 14:15:52","LONG","120","WLK","WESTLAKE CORP","57.7145","120","2015-08-20 12:50:00","57.4212","-0.02","-6.41","2015-08-19 14:58:00","12","57.1800","-37.40","96728561"
"2015-08-12 15:41:06","LONG","100","AFSI","AMTRUST FINANCIAL SVCS","63.2154","100","2015-08-18 15:15:30","63.3263","-0.07","-26.15","2015-08-14 09:10:00","10","60.6000","9.00","96603981"
"2015-08-14 15:35:37","LONG","50","ONCE","SPARK THERAPEUTICS INC","45.2872","50","2015-08-17 11:21:13","49.2005","-0.00","-0.09","2015-08-14 15:37:00","5","45.2700","195.00","96657334"
"2015-08-12 09:47:38","LONG","80","RENT","RENT THE RUNWAY INC. CLASS A","48.5566","80","2015-08-14 12:41:23","50.8018","-0.04","-14.29","2015-08-12 10:58:00","8","46.7700","178.40","96588638"
"2015-08-10 12:05:03","LONG","120","TASR","TASER INTERNATIONAL","24.4806","120","2015-08-13 15:23:18","24.0417","-0.06","-21.01","2015-08-12 10:58:00","12","22.7300","-55.40","96540163"
"2015-08-10 15:31:37","LONG","100","SCTY","SOLARCITY","51.3293","100","2015-08-12 15:41:59","50.6277","-0.15","-51.79","2015-08-12 11:07:00","10","46.1500","-72.00","96545422"
"2015-08-12 09:40:40","LONG","120","JD","JD.COM INC","26.0999","120","2015-08-12 15:18:01","26.9048","-0.01","-3.00","2015-08-12 09:56:00","12","25.8500","94.60","96588146"
"2015-07-30 14:46:06","LONG","130","RRC","RANGE RESOURCES","39.7083","130","2015-08-11 15:31:06","38.3952","-0.15","-54.34","2015-08-10 09:38:00","13","35.5280","-173.60","96168899"
"2015-08-03 15:32:55","LONG","130","TWTR","TWITTER INC","29.3216","130","2015-08-10 14:00:23","29.4177","-0.09","-31.87","2015-08-07 14:01:00","13","26.8700","9.40","96260661"
"2015-08-06 15:45:36","LONG","80","QRVO","QORVO INC. COMMON STOCK","52.0272","80","2015-08-10 09:44:02","54.0006","-0.02","-8.22","2015-08-07 09:33:00","8","51.0000","156.40","96488747"
"2015-07-31 15:33:21","LONG","120","GTLS","CHART INDUSTRIES","27.3823","120","2015-08-06 15:46:30","26.5877","-0.08","-27.87","2015-08-06 09:37:00","12","25.0601","-97.40","96203337"
"2015-08-06 13:04:36","LONG","100","TRCO","TRIBUNE MEDIA CO.","43.0792","100","2015-08-06 15:44:24","44.8162","-0.01","-3.99","2015-08-06 13:40:00","10","42.6800","172.00","96483943"
"2015-08-06 11:06:01","LONG","80","VIAB","VIACOM INC CLASS B","41.4165","80","2015-08-06 12:24:15","43.5409","-0.05","-17.09","2015-08-06 11:25:00","8","39.2800","168.40","96480288"
"2015-08-06 10:14:35","LONG","100","TRGP","TARGA RESOURCES","74.0387","100","2015-08-06 11:24:43","75.2330","-0.04","-15.29","2015-08-06 10:32:00","10","72.5100","117.00","96478592"
"2015-08-06 10:12:15","LONG","80","AMCX","AMC GLOBAL MEDIA INC. CLASS A","72.5515","80","2015-08-06 10:49:27","72.7326","-0.07","-25.93","2015-08-06 10:19:00","8","69.3100","12.40","96478392"
"2015-08-03 13:40:55","LONG","120","SSYS","STRATASYS","29.1367","120","2015-08-06 09:52:45","30.1526","-0.05","-17.72","2015-08-04 10:32:00","12","27.6600","119.60","96234715"
"2015-08-05 13:33:43","LONG","100","STON","STONEMOR PARTNERS","23.9230","100","2015-08-05 14:21:38","24.6611","-0.01","-2.23","2015-08-05 13:35:00","10","23.7000","72.00","96457355"
"2015-08-05 12:47:18","LONG","140","NGLS","TARGA RESOURCES PARTNERS","32.5082","140","2015-08-05 13:23:26","32.9475","-0.00","-0.12","2015-08-05 12:52:00","14","32.5000","59.20","96456141"
"2015-08-03 13:49:32","LONG","120","TERP","TERRAFORM POWER INC. CLASS A NEW","28.9888","120","2015-08-05 11:37:39","29.1941","-0.04","-15.95","2015-08-04 15:30:00","12","27.6600","22.60","96234908"
"2015-07-30 15:24:31","LONG","120","TGI","TRIUMPH GROUP","54.0191","120","2015-08-03 15:33:28","53.8893","-0.02","-8.87","2015-07-31 13:54:00","12","53.2800","-18.40","96169719"
"2015-07-17 11:07:07","LONG","100","EOG","EOG RESOURCES","80.7430","100","2015-08-03 15:32:12","76.1457","-0.23","-78.78","2015-07-27 15:43:00","10","72.8650","-462.00","95942408"
"2015-08-03 09:52:44","LONG","130","TAL","TAL EDUCATION GROUP","20.6232","130","2015-08-03 13:19:23","20.9967","-0.01","-2.12","2015-08-03 11:29:00","13","20.4600","46.40","96218552"
"2015-07-31 14:22:54","LONG","130","FMI","FOUNDATION MEDICINE INC. COMM","20.4823","130","2015-08-03 09:51:46","21.5272","-0.01","-4.32","2015-07-31 15:11:00","13","20.1500","133.40","96201665"
"2015-07-23 15:41:00","LONG","120","LXK","LEXMARK INTERNATIONAL INC","35.5620","120","2015-07-31 15:32:22","34.0000","-0.09","-33.14","2015-07-27 10:54:00","12","32.8000","-189.40","96040858"
"2015-07-29 14:59:05","LONG","50","INCY","INCYTE","103.4831","50","2015-07-31 11:09:43","104.9016","-0.05","-19.17","2015-07-30 09:43:00","5","99.6500","70.00","96143610"
"2015-07-30 13:28:19","LONG","50","ESPR","ESPERION THERAPEUTICS INC. CO","60.8918","50","2015-07-30 15:16:22","62.0934","-0.01","-3.11","2015-07-30 13:32:00","5","60.2700","59.00","96167221"
"2015-06-24 10:00:46","LONG","190","WDC","WESTERN DIGITAL","85.0874","190","2015-07-29 15:18:19","79.8137","-0.36","-129.53","2015-07-01 11:40:00","19","78.2700","-1005.80","95389861"
"2015-07-29 10:41:25","LONG","140","PAYC","PAYCOM SOFTWARE INC","30.3946","140","2015-07-29 12:21:10","30.7272","-0.00","-0.48","2015-07-29 10:43:00","14","30.3601","44.20","96134546"
"2015-07-29 10:04:56","LONG","80","IACI","IAC/INTERACTIVECORP","78.2526","80","2015-07-29 12:21:02","78.9193","-0.03","-10.02","2015-07-29 10:27:00","8","77.0000","51.40","96133148"
"2015-07-28 15:48:14","LONG","130","CAB","CABELA'S","43.1942","130","2015-07-29 09:41:36","43.9008","-0.00","-1.09","2015-07-28 15:58:00","13","43.1100","89.40","96114546"
"2015-07-28 15:31:35","LONG","110","WYN","WYNDHAM WORLDWIDE","80.5636","110","2015-07-29 09:38:16","81.1289","-0.01","-1.91","2015-07-28 15:45:00","11","80.3900","59.80","96114212"
"2015-07-24 15:46:17","LONG","120","JCI","JOHNSON CONTROLS","44.3400","120","2015-07-28 15:10:48","44.5546","-0.03","-9.84","2015-07-27 09:40:00","12","43.5200","23.60","96064862"
"2015-07-28 09:49:39","LONG","80","PPG","PPG INDUSTRIES","103.7479","80","2015-07-28 10:44:25","104.8280","-0.01","-2.14","2015-07-28 09:51:00","8","103.4800","84.40","96103624"
"2015-07-27 09:52:43","LONG","100","WYN","WYNDHAM WORLDWIDE","82.1318","100","2015-07-28 09:38:50","83.8009","-0.04","-12.42","2015-07-27 13:37:00","10","80.8900","165.00","96079692"
"2015-07-22 15:08:43","LONG","100","TERP","TERRAFORM POWER INC. CLASS A NEW","32.9151","100","2015-07-27 12:52:59","32.2850","-0.07","-25.15","2015-07-24 10:57:00","10","30.4000","-65.00","96013612"
"2015-07-24 15:01:20","LONG","100","LYB","LYONDELLBASELL INDUSTRIES","89.1917","100","2015-07-24 15:32:37","90.6875","-0.00","-1.02","2015-07-24 15:01:20","10","89.0900","148.00","96063352"
"2015-07-21 13:30:08","LONG","100","PDCE","PDC ENERGY","43.9964","100","2015-07-24 15:00:45","42.4458","-0.08","-28.26","2015-07-23 11:58:00","10","41.1700","-157.00","95988787"
"2015-06-30 12:21:01","LONG","120","SNDK","SANDISK CORPORATION","58.4097","120","2015-07-21 15:05:00","55.4509","-0.18","-62.76","2015-07-13 09:44:00","12","53.1800","-357.40","95613066"
"2015-07-20 10:11:25","LONG","100","GOLD","GOLD.COM INC","58.8654","100","2015-07-21 09:31:19","59.7802","-0.01","-4.35","2015-07-20 18:10:00","10","58.4300","89.00","95962444"
"2015-07-20 09:52:01","LONG","100","FANG","DIAMONDBACK ENERGY INC","64.7403","100","2015-07-20 11:36:06","65.7370","0.00","0.00","2015-07-20 09:54:00","10","64.7400","98.00","95961848"
"2015-07-16 14:07:32","LONG","100","KLAC","KLA CORP","51.9778","100","2015-07-20 10:02:26","51.8176","-0.01","-1.98","2015-07-17 11:30:00","10","51.7800","-18.00","95925701"
"2015-07-16 12:12:14","LONG","100","DLPH","DELPHI TECHNOLOGIES PLC","77.3083","100","2015-07-17 10:44:20","77.6085","-0.04","-13.88","2015-07-17 09:52:00","10","75.9200","28.00","95923443"
"2015-07-16 12:05:45","LONG","100","LEA","LEAR","98.4988","100","2015-07-16 15:21:28","99.5142","-0.01","-1.59","2015-07-16 12:05:45","10","98.3400","100.00","95923270"
"2015-07-14 10:22:54","LONG","100","ALV","AUTOLIV","107.5618","100","2015-07-16 09:36:53","107.7851","-0.05","-17.52","2015-07-15 09:48:00","10","105.8100","20.00","95875338"
"2015-07-13 15:32:55","LONG","120","MDVN","MEDIVATION","52.1010","120","2015-07-14 09:39:43","52.9620","-0.02","-8.71","2015-07-13 16:32:00","6","102.7500","100.60","95859682"
"2015-07-09 15:22:38","LONG","120","SIMO","SILICON MOTION TECH","29.7548","120","2015-07-10 10:13:10","30.1361","-0.01","-4.14","2015-07-09 16:00:00","12","29.4100","43.60","95805870"
"2015-07-09 13:40:11","LONG","100","DLPH","DELPHI TECHNOLOGIES PLC","78.3903","100","2015-07-10 09:38:14","79.1426","-0.02","-5.90","2015-07-09 14:26:00","10","77.8000","73.00","95803056"
"2015-06-25 14:35:37","LONG","100","STX","SEAGATE TECHNOLOGY","50.6408","100","2015-07-09 13:11:04","46.5419","-0.14","-49.21","2015-07-07 10:09:00","10","45.7200","-412.00","95459978"
"2015-07-08 15:04:23","LONG","100","JKS","JINKOSOLAR HOLDING","23.3194","100","2015-07-09 09:31:10","25.0674","-0.00","-1.69","2015-07-08 16:00:00","10","23.1500","173.00","95775255"
"2015-07-06 09:54:38","LONG","100","CRZO","CARRIZO OIL & GAS","44.3696","100","2015-07-07 15:03:24","44.3810","-0.10","-34.20","2015-07-07 10:42:00","10","40.9500","-1.00","95716928"
"2015-07-07 11:44:32","LONG","120","WX","","35.8391","120","2015-07-07 13:00:37","36.7781","-0.01","-3.95","2015-07-07 12:15:00","12","35.5100","110.60","95746655"
"2015-07-07 11:40:01","LONG","120","CYBR","CYBERARK SOFTWARE LTD. ORDINAR","54.5899","120","2015-07-07 12:52:08","55.4779","-0.00","-0.48","2015-07-07 11:55:00","12","54.5501","104.60","95746548"
"2015-07-01 11:06:17","LONG","130","JOY","JOY GLOBAL","35.3574","130","2015-07-07 11:39:27","32.6036","-0.11","-38.84","2015-07-07 10:46:00","13","32.3700","-360.60","95639548"
"2015-07-02 15:49:29","LONG","120","GRUB","JUST EAT TAKEAWAY.COM N.V. AMERICAN DEPOSITARY SHA","30.4645","120","2015-07-06 09:54:15","30.4121","-0.00","-1.61","2015-07-06 09:34:00","12","30.3300","-8.40","95684478"
"2015-07-02 10:57:31","LONG","130","SCTY","SOLARCITY","51.5065","130","2015-07-02 15:49:00","52.1695","-0.01","-3.07","2015-07-02 11:03:00","13","51.2700","83.40","95676444"
"2015-06-25 14:36:35","LONG","80","IPGP","IPG PHOTONICS","85.5209","80","2015-06-30 12:29:12","83.6366","-0.08","-29.45","2015-06-30 09:15:00","8","81.8400","-152.60","95460044"
"2015-06-26 13:36:02","LONG","150","CHKP","CHECK POINT SOFTWARE","79.5917","150","2015-06-30 12:19:41","79.5367","-0.06","-22.07","2015-06-29 15:43:00","15","78.1200","-11.00","95514092"
"2015-06-26 13:30:32","LONG","100","SYNA","SYNAPTICS","87.1190","100","2015-06-29 09:54:23","88.3639","-0.08","-27.99","2015-06-29 09:32:00","10","84.3200","122.00","95513921"
"2015-06-09 15:50:03","LONG","120","SHLD","GLOBAL X DEFENSE TECH ETF","33.5925","120","2015-06-26 13:33:37","28.1230","-0.23","-84.75","2015-06-16 14:28:00","12","26.5300","-658.40","94903725"
"2015-06-25 10:58:14","LONG","120","CAR","AVIS BUDGET GROUP","46.4733","120","2015-06-26 13:30:00","45.8686","-0.04","-15.52","2015-06-25 14:27:00","12","45.1801","-75.40","95452649"
"2015-05-14 10:10:42","LONG","270","RAX","RACKSPACE HOSTING","41.8860","270","2015-06-25 14:35:48","38.9274","-0.22","-82.51","2015-06-02 09:34:00","27","38.8300","-804.40","94424209"
"2015-06-05 15:01:06","LONG","80","DDS","DILLARDS","111.0854","80","2015-06-23 11:14:08","110.2490","-0.10","-37.32","2015-06-15 09:51:00","8","106.4200","-68.60","94843530"
"2015-06-19 12:01:41","LONG","120","RRC","RANGE RESOURCES","50.1973","120","2015-06-22 14:41:39","50.7055","-0.02","-7.17","2015-06-22 09:45:00","12","49.6000","58.60","95177657"
"2015-06-18 15:32:15","LONG","100","ADXS","AYALA PHARMACEUTICALS INC.","19.8083","100","2015-06-19 12:07:35","20.6769","-0.01","-4.88","2015-06-18 15:58:00","10","19.3200","85.00","95154266"
"2015-06-18 13:37:11","LONG","120","GRUB","JUST EAT TAKEAWAY.COM N.V. AMERICAN DEPOSITARY SHA","34.0979","120","2015-06-19 10:34:39","34.8954","-0.02","-8.61","2015-06-18 14:53:00","12","33.3800","93.60","95151144"
"2015-06-05 11:35:25","LONG","150","LE","LANDS END INC. COMMON STOCK","25.6300","150","2015-06-18 15:30:05","23.8828","-0.11","-43.05","2015-06-10 09:31:00","15","22.7600","-265.00","94838600"
"2015-06-17 15:28:15","LONG","140","CNSI","COMVERSE","20.2777","140","2015-06-18 13:35:59","20.3485","-0.01","-4.17","2015-06-18 10:35:00","14","19.9800","7.20","95109327"
"2015-06-16 15:35:12","LONG","120","LECO","LINCOLN ELECTRIC HOLDINGS","62.3260","120","2015-06-17 12:54:38","62.8012","-0.00","-0.79","2015-06-16 15:38:00","12","62.2600","54.60","95056010"
"2015-06-03 15:47:23","LONG","170","D","DOMINION RESOURCES","68.3223","170","2015-06-16 15:34:24","67.2306","-0.08","-29.28","2015-06-15 09:40:00","17","66.6000","-189.40","94791852"
"2015-06-05 15:00:03","LONG","80","SJM","J.M. SMUCKER","111.6227","80","2015-06-09 12:48:31","111.5742","-0.03","-12.58","2015-06-09 09:42:00","8","110.0500","-5.60","94843492"
"2015-06-05 09:50:13","LONG","120","VTR","VENTAS","63.5727","120","2015-06-05 14:57:33","63.9597","-0.01","-1.95","2015-06-05 10:14:00","12","63.4100","43.60","94834359"
"2015-06-03 15:48:48","LONG","120","TSO","TESORO","84.7751","120","2015-06-05 10:26:15","84.4512","-0.05","-19.50","2015-06-05 09:31:00","12","83.1500","-41.40","94791878"
"2015-06-04 11:23:36","LONG","80","LNG","CHENIERE ENERGY","69.7677","80","2015-06-05 09:54:03","71.1988","-0.01","-5.42","2015-06-04 11:43:00","8","69.0900","112.40","94811151"
"2015-05-28 15:37:18","LONG","120","JOY","JOY GLOBAL","39.7081","120","2015-06-03 15:46:56","38.8549","-0.04","-15.58","2015-06-01 10:56:00","12","38.4100","-104.40","94682817"
"2015-05-28 13:57:29","LONG","90","WDAY","WORKDAY","80.6673","90","2015-06-02 14:10:09","80.4034","-0.06","-21.85","2015-06-01 09:54:00","9","78.2400","-25.80","94679769"
"2015-05-29 11:35:25","LONG","70","URI","UNITED RENTALS","88.9591","70","2015-06-01 14:49:49","90.1745","-0.01","-4.82","2015-05-29 14:52:00","7","88.2700","83.60","94701744"
"2015-05-29 10:59:52","LONG","120","DECK","DECKERS OUTDOOR CORP","68.2806","120","2015-05-29 14:50:41","68.5245","-0.02","-9.37","2015-05-29 11:25:00","12","67.5000","26.60","94700298"
"2015-05-27 11:41:42","LONG","160","SWIR","SIERRA WIRELESS","29.6087","160","2015-05-29 10:05:58","29.5954","-0.03","-11.34","2015-05-28 10:18:00","16","28.9000","-5.20","94649271"
"2015-05-27 11:45:19","LONG","120","FMX","FOMENTO ECONOMICO","90.9769","120","2015-05-27 15:34:49","91.7606","-0.01","-4.88","2015-05-27 13:22:00","12","90.5700","91.60","94649386"
"2015-05-26 11:36:44","LONG","140","ADSK","AUTODESK","55.3335","140","2015-05-27 14:41:57","55.5451","-0.02","-7.33","2015-05-27 09:46:00","14","54.8100","27.20","94622875"
"2015-05-21 11:02:33","LONG","120","LULU","LULULEMON ATHLETICA","60.8280","120","2015-05-22 10:59:01","61.1591","-0.04","-15.46","2015-05-22 09:41:00","12","59.5400","37.60","94555311"
"2015-05-20 12:10:45","LONG","120","RYAAY","RYANAIR HOLDINGS","64.2657","120","2015-05-21 15:16:59","64.2643","-0.02","-8.83","2015-05-21 09:30:00","12","63.5300","-2.40","94532664"
"2015-05-18 15:11:07","LONG","80","GMCR","KEURIG GREEN MOUNTAIN INC. CO","90.7648","80","2015-05-21 10:56:48","91.0485","-0.06","-22.04","2015-05-20 09:36:00","8","88.0100","21.40","94485676"
"2015-05-20 14:51:53","LONG","100","CSIQ","CANADIAN SOLAR","33.7738","100","2015-05-21 09:56:03","34.7606","-0.02","-7.75","2015-05-20 18:58:00","10","32.9990","97.00","94537284"
"2015-05-15 12:03:41","LONG","120","HES","HESS","69.4142","120","2015-05-20 14:27:54","69.5530","-0.07","-25.73","2015-05-19 12:55:00","12","67.2700","14.60","94453533"
"2015-05-13 11:36:03","LONG","120","KSU","KANSAS CITY SOUTHERN","96.9617","120","2015-05-19 15:47:49","94.6010","-0.13","-51.98","2015-05-14 09:36:00","12","92.6300","-285.40","94399437"
"2015-05-15 12:41:39","LONG","80","WYNN","WYNN RESORTS","107.3114","80","2015-05-19 15:46:26","105.9719","-0.04","-16.81","2015-05-18 09:38:00","8","105.2100","-108.60","94454518"
"2015-05-01 13:59:42","LONG","120","FSLR","FIRST SOLAR INC","57.5053","120","2015-05-18 15:10:12","56.1303","-0.09","-35.22","2015-05-07 09:38:00","12","54.5700","-167.40","94196145"
"2015-05-14 09:40:59","LONG","40","CP","CANADIAN PACIFIC RAILWAY","177.5081","40","2015-05-15 09:55:03","179.2239","-0.00","-1.63","2015-05-14 09:42:00","4","177.1000","68.20","94422850"
"2015-05-07 15:44:26","LONG","150","DDD","3D SYSTEMS","22.0285","150","2015-05-12 13:20:53","22.4884","-0.00","-1.93","2015-05-08 11:08:00","15","21.9000","66.00","94304645"
"2015-05-08 10:51:13","LONG","140","SFM","SPROUTS FARMERS MARKET INC. C","27.3934","140","2015-05-11 15:07:11","27.9810","-0.02","-5.86","2015-05-08 15:30:00","14","26.9750","79.20","94322332"
"2015-05-07 14:28:06","LONG","100","FANG","DIAMONDBACK ENERGY INC","75.5453","100","2015-05-08 12:41:10","76.1649","-0.04","-16.45","2015-05-08 07:09:00","10","73.9000","60.00","94303100"
"2015-05-04 10:44:49","LONG","140","GRUB","JUST EAT TAKEAWAY.COM N.V. AMERICAN DEPOSITARY SHA","39.9715","140","2015-05-08 11:39:13","40.1611","-0.07","-26.20","2015-05-06 09:43:00","14","38.1000","24.20","94219629"
"2015-04-30 11:05:35","LONG","100","SSYS","STRATASYS","38.3100","100","2015-05-07 15:43:11","35.0002","-0.09","-33.70","2015-05-07 14:49:00","10","34.9400","-333.00","94167092"
"2015-04-29 09:55:58","LONG","80","JUNO","JUNO THERAPEUTICS INC. COMMON","48.4471","80","2015-05-05 14:36:24","43.4001","-0.13","-51.42","2015-04-30 14:58:00","8","42.0200","-405.60","94137282"
"2015-05-01 12:59:20","LONG","140","CSII","CARDIOVASCULAR SYSTEMS","29.1440","140","2015-05-04 10:01:30","30.1571","-0.01","-2.71","2015-05-01 13:10:00","14","28.9501","139.20","94194664"
"2015-04-27 11:44:15","LONG","160","TRN","TRINITY INDUSTRIES","29.2721","160","2015-05-01 13:58:57","28.9649","-0.11","-40.83","2015-04-30 10:56:00","16","26.7200","-52.20","94086988"
"2015-04-30 11:47:19","LONG","120","SPW","SPX","76.1735","120","2015-04-30 13:45:29","76.8685","-0.01","-4.23","2015-04-30 11:55:00","12","75.8210","80.60","94168253"
"2015-04-28 15:34:16","LONG","130","SMCI","SUPER MICRO COMPUTER","29.7727","130","2015-04-29 15:45:12","29.8422","-0.03","-11.87","2015-04-29 10:08:00","13","28.8600","6.40","94121838"
"2015-04-28 10:27:05","LONG","120","GBX","GREENBRIER COMPANIES","56.2511","120","2015-04-29 10:16:09","57.2379","-0.03","-11.05","2015-04-28 15:14:00","12","55.3300","115.60","94113455"
"2015-04-24 14:40:29","LONG","140","CRR","CARBO CERAMICS","31.2522","140","2015-04-27 11:42:53","33.4549","-0.01","-4.65","2015-04-24 14:59:00","14","30.9200","305.20","94065134"
"2015-04-21 13:02:39","LONG","130","HRL","HORMEL FOODS","55.0261","130","2015-04-23 15:36:04","54.9635","-0.02","-9.70","2015-04-22 09:45:00","13","54.2800","-10.60","93978503"
"2015-04-22 11:43:35","LONG","260","KR","KROGER","35.2040","260","2015-04-23 12:05:31","35.5200","-0.03","-10.51","2015-04-22 12:17:00","13","69.6000","76.80","94006797"
"2015-04-22 12:51:23","LONG","120","TRV","TRAVELERS COMPANIES","101.3307","120","2015-04-23 10:08:22","102.1874","-0.01","-5.53","2015-04-22 16:07:00","12","100.8700","100.60","94008381"
"2015-04-17 12:24:39","LONG","120","WFM","WHOLE FOODS MARKET","48.9794","120","2015-04-21 13:58:36","49.0294","-0.02","-9.11","2015-04-20 17:47:00","12","48.2200","3.60","93923234"
"2015-04-20 12:50:52","LONG","120","KORS","MICHAEL KORS HOLDINGS","61.7160","120","2015-04-21 09:37:33","62.1548","n/a","","","","","50.60","93952775"
"2015-04-16 10:42:14","LONG","110","ASML","ASML HOLDING","94.5323","110","2015-04-20 09:51:29","95.4903","-0.02","-6.41","2015-04-17 10:12:00","11","93.9500","102.80","93892894"
"2015-04-15 13:07:40","LONG","160","CORE","CORE MARK HOLDING CO INC","28.0580","160","2015-04-15 15:52:32","28.5340","-0.00","-0.05","2015-04-15 13:09:00","8","56.1100","72.80","93871546"
"2015-04-02 14:32:47","LONG","130","ODFL","OLD DOMINION FREIGHT LNS","73.5225","130","2015-04-13 12:12:54","72.7395","-0.07","-26.81","2015-04-08 10:52:00","13","71.4600","-104.60","93654897"
"2015-04-10 11:27:45","LONG","140","LPLA","LPL FINANCIAL HOLDINGS","39.8652","140","2015-04-10 15:46:27","40.5893","-0.01","-2.17","2015-04-10 12:03:00","14","39.7100","98.20","93795503"
"2015-04-07 14:29:44","LONG","140","CAR","AVIS BUDGET GROUP","55.3098","140","2015-04-09 09:38:04","55.4803","-0.05","-20.58","2015-04-08 13:46:00","14","53.8400","21.20","93721375"
"2015-04-08 12:45:32","LONG","50","OVAS","OVASCIENCE INC. COMMON STOCK","28.4167","50","2015-04-09 09:37:41","29.4486","-0.00","-1.08","2015-04-08 15:52:00","5","28.2000","51.00","93743534"
"2015-04-07 15:32:26","LONG","100","UAL","UNITED AIRLINES HOLDINGS INC","59.4673","100","2015-04-08 11:54:34","60.4524","-0.00","-1.77","2015-04-07 15:38:00","10","59.2900","97.00","93722913"
"2015-04-06 11:36:22","LONG","120","UAL","UNITED AIRLINES HOLDINGS INC","60.3766","120","2015-04-07 09:35:19","61.1624","-0.03","-10.88","2015-04-06 12:43:00","12","59.4700","91.60","93691726"
"2015-04-01 14:59:57","LONG","50","OVAS","OVASCIENCE INC. COMMON STOCK","31.6730","50","2015-04-02 09:36:37","33.5505","-0.01","-3.47","2015-04-01 15:42:00","5","30.9800","93.00","93629882"
"2015-03-30 12:31:42","LONG","120","SSYS","STRATASYS","53.3427","120","2015-04-01 15:02:21","53.2596","-0.06","-22.11","2015-03-31 09:56:00","12","51.5000","-12.40","93570915"
"2015-03-31 12:43:44","LONG","100","WDC","WESTERN DIGITAL","91.3199","100","2015-04-01 11:34:32","91.5113","-0.04","-15.00","2015-04-01 09:42:00","10","89.8200","17.00","93599180"
"2015-03-27 14:34:05","LONG","140","SNDK","SANDISK CORPORATION","64.0090","140","2015-03-30 12:31:17","65.0945","-0.01","-2.58","2015-03-27 15:32:00","14","63.8250","149.20","93543776"
"2015-03-27 11:57:51","LONG","130","ALGN","ALIGN TECHNOLOGY","52.2450","130","2015-03-30 09:38:01","54.7005","-0.00","-1.36","2015-03-27 12:13:00","13","52.1400","316.40","93539057"
"2015-03-26 09:48:18","LONG","100","CEMP","CEMPRA","31.4294","100","2015-03-27 10:06:00","32.5445","-0.03","-11.89","2015-03-26 11:31:00","10","30.2400","110.00","93505044"
"2015-03-26 15:46:39","LONG","80","ASML","ASML HOLDING","99.2184","80","2015-03-27 09:39:45","100.5014","-0.01","-2.31","2015-03-26 16:00:00","8","98.9300","101.40","93517630"
"2015-03-26 09:39:48","LONG","100","QRVO","QORVO INC. COMMON STOCK","74.4026","100","2015-03-26 09:53:05","75.6491","-0.01","-4.63","2015-03-26 09:41:00","10","73.9400","123.00","93504680"
"2015-03-25 12:13:15","LONG","100","CEMP","CEMPRA","32.9815","100","2015-03-25 15:56:07","31.4242","-0.04","-15.81","2015-03-25 15:56:00","10","31.4000","-158.00","93479875"
"2015-03-19 12:57:57","LONG","170","TDW","TIDEWATER","21.4808","170","2015-03-25 15:55:17","20.9369","-0.05","-19.73","2015-03-24 10:31:00","17","20.3200","-95.40","93351460"
"2015-03-25 12:12:35","LONG","80","QRVO","QORVO INC. COMMON STOCK","77.2987","80","2015-03-25 15:05:33","77.2309","-0.04","-14.23","2015-03-25 13:14:00","8","75.5200","-6.60","93479859"
"2015-03-23 15:04:50","LONG","130","BRS","BRISTOW GROUP","52.2524","130","2015-03-24 14:15:03","52.7845","-0.05","-18.88","2015-03-24 10:40:00","13","50.8000","66.40","93424879"
"2015-03-03 15:55:29","LONG","70","WYNN","WYNN RESORTS","140.0491","70","2015-03-23 11:33:25","133.3647","-0.35","-129.63","2015-03-18 14:00:00","7","121.5300","-469.40","92898180"
"2015-03-17 12:46:47","LONG","140","DD","DU PONT DE NEMOURS & CO","74.5178","140","2015-03-18 14:12:35","75.5246","-0.03","-10.47","2015-03-18 09:57:00","14","73.7700","138.20","93280613"
"2015-03-16 15:09:35","LONG","100","PVH","PVH","94.7411","100","2015-03-17 11:02:18","95.8623","-0.03","-9.41","2015-03-17 09:31:00","10","93.8000","110.00","93255743"
"2015-03-16 15:06:23","LONG","130","SCTY","SOLARCITY","47.1365","130","2015-03-17 10:01:42","47.9813","-0.01","-1.97","2015-03-16 15:28:00","13","46.9850","107.40","93255673"
"2015-03-12 13:29:41","LONG","100","LVS","LAS VEGAS SANDS","51.8780","100","2015-03-16 14:57:52","52.9735","-0.01","-5.38","2015-03-16 09:58:00","10","51.3400","108.00","93186996"
"2015-03-06 09:42:58","LONG","100","GOLD","GOLD.COM INC","70.0075","100","2015-03-16 14:54:53","68.7349","-0.10","-35.58","2015-03-11 10:32:00","10","66.4500","-129.00","93010943"
"2015-03-13 12:12:51","LONG","120","FLS","FLOWSERVE","55.9910","120","2015-03-16 12:01:14","56.7742","-0.01","-2.17","2015-03-13 12:30:00","12","55.8100","91.60","93214859"
"2015-03-12 12:55:48","LONG","100","ASML","ASML HOLDING","104.8597","100","2015-03-16 09:32:37","106.6409","-0.02","-6.40","2015-03-12 14:33:00","10","104.2200","176.00","93185984"
"2015-03-10 12:12:35","LONG","130","STX","SEAGATE TECHNOLOGY","54.6826","130","2015-03-12 11:57:48","55.1004","-0.08","-27.72","2015-03-12 09:36:00","13","52.5500","51.40","93120471"
"2015-03-11 12:17:58","LONG","130","HRL","HORMEL FOODS","55.0018","130","2015-03-12 11:44:09","55.7697","-0.00","-1.58","2015-03-11 12:26:00","13","54.8800","97.40","93152187"
"2015-03-09 15:37:56","LONG","200","FMX","FOMENTO ECONOMICO","87.6413","200","2015-03-11 12:17:04","87.3898","-0.11","-38.83","2015-03-11 09:41:00","20","85.7000","-54.00","93092265"
"2015-03-09 15:35:21","LONG","120","KORS","MICHAEL KORS HOLDINGS","64.3738","120","2015-03-10 11:33:52","64.8555","-0.03","-12.53","2015-03-10 09:03:00","12","63.3300","55.60","93092183"
"2015-03-05 15:52:07","LONG","140","SWI","SOLAR WINDS CORP","49.0198","140","2015-03-09 15:38:47","48.7346","-0.04","-13.86","2015-03-09 09:49:00","14","48.0300","-42.80","92967120"
"2015-03-06 09:57:09","LONG","100","EQR","EQUITY RESIDENTIAL","75.5067","100","2015-03-09 15:30:58","75.7510","-0.02","-6.87","2015-03-06 12:20:00","10","74.8200","22.00","93013281"
"2015-03-06 09:37:53","LONG","100","PKG","PACKAGING CORP OF AMERICA","77.4050","100","2015-03-09 09:44:37","78.3554","-0.01","-2.05","2015-03-06 14:33:00","10","77.2000","93.00","93010577"
"2015-03-05 12:17:04","LONG","200","BTE","BAYTEX ENERGY CORP","14.2311","200","2015-03-06 09:56:05","14.4259","-0.02","-8.02","2015-03-05 13:02:00","20","13.8300","35.00","92959677"
"2015-03-05 12:18:41","LONG","150","ANF","ABERCROMBIE & FITCH","19.5600","150","2015-03-06 09:34:01","20.2480","-0.01","-3.30","2015-03-05 12:56:00","15","19.3401","100.00","92959743"
"2015-03-04 13:26:26","LONG","120","GOLD","GOLD.COM INC","73.3089","120","2015-03-05 12:16:01","73.6831","-0.04","-13.91","2015-03-05 05:28:00","12","72.1500","42.60","92927011"
"2015-03-02 11:52:35","LONG","70","NTES","NETEASE","98.4494","70","2015-03-05 09:42:27","98.5833","-0.06","-23.10","2015-03-04 09:31:00","7","95.1500","7.60","92856068"
"2015-03-02 14:05:13","LONG","120","MBLY","MOBILEYE GLOBAL INC. CLASS A","33.2500","120","2015-03-03 14:56:54","33.3927","-0.03","-10.08","2015-03-03 10:23:00","12","32.4100","14.60","92859673"
"2015-03-03 11:56:09","LONG","130","DXCM","DEXCOM","57.7620","130","2015-03-03 14:37:59","58.5557","-0.00","-0.42","2015-03-03 12:08:00","13","57.7300","100.40","92890802"
"2015-03-02 12:19:59","LONG","120","DUK","DUKE ENERGY","76.7944","120","2015-03-03 11:55:23","77.1985","-0.01","-4.85","2015-03-02 12:39:00","12","76.3900","45.60","92857059"
"2015-02-27 09:43:35","LONG","100","YY","YY INC.","52.9434","100","2015-03-02 10:12:15","53.7726","-0.04","-15.63","2015-03-02 09:31:00","10","51.3800","81.00","92812243"
"2015-02-25 15:41:08","LONG","100","YY","YY INC.","55.5039","100","2015-02-26 09:48:31","56.7259","-0.00","-1.54","2015-02-26 09:31:00","10","55.3500","120.00","92760454"
"2015-02-20 14:08:27","LONG","130","GRMN","GARMIN","49.6471","130","2015-02-25 15:40:30","49.4306","-0.04","-13.74","2015-02-23 12:28:00","13","48.5900","-30.60","92663878"
"2015-02-24 12:13:06","LONG","150","LHO","LASALLE HOTEL PROPERTIES","38.4812","150","2015-02-25 11:27:19","39.0695","-0.01","-3.47","2015-02-24 12:39:00","15","38.2500","85.00","92723966"
"2015-02-23 14:59:50","LONG","160","TRUE","TRUECAR INC","17.1562","160","2015-02-25 09:44:48","17.4728","-0.03","-9.22","2015-02-24 15:10:00","16","16.5800","47.80","92697667"
"2015-02-20 14:07:56","LONG","120","DUK","DUKE ENERGY","78.6263","120","2015-02-23 14:57:43","78.8327","-0.01","-2.60","2015-02-23 13:57:00","12","78.4100","22.60","92663860"
"2015-02-19 15:14:20","LONG","140","MAC","MACERICH","82.8521","140","2015-02-20 10:26:06","83.6006","-0.03","-11.23","2015-02-20 09:34:00","14","82.0500","102.20","92634159"
"2015-02-11 15:52:59","LONG","100","DUK","DUKE ENERGY","81.7682","100","2015-02-18 14:16:09","81.0328","-0.08","-29.68","2015-02-17 09:35:00","10","78.8000","-76.00","92465261"
"2015-02-12 14:24:15","LONG","120","GAS","AGL RESOURCES","50.3776","120","2015-02-18 14:12:15","50.5587","-0.03","-11.61","2015-02-17 12:25:00","12","49.4100","19.60","92493976"
"2015-02-11 11:01:07","LONG","120","MCY","MERCURY GENERAL","53.1384","120","2015-02-12 14:22:57","53.4066","-0.02","-6.10","2015-02-11 13:16:00","12","52.6300","29.60","92456094"
"2015-02-10 11:58:10","LONG","100","GPRO","GOPRO INC. CLASS A COMMON STO","43.1010","100","2015-02-11 11:28:15","45.1568","-0.01","-2.01","2015-02-10 13:23:00","10","42.9000","204.00","92424895"
"2015-02-05 15:39:43","LONG","120","BABA","ALIBABA GROUP HOLDING LIMITED","87.0892","120","2015-02-10 12:52:17","87.1677","-0.06","-20.51","2015-02-09 08:58:00","12","85.3800","6.60","92337573"
"2015-02-06 10:44:54","LONG","120","NOV","NATIONAL OILWELL VARCO INC.","50.3508","120","2015-02-09 09:49:42","51.9016","-0.04","-13.21","2015-02-06 11:24:00","12","49.2500","183.60","92357929"
"2015-02-04 09:59:38","LONG","120","NOV","NATIONAL OILWELL VARCO INC.","52.4245","120","2015-02-05 09:32:37","53.4414","-0.02","-8.33","2015-02-04 14:20:00","12","51.7300","119.60","92294690"
"2014-11-28 09:39:18","LONG","100","SLCA","US SILICA HOLDINGS","35.0609","100","2015-02-03 13:06:19","28.1817","-0.35","-121.01","2015-01-12 09:58:00","10","22.9600","-690.00","91046087"
"2015-01-30 15:51:47","LONG","80","WDC","WESTERN DIGITAL","97.4646","80","2015-02-03 09:46:32","99.4802","-0.04","-15.40","2015-02-02 09:41:00","8","95.5400","159.40","92216667"
"2015-01-30 12:05:13","LONG","100","R","RYDER SYSTEM","83.7803","100","2015-02-02 11:17:59","83.9124","-0.04","-14.90","2015-01-30 15:25:00","10","82.2900","11.00","92209763"
"2015-02-02 10:17:57","LONG","100","RCL","ROYAL CARIBBEAN GROUP","73.1906","100","2015-02-02 11:07:16","74.3426","-0.00","-0.61","2015-02-02 10:19:00","10","73.1300","113.00","92235806"
"2015-01-28 14:42:19","LONG","120","NOV","NATIONAL OILWELL VARCO INC.","54.1540","120","2015-01-30 13:53:42","54.3242","-0.07","-24.17","2015-01-29 11:09:00","12","52.1400","17.60","92155839"
"2015-01-29 10:14:36","LONG","100","UPS","UNITED PARCEL SERVICE","98.8058","100","2015-01-30 12:57:13","99.7202","-0.01","-3.31","2015-01-29 11:09:00","10","98.4750","89.00","92177319"
"2015-01-29 10:29:02","LONG","100","VMW","VMWARE","74.3199","100","2015-01-29 15:39:36","76.3140","-0.00","-0.80","2015-01-29 10:31:00","10","74.2400","197.00","92177955"
"2015-01-27 12:33:50","LONG","120","KLAC","KLA CORP","63.7273","120","2015-01-28 10:05:27","64.1773","-0.01","-5.13","2015-01-27 15:56:00","12","63.3000","51.60","92123840"
"2015-01-27 09:39:45","LONG","100","KMB","KIMBERLY-CLARK CORPORATION","109.0227","100","2015-01-27 10:35:33","109.7878","-0.00","-1.63","2015-01-27 09:46:00","10","108.8600","75.00","92117284"
"2015-01-23 14:56:01","LONG","100","GRA","W. R. GRACE","88.2077","100","2015-01-27 10:15:23","87.9371","-0.03","-12.08","2015-01-26 09:31:00","10","87.0000","-29.00","92066556"
"2015-01-08 14:53:40","LONG","130","OSK","OSHKOSH","43.5465","130","2015-01-26 11:17:21","42.0267","-0.19","-63.78","2015-01-16 11:31:00","13","38.6400","-200.60","91752644"
"2015-01-22 14:25:41","LONG","60","PRGO","PERRIGO COMPANY PLC","152.9703","60","2015-01-22 14:48:48","154.6326","-0.00","-0.96","2015-01-22 14:25:41","6","152.8100","98.80","92038987"
"2015-01-21 15:42:26","LONG","50","ALNY","ALNYLAM PHARMACEUTICALS","87.5491","50","2015-01-22 13:19:26","89.2115","-0.04","-12.59","2015-01-22 10:05:00","5","85.0301","82.00","92012394"
"2015-01-21 15:41:35","LONG","120","BCPC","BALCHEM","52.2953","120","2015-01-22 09:33:17","52.2010","-0.00","-1.13","2015-01-22 09:33:17","0","52.2010","-13.40","92012377"
"2015-01-20 10:14:17","LONG","120","HCA","HCA HEALTHCARE INC","68.1747","120","2015-01-21 10:19:32","69.2235","-0.04","-13.50","2015-01-20 11:13:00","12","67.0500","123.60","91974328"
"2015-01-20 10:08:51","LONG","120","SCTY","SOLARCITY","47.5564","120","2015-01-21 10:04:06","49.0026","-0.04","-13.28","2015-01-20 11:05:00","12","46.4500","171.60","91974080"
"2015-01-15 13:09:37","LONG","200","MGA","MAGNA INTERNATIONAL","46.5780","200","2015-01-20 15:37:44","46.9840","-0.08","-26.06","2015-01-16 09:33:00","10","90.5500","77.00","91893076"
"2015-01-14 15:50:09","LONG","170","ATI","ALLEGHENY TECHNOLOGIES","28.6499","170","2015-01-20 09:33:07","28.4710","-0.08","-26.01","2015-01-16 11:29:00","17","27.1200","-33.40","91865973"
"2015-01-13 14:32:11","LONG","120","PSX","PHILLIPS 66","61.9841","120","2015-01-20 09:32:24","61.8751","-0.17","-55.85","2015-01-14 13:52:00","12","57.3300","-15.40","91835689"
"2015-01-14 15:16:49","LONG","120","SNDK","SANDISK CORPORATION","79.5518","120","2015-01-15 10:52:14","80.5459","-0.01","-5.06","2015-01-15 09:59:00","12","79.1300","116.60","91865109"
"2015-01-09 12:18:56","LONG","130","OKE","ONEOK","43.9135","130","2015-01-14 15:48:39","42.2375","-0.17","-56.99","2015-01-13 14:21:00","13","39.5300","-220.60","91775206"
"2015-01-02 10:08:01","LONG","120","WTW","WILLIS TOWERS WATSON PUBLIC LIMITED COMPANY","22.1384","120","2015-01-14 15:16:20","18.2547","-0.15","-49.42","2015-01-14 12:50:00","12","18.0200","-468.40","91629513"
"2015-01-09 14:34:26","LONG","100","CFR","CULLEN FROST BANKERS","63.3418","100","2015-01-13 14:30:45","62.8085","-0.07","-24.77","2015-01-13 11:44:00","10","60.8650","-55.00","91778755"
"2015-01-05 10:08:57","LONG","100","SCTY","SOLARCITY","51.3952","100","2015-01-08 15:39:41","50.6387","-0.12","-40.75","2015-01-06 13:27:00","10","47.3200","-78.00","91657916"
"2015-01-08 09:47:49","LONG","120","FTI","TECHNICFMC PLC","42.7633","120","2015-01-08 15:39:14","43.4118","-0.01","-1.96","2015-01-08 09:57:00","12","42.6000","75.60","91744024"
"2015-01-07 10:55:02","LONG","120","JOY","JOY GLOBAL","43.2431","120","2015-01-08 10:39:26","43.5206","-0.02","-6.31","2015-01-07 15:34:00","12","42.7174","30.60","91718547"
"2015-01-07 14:35:11","LONG","100","HP","HELMERICH & PAYNE","59.6173","100","2015-01-08 09:40:29","60.3518","-0.01","-4.87","2015-01-07 14:59:00","10","59.1303","71.00","91724443"
"2015-01-06 11:33:08","LONG","120","SYNA","SYNAPTICS","61.4326","120","2015-01-07 10:07:39","61.4811","-0.05","-16.47","2015-01-06 13:27:00","12","60.0600","3.60","91691657"
"2015-01-06 12:41:50","LONG","120","RRC","RANGE RESOURCES","50.5338","120","2015-01-07 09:34:30","51.0800","-0.03","-11.21","2015-01-06 14:21:00","12","49.6000","63.60","91693926"
"2015-01-05 12:16:04","LONG","100","CHRW","CH ROBINSON WORLDWIDE","70.6262","100","2015-01-06 09:38:04","71.6127","-0.01","-3.06","2015-01-05 13:03:00","10","70.3200","97.00","91662657"
"2015-01-05 13:09:30","LONG","100","EQT","EQT","73.9282","100","2015-01-05 15:45:47","73.1957","-0.02","-7.32","2015-01-05 15:45:47","0","73.1957","-75.00","91664432"
"2014-12-31 11:10:48","LONG","120","MBLY","MOBILEYE GLOBAL INC. CLASS A","40.3801","120","2015-01-02 09:52:05","41.2413","-0.02","-6.96","2014-12-31 14:06:00","12","39.8000","100.60","91592300"
"2014-12-30 15:23:43","LONG","80","RRC","RANGE RESOURCES","53.5587","80","2014-12-31 11:08:08","54.3535","-0.01","-3.59","2014-12-31 09:34:00","8","53.1100","62.40","91576791"
"2014-12-26 11:17:21","LONG","100","EQT","EQT","76.7683","100","2014-12-29 11:49:36","77.2096","-0.04","-12.78","2014-12-26 13:48:00","10","75.4900","42.00","91526551"
"2014-12-17 12:01:12","LONG","140","JOY","JOY GLOBAL","45.4178","140","2014-12-17 14:42:13","45.4420","-0.02","-5.29","2014-12-17 13:06:00","14","45.0400","0.20","91381536"
"2014-12-03 09:56:42","LONG","100","SM","SM ENERGY","38.8413","100","2014-12-17 14:03:39","37.1421","-0.30","-94.31","2014-12-10 14:05:00","10","29.4100","-172.00","91120591"
"2014-12-17 10:17:47","LONG","150","LVS","LAS VEGAS SANDS","50.5943","150","2014-12-17 12:00:08","51.9386","-0.03","-11.61","2014-12-17 10:39:00","15","49.8200","199.00","91378220"
"2014-12-16 15:49:40","LONG","100","CPA","COPA HOLDINGS SA","88.4772","100","2014-12-17 10:54:44","90.9386","-0.04","-14.77","2014-12-17 09:35:00","10","87.0000","244.00","91361291"
"2014-11-25 15:48:37","LONG","250","RRC","RANGE RESOURCES","61.4107","250","2014-12-16 11:47:08","56.9545","-0.69","-222.14","2014-12-11 10:07:00","13","51.8300","-1119.00","90992019"
"2014-12-16 09:53:15","LONG","130","LNG","CHENIERE ENERGY","62.0275","130","2014-12-16 11:23:45","63.7765","-0.02","-5.04","2014-12-16 10:11:00","13","61.6400","224.40","91351599"
"2014-12-12 12:30:06","LONG","140","WLK","WESTLAKE CORP","55.0287","140","2014-12-16 11:23:21","55.7742","-0.07","-22.38","2014-12-16 09:33:00","14","53.4300","101.20","91299289"
"2014-12-12 10:25:18","LONG","140","LNG","CHENIERE ENERGY","62.9155","140","2014-12-12 12:08:47","63.7658","-0.04","-13.24","2014-12-12 11:05:00","14","61.9700","116.20","91295800"
"2014-12-04 11:36:59","LONG","100","YY","YY INC.","68.2287","100","2014-12-11 11:52:46","66.9603","-0.25","-80.49","2014-12-09 09:31:00","10","60.1800","-129.00","91147767"
"2014-12-09 11:01:06","LONG","140","LVS","LAS VEGAS SANDS","55.5202","140","2014-12-11 09:50:43","55.6571","-0.07","-21.56","2014-12-10 12:16:00","14","53.9800","16.20","91221173"
"2014-12-08 11:36:41","LONG","150","AR","ANTERO RESOURCES CORP","38.9900","150","2014-12-09 10:59:28","39.3759","-0.05","-16.99","2014-12-08 15:08:00","15","37.8570","55.00","91195000"
"2014-12-05 12:06:40","LONG","120","AR","ANTERO RESOURCES CORP","42.3185","120","2014-12-05 14:32:48","42.4167","-0.01","-1.90","2014-12-05 12:36:00","12","42.1600","9.60","91171082"
"2014-12-04 10:53:08","LONG","120","LVS","LAS VEGAS SANDS","59.2856","120","2014-12-05 12:06:11","59.2149","-0.03","-10.51","2014-12-04 14:57:00","12","58.4100","-10.40","91146460"
"2014-12-02 10:55:58","LONG","100","BCEI","BONANZA CREEK ENERGY","25.6451","100","2014-12-03 15:44:31","24.6436","-0.04","-15.35","2014-12-03 14:08:00","10","24.1100","-102.00","91099855"
"2014-12-02 10:04:54","LONG","100","CTRP","CTRIP.COM INTERNATIONAL","47.8987","100","2014-12-03 15:44:03","48.0493","-0.02","-7.89","2014-12-03 09:34:00","10","47.1100","13.00","91098109"
"2014-12-02 10:05:47","LONG","100","SM","SM ENERGY","38.8233","100","2014-12-02 15:49:10","37.5980","-0.04","-13.43","2014-12-02 15:38:00","10","37.4800","-125.00","91098183"
"2014-11-28 10:50:21","LONG","100","CLR","CONTINENTAL RESOURCES","40.8951","100","2014-12-01 15:39:44","40.3123","-0.07","-25.25","2014-12-01 11:13:00","10","38.3700","-60.00","91048035"
"2014-12-01 09:40:36","LONG","100","WLL","WHITING PETROLEUM","40.5780","100","2014-12-01 15:32:16","40.4717","-0.08","-26.18","2014-12-01 11:04:00","10","37.9600","-13.00","91070669"
"2014-12-01 13:03:55","LONG","120","GBX","GREENBRIER COMPANIES","46.7429","120","2014-12-01 15:32:09","47.2793","-0.02","-6.96","2014-12-01 14:50:00","12","46.1630","61.60","91078080"
"2014-11-26 13:56:03","LONG","130","DO","DIAMOND OFFSHORE DRILLING INC","32.4199","130","2014-12-01 13:02:23","29.5697","-0.14","-50.96","2014-12-01 07:07:00","13","28.5000","-373.60","91012903"
"2014-11-20 10:12:46","LONG","120","CRM","SALESFORCE INC","58.8882","120","2014-11-25 09:45:53","58.7946","-0.07","-25.06","2014-11-24 09:31:00","12","56.8000","-13.40","90906808"
"2014-11-24 15:41:51","LONG","70","GMCR","KEURIG GREEN MOUNTAIN INC. CO","137.9637","70","2014-11-25 09:45:36","139.0562","-0.00","-1.22","2014-11-24 15:50:00","7","137.7900","74.60","90968323"
"2014-11-20 10:04:42","LONG","100","DWRE","DEMANDWARE","54.9899","100","2014-11-20 13:25:33","56.7264","-0.01","-3.25","2014-11-20 10:13:00","10","54.6650","172.00","90906404"
"2014-11-12 11:37:12","LONG","120","FSLR","FIRST SOLAR INC","49.7694","120","2014-11-20 11:48:37","49.5494","-0.13","-45.95","2014-11-14 10:01:00","12","45.9400","-28.40","90760116"
"2014-11-03 14:40:07","LONG","130","RGR","STURM RUGER","39.6469","130","2014-11-18 13:20:44","38.8898","-0.11","-38.83","2014-11-07 09:57:00","13","36.6600","-100.60","90587510"
"2014-11-13 12:01:03","LONG","120","DDD","3D SYSTEMS","33.3182","120","2014-11-14 14:53:12","34.0014","-0.02","-8.14","2014-11-14 09:31:00","12","32.6400","79.60","90783925"
"2014-11-13 15:51:01","LONG","100","CRR","CARBO CERAMICS","48.4626","100","2014-11-14 14:19:46","49.1555","-0.03","-12.23","2014-11-14 11:11:00","10","47.2400","67.00","90790007"
"2014-11-07 11:29:15","LONG","120","HLF","HERBALIFE","38.4048","120","2014-11-14 14:19:25","38.5497","-0.05","-18.66","2014-11-14 08:43:00","12","36.8500","14.60","90682994"
"2014-11-10 15:47:39","LONG","120","KORS","MICHAEL KORS HOLDINGS","69.1450","120","2014-11-12 09:44:37","70.0472","-0.03","-10.74","2014-11-11 09:43:00","12","68.2500","105.60","90718028"
"2014-11-07 15:05:54","LONG","100","THC","TENET HEALTHCARE","48.0072","100","2014-11-10 11:33:21","48.7353","-0.02","-6.27","2014-11-07 15:54:00","10","47.3800","71.00","90687751"
"2014-11-05 15:56:36","LONG","70","UHS","UNIVERSAL HEALTH SERVICES","98.6960","70","2014-11-06 10:23:57","99.8043","-0.00","-0.60","2014-11-05 16:00:00","7","98.6100","76.60","90636167"
"2014-11-04 11:18:30","LONG","100","EXP","EAGLE MATERIALS","81.4336","100","2014-11-05 11:38:10","82.5306","-0.01","-2.94","2014-11-04 13:47:00","10","81.1400","108.00","90606508"
"2014-10-30 09:57:40","LONG","120","GOLD","GOLD.COM INC","60.8196","120","2014-11-03 14:39:22","60.7958","-0.09","-33.84","2014-10-31 09:33:00","12","58.0000","-5.40","90512460"
"2014-10-30 15:50:35","LONG","120","HCLP","HI-CRUSH PARTNERS","42.6402","120","2014-11-03 09:37:30","43.4102","-0.04","-15.00","2014-10-31 09:42:00","12","41.3900","89.60","90520602"
"2014-10-30 13:59:09","LONG","120","ICLR","ICON","50.9075","120","2014-10-30 15:23:03","52.2215","-0.01","-3.45","2014-10-30 14:21:00","12","50.6200","155.60","90518112"
"2014-10-29 15:40:47","LONG","120","RGLD","ROYAL GOLD","63.1553","120","2014-10-29 15:49:54","63.2129","-0.00","-1.08","2014-10-29 15:42:00","12","63.0650","4.60","90497767"
"2014-10-24 10:06:30","LONG","120","GOLD","GOLD.COM INC","64.8976","120","2014-10-29 10:12:03","65.5761","-0.06","-19.77","2014-10-27 16:00:00","12","63.2500","78.60","90431353"
"2014-10-28 09:37:27","LONG","100","CVLT","COMMVAULT SYSTEMS","41.8783","100","2014-10-28 14:55:11","42.5255","-0.05","-17.08","2014-10-28 12:15:00","10","40.1700","63.00","90471701"
"2014-10-24 10:09:31","LONG","100","DECK","DECKERS OUTDOOR CORP","86.1663","100","2014-10-28 11:24:35","84.7045","-0.17","-61.56","2014-10-24 15:11:00","10","80.0100","-148.00","90431473"
"2014-10-13 09:39:15","LONG","100","FSLR","FIRST SOLAR INC","54.6338","100","2014-10-16 13:20:17","54.6795","-0.13","-45.04","2014-10-14 10:25:00","10","50.1300","3.00","90210746"
"2014-10-16 09:36:48","LONG","100","PSX","PHILLIPS 66","66.6061","100","2014-10-16 11:36:14","69.4214","-0.00","-0.76","2014-10-16 09:40:00","10","66.5300","280.00","90287404"
"2014-10-14 15:38:59","LONG","100","OKE","ONEOK","53.7901","100","2014-10-16 09:58:43","54.6501","-0.05","-17.30","2014-10-15 13:29:00","10","52.0600","84.00","90244556"
"2014-10-15 14:17:25","LONG","100","LEA","LEAR","76.5593","100","2014-10-15 15:45:32","78.5165","-0.02","-6.49","2014-10-15 14:30:00","10","75.9100","194.00","90270126"
"2014-10-15 14:18:32","LONG","100","RCL","ROYAL CARIBBEAN GROUP","52.5588","100","2014-10-15 15:16:46","53.5207","-0.00","-1.19","2014-10-15 14:35:00","10","52.4400","94.00","90270142"
"2014-10-15 09:50:42","LONG","100","WLK","WESTLAKE CORP","67.9508","100","2014-10-15 13:26:45","66.9421","-0.04","-15.01","2014-10-15 13:17:00","10","66.4500","-103.00","90262255"
"2014-10-15 09:52:41","LONG","100","VC","VISTEON CORPORATION COMMON STOCK","84.3977","100","2014-10-15 10:11:21","85.9355","-0.02","-6.98","2014-10-15 09:58:00","10","83.7000","152.00","90262373"
"2014-10-14 15:35:17","LONG","100","BCEI","BONANZA CREEK ENERGY","35.5094","100","2014-10-15 10:10:41","36.5208","-0.03","-11.39","2014-10-15 09:31:00","10","34.3700","99.00","90244486"
"2014-10-13 10:03:22","LONG","100","EXP","EAGLE MATERIALS","81.8576","100","2014-10-14 12:22:29","81.0307","-0.13","-42.28","2014-10-14 10:43:00","10","77.6300","-85.00","90211480"
"2014-10-14 11:23:15","LONG","100","LEA","LEAR","79.5221","100","2014-10-14 12:22:18","80.5763","-0.00","-1.02","2014-10-14 11:25:00","10","79.4200","103.00","90238172"
"2014-10-09 12:45:06","LONG","120","GLNG","GOLAR LNG","54.7977","120","2014-10-14 12:17:23","49.2563","-0.39","-131.73","2014-10-14 10:24:00","12","43.8200","-667.40","90165488"
"2014-10-14 10:48:21","LONG","100","OKE","ONEOK","52.5834","100","2014-10-14 12:02:48","54.3287","-0.00","-1.23","2014-10-14 11:05:00","10","52.4600","173.00","90237138"
"2014-10-13 11:03:50","LONG","100","WLL","WHITING PETROLEUM","59.8004","100","2014-10-13 15:49:13","57.6964","-0.06","-22.10","2014-10-13 15:48:00","10","57.5900","-212.00","90213386"
"2014-10-09 12:45:33","LONG","120","FSLR","FIRST SOLAR INC","58.7260","120","2014-10-10 15:07:04","54.8606","-0.18","-62.35","2014-10-10 10:32:00","12","53.5300","-466.40","90165503"
"2014-10-10 09:46:18","LONG","120","SNDK","SANDISK CORPORATION","86.9407","120","2014-10-10 13:07:10","87.8129","-0.06","-22.45","2014-10-10 10:32:00","12","85.0700","102.60","90185785"
"2014-10-10 11:06:07","LONG","120","BEAV","B/E AEROSPACE","75.6930","120","2014-10-10 12:40:24","77.0604","-0.03","-9.76","2014-10-10 11:19:00","12","74.8800","161.60","90187933"
"2014-10-10 11:05:07","LONG","120","WLL","WHITING PETROLEUM","63.4602","120","2014-10-10 12:40:04","65.0716","-0.04","-12.48","2014-10-10 11:26:00","12","62.4200","190.60","90187887"
"2014-10-06 13:38:11","LONG","120","BCEI","BONANZA CREEK ENERGY","50.3509","120","2014-10-09 15:51:04","44.4532","-0.22","-77.17","2014-10-08 11:05:00","12","43.9200","-710.40","90090815"
"2014-10-09 12:48:00","LONG","100","SM","SM ENERGY","68.4540","100","2014-10-09 15:38:20","68.7510","-0.02","-5.74","2014-10-09 13:13:00","10","67.8800","28.00","90165536"
"2014-10-07 12:13:58","LONG","100","MLM","MARTIN MARIETTA","119.3668","100","2014-10-09 09:35:36","119.4414","-0.14","-47.17","2014-10-08 11:06:00","10","114.6500","5.00","90113773"
"2014-10-07 15:33:57","LONG","120","CAR","AVIS BUDGET GROUP","50.1700","120","2014-10-08 15:20:55","51.3424","-0.06","-21.60","2014-10-08 11:58:00","12","48.3700","138.60","90119109"
"2014-10-08 11:23:17","LONG","130","SLCA","US SILICA HOLDINGS","48.8307","130","2014-10-08 15:20:37","51.7162","-0.01","-3.00","2014-10-08 11:25:00","13","48.6000","372.40","90138307"
"2014-10-08 11:23:45","LONG","130","FSLR","FIRST SOLAR INC","59.0719","130","2014-10-08 14:29:15","60.8846","-0.00","-0.28","2014-10-08 11:26:00","13","59.0500","233.40","90138347"
"2014-09-24 14:21:30","LONG","150","TDW","TIDEWATER","41.4700","150","2014-10-07 14:06:00","39.4879","-0.18","-63.30","2014-10-02 11:00:00","15","37.2500","-300.00","89877941"
"2014-10-02 11:10:45","LONG","140","CAM","AB CALIFORNIA INTERMEDIATE MUNICIPAL ETF","63.4183","140","2014-10-07 12:35:14","63.0197","-0.06","-21.54","2014-10-07 09:47:00","14","61.8800","-58.80","90033555"
"2014-10-06 11:13:15","LONG","140","SLCA","US SILICA HOLDINGS","53.2084","140","2014-10-06 12:44:26","53.4201","-0.01","-4.74","2014-10-06 11:58:00","14","52.8700","27.20","90086434"
"2014-09-17 14:59:00","LONG","120","DLPH","DELPHI TECHNOLOGIES PLC","66.7224","120","2014-10-06 11:06:57","63.5300","-0.20","-69.87","2014-10-01 09:32:00","12","60.9000","-385.40","89740240"
"2014-10-03 12:56:08","LONG","100","CRR","CARBO CERAMICS","56.0363","100","2014-10-06 11:06:30","56.1107","-0.03","-10.06","2014-10-06 09:32:00","10","55.0300","5.00","90063036"
"2014-10-03 13:33:43","LONG","120","GOLD","GOLD.COM INC","65.6361","120","2014-10-06 09:40:12","66.4668","-0.01","-2.35","2014-10-03 13:40:00","12","65.4400","97.60","90063889"
"2014-10-01 10:02:52","LONG","120","WLK","WESTLAKE CORP","83.6053","120","2014-10-02 15:32:28","82.9865","-0.13","-43.97","2014-10-02 11:45:00","12","79.9410","-76.40","90002553"
"2014-10-02 11:09:10","LONG","120","NXPI","NXP SEMICONDUCTOR","64.4329","120","2014-10-02 14:57:35","66.1259","-0.03","-11.31","2014-10-02 11:48:00","12","63.4900","200.60","90033439"
"2014-10-01 15:29:12","LONG","140","CRS","CARPENTER TECHNOLOGY","43.7695","140","2014-10-02 10:13:49","44.0846","-0.00","-0.41","2014-10-01 15:36:00","14","43.7400","41.20","90012549"
"2014-09-25 09:47:10","LONG","150","SHLD","GLOBAL X DEFENSE TECH ETF","26.4700","150","2014-10-01 12:19:24","25.1195","-0.10","-35.55","2014-09-25 14:34:00","15","24.1000","-206.00","89895877"
"2014-09-30 14:47:32","LONG","200","MGA","MAGNA INTERNATIONAL","47.3680","200","2014-10-01 11:07:34","47.9460","-0.02","-6.26","2014-10-01 09:31:00","10","94.1100","112.00","89986014"
"2014-09-30 12:23:24","LONG","120","BWA","BORGWARNER","52.3443","120","2014-10-01 10:01:59","52.5406","-0.03","-8.93","2014-09-30 13:47:00","12","51.6000","21.60","89982683"
"2014-09-25 09:52:16","LONG","120","GOLD","GOLD.COM INC","68.5995","120","2014-09-29 14:32:22","68.6090","-0.02","-8.27","2014-09-26 14:58:00","12","67.9100","-1.40","89896292"
"2014-09-25 15:38:07","LONG","130","RRC","RANGE RESOURCES","67.4167","130","2014-09-26 11:46:26","67.7254","-0.02","-5.42","2014-09-26 09:31:00","13","67.0000","37.40","89906917"
"2014-09-25 10:58:34","LONG","150","NXST","NEXSTAR MEDIA GROUP","39.1568","150","2014-09-25 11:55:27","40.2252","-0.01","-2.95","2014-09-25 11:02:00","15","38.9600","157.00","89899191"
"2014-09-18 12:27:10","LONG","140","PEIX","ALTO INGREDIENTS INC","17.0504","140","2014-09-25 10:54:01","15.0639","-0.08","-29.41","2014-09-25 10:35:00","14","14.9500","-280.80","89760350"
"2014-09-24 15:11:56","LONG","180","HOG","HARLEY-DAVIDSON","60.9367","180","2014-09-25 09:33:50","61.3893","-0.01","-2.10","2014-09-24 15:19:00","18","60.8200","77.40","89879027"
"2014-09-23 15:50:03","LONG","170","CMCM","CHEETAH MOBILE INC","20.1596","170","2014-09-24 11:02:08","21.6781","-0.01","-2.71","2014-09-23 16:00:00","17","20.0000","254.60","89852233"
"2014-09-12 12:08:31","LONG","150","EQR","EQUITY RESIDENTIAL","63.1810","150","2014-09-23 15:50:28","62.1521","-0.08","-27.91","2014-09-19 12:03:00","15","61.3200","-157.00","89635609"
"2014-09-19 11:13:25","LONG","120","RGLD","ROYAL GOLD","66.9873","120","2014-09-23 15:49:09","65.4898","-0.11","-37.53","2014-09-22 15:41:00","12","63.8600","-182.40","89782275"
"2014-09-17 15:10:03","LONG","130","PKG","PACKAGING CORP OF AMERICA","65.6656","130","2014-09-22 09:37:59","65.9684","-0.02","-8.59","2014-09-19 13:40:00","13","65.0050","36.40","89740571"
"2014-09-10 11:13:42","LONG","120","TSCO","TRACTOR SUPPLY","61.9963","120","2014-09-19 11:12:35","61.3682","-0.09","-32.72","2014-09-16 09:42:00","12","59.2700","-77.40","89572125"
"2014-09-16 09:52:33","LONG","100","LVS","LAS VEGAS SANDS","60.1813","100","2014-09-17 14:56:14","62.4994","-0.00","-1.41","2014-09-16 10:08:00","10","60.0400","230.00","89702907"
"2014-09-15 12:28:13","LONG","100","CTRP","CTRIP.COM INTERNATIONAL","61.2402","100","2014-09-16 12:18:55","62.5199","-0.03","-11.40","2014-09-16 09:35:00","10","60.1000","126.00","89674128"
"2014-09-11 15:36:21","LONG","120","HFC","HOLLYFRONTIER","46.5390","120","2014-09-15 15:35:02","46.4213","-0.04","-13.31","2014-09-15 09:33:00","12","45.4300","-16.40","89613466"
"2014-09-11 13:06:10","LONG","100","CVX","CHEVRON","123.5491","100","2014-09-15 12:27:43","123.6028","-0.04","-14.89","2014-09-15 09:33:00","10","122.0600","3.00","89609034"
"2014-09-05 11:06:25","LONG","130","GOLD","GOLD.COM INC","77.3596","130","2014-09-11 15:35:12","76.5791","-0.09","-30.80","2014-09-09 09:31:00","13","74.9900","-103.60","89472009"
"2014-09-09 15:49:00","LONG","140","CLR","CONTINENTAL RESOURCES","74.9880","140","2014-09-10 15:30:30","74.8110","-0.01","-2.48","2014-09-10 15:30:30","0","74.8110","-27.80","89552789"
"2014-09-08 12:18:01","LONG","120","VMW","VMWARE","94.7944","120","2014-09-09 12:05:30","95.6124","-0.02","-8.69","2014-09-08 13:59:00","12","94.0700","95.60","89512551"
"2014-09-04 12:38:59","LONG","130","FTI","TECHNICFMC PLC","57.4934","130","2014-09-09 10:51:37","57.5077","-0.07","-23.18","2014-09-08 13:58:00","13","55.7100","-0.60","89444944"
"2014-09-08 15:08:48","LONG","120","EOG","EOG RESOURCES","101.3937","120","2014-09-09 10:06:27","102.1870","-0.01","-3.41","2014-09-09 09:43:00","12","101.1100","92.60","89522374"
"2014-08-28 11:20:06","LONG","140","BOBE","BOB EVANS FARMS","44.6946","140","2014-09-08 13:33:36","44.2873","-0.10","-33.80","2014-09-03 11:12:00","14","42.2800","-59.80","89335132"
"2014-09-03 14:43:34","LONG","120","ZOES","ZOE'S KITCHEN INC","27.7288","120","2014-09-04 10:06:36","28.0108","-0.02","-5.75","2014-09-03 16:00:00","12","27.2500","31.60","89421591"
"2014-09-02 11:33:34","LONG","130","LVS","LAS VEGAS SANDS","63.3926","130","2014-09-03 09:48:41","64.2690","-0.05","-16.54","2014-09-02 13:01:00","13","62.1200","111.40","89388285"
"2014-08-28 11:28:33","LONG","120","MOV","MOVADO GROUP","37.0065","120","2014-09-02 14:11:33","37.3469","-0.01","-4.88","2014-08-29 10:08:00","12","36.6000","38.60","89335341"
"2014-08-26 15:45:36","LONG","100","VMW","VMWARE","97.6684","100","2014-08-28 13:03:55","97.8455","-0.02","-8.62","2014-08-28 09:32:00","10","96.8060","16.00","89301130"
"2014-08-22 13:28:52","LONG","100","WUBA","58.COM INC","44.8396","100","2014-08-25 15:48:06","45.5514","-0.06","-22.10","2014-08-25 09:58:00","10","42.6300","69.00","89233465"
"2014-08-14 15:51:38","LONG","100","HP","HELMERICH & PAYNE","98.6013","100","2014-08-19 11:08:56","99.9286","-0.01","-2.91","2014-08-18 09:44:00","10","98.3100","131.00","89088178"
"2014-08-14 12:12:40","LONG","120","NXST","NEXSTAR MEDIA GROUP","44.6064","120","2014-08-18 12:32:00","44.8580","-0.04","-14.00","2014-08-15 11:11:00","12","43.4400","27.60","89084561"
"2014-08-13 14:30:32","LONG","170","LIN","LINDE PLC","21.5744","170","2014-08-14 13:34:57","21.9431","-0.01","-3.64","2014-08-13 16:00:00","17","21.3600","59.60","89066168"
"2014-08-13 10:20:34","LONG","80","PRGO","PERRIGO COMPANY PLC","138.5704","80","2014-08-14 09:40:03","147.5084","-0.01","-4.88","2014-08-13 11:01:00","8","137.9600","713.40","89060458"
"2014-07-28 14:47:15","LONG","100","BEAV","B/E AEROSPACE","86.9614","100","2014-08-12 11:04:16","85.6448","-0.12","-41.01","2014-08-07 15:27:00","10","82.8600","-134.00","88792562"
"2014-08-06 13:38:41","LONG","80","ZMH","ZIMMER HOLDINGS","96.8903","80","2014-08-12 11:03:50","96.5769","-0.05","-17.28","2014-08-08 10:30:00","8","94.7300","-26.60","88954614"
"2014-08-08 15:35:08","LONG","120","AZN","ASTRAZENECA","68.5164","120","2014-08-11 09:33:01","69.9272","-0.00","-0.56","2014-08-08 15:53:00","12","68.4700","166.60","89002090"
"2014-08-04 13:06:55","LONG","70","HLF","HERBALIFE","50.7399","70","2014-08-08 10:31:52","50.7688","-0.05","-17.36","2014-08-06 12:21:00","7","48.2600","0.60","88908690"
"2014-08-07 10:38:17","LONG","100","LVS","LAS VEGAS SANDS","67.0075","100","2014-08-08 10:23:00","67.4307","-0.03","-11.78","2014-08-07 13:17:00","10","65.8300","40.00","88972300"
"2014-08-07 12:26:17","LONG","100","EGN","ENERGEN","76.4429","100","2014-08-08 09:35:34","77.4825","-0.01","-3.63","2014-08-07 15:09:00","10","76.0800","102.00","88975105"
"2014-07-30 11:23:19","LONG","80","CMI","CUMMINS","142.2000","80","2014-08-07 10:47:59","141.2130","-0.12","-40.88","2014-08-01 12:00:00","8","137.0900","-80.60","88833101"
"2014-08-06 12:39:45","LONG","140","AEP","AMERICAN ELECTRIC POWER","49.3667","140","2014-08-07 10:20:39","49.9430","-0.01","-4.29","2014-08-06 12:55:00","14","49.0600","78.20","88953410"
"2014-08-01 11:07:22","LONG","120","DDD","3D SYSTEMS","48.3692","120","2014-08-06 12:42:54","48.6900","-0.08","-27.83","2014-08-05 14:13:00","12","46.0500","36.60","88882063"
"2014-08-05 15:30:50","LONG","40","ASPS","ALTISOURCE PORTFOLIO","83.7707","40","2014-08-06 10:21:09","86.2413","-0.00","-0.30","2014-08-05 15:45:00","4","83.6950","98.20","88933708"
"2014-07-31 12:50:39","LONG","150","CODE","SPANSION","19.0637","150","2014-08-05 15:18:31","18.8601","-0.03","-10.56","2014-08-01 12:51:00","15","18.3600","-34.00","88859825"
"2014-07-31 12:47:16","LONG","100","SAFM","SANDERSON FARMS","92.1960","100","2014-08-01 11:04:09","92.6144","-0.06","-21.56","2014-08-01 09:31:00","10","90.0400","40.00","88859719"
"2014-07-29 13:53:52","LONG","120","TUP","TUPPERWARE BRANDS","72.1785","120","2014-07-31 10:01:38","73.3629","-0.01","-3.34","2014-07-29 14:29:00","12","71.9003","139.60","88812899"
"2014-07-17 15:12:23","LONG","140","PDCE","PDC ENERGY","55.2057","140","2014-07-30 09:58:31","55.2040","-0.20","-68.96","2014-07-28 10:10:00","14","50.2800","-2.80","88631344"
"2014-07-23 15:32:43","LONG","100","MON","MONUMENT CIRCLE ACQUISITION CORP. CLASS A","116.5284","100","2014-07-29 15:30:21","114.6662","-0.08","-25.98","2014-07-29 11:35:00","10","113.9300","-188.00","88719702"
"2014-07-28 15:09:51","LONG","100","MAN","MANPOWERGROUP","79.1507","100","2014-07-29 09:57:36","80.2202","-0.00","-0.31","2014-07-28 15:12:00","10","79.1200","105.00","88793027"
"2014-07-25 15:45:42","LONG","100","SYNA","SYNAPTICS","75.6265","100","2014-07-29 09:55:22","75.9538","-0.07","-24.06","2014-07-28 12:31:00","10","73.2200","31.00","88770439"
"2014-07-25 15:44:10","LONG","120","TUP","TUPPERWARE BRANDS","73.8598","120","2014-07-28 15:06:17","73.9163","-0.00","-1.56","2014-07-28 09:35:00","12","73.7300","4.60","88770358"
"2014-06-19 10:13:05","LONG","120","OUTR","OUTERWALL INC","61.9667","120","2014-07-28 14:45:32","52.9650","-0.33","-109.40","2014-07-28 12:12:00","12","52.8500","-1082.40","88188283"
"2014-07-24 14:22:52","LONG","150","KNDI","KANDI TECHNOLGIES GROUP INC C","17.2963","150","2014-07-25 15:44:53","17.3817","-0.04","-14.34","2014-07-24 16:01:00","15","16.3400","10.00","88740829"
"2014-07-22 12:08:35","LONG","130","RRC","RANGE RESOURCES","76.2441","130","2014-07-23 15:32:57","77.1453","-0.00","-0.83","2014-07-23 10:01:00","13","76.1800","114.40","88695188"
"2014-07-14 13:09:49","LONG","140","CHUY","CHUY'S HOLDINGS","28.2468","140","2014-07-23 12:24:43","29.2209","-0.13","-43.22","2014-07-21 10:37:00","14","25.1600","133.20","88563505"
"2014-07-21 15:47:40","LONG","120","MNST","MONSTER BEVERAGE","64.7635","120","2014-07-22 10:24:48","65.8208","-0.01","-1.72","2014-07-21 15:51:00","12","64.6200","124.60","88678875"
"2014-07-18 14:19:21","LONG","100","LGND","LIGAND PHARMACEUTICALS","51.4834","100","2014-07-21 13:54:03","51.8305","-0.04","-12.13","2014-07-21 10:11:00","10","50.2700","33.00","88653925"
"2014-07-17 15:31:44","LONG","120","INCY","INCYTE","45.2572","120","2014-07-18 12:46:56","46.4715","-0.01","-2.37","2014-07-18 09:49:00","12","45.0600","143.60","88631848"
"2014-07-17 15:21:59","LONG","130","CAB","CABELA'S","56.7194","130","2014-07-18 09:44:33","57.4814","-0.00","-0.25","2014-07-17 15:46:00","13","56.7000","96.40","88631653"
"2014-07-10 10:01:37","LONG","120","FNGN","FINANCIAL ENGINES INC.","38.6386","120","2014-07-17 15:31:11","37.0979","-0.08","-26.02","2014-07-15 11:05:00","12","36.4700","-187.40","88517674"
"2014-06-24 14:49:49","LONG","130","SODA","SODASTREAM INTERNATIONAL","34.6912","130","2014-07-17 15:20:33","28.7140","-0.23","-77.70","2014-07-17 15:20:33","0","28.7140","-779.60","88259530"
"2014-07-16 14:57:26","LONG","260","ROST","ROSS STORES","31.3350","260","2014-07-17 15:11:18","31.1850","-0.03","-10.87","2014-07-17 09:31:00","13","61.8300","-44.20","88609771"
"2014-07-15 15:15:07","LONG","130","PDCE","PDC ENERGY","56.4189","130","2014-07-16 13:11:38","57.0872","-0.01","-4.41","2014-07-15 15:54:00","13","56.0800","84.40","88589027"
"2014-07-11 14:57:01","LONG","100","WCC","WESCO INTERNATIONAL","83.4078","100","2014-07-14 13:09:10","84.2017","-0.00","-1.68","2014-07-11 15:46:00","10","83.2400","77.00","88543367"
"2014-07-07 15:53:18","LONG","160","RKT","ROCKET COMPANIES INC","50.8440","160","2014-07-11 14:55:46","50.3420","-0.06","-21.31","2014-07-10 09:48:00","8","99.0250","-83.20","88462532"
"2014-07-08 13:40:09","LONG","90","FSLR","FIRST SOLAR INC","64.2895","90","2014-07-09 09:57:06","65.3646","-0.01","-2.97","2014-07-08 15:02:00","9","63.9600","95.20","88480922"
"2014-07-02 15:31:21","LONG","80","LMT","LOCKHEED MARTIN","158.7688","80","2014-07-03 10:08:14","159.9555","-0.00","-0.15","2014-07-02 15:40:00","8","158.7500","93.40","88404435"
"2014-06-30 14:55:34","LONG","140","RTN","RAYTHEON COMPANY","92.5561","140","2014-07-01 12:30:48","93.4908","-0.09","-30.61","2014-07-01 09:38:00","14","90.3700","128.20","88358941"
"2014-06-06 15:11:11","LONG","180","TSN","TYSON FOODS","40.0780","180","2014-06-30 13:32:52","37.0152","-0.27","-93.20","2014-06-16 13:22:00","18","34.9000","-554.60","87978759"
"2014-06-27 15:24:21","LONG","120","PDCE","PDC ENERGY","61.6745","120","2014-06-30 10:17:18","62.6092","-0.00","-0.53","2014-06-27 15:24:21","12","61.6300","109.60","88332222"
"2014-06-23 13:04:23","LONG","130","DORM","DORMAN PRODUCTS","49.2067","130","2014-06-27 12:42:34","49.4470","-0.07","-22.45","2014-06-25 09:31:00","13","47.4800","28.40","88235861"
"2014-06-26 15:17:51","LONG","234.800000000","DISCA","DISCOVERY COMMUNICATIONS","37.0970","234.800000000","2014-06-27 10:32:32","37.3940","-0.03","-11.37","2014-06-27 09:31:00","12","71.6500","65.30","88308791"
"2014-06-25 12:32:57","LONG","130","MTZ","MASTEC","28.4087","130","2014-06-26 09:35:26","29.7264","-0.00","-1.02","2014-06-25 12:37:00","13","28.3300","168.40","88282143"
"2014-06-20 14:40:43","LONG","234.800000000","DISCA","DISCOVERY COMMUNICATIONS","37.6950","234.800000000","2014-06-23 10:08:55","38.0280","-0.02","-5.50","2014-06-23 09:37:00","12","73.3100","73.30","88214541"
"2014-06-18 11:22:17","LONG","120","VRTX","VERTEX","64.8190","120","2014-06-23 10:08:42","65.9424","-0.04","-13.67","2014-06-19 13:45:00","12","63.6800","132.60","88168933"
"2014-06-16 12:56:59","LONG","120","DORM","DORMAN PRODUCTS","50.7225","120","2014-06-19 09:33:09","50.5530","-0.05","-18.27","2014-06-17 12:40:00","12","49.2000","-22.40","88126918"
"2014-06-16 12:12:03","LONG","120","CBI","CHICAGO BRDGE & IRON","73.3085","120","2014-06-19 09:32:42","70.4576","-0.25","-84.46","2014-06-18 10:42:00","12","66.2700","-344.40","88126117"
"2014-06-10 14:50:07","LONG","140","DMND","DIAMOND FOODS INC","27.6863","140","2014-06-18 09:47:54","27.7761","-0.10","-35.79","2014-06-16 11:15:00","14","25.1300","10.20","88032978"
"2014-06-12 12:14:31","LONG","120","UAL","UNITED AIRLINES HOLDINGS INC","42.7454","120","2014-06-13 14:36:08","43.0483","-0.04","-13.74","2014-06-12 15:12:00","12","41.6000","33.60","88078449"
"2014-06-12 14:43:36","LONG","100","RRC","RANGE RESOURCES","87.5490","100","2014-06-13 14:35:47","88.3178","-0.01","-3.99","2014-06-12 15:31:00","10","87.1500","75.00","88081989"
"2014-06-09 15:11:16","LONG","130","GNRC","GENERAC HOLDINGS","46.6079","130","2014-06-11 09:58:39","47.3300","-0.04","-12.19","2014-06-10 11:18:00","13","45.6700","91.40","88007897"
"2014-06-10 09:55:17","LONG","100","LVS","LAS VEGAS SANDS","71.5060","100","2014-06-11 09:33:52","74.4932","-0.01","-4.06","2014-06-10 10:18:00","10","71.1000","297.00","88024611"
"2014-06-09 15:12:55","LONG","140","AWAY","AMPLIFY TRAVEL TECH ETF","28.5696","140","2014-06-10 09:40:16","29.2960","-0.00","-0.13","2014-06-09 15:14:00","14","28.5600","99.20","88007948"
"2014-06-05 12:41:39","LONG","150","BNNY","ANNIE'S","28.3761","150","2014-06-06 09:58:20","28.4398","-0.02","-7.77","2014-06-05 13:48:00","15","27.8580","7.00","87951066"
"2014-06-04 09:51:41","LONG","90","CLVS","CLOVIS ONCOLOGY","37.5983","90","2014-06-05 09:34:35","40.9408","-0.04","-13.35","2014-06-04 12:47:00","9","36.1154","299.20","87918915"
"2014-06-03 12:25:24","LONG","140","GOLD","GOLD.COM INC","72.8508","140","2014-06-05 09:33:26","73.7610","-0.01","-3.79","2014-06-03 14:00:00","14","72.5800","124.20","87901048"
"2014-06-02 11:32:30","LONG","170","MPAA","MOTORCAR PARTS OF AMERICA","22.8527","170","2014-06-03 12:24:15","22.8387","-0.04","-12.29","2014-06-03 09:31:00","17","22.1300","-5.40","87877164"
"2014-05-30 14:54:48","LONG","140","GOLD","GOLD.COM INC","73.1351","140","2014-06-02 12:32:54","73.4777","-0.00","-1.05","2014-05-30 14:56:00","14","73.0600","45.20","87854597"
"2014-05-30 15:40:33","LONG","150","MEOH","METHANEX","57.1888","150","2014-06-02 11:31:57","57.7768","-0.01","-3.88","2014-06-02 10:03:00","15","56.9300","85.00","87855616"
"2014-05-30 12:23:43","LONG","140","RGLD","ROYAL GOLD","62.0106","140","2014-05-30 14:54:59","62.1468","-0.01","-1.97","2014-05-30 12:55:00","14","61.8700","16.20","87851357"
"2014-05-22 10:44:22","LONG","120","PETM","PETSMART","56.2017","120","2014-05-29 15:18:40","56.4816","-0.04","-14.42","2014-05-27 09:35:00","12","55.0000","31.60","87709070"
"2014-05-29 10:34:17","LONG","140","AWAY","AMPLIFY TRAVEL TECH ETF","30.2495","140","2014-05-29 13:21:02","30.9248","-0.00","-0.69","2014-05-29 10:41:00","14","30.2000","92.20","87825760"
"2014-05-27 15:49:03","LONG","130","EW","EDWARDS LIFESCIENCES","79.5994","130","2014-05-28 14:06:14","80.2378","-0.02","-8.18","2014-05-28 09:41:00","13","78.9700","80.40","87784346"
"2014-05-23 10:01:59","LONG","150","MYGN","MYRIAD GENETICS","33.9122","150","2014-05-27 15:48:14","33.9220","-0.04","-13.83","2014-05-23 13:50:00","15","32.9900","-2.00","87732256"
"2014-05-20 12:45:50","LONG","80","ATK","ALLIANT TECHSYSTEMS","124.4930","80","2014-05-23 10:02:18","125.2190","-0.15","-51.06","2014-05-21 12:37:00","8","118.1100","56.40","87660288"
"2014-05-15 15:10:38","LONG","100","PRAA","PRA GROUP INC","52.0821","100","2014-05-22 11:40:55","52.6234","-0.05","-17.92","2014-05-20 13:44:00","10","50.2900","52.00","87593829"
"2014-05-14 12:39:54","LONG","100","SBNY","SIGNATURE BANK","112.7130","100","2014-05-21 10:20:05","113.1900","-0.07","-24.93","2014-05-20 14:10:00","10","110.2200","46.00","87565429"
"2014-05-14 12:47:10","LONG","240","INSY","INSYS THERAPEUTICS INC. COMMO","12.1820","240","2014-05-19 14:05:52","12.7600","-0.14","-46.14","2014-05-15 11:27:00","12","20.5200","134.20","87565548"
"2014-05-16 15:36:24","LONG","120","ANDE","ANDERSONS","45.6833","120","2014-05-19 11:32:51","46.4090","-0.00","-1.24","2014-05-19 09:39:00","12","45.5800","84.60","87616339"
"2014-05-09 12:19:16","LONG","120","XON","INTREXON CORPORATION","13.5497","120","2014-05-12 09:40:04","15.5953","-0.00","-1.20","2014-05-09 12:22:00","12","13.4500","242.60","87491154"
"2014-05-09 12:39:13","LONG","100","EXP","EAGLE MATERIALS","79.8801","100","2014-05-12 09:39:18","81.7612","-0.01","-2.00","2014-05-09 12:50:00","10","79.6800","186.00","87491671"
"2014-05-08 13:06:25","LONG","120","DST","DST SYSTEMS","87.4557","120","2014-05-09 10:25:30","87.5104","-0.08","-24.91","2014-05-08 15:58:00","12","85.3800","4.60","87468250"
"2014-04-24 10:41:32","LONG","100","SINA","SINA","50.4624","100","2014-05-08 13:12:36","47.4810","-0.15","-47.72","2014-05-07 10:16:00","10","45.6900","-300.00","87219182"
"2014-05-06 15:17:23","LONG","140","CRAY","CRAY","26.3765","140","2014-05-08 11:10:17","26.3041","-0.07","-22.21","2014-05-07 10:49:00","14","24.7900","-12.80","87420629"
"2014-05-07 11:44:24","LONG","80","SPLK","SPLUNK INC","46.6556","80","2014-05-08 11:07:50","49.3500","-0.04","-12.28","2014-05-07 12:18:00","8","45.1200","214.40","87441754"
"2014-05-07 14:44:25","LONG","100","TWTR","TWITTER INC","30.3894","100","2014-05-08 10:17:03","31.6001","-0.01","-4.79","2014-05-07 15:06:00","10","29.9100","119.00","87445686"
"2014-05-07 10:17:57","LONG","80","YELP","YELP","50.0029","80","2014-05-07 12:46:15","52.0557","-0.01","-3.54","2014-05-07 10:20:00","8","49.5600","162.40","87438906"
"2014-05-01 14:02:32","LONG","100","CRL","CHARLES RIVER","51.4174","100","2014-05-07 10:18:08","51.4811","-0.06","-18.17","2014-05-02 10:55:00","10","49.6000","4.00","87347257"
"2014-04-25 09:46:06","LONG","140","CREE","CREE","49.5015","140","2014-05-06 14:41:04","46.5744","-0.19","-61.62","2014-04-28 13:26:00","14","45.1000","-412.80","87240498"
"2014-04-28 10:17:23","LONG","80","YY","YY INC.","61.6799","80","2014-05-05 11:06:29","61.7082","-0.16","-52.92","2014-04-30 09:57:00","8","55.0650","0.40","87268293"
"2014-04-30 12:41:24","LONG","70","PNRA","PANERA BREAD COMPANY","152.8510","70","2014-05-01 10:02:22","155.1910","-0.06","-19.68","2014-04-30 13:17:00","7","150.0400","162.60","87321451"
"2014-04-28 12:33:15","LONG","80","EXP","EAGLE MATERIALS","79.2353","80","2014-04-29 11:52:27","80.8685","-0.02","-5.24","2014-04-28 14:07:00","8","78.5800","129.40","87272495"
"2014-04-28 15:14:31","LONG","60","ATHN","ATHENA TECHNOLOGY ACQUISITION CORP","122.5340","60","2014-04-28 15:49:03","123.8920","-0.01","-3.14","2014-04-28 15:16:00","6","122.0100","79.80","87276277"
"2014-04-21 15:18:48","LONG","150","AEM","AGNICO EAGLE MINES LIMITED","27.1363","150","2014-04-23 09:32:02","28.1085","-0.02","-5.04","2014-04-22 10:46:00","15","26.8000","143.00","87155315"
"2014-04-22 14:34:02","LONG","80","ATHN","ATHENA TECHNOLOGY ACQUISITION CORP","132.5440","80","2014-04-23 09:31:48","138.8730","-0.01","-3.47","2014-04-22 15:12:00","8","132.1100","504.40","87177245"
"2014-04-09 15:13:53","LONG","140","PACW","PACWEST BANCORP","42.6100","140","2014-04-21 15:00:56","40.4069","-0.12","-37.45","2014-04-15 13:15:00","14","39.9350","-310.80","86962646"
"2014-04-09 15:44:38","LONG","150","APOL","APOLLO EDUCATION GROUP INC. C","28.5200","150","2014-04-21 15:00:48","28.2277","-0.09","-29.55","2014-04-15 13:03:00","15","26.5500","-47.00","86963454"
"2014-04-17 13:30:57","LONG","100","ULTA","ULTA BEAUTY INC","88.2155","100","2014-04-21 10:06:47","89.4178","-0.03","-9.66","2014-04-17 14:58:00","10","87.2500","118.00","87117383"
"2014-04-15 14:26:56","LONG","120","RTRX","RETROPHIN INC","12.2281","120","2014-04-17 11:25:11","13.4910","-0.02","-7.66","2014-04-15 15:59:00","12","11.5900","149.60","87070518"
"2014-04-14 15:46:57","LONG","100","INCY","INCYTE","43.8615","100","2014-04-16 12:38:46","44.1502","-0.11","-35.61","2014-04-15 13:24:00","10","40.3000","27.00","87045901"
"2014-04-04 10:04:31","LONG","80","WDAY","WORKDAY","85.2277","80","2014-04-15 15:06:55","77.9880","-0.35","-110.54","2014-04-11 15:53:00","8","71.4100","-580.60","86866088"
"2014-04-11 09:53:46","LONG","100","DATA","TABLEAU SOFTWARE INC","64.7197","100","2014-04-14 11:22:53","66.2306","-0.06","-17.20","2014-04-11 15:55:00","10","63.0000","149.00","87009289"
"2014-04-11 09:52:31","LONG","80","NOW","SERVICENOW","50.3982","80","2014-04-14 09:47:34","50.1317","-0.03","-10.07","2014-04-11 10:19:00","8","49.1400","-22.60","87009240"
"2014-04-08 10:55:56","LONG","100","DWRE","DEMANDWARE","53.6126","100","2014-04-09 12:53:09","56.0354","-0.03","-9.43","2014-04-08 15:53:00","10","52.6700","240.00","86925691"
"2014-04-07 15:14:24","LONG","80","PANW","PALO ALTO NETWORKS","59.6084","80","2014-04-08 14:13:47","64.4753","-0.00","-1.27","2014-04-07 15:18:00","8","59.4500","387.40","86904639"
"2014-04-04 09:59:53","LONG","100","SOHU","SOHU.COM","60.7094","100","2014-04-08 09:47:32","61.5648","-0.10","-30.39","2014-04-07 14:24:00","10","57.6700","84.00","86865824"
"2014-04-07 12:58:57","LONG","70","TRIP","TRIPADVISOR","81.0600","70","2014-04-07 15:51:30","83.2046","-0.01","-3.29","2014-04-07 13:56:00","7","80.5900","148.60","86901292"
"2014-03-25 11:59:37","LONG","140","SFLY","SHUTTERFLY","43.7752","140","2014-04-03 10:16:42","43.0634","-0.12","-37.59","2014-03-28 09:31:00","14","41.0900","-102.80","86666137"
"2014-03-21 13:39:15","LONG","180","CAMP","CAMP4 THERAPEUTICS CORPORATION","29.3900","180","2014-04-03 10:08:33","28.6865","-0.24","-73.44","2014-03-27 09:43:00","18","25.3100","-130.60","86612746"
"2014-03-25 12:44:33","LONG","180","LGF","LIONS GATE ENTERTAINMENT","27.1718","180","2014-04-01 09:40:35","27.3786","-0.15","-47.37","2014-03-28 14:13:00","18","24.5400","33.40","86668031"
"2014-03-28 14:24:39","LONG","100","GILD","GILEAD SCIENCES","68.2469","100","2014-03-31 09:39:45","69.7775","-0.01","-4.57","2014-03-28 14:27:00","10","67.7900","151.00","86749561"
"2014-03-26 12:37:10","LONG","100","GTLS","CHART INDUSTRIES","77.2299","100","2014-03-28 12:10:06","78.6843","-0.10","-31.60","2014-03-27 12:32:00","10","74.0700","143.00","86694666"
"2014-03-21 15:36:45","LONG","90","XONE","BONDBLOXX BLOOMBERG 1 YR TARGET DURATION US TREAS","35.6505","90","2014-03-26 11:41:25","35.4065","-0.04","-11.70","2014-03-24 11:17:00","9","34.3501","-23.80","86615384"
"2014-03-24 15:46:04","LONG","130","VEEV","VEEVA SYSTEMS INC","27.0836","130","2014-03-25 10:04:26","28.0500","-0.02","-5.64","2014-03-25 09:34:00","13","26.6500","123.40","86644933"
"2014-03-24 14:08:29","LONG","100","SOHU","SOHU.COM","67.1686","100","2014-03-25 09:43:22","68.5167","-0.02","-4.99","2014-03-24 14:19:00","10","66.6700","133.00","86642243"
"2014-03-24 11:25:16","LONG","80","SCTY","SOLARCITY","60.4116","80","2014-03-24 15:45:28","62.8093","-0.04","-12.89","2014-03-24 12:37:00","8","58.8000","190.40","86637210"
"2014-03-24 09:55:14","LONG","100","GILD","GILEAD SCIENCES","69.9387","100","2014-03-24 12:09:34","72.5444","-0.02","-5.19","2014-03-24 11:06:00","10","69.4200","259.00","86633809"
"2014-03-20 14:58:17","LONG","150","SFLY","SHUTTERFLY","45.4619","150","2014-03-21 11:41:06","45.8806","-0.04","-11.73","2014-03-21 09:54:00","15","44.6800","60.00","86590933"
"2014-03-20 14:25:50","LONG","400","SFUN","FANG HOLDINGS LTD","15.5000","400","2014-03-21 09:35:57","15.7990","-0.07","-21.91","2014-03-20 15:56:00","8","74.7601","112.00","86590473"
"2014-03-20 11:49:36","LONG","150","DLR","DIGITAL REALTY TRUST","49.0730","150","2014-03-20 14:53:55","49.7240","-0.00","-0.79","2014-03-20 11:56:00","15","49.0200","95.00","86586952"
"2014-03-20 09:37:42","LONG","140","ANSS","ANSYS","73.2178","140","2014-03-20 11:35:12","74.2709","-0.01","-3.90","2014-03-20 09:41:00","14","72.9390","144.20","86582333"
"2014-03-17 15:31:37","LONG","140","NXST","NEXSTAR MEDIA GROUP","33.5102","140","2014-03-19 09:38:33","33.9211","-0.06","-18.35","2014-03-18 10:07:00","14","32.1997","55.20","86513767"
"2014-03-13 13:22:50","LONG","100","SOHU","SOHU.COM","72.7006","100","2014-03-17 09:49:41","73.7652","-0.05","-16.31","2014-03-14 09:57:00","10","71.0700","104.00","86457711"
"2014-03-13 13:22:14","LONG","480","INFY","INFOSYS","13.4120","480","2014-03-14 09:38:34","13.7840","-0.00","-0.24","2014-03-13 14:07:00","12","53.6300","169.40","86457693"
"2014-03-12 14:41:46","LONG","140","SYNA","SYNAPTICS","59.0049","140","2014-03-13 09:36:16","59.9740","-0.01","-3.57","2014-03-12 14:59:00","14","58.7501","133.20","86432400"
"2014-03-10 12:26:04","LONG","100","SCTY","SOLARCITY","75.2710","100","2014-03-12 10:38:38","76.1752","-0.10","-30.91","2014-03-11 15:16:00","10","72.1800","88.00","86377789"
"2014-03-03 14:58:48","LONG","120","PANW","PALO ALTO NETWORKS","67.8351","120","2014-03-04 09:40:57","69.6264","-0.01","-3.54","2014-03-03 15:56:00","12","67.5400","212.60","86259108"
"2014-02-28 10:07:29","LONG","100","MWE","MARKWEST ENERGY PARTNERS","63.4956","100","2014-03-03 10:35:08","64.2974","-0.06","-18.96","2014-03-03 09:31:00","10","61.6000","78.00","86224307"
"2014-02-28 10:05:55","LONG","50","QCOR","QUESTCOR PHARMACEUTICALS","62.6952","50","2014-03-03 09:54:20","64.4268","-0.05","-14.23","2014-03-03 09:31:00","5","59.8500","86.00","86224256"
"2014-02-26 15:56:48","LONG","100","SBAC","SBA COMMUNICATIONS","92.9800","100","2014-02-27 10:45:52","95.1471","-0.01","-2.60","2014-02-26 16:00:00","10","92.7200","215.00","86182858"
"2014-02-25 14:42:34","LONG","120","NTES","NETEASE","67.4654","120","2014-02-26 10:42:26","68.9183","-0.04","-12.06","2014-02-25 15:49:00","12","66.4600","171.60","86158649"
"2014-02-20 15:23:55","LONG","150","GDP","GOODRICH PETROLEUM CORP","12.4099","150","2014-02-21 11:26:53","12.7847","-0.02","-5.77","2014-02-21 09:54:00","15","12.0250","53.00","86088956"
"2014-02-20 15:49:34","LONG","120","SM","SM ENERGY","71.7229","120","2014-02-21 11:21:08","73.2114","-0.02","-5.67","2014-02-21 09:58:00","12","71.2500","176.60","86089514"
"2014-02-19 10:23:21","LONG","120","ATLS","ATLAS ENERGY LP","41.4120","120","2014-02-20 15:43:26","41.9135","-0.04","-10.70","2014-02-20 14:22:00","12","40.5200","57.60","86058066"
"2014-02-18 15:40:22","LONG","70","KSU","KANSAS CITY SOUTHERN","91.7177","70","2014-02-19 09:57:00","92.7021","-0.01","-3.62","2014-02-19 09:31:00","7","91.2000","67.60","86042472"
"2014-02-12 15:15:37","LONG","130","RAX","RACKSPACE HOSTING","31.1500","130","2014-02-13 10:01:14","32.2300","-0.00","-0.39","2014-02-12 15:17:00","13","31.1200","137.40","85756274"
"2014-01-31 11:32:05","LONG","100","ESI","ELEMENT SOLUTIONS INC","30.3624","100","2014-02-12 10:05:52","30.2136","-0.11","-31.02","2014-02-04 10:57:00","10","27.2600","-17.00","85519682"
"2014-01-31 11:30:41","LONG","120","TUP","TUPPERWARE BRANDS","77.9500","120","2014-02-11 14:08:46","78.1700","-0.14","-39.60","2014-02-06 09:32:00","12","74.6500","23.60","85519622"
"2014-02-07 10:21:13","LONG","120","MDSO","MEDIDATA SOLUTIONS","51.1733","120","2014-02-07 12:02:22","52.0500","-0.03","-8.08","2014-02-07 10:41:00","12","50.5000","102.60","85661319"
"2014-01-31 11:31:21","LONG","120","BEN","FRANKLIN RESOURCES INC","51.1748","120","2014-02-06 14:17:51","51.2480","-0.05","-15.06","2014-02-05 10:26:00","12","49.9200","6.60","85519662"
"2014-02-05 15:41:50","LONG","100","BA","BOEING","121.4100","100","2014-02-06 11:56:04","121.9500","-0.00","-0.50","2014-02-05 15:56:00","10","121.3600","52.00","85609284"
"2014-02-05 11:30:17","LONG","120","DOV","DOVER CORP","82.5344","120","2014-02-06 10:08:17","83.5507","-0.00","-0.77","2014-02-05 14:58:00","12","82.4700","119.60","85603746"
"2014-01-22 15:04:04","LONG","130","TJX","TJX COMPANIES","59.3599","130","2014-02-05 15:35:01","57.8013","-0.16","-46.02","2014-02-05 09:32:00","13","55.8200","-205.60","85312324"
"2014-02-03 14:11:01","LONG","100","DOV","DOVER CORP","83.2804","100","2014-02-04 14:50:47","83.7141","-0.03","-8.10","2014-02-04 09:31:00","10","82.4700","41.00","85554758"
"2014-01-30 15:25:24","LONG","100","MAN","MANPOWERGROUP","77.8459","100","2014-01-31 11:25:48","78.3542","-0.04","-10.71","2014-01-31 09:34:00","10","76.7750","49.00","85495653"
"2014-01-29 15:46:57","LONG","100","TUP","TUPPERWARE BRANDS","78.8951","100","2014-01-30 11:54:58","79.7809","-0.02","-7.05","2014-01-30 10:08:00","10","78.1900","87.00","85466581"
"2014-01-23 15:50:41","LONG","100","TDW","TIDEWATER","52.7100","100","2014-01-29 13:19:25","52.1742","-0.09","-24.40","2014-01-27 12:37:00","10","50.2700","-56.00","85342691"
"2014-01-27 13:54:00","LONG","100","BYI","BALLY TECHNOLOGIES","73.2745","100","2014-01-28 11:21:26","74.5361","-0.00","-0.34","2014-01-27 13:54:00","10","73.2400","124.00","85399873"
"2014-01-27 13:19:29","LONG","120","ANIK","ANIKA THERAPEUTICS","31.6305","120","2014-01-28 09:47:56","33.0944","-0.01","-1.45","2014-01-27 13:24:00","12","31.5100","173.60","85398924"
"2014-01-24 12:10:04","LONG","100","SINA","SINA","70.4900","100","2014-01-28 09:35:23","72.2598","-0.11","-31.80","2014-01-27 10:42:00","10","67.3100","175.00","85365599"
"2014-01-13 15:02:42","LONG","100","BBBY","BED BATH & BEYOND INC","68.1137","100","2014-01-27 13:50:17","64.7628","-0.14","-37.49","2014-01-27 13:01:00","10","64.3650","-337.00","85139837"
"2014-01-08 15:06:35","LONG","120","TAL","TAL EDUCATION GROUP","49.9478","120","2014-01-27 13:18:36","44.0925","-0.27","-73.65","2014-01-27 13:03:00","12","43.8100","-705.40","85061263"
"2014-01-23 11:11:57","LONG","100","GNC","GNC ACQUISITION HOLDINGS","50.4994","100","2014-01-23 15:16:56","52.4012","-0.00","-0.49","2014-01-23 11:13:00","10","50.4500","188.00","85334730"
"2014-01-21 13:10:19","LONG","424.200000000","SKX","SKECHERS USA","8.9250","424.200000000","2014-01-22 14:59:40","9.1440","-0.01","-3.71","2014-01-21 15:43:00","14","26.7800","84.52","85284044"
"2014-01-17 10:39:19","LONG","100","DECK","DECKERS OUTDOOR CORP","76.5699","100","2014-01-21 13:22:24","77.0970","-0.06","-16.90","2014-01-17 16:00:00","10","74.8800","51.00","85237442"
"2014-01-17 10:37:16","LONG","100","SINA","SINA","76.3900","100","2014-01-21 09:37:16","76.8811","-0.07","-19.10","2014-01-17 15:35:00","10","74.4800","47.00","85237396"
"2014-01-13 15:52:34","LONG","100","SFLY","SHUTTERFLY","43.6856","100","2014-01-17 09:48:27","45.0830","-0.02","-4.76","2014-01-15 11:28:00","10","43.2100","138.00","85141099"
"2014-01-15 15:37:05","LONG","120","BPT","BP PRUDHOE BAY","74.6713","120","2014-01-16 15:45:32","74.9687","-0.18","-50.06","2014-01-16 11:23:00","12","70.5000","33.60","85193274"
"2014-01-15 12:38:50","LONG","100","LAD","LITHIA MOTORS","58.5965","100","2014-01-15 15:44:00","60.0444","-0.01","-1.66","2014-01-15 12:45:00","10","58.4300","143.00","85189665"
"2014-01-10 10:11:51","LONG","100","SHLD","GLOBAL X DEFENSE TECH ETF","36.9493","100","2014-01-15 10:05:07","36.9963","-0.10","-27.39","2014-01-14 10:50:00","10","34.2100","3.00","85105218"
"2014-01-09 11:45:31","LONG","120","WFM","WHOLE FOODS MARKET","53.0829","120","2014-01-14 10:43:14","53.4619","-0.04","-11.19","2014-01-13 15:08:00","12","52.1500","42.60","85081333"
"2014-01-09 10:00:09","LONG","100","CTRP","CTRIP.COM INTERNATIONAL","40.1979","100","2014-01-13 15:02:03","39.5860","-0.10","-27.88","2014-01-10 10:14:00","10","37.4100","-63.00","85077784"
"2014-01-10 12:15:35","LONG","120","ARMH","ARM HOLDINGS PLC ADR HEDGED","47.3938","120","2014-01-13 11:04:40","48.1875","-0.02","-6.29","2014-01-10 12:19:00","12","46.8700","92.60","85108968"
"2013-12-11 10:08:16","LONG","100","DGX","QUEST DIAGNOSTICS","56.5235","100","2014-01-10 12:14:54","53.7519","-0.17","-46.24","2014-01-06 14:19:00","10","51.9000","-279.00","84542485"
"2014-01-03 10:58:37","LONG","100","IOC","INTEROIL CORP","47.6154","100","2014-01-09 11:41:30","47.7098","-0.14","-37.65","2014-01-07 11:04:00","10","43.8500","7.00","84980910"
"2014-01-08 13:10:12","LONG","120","GPOR","GULFPORT ENERGY CORP","53.7488","120","2014-01-09 10:02:28","54.2564","-0.03","-9.47","2014-01-09 09:38:00","12","52.9600","58.60","85058834"
"2014-01-07 14:20:13","LONG","150","KMX","CARMAX","44.9490","150","2014-01-09 09:43:56","45.3646","-0.01","-3.73","2014-01-08 11:13:00","15","44.7000","59.00","85033966"
"2013-12-30 13:20:45","LONG","100","SODA","SODASTREAM INTERNATIONAL","49.3074","100","2014-01-08 09:41:16","50.2884","-0.10","-28.07","2014-01-07 10:29:00","10","46.5000","96.00","84897014"
"2014-01-03 15:54:00","LONG","100","RRGB","RED ROBIN GOURMET BURGERS","69.2428","100","2014-01-07 09:56:33","70.0013","-0.03","-8.13","2014-01-06 14:20:00","10","68.4300","74.00","84987023"
"2014-01-06 15:33:40","LONG","100","CTRP","CTRIP.COM INTERNATIONAL","44.4493","100","2014-01-07 09:36:09","45.6655","-0.00","-0.69","2014-01-06 16:00:00","10","44.3800","120.00","85012173"
"2013-12-05 11:16:20","LONG","100","SHLD","GLOBAL X DEFENSE TECH ETF","51.6600","100","2014-01-06 15:29:36","45.0700","-0.32","-85.90","2013-12-18 14:01:00","10","43.0700","-661.00","84442242"
"2013-12-27 11:14:56","LONG","80","TXTR","TEXTURA CORP","29.9918","80","2014-01-03 10:20:01","30.6431","-0.03","-9.61","2013-12-30 09:41:00","8","28.7900","50.40","84866504"
"2013-12-24 11:01:41","LONG","120","NSM","NATIONSTAR MORTGAGE","36.0099","120","2013-12-27 11:11:38","36.9599","-0.01","-2.04","2013-12-26 09:31:00","12","35.8401","111.60","84810734"
"2013-12-19 11:43:18","LONG","100","GOLD","GOLD.COM INC","62.7459","100","2013-12-26 09:41:16","63.4559","-0.07","-18.46","2013-12-20 10:26:00","10","60.9000","69.00","84727920"
"2013-12-17 14:22:00","LONG","40","PCYC","PHARMACYCLICS INC","101.8900","40","2013-12-20 11:32:10","105.2410","-0.07","-19.52","2013-12-18 09:31:00","4","97.0106","133.20","84677005"
"2013-12-16 15:47:20","LONG","120","LULU","LULULEMON ATHLETICA","57.6115","120","2013-12-17 14:17:22","58.8533","-0.01","-1.46","2013-12-17 09:37:00","12","57.4900","146.60","84652375"
"2013-12-12 10:10:06","LONG","130","TRLA","TELARIA INC","27.1948","130","2013-12-12 12:10:31","28.1300","-0.01","-4.08","2013-12-12 10:22:00","13","26.8811","119.40","84578887"
"2013-12-10 15:32:15","LONG","100","FIVE","FIVE BELOW INC","43.0800","100","2013-12-12 12:07:03","43.7271","-0.05","-14.30","2013-12-12 09:50:00","10","41.6500","63.00","84524866"
"2013-12-04 10:55:21","LONG","120","RAX","RACKSPACE HOSTING","34.7181","120","2013-12-12 11:01:19","35.1307","-0.09","-25.18","2013-12-09 12:49:00","12","32.6200","47.60","84416233"
"2013-12-09 15:51:38","LONG","100","ULTA","ULTA BEAUTY INC","90.1500","100","2013-12-10 10:10:47","91.0500","-0.03","-7.30","2013-12-10 09:31:00","10","89.4200","88.00","84500775"
"2013-12-03 09:37:28","LONG","80","GOLD","GOLD.COM INC","65.7800","80","2013-12-04 12:31:12","67.3429","-0.01","-3.76","2013-12-03 10:32:00","8","65.3100","123.40","84389089"
"2013-11-27 09:51:28","LONG","120","TEG","INTEGRYS ENERGY GROUP","53.7074","120","2013-12-04 10:40:00","54.1618","-0.02","-6.45","2013-12-02 10:14:00","12","53.1700","52.60","84306556"
"2013-12-03 10:28:27","LONG","120","RAX","RACKSPACE HOSTING","34.9327","120","2013-12-04 09:37:47","35.4149","-0.01","-2.67","2013-12-03 10:45:00","12","34.7100","55.60","84390693"
"2013-11-26 11:42:31","LONG","100","TRLA","TELARIA INC","34.3762","100","2013-11-29 12:00:21","34.4899","-0.01","-3.66","2013-11-27 13:39:00","10","34.0100","9.00","84287282"
"2013-11-22 15:33:05","LONG","130","RAX","RACKSPACE HOSTING","38.3794","130","2013-11-29 11:59:49","38.3973","-0.09","-24.30","2013-11-25 10:31:00","13","36.5100","-0.60","84244027"
"2013-11-25 10:35:26","LONG","100","GOLD","GOLD.COM INC","68.7070","100","2013-11-29 09:50:05","70.5224","-0.04","-11.87","2013-11-25 12:25:00","10","67.5200","180.00","84262143"
"2013-11-21 15:31:44","LONG","120","PDCO","PATTERSON COMPANIES","41.2178","120","2013-11-22 12:27:57","41.5239","-0.03","-8.73","2013-11-22 09:31:00","12","40.4900","34.60","84221090"
"2013-10-30 10:33:52","LONG","120","EW","EDWARDS LIFESCIENCES","66.1775","120","2013-11-22 10:09:00","64.8709","-0.18","-48.09","2013-11-05 14:47:00","12","62.1700","-159.40","83788525"
"2013-11-19 09:38:03","LONG","25","TSLA","TESLA  INC.","122.2890","25","2013-11-21 10:44:52","121.0750","-0.03","-8.07","2013-11-20 15:21:00","2","119.0600","-30.50","84157777"
"2013-11-20 11:08:53","LONG","130","CREE","CREE","53.3446","130","2013-11-21 09:42:59","54.1669","-0.02","-6.43","2013-11-20 11:50:00","13","52.8500","104.40","84187025"
"2013-11-06 11:21:18","LONG","100","VRTX","VERTEX","63.7509","100","2013-11-20 10:11:01","63.9221","-0.21","-56.91","2013-11-12 10:00:00","10","58.0600","15.00","83924897"
"2013-11-14 15:50:00","LONG","120","RAX","RACKSPACE HOSTING","41.6288","120","2013-11-15 11:32:11","42.2483","-0.02","-4.55","2013-11-15 09:31:00","12","41.2500","71.60","84089047"
"2013-10-25 11:55:14","LONG","240","CNC","CENTENE","29.3450","240","2013-11-14 09:44:12","28.7960","-0.16","-43.93","2013-11-07 14:22:00","12","55.0300","-136.80","83715796"
"2013-11-07 11:30:06","LONG","100","JCOM","J2 GLOBAL INC. COMMON STOCK","46.6794","100","2013-11-13 15:13:59","46.1800","-0.12","-30.79","2013-11-08 12:03:00","10","43.6000","-52.00","83949304"
"2013-11-05 11:07:25","LONG","80","OCN","OCWEN FINANCIAL","51.7727","80","2013-11-11 15:07:18","51.5750","-0.08","-22.02","2013-11-07 09:33:00","8","49.0200","-17.60","83900404"
"2013-11-05 11:36:08","LONG","100","RYL","RYLAND GROUP","38.5374","100","2013-11-06 14:48:17","38.8176","-0.06","-15.27","2013-11-06 09:32:00","10","37.0100","26.00","83901529"
"2013-10-22 11:20:49","LONG","130","VECO","VEECO INSTRUMENTS","32.4165","130","2013-11-04 09:36:28","34.6225","-0.18","-48.17","2013-11-01 12:20:00","13","28.7110","284.40","83639778"
"2013-10-24 15:23:00","LONG","140","RRC","RANGE RESOURCES","73.3960","140","2013-10-29 09:55:08","73.9417","-0.04","-11.98","2013-10-25 11:45:00","14","72.5400","73.20","83696499"
"2013-10-23 10:11:06","LONG","100","GPOR","GULFPORT ENERGY CORP","60.5701","100","2013-10-24 11:00:12","62.0874","-0.00","-0.70","2013-10-23 10:40:00","10","60.5000","150.00","83662619"
"2013-10-15 15:16:51","LONG","120","CTXS","CITRIX SYSTEMS","57.2383","120","2013-10-23 15:06:51","55.7536","-0.07","-17.82","2013-10-23 15:06:51","0","55.7536","-180.40","83517560"
"2013-10-21 15:28:50","LONG","100","UNH","UNITEDHEALTH GROUP","68.2000","100","2013-10-22 10:09:37","69.1654","-0.00","-0.80","2013-10-21 15:46:00","10","68.1200","95.00","83620943"
"2013-10-18 15:24:35","LONG","120","ATLS","ATLAS ENERGY LP","46.5799","120","2013-10-21 15:19:04","46.7979","-0.03","-6.96","2013-10-21 12:05:00","12","46.0000","23.60","83590942"
"2013-10-17 15:50:01","LONG","80","GMCR","KEURIG GREEN MOUNTAIN INC. CO","62.4639","80","2013-10-18 10:05:13","64.0776","-0.02","-4.35","2013-10-17 15:58:00","8","61.9200","127.40","83567343"
"2013-09-27 09:58:33","LONG","240","JCP","J.C. PENNEY","9.4562","240","2013-10-15 09:43:08","7.6569","-0.17","-44.79","2013-10-07 09:35:00","24","7.5900","-436.80","83198146"
"2013-10-10 15:23:19","LONG","120","LTD","L BRANDS INC","56.9500","120","2013-10-14 15:08:12","57.2900","-0.10","-26.64","2013-10-11 09:41:00","12","54.7300","38.60","83437714"
"2013-10-11 09:58:15","LONG","100","GMCR","KEURIG GREEN MOUNTAIN INC. CO","67.3800","100","2013-10-14 10:11:21","67.7403","-0.01","-3.80","2013-10-11 10:09:00","10","67.0000","34.00","83457286"
"2013-10-10 15:26:00","LONG","120","SSW","SEASPAN CORPORATION","19.6300","120","2013-10-11 09:31:10","22.3657","-0.01","-1.56","2013-10-10 15:34:00","12","19.5000","325.60","83437807"
"2013-10-09 10:24:31","LONG","80","SRPT","SAREPTA THERAPEUTICS INC. COM","45.6154","80","2013-10-10 12:29:50","47.5715","-0.06","-16.12","2013-10-09 11:24:00","8","43.6000","154.40","83393890"
"2013-10-08 15:21:52","LONG","100","VMW","VMWARE","78.1704","100","2013-10-10 09:42:47","78.5574","-0.05","-12.28","2013-10-09 10:01:00","10","76.9425","37.00","83369468"
"2013-10-09 10:00:08","LONG","100","VRTX","VERTEX","68.9880","100","2013-10-09 10:55:40","70.8447","-0.01","-2.08","2013-10-09 10:07:00","10","68.7800","184.00","83391802"
"2013-09-20 15:30:11","LONG","100","CTRX","CATAMARAN","49.2500","100","2013-10-08 14:55:32","46.8700","-0.18","-48.10","2013-10-03 12:25:00","10","44.4400","-240.00","83072087"
"2013-10-04 15:03:41","LONG","120","LLY","ELI LILLY","48.2500","120","2013-10-08 14:54:55","48.1293","-0.03","-8.64","2013-10-08 09:32:00","12","47.5300","-16.40","83311620"
"2013-09-10 15:43:16","LONG","240","MPC","MARATHON PETROLEUM","34.0550","240","2013-10-04 15:04:18","32.5800","-0.25","-67.20","2013-09-24 09:35:00","12","62.5100","-358.80","82923031"
"2013-10-03 10:58:24","LONG","240","IMAX","IMAX","26.8147","240","2013-10-04 15:03:00","26.9287","-0.04","-11.22","2013-10-03 14:08:00","12","25.8800","22.20","83283699"
"2013-10-02 15:11:28","LONG","100","BAX","BAXTER INTERNATIONAL","63.4540","100","2013-10-03 09:48:36","64.1644","-0.00","-0.94","2013-10-02 15:18:00","10","63.3600","69.00","83268465"
"2013-10-01 15:00:54","LONG","80","PVH","PVH","115.8900","80","2013-10-02 15:06:44","117.0000","-0.04","-10.96","2013-10-02 09:35:00","8","114.5200","87.40","83248028"
"2013-09-20 10:39:32","LONG","130","UNH","UNITEDHEALTH GROUP","71.4000","130","2013-09-25 09:41:20","72.3500","-0.04","-10.14","2013-09-23 09:31:00","13","70.6200","121.40","83066058"
"2013-09-10 10:42:03","LONG","150","UTIW","UTI WORLDWIDE INC","15.3100","150","2013-09-18 15:04:58","15.3500","-0.04","-10.58","2013-09-13 14:50:00","15","14.6050","3.00","82917444"
"2013-09-17 15:19:29","LONG","130","WES","WESTERN MIDSTREAM PARTNERS LP","55.4480","130","2013-09-18 15:04:43","57.3480","-0.01","-3.22","2013-09-18 10:22:00","13","55.2000","244.40","83013464"
"2013-09-16 14:54:04","LONG","140","EZCH","EZCHIP SEMICONDUCTOR","22.1982","140","2013-09-17 09:45:32","23.3929","-0.01","-1.65","2013-09-16 14:56:00","14","22.0800","164.20","82996634"
"2013-09-11 13:28:54","LONG","120","AMBC","AMBAC FINANCIAL GROUP INC. CO","18.4033","120","2013-09-12 09:51:00","19.0826","-0.00","-0.04","2013-09-11 13:30:00","12","18.4000","79.60","82939071"
"2013-09-04 10:56:35","LONG","120","CHD","CHURCH & DWIGHT COMPANY","58.0297","120","2013-09-10 10:41:00","58.5727","-0.08","-20.04","2013-09-05 11:42:00","12","56.3600","62.60","82837921"
"2013-09-06 15:02:34","LONG","70","CONN","CONN'S","53.0107","70","2013-09-09 09:57:38","54.6205","-0.03","-8.12","2013-09-06 15:18:00","7","51.8500","111.60","82881008"
"2013-08-27 10:38:15","LONG","120","ETR","ENTERGY","63.3300","120","2013-09-06 14:58:46","63.0308","-0.08","-20.04","2013-09-04 10:59:00","12","61.6600","-38.40","82722427"
"2013-08-29 15:23:06","LONG","120","WDC","WESTERN DIGITAL","60.6699","120","2013-08-30 10:36:44","61.7848","-0.00","-0.96","2013-08-29 15:35:00","12","60.5900","131.60","82768079"
"2013-08-28 15:52:37","LONG","70","CPA","COPA HOLDINGS SA","124.7760","70","2013-08-29 15:20:24","128.2840","-0.00","-1.16","2013-08-28 16:00:00","7","124.6100","244.60","82749776"
"2013-08-23 15:48:23","LONG","120","DDS","DILLARDS","77.7226","120","2013-08-26 15:05:15","78.0800","-0.00","-1.23","2013-08-26 10:25:00","12","77.6200","40.60","82685933"
"2013-08-09 10:41:18","LONG","100","YRCW","YRC WORLDWIDE","20.5200","100","2013-08-26 15:05:00","18.5500","-0.24","-61.30","2013-08-19 15:57:00","10","14.3900","-199.00","82449591"
"2013-08-16 15:48:33","LONG","60","DUST","DIREXION DAILY GOLD MINERS INDEX BEAR 2X ETF","23.7250","60","2013-08-23 09:36:10","24.4400","-0.03","-8.55","2013-08-20 15:33:00","6","22.3000","41.80","82576619"
"2013-08-20 10:23:52","LONG","80","APA","APA CORP","76.3900","80","2013-08-21 15:26:34","77.5400","-0.01","-2.34","2013-08-20 10:27:00","8","76.0980","90.40","82614770"
"2013-08-21 09:59:38","LONG","120","TSO","TESORO","46.4920","120","2013-08-21 15:21:02","48.2501","-0.01","-2.78","2013-08-21 10:14:00","12","46.2600","208.60","82635041"
"2013-08-20 09:57:49","LONG","100","RYL","RYLAND GROUP","34.6331","100","2013-08-20 15:21:06","36.2000","-0.01","-1.63","2013-08-20 10:01:00","10","34.4700","155.00","82613995"
"2013-08-13 15:27:14","LONG","100","RLGY","REALOGY HOLDINGS","43.5100","100","2013-08-19 15:43:28","41.9201","-0.12","-29.00","2013-08-15 09:33:00","10","40.6100","-161.00","82506381"
"2013-08-14 15:05:49","LONG","120","SBGI","SINCLAIR BROADCAST GROUP","23.9900","120","2013-08-19 09:46:36","24.2100","-0.03","-6.83","2013-08-15 09:52:00","12","23.4210","23.60","82529646"
"2013-08-15 10:23:50","LONG","112.400000000","LBTYA","LIBERTY GLOBAL PLC CLASS A ORD","66.4560","112.400000000","2013-08-16 10:10:41","67.4440","-0.00","-0.18","2013-08-15 10:25:00","10","74.6520","108.75","82546535"
"2013-08-15 10:04:59","LONG","120","RYL","RYLAND GROUP","33.3458","120","2013-08-15 15:05:15","36.8600","-0.01","-1.63","2013-08-15 10:06:00","12","33.2100","419.60","82545621"
"2013-08-07 09:44:12","LONG","100","MON","MONUMENT CIRCLE ACQUISITION CORP. CLASS A","95.0671","100","2013-08-08 15:24:27","97.1757","-0.01","-1.47","2013-08-07 15:55:00","10","94.9200","209.00","82401781"
"2013-08-01 10:59:41","LONG","100","INT","WORLD FUEL SERVICES","35.1100","100","2013-08-02 10:24:46","36.4900","-0.00","-0.20","2013-08-01 11:03:00","10","35.0900","136.00","82311995"
"2013-07-25 10:32:42","LONG","60","KSU","KANSAS CITY SOUTHERN","110.4480","60","2013-08-01 10:13:17","110.4300","-0.08","-19.55","2013-07-31 13:08:00","6","107.1900","-2.20","82187458"
"2013-07-30 11:46:42","LONG","100","SNDK","SANDISK CORPORATION","54.1700","100","2013-07-31 15:23:33","55.2000","-0.04","-10.80","2013-07-30 15:37:00","10","53.0900","101.00","82258062"
"2013-07-26 09:38:42","LONG","100","CAM","AB CALIFORNIA INTERMEDIATE MUNICIPAL ETF","58.2780","100","2013-07-30 15:54:49","58.0000","-0.08","-19.48","2013-07-29 11:20:00","10","56.3300","-30.00","82207454"
"2013-07-26 15:13:06","LONG","100","STX","SEAGATE TECHNOLOGY","41.0600","100","2013-07-30 11:49:43","41.3500","-0.03","-8.60","2013-07-29 15:54:00","10","40.2000","27.00","82215447"
"2013-07-25 15:08:29","LONG","70","BWLD","BUFFALO WILD WINGS","95.4000","70","2013-07-26 10:02:09","96.8240","-0.01","-1.54","2013-07-25 15:14:00","7","95.1800","98.60","82193582"
"2013-07-22 11:11:57","LONG","40","BAP","CREDICORP","115.9980","40","2013-07-23 10:05:24","118.1500","-0.00","-0.59","2013-07-22 12:36:00","4","115.8500","85.20","82113837"
"2013-07-17 10:28:20","LONG","100","CMA","COMERICA","41.0300","100","2013-07-18 10:01:51","41.4900","-0.02","-4.00","2013-07-17 10:54:00","10","40.6300","44.00","82037420"
"2013-07-11 10:31:45","LONG","100","AWAY","AMPLIFY TRAVEL TECH ETF","31.3200","100","2013-07-16 09:58:16","32.0700","-0.04","-8.90","2013-07-15 09:34:00","10","30.4300","73.00","81954047"
"2013-07-11 11:04:11","LONG","100","DWA","DREAMWORKS ANIMATION SKG","24.1800","100","2013-07-12 11:02:40","25.2200","-0.00","-0.35","2013-07-11 11:08:00","10","24.1450","102.00","81955063"
"2013-07-09 15:01:56","LONG","30","BAP","CREDICORP","117.8400","30","2013-07-11 11:34:50","118.3800","-0.07","-17.37","2013-07-10 11:10:00","3","112.0500","15.40","81915602"
"2013-07-09 14:57:45","LONG","100","TGH","TEXTAINER GROUP HOLDINGS","34.6300","100","2013-07-11 10:13:24","35.3500","-0.01","-2.80","2013-07-10 09:31:00","10","34.3500","70.00","81915558"
"2013-07-08 14:46:13","LONG","100","LEN","LENNAR","33.4100","100","2013-07-09 10:02:48","34.0300","-0.02","-4.10","2013-07-08 15:55:00","10","33.0000","60.00","81895150"
"2013-06-27 09:45:57","LONG","80","MON","MONUMENT CIRCLE ACQUISITION CORP. CLASS A","100.2200","80","2013-07-08 11:43:42","98.7200","-0.12","-29.76","2013-07-02 09:31:00","8","96.5000","-121.60","81737694"
"2013-07-05 10:14:15","LONG","70","LNCO","LINNCO","24.1500","70","2013-07-05 14:29:59","27.6200","-0.03","-7.84","2013-07-05 10:34:00","7","23.0300","241.60","81866519"
"2013-07-02 15:02:31","LONG","100","TSO","TESORO","50.4700","100","2013-07-05 11:18:19","51.1200","-0.05","-12.10","2013-07-03 10:01:00","10","49.2600","63.00","81817103"
"2013-06-25 15:09:36","LONG","100","RGLD","ROYAL GOLD","42.2000","100","2013-06-28 12:05:27","41.8300","-0.15","-35.65","2013-06-26 14:45:00","10","38.6350","-39.00","81701422"
"2013-06-27 13:42:42","LONG","100","HAWK","HAWKEYE 360 INC","21.9300","100","2013-06-28 11:12:17","23.1200","-0.01","-1.30","2013-06-27 13:48:00","10","21.8000","117.00","81744993"
"2013-06-26 11:11:04","LONG","100","MOS","MOSAIC","54.3800","100","2013-06-27 09:43:57","54.8600","-0.00","-0.20","2013-06-26 11:13:00","10","54.3600","46.00","81718809"
"2013-06-25 15:06:41","LONG","60","AGN","ALLERGAN INC","85.7100","60","2013-06-26 10:24:35","86.0600","-0.01","-3.12","2013-06-25 16:01:00","6","85.1900","19.80","81701361"
"2013-06-24 11:04:38","LONG","100","ANF","ABERCROMBIE & FITCH","43.9400","100","2013-06-25 09:50:56","44.0700","-0.02","-5.30","2013-06-24 16:00:00","10","43.4100","11.00","81670827"
"2013-06-21 12:07:08","LONG","200","MPC","MARATHON PETROLEUM","35.6200","200","2013-06-25 09:40:49","35.9850","-0.08","-19.30","2013-06-24 13:12:00","10","69.3100","69.00","81644132"
"2013-06-21 10:45:47","LONG","100","LEN","LENNAR","34.0300","100","2013-06-24 15:17:38","35.0900","-0.03","-6.70","2013-06-21 11:05:00","10","33.3600","104.00","81641157"
"2013-06-21 10:45:19","LONG","80","LULU","LULULEMON ATHLETICA","60.6500","80","2013-06-24 15:17:23","61.1500","-0.04","-8.40","2013-06-21 11:55:00","8","59.6000","38.40","81641140"
"2013-06-21 12:07:44","LONG","100","WYN","WYNDHAM WORLDWIDE","53.2600","100","2013-06-24 15:17:02","54.9000","n/a","","","","","162.00","81644176"
"2013-06-20 11:43:59","LONG","102","KMR","KINDER MORGAN MANAGEMENT","75.9500","102","2013-06-21 09:42:35","76.9200","-0.01","-1.90","2013-06-20 11:53:00","10","77.3100","96.96","81617417"
"2013-06-18 15:30:40","LONG","100","BRY","BERRY CORP","42.2400","100","2013-06-19 09:36:57","42.8800","-0.00","-0.20","2013-06-18 15:32:00","10","42.2200","62.00","81562415"
"2013-06-18 15:24:59","LONG","100","LNCO","LINNCO","34.7560","100","2013-06-19 09:36:41","35.7100","-0.01","-1.76","2013-06-18 15:38:00","10","34.5800","93.00","81562274"
"2013-06-17 15:17:08","LONG","100","SIRO","SIRONA DENTAL SYSTEMS","64.1650","100","2013-06-18 15:11:00","65.1800","-0.02","-5.45","2013-06-18 09:45:00","10","63.6200","100.00","81533027"
"2013-06-12 15:51:38","LONG","100","URI","UNITED RENTALS","48.8500","100","2013-06-18 10:37:19","50.6900","-0.03","-6.30","2013-06-13 09:41:00","10","48.2200","182.00","81457002"
"2013-06-12 15:52:26","LONG","30","EQIX","EQUINIX INC. COMMON STOCK REI","188.6300","30","2013-06-14 09:57:32","191.8800","-0.03","-6.18","2013-06-13 10:16:00","3","186.5700","97.40","81457020"
"2013-05-30 14:49:58","LONG","100","RHP","RYMAN HOSPITALITY","37.9500","100","2013-06-12 15:52:42","34.1200","-0.20","-45.55","2013-06-06 13:32:00","10","33.3950","-385.00","81187612"
"2013-06-11 14:35:06","LONG","100","LEN","LENNAR","36.6900","100","2013-06-12 09:48:16","37.1300","-0.01","-1.90","2013-06-11 14:55:00","10","36.5000","42.00","81427081"
"2013-05-29 12:27:25","LONG","100","HCN","WELLTOWER INC","69.7800","100","2013-06-07 12:28:48","67.9300","-0.15","-33.10","2013-06-06 09:33:00","10","66.4700","-187.00","81158277"
"2013-06-06 14:32:19","LONG","100","CTXS","CITRIX SYSTEMS","61.9000","100","2013-06-07 12:28:30","63.4200","-0.01","-1.40","2013-06-06 14:43:00","10","61.7600","150.00","81347343"
"2013-06-06 14:46:23","LONG","50","ALXN","ALEXION PHARMACEUTICALS","92.0550","50","2013-06-07 10:13:54","95.5100","-0.01","-1.23","2013-06-06 15:16:00","5","91.8100","172.00","81347549"
"2013-06-06 14:33:15","LONG","70","MON","MONUMENT CIRCLE ACQUISITION CORP. CLASS A","98.3700","70","2013-06-07 09:33:26","100.5200","-0.00","-0.28","2013-06-06 14:35:00","7","98.3300","149.60","81347367"
"2013-06-05 13:05:29","LONG","80","KMP","KINDER MORGAN ENERGY","81.9700","80","2013-06-06 10:53:14","82.4800","-0.00","-0.32","2013-06-06 09:33:00","8","81.9300","39.40","81320538"
"2013-06-05 10:31:15","LONG","100","LAMR","LAMAR ADVERTISING COMPANY CLAS","43.9300","100","2013-06-06 10:53:00","44.3100","-0.04","-9.20","2013-06-05 14:56:00","10","43.0100","36.00","81314675"
"2013-05-30 12:28:53","LONG","120","PCL","PGIM ETF TRUST PGIM CRP BND 10+ YEAR ETF","47.3269","120","2013-05-31 14:52:33","48.0500","-0.00","-0.80","2013-05-30 12:47:00","12","47.2600","84.60","81184348"
"2013-05-28 14:47:36","LONG","100","DUK","DUKE ENERGY","67.5300","100","2013-05-30 10:06:11","68.1900","-0.06","-13.60","2013-05-29 09:58:00","10","66.1700","64.00","81135425"
"2013-05-29 15:27:13","LONG","100","DTE","DTE ENERGY HOLDING","66.2900","100","2013-05-30 09:41:19","67.5900","-0.00","-0.80","2013-05-29 15:59:00","10","66.2100","128.00","81162829"
"2013-05-28 15:00:55","LONG","130","AMTG","APOLLO RESIDENTIAL","19.4200","130","2013-05-29 15:04:29","19.5500","-0.08","-17.29","2013-05-29 11:05:00","13","18.0901","14.40","81135667"
"2013-05-17 12:14:04","LONG","100","DE","DEERE","87.6200","100","2013-05-28 14:35:40","86.5400","-0.09","-19.70","2013-05-23 09:31:00","10","85.6500","-110.00","80944927"
"2013-05-22 12:15:36","LONG","100","CTRX","CATAMARAN","48.9800","100","2013-05-28 12:17:09","48.1000","-0.07","-16.60","2013-05-24 10:05:00","10","47.3200","-90.00","81033113"
"2013-05-24 10:41:28","LONG","100","IPGP","IPG PHOTONICS","55.3600","100","2013-05-28 10:10:08","57.1400","-0.00","-0.60","2013-05-24 11:05:00","10","55.3000","176.00","81086932"
"2013-05-08 13:18:06","LONG","100","INFI","INFINITY PHARMACEUTICALS","33.2300","100","2013-05-22 11:11:06","23.0900","-0.44","-101.40","2013-05-22 11:11:00","10","23.0900","-1016.00","80761810"
"2013-05-15 15:02:55","LONG","100","DLR","DIGITAL REALTY TRUST","63.9600","100","2013-05-21 10:25:40","64.0900","-0.05","-10.50","2013-05-17 15:02:00","10","62.9100","11.00","80899775"
"2013-05-14 13:20:19","LONG","100","AIRM","AIR METHODS","34.0900","100","2013-05-15 15:01:58","34.7900","-0.00","-0.59","2013-05-14 13:27:00","10","34.0310","68.00","80871591"
"2013-05-14 15:56:07","LONG","200","CTSH","COGNIZANT TECH SOLUTION","31.1150","200","2013-05-15 15:01:44","31.7950","-0.01","-2.20","2013-05-15 09:44:00","10","62.0100","132.00","80875226"
"2013-05-08 15:57:28","LONG","100","LINE","LINEAGE INC.","34.9800","100","2013-05-14 13:13:30","35.6300","-0.03","-7.10","2013-05-09 10:33:00","10","34.2700","63.00","80766090"
"2013-05-07 14:46:54","LONG","100","INFI","INFINITY PHARMACEUTICALS","34.5000","100","2013-05-07 15:09:10","34.6400","-0.01","-2.30","2013-05-07 14:50:00","10","34.2700","12.00","80736093"
"2013-05-02 15:55:35","LONG","100","EVEP","EV ENERGY PARTNER","42.3500","100","2013-05-06 10:46:26","44.4600","-0.10","-23.50","2013-05-03 11:30:00","10","40.0000","209.00","80662021"
"2013-04-23 14:25:31","LONG","200","CTSH","COGNIZANT TECH SOLUTION","32.6600","200","2013-05-03 09:54:42","32.6650","-0.18","-40.30","2013-04-25 16:00:00","10","61.2900","-3.00","80442403"
"2013-04-29 12:00:35","LONG","100","MLNX","MELLANOX TECHNOLOGIES","51.8300","100","2013-05-02 12:12:01","51.9000","-0.06","-13.30","2013-04-30 10:13:00","10","50.5000","5.00","80575181"
"2013-04-18 15:49:45","LONG","120","GLNG","GOLAR LNG","33.3650","120","2013-05-01 09:38:59","33.2000","-0.03","-6.78","2013-04-26 12:26:00","12","32.8000","-22.40","80343032"
"2013-04-18 15:37:28","LONG","100","ROSE","ROSE HILL ACQUISITION CORPORATION CLASS A","42.5700","100","2013-04-29 11:59:45","43.0400","-0.06","-12.60","2013-04-22 09:42:00","10","41.3100","45.00","80342669"
"2013-04-19 10:02:35","LONG","100","SWI","SOLAR WINDS CORP","48.5000","100","2013-04-25 09:46:06","49.6400","-0.02","-4.00","2013-04-22 10:12:00","10","48.1000","112.00","80360325"
"2013-04-12 11:54:12","LONG","80","GOLD","GOLD.COM INC","76.8300","80","2013-04-22 09:55:25","74.0100","-0.37","-82.56","2013-04-17 15:44:00","8","66.5100","-227.60","80211437"
"2013-04-18 15:36:17","LONG","200","WY","WEYERHAEUSER","29.2200","200","2013-04-19 09:42:40","29.7000","-0.00","-0.60","2013-04-18 15:38:00","20","29.1900","92.00","80342632"
"2013-04-17 10:07:35","LONG","140","FNV","FRANCO-NEVADA","35.6400","140","2013-04-18 15:37:50","37.0500","-0.07","-15.54","2013-04-17 15:48:00","14","34.5300","194.20","80296701"
"2013-04-17 13:27:03","LONG","400","CLR","CONTINENTAL RESOURCES","37.1125","400","2013-04-18 09:34:33","37.2950","-0.04","-8.50","2013-04-17 15:46:00","20","73.8000","65.00","80307487"
"2013-04-15 13:12:57","LONG","70","PSX","PHILLIPS 66","57.4800","70","2013-04-17 10:07:40","58.0200","-0.00","-0.07","2013-04-15 13:14:00","7","57.4700","36.60","80243897"
"2013-04-12 10:43:55","LONG","100","JOY","JOY GLOBAL","53.4800","100","2013-04-16 09:48:55","54.1500","-0.05","-11.30","2013-04-15 15:09:00","10","52.3500","65.00","80209167"
"2013-04-15 11:47:08","LONG","130","FNV","FRANCO-NEVADA","35.3900","130","2013-04-16 09:35:11","36.4800","-0.01","-3.12","2013-04-15 15:45:00","13","35.1500","139.40","80239779"
"2013-04-12 11:35:32","LONG","100","SWI","SOLAR WINDS CORP","51.2000","100","2013-04-15 11:47:25","51.6500","-0.01","-2.10","2013-04-12 11:49:00","10","50.9900","43.00","80211118"
"2013-03-15 13:19:44","LONG","120","CLF","CLEVELAND-CLIFFS INC","22.0200","120","2013-04-11 10:11:11","19.6800","-0.23","-48.84","2013-03-27 13:39:00","12","17.9500","-283.40","79734815"
"2013-04-08 10:37:16","LONG","110","AFL","AFLAC","48.7800","110","2013-04-09 12:09:01","49.9900","-0.01","-1.43","2013-04-08 10:46:00","11","48.6500","130.80","80112401"
"2013-04-03 11:59:31","LONG","100","RLGY","REALOGY HOLDINGS","44.5100","100","2013-04-08 09:49:39","44.5600","-0.03","-7.50","2013-04-04 09:45:00","10","43.7600","3.00","80033697"
"2013-04-05 10:28:31","LONG","70","PVH","PVH","104.7400","70","2013-04-05 11:37:24","105.9500","-0.00","-0.49","2013-04-05 10:36:00","7","104.6700","83.60","80085541"
"2013-04-04 10:13:34","LONG","140","SLW","SILVER WHEATON","28.2300","140","2013-04-05 09:44:09","29.1800","-0.00","-0.42","2013-04-04 10:15:00","14","28.2000","130.20","80058499"
"2013-04-03 14:36:36","LONG","160","WLK","WESTLAKE CORP","42.4950","160","2013-04-04 10:13:54","43.5850","-0.00","-0.48","2013-04-03 14:39:00","8","84.9300","170.80","80037912"
"2013-03-21 10:10:05","LONG","80","OXY","OCCIDENTAL PETROLEUM","78.8000","80","2013-04-02 09:55:50","79.9100","-0.06","-12.72","2013-03-26 11:11:00","8","77.2100","87.40","79820021"
"2013-03-26 15:05:57","LONG","200","MDVN","MEDIVATION","21.1050","200","2013-03-28 09:55:22","23.0700","-0.01","-2.30","2013-03-27 10:08:00","10","41.9800","389.00","79899921"
"2013-03-25 13:18:57","LONG","120","RNF","RENTECH NITROGEN PARTNERS LP","32.8800","120","2013-03-26 09:54:33","33.6800","-0.00","-0.96","2013-03-26 09:35:00","12","32.8000","93.60","79873415"
"2013-03-19 10:17:49","LONG","80","EW","EDWARDS LIFESCIENCES","80.6800","80","2013-03-20 13:31:46","80.6800","-0.10","-20.64","2013-03-19 14:22:00","8","78.1000","-1.60","79775805"
"2013-03-08 15:22:38","LONG","100","GLNG","GOLAR LNG","35.2550","100","2013-03-20 13:27:32","35.1300","-0.05","-9.75","2013-03-11 09:46:00","10","34.2800","-15.00","79624505"
"2013-02-27 12:47:57","LONG","100","HUM","HUMANA","68.9199","100","2013-03-15 11:12:38","69.6500","-0.11","-22.70","2013-03-04 11:05:00","10","66.6500","71.00","79449370"
"2013-03-13 15:38:37","LONG","100","EBAY","EBAY","50.7200","100","2013-03-14 09:49:37","52.3200","-0.00","-0.30","2013-03-13 15:38:37","10","50.6900","158.00","79693393"
"2013-03-13 15:38:18","LONG","100","MJN","MEAD JOHNSON NUTRITION","70.5200","100","2013-03-14 09:49:18","71.4000","-0.00","-0.80","2013-03-13 16:00:00","10","70.4400","86.00","79693377"
"2013-03-08 15:22:11","LONG","120","BKU","BANKUNITED","25.3300","120","2013-03-13 15:37:52","25.3900","-0.03","-6.24","2013-03-13 09:50:00","12","24.8100","4.60","79624488"
"2013-03-05 14:26:26","LONG","150","JCP","J.C. PENNEY","15.3500","150","2013-03-12 11:42:47","15.7700","-0.08","-17.25","2013-03-06 10:07:00","15","14.2000","60.00","79549273"
"2013-02-19 12:15:06","LONG","100","RAX","RACKSPACE HOSTING","57.4800","100","2013-03-07 13:56:42","57.1900","-0.33","-67.30","2013-02-22 09:31:00","10","50.7500","-31.00","79285206"
"2013-02-13 14:57:39","LONG","120","CHRW","CH ROBINSON WORLDWIDE","58.7000","120","2013-03-07 13:56:00","56.9800","-0.17","-34.74","2013-02-26 15:36:00","12","55.8050","-208.40","79194723"
"2013-03-05 12:34:43","LONG","160","MDVN","MEDIVATION","22.6900","160","2013-03-07 09:58:19","23.2700","-0.03","-6.64","2013-03-06 13:00:00","8","44.5500","89.80","79547123"
"2013-02-19 10:25:12","LONG","120","CCL","CARNIVAL CORP LTD","36.4800","120","2013-03-01 09:42:34","35.5800","-0.12","-25.32","2013-02-26 11:44:00","12","34.3700","-110.40","79281328"
"2013-02-26 15:25:15","LONG","200","HAIN","HAIN CELESTIAL GROUP","26.9450","200","2013-02-27 12:47:02","27.4100","-0.02","-3.50","2013-02-27 09:46:00","10","53.5400","89.00","79426818"
"2013-02-26 09:40:43","LONG","100","ESV","ESNCO ROWAN PLC","58.9700","100","2013-02-27 11:38:32","59.9000","-0.06","-11.70","2013-02-26 11:49:00","10","57.8000","91.00","79415474"
"2013-02-20 11:52:16","LONG","120","FNV","FRANCO-NEVADA","48.4854","120","2013-02-26 11:39:10","48.8500","-0.09","-17.70","2013-02-22 09:37:00","12","47.0100","41.60","79310539"
"2013-02-22 13:14:46","LONG","120","RNF","RENTECH NITROGEN PARTNERS LP","37.2600","120","2013-02-26 09:40:06","38.3500","-0.03","-5.88","2013-02-25 09:46:00","12","36.7700","128.60","79364784"
"2013-02-21 10:13:00","LONG","80","DE","DEERE","86.3400","80","2013-02-22 13:14:06","87.4200","-0.01","-2.00","2013-02-21 10:20:00","8","86.0900","84.40","79335975"
"2013-01-31 10:35:35","LONG","80","LMT","LOCKHEED MARTIN","88.0500","80","2013-02-20 11:51:40","88.1500","-0.08","-17.36","2013-02-14 09:35:00","8","85.8800","6.40","78955400"
"2013-02-12 13:08:49","LONG","120","RNF","RENTECH NITROGEN PARTNERS LP","42.5400","120","2013-02-13 13:45:08","43.0405","-0.06","-11.52","2013-02-13 09:31:00","12","41.5800","57.60","79167474"
"2013-02-11 11:19:46","LONG","80","MCO","MOODY'S","45.1300","80","2013-02-12 09:50:39","46.2143","-0.02","-3.20","2013-02-11 12:07:00","8","44.7300","85.40","79138955"
"2013-01-28 15:14:39","LONG","120","ELLI","ELLIE MAE","21.5099","120","2013-02-12 09:46:10","21.2305","-0.17","-34.80","2013-02-05 14:39:00","12","18.6100","-36.40","78887745"
"2013-02-06 15:04:23","LONG","100","NOV","NATIONAL OILWELL VARCO INC.","66.5900","100","2013-02-07 11:43:55","67.2600","-0.01","-2.70","2013-02-06 15:13:00","10","66.3200","65.00","79069943"
"2013-02-05 14:11:34","LONG","40","AVB","AVALONBAY COMMUNITIES","125.8600","40","2013-02-06 15:42:03","128.2100","-0.00","-0.40","2013-02-05 14:15:00","4","125.7600","93.20","79041644"
"2013-01-22 14:30:53","LONG","100","CYBX","CYBERONICS INC","47.9599","100","2013-02-04 10:43:29","47.8800","-0.28","-56.50","2013-01-25 15:29:00","10","42.3100","-10.00","78784729"
"2013-01-15 15:37:23","LONG","80","NILE","BITNILE HOLDINGS INC","33.8586","80","2013-01-29 09:58:57","33.3814","-0.09","-17.55","2013-01-25 11:35:00","8","31.6650","-39.60","78663663"
"2013-01-24 15:50:22","LONG","100","FNV","FRANCO-NEVADA","52.7171","100","2013-01-29 09:53:33","52.8600","-0.08","-16.37","2013-01-25 13:31:00","10","51.0800","12.00","78836164"
"2013-01-18 11:12:19","LONG","100","AMGN","AMGEN","82.0000","100","2013-01-23 09:51:47","84.2686","-0.02","-4.40","2013-01-22 09:52:00","10","81.5600","225.00","78733519"
"2013-01-07 15:29:13","LONG","70","NOW","SERVICENOW","27.2560","70","2013-01-17 10:10:42","27.4808","-0.06","-12.01","2013-01-09 09:51:00","7","25.5400","14.60","78513523"
"2013-01-09 13:26:00","LONG","100","APOL","APOLLO EDUCATION GROUP INC. C","19.6457","100","2013-01-15 10:44:44","19.6800","-0.04","-8.06","2013-01-10 10:42:00","10","18.8400","1.00","78557940"
"2013-01-14 14:43:32","LONG","80","FIRE","SOURCEFIRE","41.4400","80","2013-01-15 10:44:29","42.8872","-0.03","-5.52","2013-01-15 09:31:00","8","40.7500","114.40","78636955"
"2013-01-11 09:52:39","LONG","100","FIO","FUSION-IO","19.6800","100","2013-01-14 14:42:00","20.9600","-0.02","-3.40","2013-01-11 10:00:00","10","19.3400","126.00","78599489"
"2013-01-10 14:52:45","LONG","50","ULTA","ULTA BEAUTY INC","93.2600","50","2013-01-11 09:35:21","93.5586","-0.00","-0.20","2013-01-10 14:54:00","5","93.2201","14.00","78583031"
"2013-01-07 15:32:36","LONG","50","TSO","TESORO","40.1799","50","2013-01-08 15:47:20","41.3600","-0.01","-1.50","2013-01-08 09:34:00","5","39.8800","58.00","78513630"
"2012-12-11 15:43:43","LONG","80","DKS","DICK'S SPORTING GOODS","48.8100","80","2013-01-04 10:59:07","47.3500","-0.18","-36.52","2012-12-26 12:24:00","8","44.2450","-118.60","78101617"
"2012-12-27 11:47:14","LONG","70","TIF","TIFFANY & CO.","56.2200","70","2012-12-28 14:11:04","56.9600","-0.01","-1.61","2012-12-28 10:12:00","7","55.9900","50.60","78350057"
"2012-12-24 10:40:30","LONG","60","HLF","HERBALIFE","25.5300","60","2012-12-26 10:38:12","27.8500","-0.01","-2.10","2012-12-24 11:13:00","6","25.1800","137.80","78301837"
"2012-12-20 14:40:17","LONG","7","ISRG","INTUITIVE SURGICAL","496.2600","7","2012-12-21 12:21:42","500.1200","-0.07","-14.01","2012-12-21 09:34:00","1","476.2500","26.86","78263052"
"2012-12-17 14:13:48","LONG","70","CAB","CABELA'S","41.7500","70","2012-12-20 12:24:09","42.0200","-0.12","-23.17","2012-12-19 10:14:00","7","38.4400","17.60","78194901"
"2012-12-18 15:38:48","LONG","70","RGR","STURM RUGER","40.5800","70","2012-12-19 09:40:43","41.7100","-0.01","-1.96","2012-12-18 15:40:00","7","40.3000","77.60","78218941"
"2012-12-06 15:34:10","LONG","70","NTES","NETEASE","40.0500","70","2012-12-19 09:40:19","40.6609","-0.11","-21.35","2012-12-10 15:14:00","7","37.0000","41.60","78028618"
"2012-12-07 12:43:28","LONG","100","FRAN","FRANCESCAS HOLDINGS","23.6800","100","2012-12-13 09:36:40","23.8500","-0.07","-13.70","2012-12-10 15:28:00","10","22.3100","15.00","78047891"
"2012-12-04 12:16:59","LONG","120","DVA","DAVITA INC","53.4700","120","2012-12-11 10:14:23","53.7250","-0.08","-14.88","2012-12-05 10:08:00","6","104.4600","28.60","77975471"
"2012-11-29 15:49:23","LONG","80","SHLD","GLOBAL X DEFENSE TECH ETF","43.1200","80","2012-12-10 12:11:42","43.0500","-0.16","-31.36","2012-12-06 10:10:00","8","39.2000","-7.60","77910044"
"2012-12-04 12:17:22","LONG","30","MLNX","MELLANOX TECHNOLOGIES","65.1800","30","2012-12-05 09:39:51","67.5200","-0.00","-0.93","2012-12-04 12:25:00","3","64.8700","69.40","77975484"
"2012-11-28 10:24:00","LONG","120","EOG","EOG RESOURCES","56.8850","120","2012-11-29 09:32:45","59.0700","-0.01","-2.88","2012-11-28 10:32:00","6","113.2900","259.60","77875239"
"2012-10-23 10:06:19","LONG","30","ALXN","ALEXION PHARMACEUTICALS","99.1000","30","2012-11-26 10:08:09","93.4600","-0.17","-32.52","2012-11-16 09:31:00","3","88.2600","-169.60","77282507"
"2012-11-09 10:39:54","LONG","80","JOY","JOY GLOBAL","58.0300","80","2012-11-19 10:09:13","56.7500","-0.18","-33.60","2012-11-16 11:36:00","8","53.8300","-103.60","77568380"
"2012-11-16 14:48:01","LONG","70","NTES","NETEASE","44.3300","70","2012-11-19 09:36:54","45.5400","-0.03","-5.25","2012-11-16 15:51:00","7","43.5800","83.60","77703589"
"2012-11-16 14:47:14","LONG","100","WLT","WALTER ENERGY","28.6100","100","2012-11-19 09:36:38","30.0200","-0.00","-0.75","2012-11-16 15:02:00","10","28.5350","139.00","77703572"
"2012-11-15 10:06:44","LONG","70","COF","CAPITAL ONE FINANCIAL","55.2900","70","2012-11-16 14:46:38","55.3900","-0.03","-5.88","2012-11-15 15:39:00","7","54.4500","5.60","77671023"
"2012-11-13 10:18:03","LONG","100","EPD","ENTERPRISE PRODUCTS","25.2990","100","2012-11-14 09:42:42","25.5200","n/a","","","","","20.00","77615940"
"2012-11-13 10:17:50","LONG","70","NS","NUSTAR ENERGY","39.9925","70","2012-11-13 15:15:21","41.1100","-0.00","-0.93","2012-11-13 10:20:00","7","39.8600","76.60","77615919"
"2012-11-07 09:48:23","LONG","100","NSM","NATIONSTAR MORTGAGE","26.5600","100","2012-11-09 13:34:22","27.0700","-0.07","-13.10","2012-11-07 11:32:00","10","25.2500","49.00","77517412"
"2012-11-01 15:40:01","LONG","80","DLR","DIGITAL REALTY TRUST","60.1700","80","2012-11-07 14:18:18","61.5900","-0.04","-7.36","2012-11-05 15:27:00","8","59.2500","112.40","77435308"
"2012-11-05 14:28:19","LONG","70","TRV","TRAVELERS COMPANIES","69.1300","70","2012-11-06 12:17:20","70.3100","-0.00","-0.49","2012-11-05 15:35:00","7","69.0600","81.60","77478916"
"2012-10-26 15:08:59","LONG","60","ATHN","ATHENA TECHNOLOGY ACQUISITION CORP","63.4200","60","2012-11-01 15:34:04","65.3700","-0.05","-10.32","2012-10-31 09:34:00","6","61.7000","115.80","77357462"
"2012-10-25 10:11:30","LONG","30","ONXX","ONYX PHARMACEUTICALS","82.9900","30","2012-10-26 15:09:10","80.1500","-0.08","-14.94","2012-10-26 12:27:00","3","78.0100","-85.60","77327010"
"2012-10-12 09:48:04","LONG","140","CERN","CERNER","36.4700","140","2012-10-26 09:41:59","39.2550","-0.20","-37.10","2012-10-25 11:30:00","7","67.6400","387.20","77115747"
"2012-10-16 14:45:34","LONG","80","CASY","CASEY'S GENERAL STORES","50.0800","80","2012-10-23 09:59:43","49.6700","-0.05","-9.68","2012-10-19 12:29:00","8","48.8700","-34.60","77173079"
"2012-10-10 14:22:15","LONG","120","EZPW","EZCORP","19.2200","120","2012-10-18 13:04:17","19.5600","-0.05","-9.24","2012-10-12 13:25:00","12","18.4500","38.60","77063278"
"2012-10-17 11:53:47","LONG","80","PNC","PNC FINANCIAL SERVICES","59.1600","80","2012-10-18 13:04:06","60.2000","-0.00","-0.16","2012-10-17 11:56:00","8","59.1400","81.40","77191992"
"2012-10-04 12:30:33","LONG","80","OPTR","OPTIMER PHARMACEUTICALS","11.9900","80","2012-10-11 09:46:08","11.5200","-0.06","-10.72","2012-10-10 09:31:00","8","10.6500","-39.60","76962262"
"2012-10-10 10:19:40","LONG","60","CTXS","CITRIX SYSTEMS","69.0700","60","2012-10-11 09:44:21","70.0700","-0.02","-4.20","2012-10-10 13:03:00","6","68.3700","58.80","77057686"
"2012-10-05 15:05:12","LONG","70","RGR","STURM RUGER","44.3800","70","2012-10-08 11:52:22","45.5700","-0.01","-1.96","2012-10-05 15:18:00","7","44.1000","81.60","76989638"
"2012-10-04 12:27:10","LONG","40","MCRS","MICROS SYSTEMS","46.6000","40","2012-10-05 14:28:18","47.2800","-0.01","-1.40","2012-10-04 13:03:00","4","46.2500","26.20","76962160"
"2012-10-04 12:25:02","LONG","60","FIRE","SOURCEFIRE","47.6300","60","2012-10-05 10:28:32","48.0700","-0.02","-2.94","2012-10-04 13:12:00","6","47.1400","24.80","76962106"
"2012-09-19 15:42:10","LONG","50","DECK","DECKERS OUTDOOR CORP","41.3800","50","2012-10-04 09:59:00","37.4100","-0.19","-33.95","2012-09-26 09:37:00","5","34.5900","-200.00","76693150"
"2012-09-28 15:26:32","LONG","70","VECO","VEECO INSTRUMENTS","29.9800","70","2012-10-02 09:38:30","30.8500","-0.00","-0.91","2012-09-28 15:39:00","7","29.8500","59.60","76868648"
"2012-09-27 15:57:28","LONG","140","PAMT","PAMT CORP","6.4600","140","2012-09-28 14:33:27","6.6800","-0.02","-3.36","2012-09-28 11:49:00","14","6.2201","28.20","76846937"
"2012-09-26 13:41:11","LONG","100","GMCR","KEURIG GREEN MOUNTAIN INC. CO","24.1700","100","2012-09-27 13:26:17","24.7200","-0.05","-9.20","2012-09-27 09:33:00","10","23.2500","53.00","76819227"
"2012-09-26 13:13:26","LONG","119.400000000","DDD","3D SYSTEMS","22.1030","119.400000000","2012-09-27 11:08:00","22.3310","-0.03","-5.12","2012-09-26 15:49:00","8","32.3500","24.61","76818626"
"2012-09-20 10:27:21","LONG","80","AREX","APPROACH RESOURCES","29.8600","80","2012-09-25 14:40:43","29.7900","-0.04","-8.16","2012-09-24 15:30:00","8","28.8400","-7.60","76711510"
"2012-09-24 13:16:56","LONG","70","CYMI","Cymer Inc.","51.5200","70","2012-09-25 14:40:21","52.0600","-0.03","-6.37","2012-09-24 15:58:00","7","50.6100","36.60","76766789"
"2012-09-20 10:29:05","LONG","119.400000000","DDD","3D SYSTEMS","23.6510","119.400000000","2012-09-24 12:23:39","23.9260","-0.05","-9.84","2012-09-24 09:36:00","8","34.0700","30.61","76711549"
"2012-09-11 14:41:58","LONG","121.200000000","LO","LORILLARD","39.9400","121.200000000","2012-09-19 09:30:10","39.3990","-0.13","-24.40","2012-09-14 15:32:00","4","114.9300","-68.42","76538126"
"2012-09-17 14:52:10","LONG","100","SBS","BASIC SANITATION COMPANY","37.6150","100","2012-09-18 09:40:02","38.0750","-0.01","-2.70","2012-09-17 15:31:00","5","74.6900","44.00","76640487"
"2012-09-12 11:17:30","LONG","30","EQIX","EQUINIX INC. COMMON STOCK REI","186.3900","30","2012-09-13 09:32:51","209.6500","-0.02","-2.85","2012-09-12 14:14:00","3","185.4400","697.40","76560661"
"2012-08-29 11:38:11","LONG","100","CLF","CLEVELAND-CLIFFS INC","36.2700","100","2012-09-07 09:34:00","37.4600","-0.23","-40.20","2012-09-05 09:32:00","10","32.2500","117.00","76313056"
"2012-09-05 11:54:51","LONG","70","OXY","OCCIDENTAL PETROLEUM","82.6700","70","2012-09-06 09:39:57","83.7200","-0.01","-1.19","2012-09-05 11:58:00","7","82.5000","72.60","76428879"
"2012-09-05 15:34:58","LONG","120","NAV","NAVISTAR INTERNATIONAL","20.4400","120","2012-09-06 09:39:22","21.7500","-0.01","-1.68","2012-09-05 15:37:00","12","20.3000","154.60","76433392"
"2012-08-30 11:47:11","LONG","100","CHKP","CHECK POINT SOFTWARE","46.4000","100","2012-09-05 11:53:14","46.2900","-0.09","-16.30","2012-09-04 12:28:00","10","44.7700","-13.00","76336681"
"2012-08-23 14:46:51","LONG","100","CYMI","Cymer Inc.","56.9100","100","2012-08-28 10:13:44","56.9900","-0.04","-6.90","2012-08-24 09:31:00","10","56.2200","6.00","76213181"
"2012-08-14 14:35:51","LONG","80","TRIP","TRIPADVISOR","33.4300","80","2012-08-20 14:48:04","33.7500","-0.05","-8.48","2012-08-17 11:17:00","8","32.3700","24.40","75996874"
"2012-08-13 09:51:43","LONG","60","MNST","MONSTER BEVERAGE","54.1000","60","2012-08-14 09:49:50","55.1300","-0.07","-12.60","2012-08-13 14:41:00","6","52.0000","60.80","75965356"
"2012-07-30 15:58:35","LONG","130","ESI","ELEMENT SOLUTIONS INC","37.5846","130","2012-08-13 15:46:59","33.7300","-0.35","-59.99","2012-08-06 14:52:00","13","32.9700","-503.60","75662062"
"2012-08-09 13:57:37","LONG","70","THS","TREEHOUSE FOODS","47.3000","70","2012-08-13 09:49:37","48.2500","-0.01","-1.19","2012-08-09 14:00:00","7","47.1300","65.60","75914008"
"2012-08-07 11:19:45","LONG","100","CIB","BANCOLOMBIA","55.1500","100","2012-08-09 09:53:51","55.7200","-0.08","-13.70","2012-08-08 09:46:00","10","53.7800","55.00","75850478"
"2012-08-02 14:35:25","LONG","80","ACTG","ACACIA RESEARCH","23.9800","80","2012-08-06 12:41:56","24.7000","-0.03","-5.92","2012-08-02 15:50:00","8","23.2400","56.40","75759193"
"2012-07-26 14:30:40","LONG","80","PENN","PENN ENTERTAINMENT INC","38.9100","80","2012-07-31 10:10:40","39.2300","-0.04","-7.34","2012-07-31 09:31:00","8","37.9925","24.40","75585713"
"2012-07-30 13:32:03","LONG","60","MCK","MCKESSON","90.7000","60","2012-07-31 10:10:34","91.4400","-0.02","-3.72","2012-07-31 09:31:00","6","90.0800","42.80","75653610"
"2012-07-30 11:59:10","LONG","70","VHC","VIRNETX HC","23.0000","70","2012-07-30 13:03:13","25.7500","-0.00","-0.49","2012-07-30 11:59:10","7","22.9300","191.60","75650791"
"2012-07-26 14:06:10","LONG","120","UAL","UNITED AIRLINES HOLDINGS INC","18.7300","120","2012-07-27 10:13:29","19.0500","0.00","0.00","2012-07-26 14:08:00","12","18.7300","35.60","75585175"
"2012-07-26 14:41:37","LONG","100","CLF","CLEVELAND-CLIFFS INC","37.9800","100","2012-07-27 10:12:02","38.3800","-0.01","-1.00","2012-07-26 14:50:00","10","37.8800","38.00","75586092"
"2012-07-19 10:45:04","LONG","80","SAFM","SANDERSON FARMS","38.4400","80","2012-07-26 14:42:01","37.0400","-0.11","-18.64","2012-07-24 09:49:00","8","36.1100","-113.60","75386426"
"2012-07-25 15:17:28","LONG","70","DTG","145138","73.0700","70","2012-07-26 09:38:56","73.5100","-0.01","-2.38","2012-07-25 15:40:00","7","72.7300","29.60","75555846"
"2012-07-24 11:23:31","LONG","70","FDX","FEDEX","87.2100","70","2012-07-26 09:32:19","88.3100","-0.03","-4.90","2012-07-24 12:05:00","7","86.5100","75.60","75502949"
"2012-07-23 14:24:49","LONG","80","DGX","QUEST DIAGNOSTICS","57.5500","80","2012-07-25 10:49:13","57.5800","-0.03","-5.68","2012-07-24 13:42:00","8","56.8400","0.40","75469193"
"2012-07-09 13:29:32","LONG","70","FIRE","SOURCEFIRE","45.7600","70","2012-07-19 09:50:01","46.0500","-0.17","-28.49","2012-07-12 10:02:00","7","41.6900","18.60","75103915"
"2012-07-16 15:54:24","LONG","60","RAH","Ralcorp Holdings Inc.","60.8400","60","2012-07-18 10:29:30","61.9800","-0.00","-0.84","2012-07-17 15:48:00","6","60.7000","66.80","75296774"
"2012-07-09 12:56:38","LONG","80","CVLT","COMMVAULT SYSTEMS","42.8500","80","2012-07-17 10:04:18","40.1800","-0.21","-34.72","2012-07-11 14:34:00","8","38.5100","-215.60","75103262"
"2012-07-11 14:49:40","LONG","80","JOY","JOY GLOBAL","49.3300","80","2012-07-13 10:17:40","49.9600","-0.08","-13.12","2012-07-12 11:37:00","8","47.6900","48.40","75179336"
"2012-07-12 11:30:12","LONG","140","CTSH","COGNIZANT TECH SOLUTION","27.4900","140","2012-07-13 10:16:50","28.1750","-0.01","-1.61","2012-07-12 12:57:00","7","54.7500","93.20","75212832"
"2012-07-03 10:18:42","LONG","70","WLP","WELLPOINT","61.1600","70","2012-07-09 09:42:20","62.3900","-0.07","-11.69","2012-07-06 14:44:00","7","59.4900","84.60","74993524"
"2012-06-27 13:11:30","LONG","80","HOG","HARLEY-DAVIDSON","44.9900","80","2012-06-29 15:56:51","45.6600","-0.06","-9.60","2012-06-28 14:54:00","8","43.7900","52.40","74873445"
"2012-06-28 15:25:59","LONG","160","ROST","ROSS STORES","30.3800","160","2012-06-29 15:56:49","31.2050","-0.01","-0.88","2012-06-28 15:29:00","8","60.6500","128.80","74911052"
"2012-06-28 15:25:03","LONG","400","UA","UNDERARMOUR CLASS C","11.2560","400","2012-06-29 10:38:40","11.6370","-0.01","-1.10","2012-06-28 15:28:00","5","89.8300","144.00","74910998"
"2012-06-28 15:45:01","LONG","70","VMW","VMWARE","83.6600","70","2012-06-29 10:09:31","89.3800","0.00","0.00","2012-06-28 15:45:01","7","83.6600","398.60","74911936"
"2012-06-20 11:49:17","LONG","70","ADM","ARCHER-DANIELS MIDLAND","29.5900","70","2012-06-28 15:42:14","29.1100","-0.04","-7.28","2012-06-26 11:19:00","7","28.5500","-35.40","74701785"
"2012-06-22 10:06:40","LONG","60","CMI","CUMMINS","91.3000","60","2012-06-28 15:35:33","91.5300","-0.11","-17.94","2012-06-26 11:11:00","6","88.3100","12.80","74758319"
"2012-06-26 14:34:11","LONG","100","VLTR","VOLTERRA SEMICONDUCTOR","23.6000","100","2012-06-27 11:08:30","23.9900","-0.00","-0.60","2012-06-26 14:38:00","10","23.5400","37.00","74844062"
"2012-06-25 13:38:11","LONG","60","CXO","CONCHO RESOURCES","76.9900","60","2012-06-26 10:30:09","79.0000","-0.01","-1.38","2012-06-25 13:51:00","6","76.7600","119.80","74810023"
"2012-06-18 15:26:03","LONG","80","CHKP","CHECK POINT SOFTWARE","49.3700","80","2012-06-20 10:44:25","50.1600","-0.07","-10.48","2012-06-19 11:54:00","8","48.0600","61.40","74635372"
"2012-05-15 11:27:03","LONG","60","CLF","CLEVELAND-CLIFFS INC","52.8600","60","2012-06-20 09:35:34","51.7100","-0.25","-39.00","2012-06-11 15:58:00","6","46.3600","-70.20","73685709"
"2012-06-13 10:06:56","LONG","80","RAX","RACKSPACE HOSTING","42.6200","80","2012-06-18 12:49:32","43.8100","-0.10","-15.84","2012-06-13 14:54:00","8","40.6400","93.40","74511736"
"2012-06-12 12:43:47","LONG","80","VSAT","VIASAT","35.5500","80","2012-06-13 11:55:56","36.4600","-0.00","-0.64","2012-06-12 12:46:00","8","35.4700","71.40","74486125"
"2012-04-20 09:59:16","LONG","80","WPRT","WESTPORT FUEL SYSTEMS NC","32.6425","80","2012-06-08 15:00:45","30.2100","-0.61","-85.70","2012-06-04 13:32:00","8","21.9301","-196.60","72885811"
"2012-05-15 11:28:06","LONG","40","WYNN","WYNN RESORTS","107.0700","40","2012-06-07 09:58:24","105.2000","-0.32","-45.00","2012-06-04 13:32:00","4","95.8200","-75.80","73685825"
"2012-05-30 09:54:58","LONG","40","FFIV","F5 INC","106.5000","40","2012-06-07 09:41:43","106.8000","-0.31","-43.36","2012-06-04 10:06:00","4","95.6600","11.20","74104937"
"2012-06-01 12:52:23","LONG","100","EOG","EOG RESOURCES","46.8600","100","2012-06-06 10:13:40","47.1900","-0.17","-24.35","2012-06-04 13:32:00","5","88.8500","31.00","74193125"
"2012-05-07 12:03:48","LONG","70","NOV","NATIONAL OILWELL VARCO INC.","69.7300","70","2012-05-29 10:59:17","70.2700","-0.30","-43.47","2012-05-21 09:31:00","7","63.5200","36.60","73405676"
"2012-05-17 15:44:54","LONG","50","PVH","PVH","72.8000","50","2012-05-18 11:29:45","73.9808","-0.01","-1.05","2012-05-17 15:47:00","5","72.5900","58.00","73789168"
"2012-05-02 10:35:02","LONG","50","NUS","NU SKIN ENTERPRISES","49.9000","50","2012-05-16 12:58:13","43.2600","-0.32","-49.40","2012-05-15 09:31:00","5","40.0200","-333.00","73252602"
"2012-05-09 15:56:05","LONG","60","ROSE","ROSE HILL ACQUISITION CORPORATION CLASS A","42.1300","60","2012-05-15 11:27:26","40.7100","-0.06","-9.84","2012-05-14 09:32:00","6","40.4900","-86.20","73523382"
"2012-05-10 15:42:41","LONG","70","QSII","QUALITY SYSTEMS","30.1300","70","2012-05-15 11:25:36","29.7200","-0.03","-3.92","2012-05-15 09:33:00","7","29.5700","-30.40","73571362"
"2012-05-08 11:24:57","LONG","100","NBL","NOBLE ENERGY","45.5150","100","2012-05-10 15:42:08","45.1750","-0.05","-8.60","2012-05-09 09:58:00","5","89.3100","-36.00","73467415"
"2012-05-08 15:21:22","LONG","50","CLF","CLEVELAND-CLIFFS INC","56.5400","50","2012-05-09 15:52:19","57.0100","-0.04","-7.20","2012-05-09 09:55:00","5","55.1000","23.00","73475592"
"2012-05-08 11:26:27","LONG","50","PVH","PVH","76.8168","50","2012-05-08 12:20:47","79.0504","-0.01","-0.93","2012-05-08 11:29:00","5","76.6300","111.00","73467487"
"2012-05-04 10:39:00","LONG","100","FSYS","FUEL SYSTEMS SOLUTIONS","17.6500","100","2012-05-08 11:25:26","16.3480","-0.09","-14.80","2012-05-08 10:09:00","10","16.1700","-132.00","73349430"
"2012-04-19 10:29:02","LONG","100","SNDK","SANDISK CORPORATION","41.0290","100","2012-05-08 09:52:02","35.3500","-0.36","-57.79","2012-05-08 09:51:00","10","35.2500","-570.00","72851588"
"2012-05-03 12:01:42","LONG","120","OTEX","OPEN TEXT CORPORATION","25.3190","120","2012-05-07 12:03:15","24.9480","-0.05","-7.73","2012-05-07 11:18:00","6","49.3500","-47.40","73310427"
"2012-05-01 15:01:57","LONG","50","NU","NU HOLDINGS LTD","37.1600","50","2012-05-03 12:00:39","36.8300","-0.01","-2.05","2012-05-02 11:16:00","5","36.7500","-18.00","73212714"
"2012-04-24 14:22:42","LONG","70","TPX","TEMPUR SEALY INTERNATIONAL","61.3599","70","2012-05-02 11:32:56","60.9500","-0.14","-24.01","2012-04-26 11:29:00","7","57.9300","-30.40","72977488"
"2012-04-30 11:49:41","LONG","60","AGP","AMERIGROUP Corporation","60.8500","60","2012-05-01 11:59:00","62.3433","-0.00","-0.60","2012-04-30 12:06:00","6","60.7500","88.80","73157019"
"2012-04-19 10:28:31","LONG","280","INFY","INFOSYS","11.8700","280","2012-04-27 14:01:56","11.7200","-0.13","-21.21","2012-04-23 10:13:00","7","44.4500","-47.60","72851568"
"2012-04-26 12:46:04","LONG","50","SCSS","SELECT COMFORT","29.4700","50","2012-04-27 14:01:53","29.4700","-0.03","-5.50","2012-04-27 10:07:00","5","28.3700","-1.00","73064334"
"2012-04-16 10:39:32","LONG","70","ILMN","ILLUMINA","45.4700","70","2012-04-19 09:53:59","44.2200","-0.21","-35.84","2012-04-18 09:32:00","7","40.3500","-89.40","72697153"
"2012-04-18 12:04:00","LONG","50","EVEP","EV ENERGY PARTNER","60.3780","50","2012-04-19 09:48:22","61.9910","-0.01","-1.34","2012-04-18 15:46:00","5","60.1100","80.00","72812877"
"2012-04-12 13:59:02","LONG","80","UTHR","UNITED THERAPEUTICS","42.0000","80","2012-04-19 09:47:43","42.0063","-0.08","-13.28","2012-04-18 16:00:00","8","40.3400","-0.60","72603829"
"2012-04-13 14:34:42","LONG","80","VC","VISTEON CORPORATION COMMON STOCK","46.2137","80","2012-04-17 09:54:32","46.5887","-0.01","-2.27","2012-04-16 12:22:00","8","45.9300","28.40","72647878"
"2012-04-13 11:04:47","LONG","70","APL","ATLAS PIPELINE PARTNERS","32.2300","70","2012-04-16 10:39:47","33.0254","-0.01","-1.54","2012-04-13 11:14:00","7","32.0100","54.60","72642417"
"2012-04-12 14:21:46","LONG","80","JAZZ","JAZZ PHARMACEUTICALS","44.8500","80","2012-04-13 09:41:54","45.7663","-0.03","-5.76","2012-04-12 15:14:00","8","44.1300","71.40","72604523"
"2012-04-09 12:18:50","LONG","80","SFLY","SHUTTERFLY","28.4538","80","2012-04-11 10:29:43","27.9930","-0.08","-14.11","2012-04-10 15:26:00","8","26.6900","-38.60","72469908"
"2012-04-09 10:16:42","LONG","60","APA","APA CORP","94.9600","60","2012-04-11 09:37:49","94.6300","-0.07","-11.64","2012-04-10 11:52:00","6","93.0200","-21.20","72460544"
"2012-04-03 11:45:20","LONG","70","NUS","NU SKIN ENTERPRISES","55.3100","70","2012-04-10 15:42:37","55.4806","-0.01","-2.17","2012-04-05 09:41:00","7","55.0000","10.60","72328657"
"2012-04-04 13:32:07","LONG","50","GOLD","GOLD.COM INC","80.3303","50","2012-04-05 09:44:40","82.2600","n/a","","","","","95.00","72365307"
"2012-03-22 11:20:06","LONG","70","BHI","BAKER HUGHES","43.4591","70","2012-04-02 09:42:06","41.9500","-0.14","-22.81","2012-03-29 13:53:00","7","40.2000","-107.40","71923536"
"2012-03-01 11:46:52","LONG","70","FSLR","FIRST SOLAR INC","30.4700","70","2012-04-02 09:41:47","24.8500","-0.25","-41.79","2012-03-28 10:38:00","7","24.5000","-394.40","71086136"
"2012-03-28 11:04:21","LONG","70","JOY","JOY GLOBAL","70.9300","70","2012-03-30 09:34:31","74.0500","-0.03","-5.11","2012-03-28 11:52:00","7","70.2000","216.60","72106883"
"2012-03-20 12:08:19","LONG","70","JOY","JOY GLOBAL","76.2786","70","2012-03-26 09:35:38","76.2833","-0.09","-15.67","2012-03-22 15:21:00","7","74.0400","-1.40","71798549"
"2012-03-23 09:57:08","LONG","40","GOLD","GOLD.COM INC","87.7000","40","2012-03-26 09:33:21","94.5200","-0.02","-2.60","2012-03-23 10:19:00","4","87.0500","272.20","71960221"
"2012-03-15 15:25:48","LONG","50","GOLD","GOLD.COM INC","103.8640","50","2012-03-19 11:00:39","103.7300","-0.08","-13.02","2012-03-16 16:00:00","5","101.2600","-8.00","71562755"
"2012-03-16 11:16:05","LONG","60","KMP","KINDER MORGAN ENERGY","81.0783","60","2012-03-16 12:57:38","82.6200","n/a","","","","","91.80","71618995"
"2012-03-15 09:49:23","LONG","60","JOY","JOY GLOBAL","77.6517","60","2012-03-16 11:01:02","79.8500","-0.02","-3.37","2012-03-15 10:42:00","6","77.0900","130.80","71542484"
"2012-03-12 15:55:01","LONG","40","CXO","CONCHO RESOURCES","99.6432","40","2012-03-14 09:54:42","101.3760","-0.04","-6.21","2012-03-13 14:54:00","4","98.0900","68.20","71387288"
"2012-03-06 09:46:28","LONG","60","JOY","JOY GLOBAL","78.9183","60","2012-03-07 14:44:03","79.7201","-0.03","-5.39","2012-03-06 15:38:00","6","78.0200","46.80","71217469"
"2012-02-23 14:40:03","LONG","240","ALK","ALASKA AIR GROUP","17.2100","240","2012-02-28 14:39:39","17.3580","-0.05","-8.82","2012-02-24 14:48:00","6","67.3700","31.20","70903029"
"2012-02-22 15:15:59","LONG","90","Z","ZILLOW GROUP INC. CLASS C","28.9290","90","2012-02-24 10:56:29","30.3000","-0.03","-5.12","2012-02-23 10:10:00","9","28.3600","121.20","70867012"
"2012-02-09 14:16:37","LONG","70","JOY","JOY GLOBAL","88.0000","70","2012-02-17 10:15:31","85.9303","-0.21","-35.00","2012-02-10 15:11:00","7","83.0000","-146.40","70462819"
"2012-02-15 15:53:13","LONG","70","BBBY","BED BATH & BEYOND INC","58.1100","70","2012-02-16 12:34:39","57.9800","-0.02","-3.71","2012-02-16 11:12:00","7","57.5800","-10.40","70665511"
"2012-02-16 09:40:28","LONG","50","CLF","CLEVELAND-CLIFFS INC","66.8400","50","2012-02-16 12:34:34","68.5900","-0.03","-4.70","2012-02-16 09:56:00","5","65.9000","87.00","70699839"
"2012-02-13 13:06:14","LONG","70","GWR","GENESEE & WYOMING INC.","58.5600","70","2012-02-15 09:37:04","59.1600","-0.05","-7.70","2012-02-14 09:31:00","7","57.4600","40.60","70558735"
"2012-02-07 13:54:00","LONG","50","CRR","CARBO CERAMICS","94.1000","50","2012-02-08 09:36:06","96.3740","-0.02","-3.40","2012-02-07 14:39:00","5","93.4200","113.00","70378451"
"2012-02-02 14:19:46","LONG","70","PRGO","PERRIGO COMPANY PLC","93.2675","70","2012-02-03 09:32:40","94.2200","-0.01","-1.31","2012-02-02 16:00:00","7","93.0800","65.60","70217280"
"2012-02-01 12:07:34","LONG","151.500000000","LO","LORILLARD","35.4780","151.500000000","2012-02-02 09:44:48","35.8050","-0.01","-1.05","2012-02-01 12:29:00","5","107.3000","46.97","70173328"
"2012-01-27 09:41:18","LONG","80","HES","HESS","55.2995","80","2012-01-31 09:33:18","56.1200","-0.06","-9.60","2012-01-30 10:12:00","8","54.1000","64.40","70049181"
"2012-01-19 15:39:04","LONG","70","NEM","NEWMONT CORP","59.5000","70","2012-01-25 15:32:04","60.2300","-0.10","-15.86","2012-01-25 10:11:00","7","57.2350","49.60","69856078"
"2012-01-23 13:26:07","LONG","70","GDI","GARDNER DENVER HOLDINGS INC","73.2700","70","2012-01-25 11:30:09","74.0000","-0.04","-6.65","2012-01-25 09:41:00","7","72.3200","49.60","69924519"
"2012-01-17 11:17:48","LONG","100","UPL","ULTRA PETROLEUM CORP. COMMON STOCK","24.8300","100","2012-01-23 09:50:21","24.8600","-0.09","-15.10","2012-01-20 14:52:00","10","23.3200","1.00","69759025"
"2012-01-11 11:52:15","LONG","60","RRC","RANGE RESOURCES","54.2200","60","2012-01-12 12:26:20","55.1001","-0.04","-6.00","2012-01-12 09:38:00","6","53.2200","51.80","69641557"
"2012-01-09 10:08:12","LONG","60","COST","COSTCO WHOLESALE","79.4698","60","2012-01-10 15:47:37","79.3100","-0.02","-3.96","2012-01-09 15:46:00","6","78.8100","-11.20","69574832"
"2012-01-05 15:04:01","LONG","60","TGT","TARGET","48.6999","60","2012-01-06 10:28:20","48.9000","-0.01","-1.80","2012-01-05 15:43:00","6","48.4000","10.80","69508254"
"2012-01-04 15:38:34","LONG","40","PRGO","PERRIGO COMPANY PLC","95.3700","40","2012-01-05 10:30:56","96.1700","-0.03","-5.32","2012-01-05 09:31:00","4","94.0400","31.20","69474790"
"2011-12-23 15:33:23","LONG","70","SFLY","SHUTTERFLY","23.7200","70","2012-01-03 09:36:18","23.5400","-0.07","-10.92","2011-12-30 09:33:00","7","22.1600","-14.40","69265251"
"2011-12-30 15:52:08","LONG","60","DECK","DECKERS OUTDOOR CORP","75.7900","60","2012-01-03 09:35:22","77.6050","-0.01","-1.74","2011-12-30 16:00:00","6","75.5000","107.80","69393485"
"2011-12-21 11:48:47","LONG","400","UA","UNDERARMOUR CLASS C","8.7950","400","2011-12-22 15:40:38","8.8520","-0.02","-2.80","2011-12-21 12:29:00","5","69.8000","15.00","69179918"
"2011-12-21 10:22:14","LONG","160","CRM","SALESFORCE INC","24.1720","160","2011-12-22 15:40:16","25.0670","-0.04","-6.36","2011-12-21 11:06:00","4","95.1000","139.80","69175455"
"2011-12-19 15:14:25","LONG","160","CRM","SALESFORCE INC","25.8480","160","2011-12-20 09:39:15","26.3830","-0.01","-1.32","2011-12-19 15:53:00","4","103.0600","82.80","69086124"
"2011-12-16 13:15:52","LONG","30","BIDU","BAIDU","112.2700","30","2011-12-16 14:51:25","115.4900","-0.00","-0.24","2011-12-16 13:20:00","3","112.1900","96.40","69042027"
"2011-12-15 15:17:24","LONG","30","BIDU","BAIDU","113.9800","30","2011-12-16 09:43:15","114.5700","-0.01","-2.10","2011-12-16 09:31:00","3","113.2800","17.40","69013011"
"2011-12-15 15:21:47","LONG","40","VMW","VMWARE","85.3100","40","2011-12-16 09:34:43","85.8500","-0.01","-1.32","2011-12-15 15:29:00","4","84.9800","21.20","69013264"
"2011-12-14 13:27:56","LONG","60","PANL","PANGAEA LOGISTICS","34.3658","60","2011-12-15 09:35:55","34.9083","-0.02","-2.55","2011-12-14 14:11:00","6","33.9400","31.80","68964943"
"2011-12-14 10:18:04","LONG","240","COG","CABOT OIL & GAS","17.9750","240","2011-12-15 09:35:46","18.4000","-0.03","-4.32","2011-12-14 10:35:00","6","71.1800","97.20","68956337"
"2011-12-12 15:20:40","LONG","240","COG","CABOT OIL & GAS","19.2420","240","2011-12-13 09:35:45","19.6800","-0.01","-1.86","2011-12-12 15:23:00","6","76.6600","100.20","68893691"
"2011-12-08 10:13:07","LONG","60","IPGP","IPG PHOTONICS","36.0600","60","2011-12-09 10:10:01","36.9100","-0.03","-4.68","2011-12-08 15:57:00","6","35.2800","49.80","68802904"
"2011-11-04 11:09:00","LONG","40","FSLR","FIRST SOLAR INC","52.3000","40","2011-12-07 10:14:14","51.1900","-0.29","-41.60","2011-11-28 09:33:00","4","41.9000","-44.80","67622227"
"2011-11-29 10:00:00","LONG","60","LNKD","LINKEDIN","58.8000","60","2011-11-30 09:34:49","61.6933","-0.11","-16.92","2011-11-29 10:30:00","6","55.9800","172.80","68389848"
"2011-11-23 09:37:02","LONG","60","TPX","TEMPUR SEALY INTERNATIONAL","55.8000","60","2011-11-28 09:32:46","53.9420","-0.35","-51.42","2011-11-25 13:21:00","6","47.2300","-112.20","68231239"
"2011-11-23 09:36:10","LONG","60","CMI","CUMMINS","88.2000","60","2011-11-28 09:32:12","90.1500","-0.09","-12.96","2011-11-25 12:58:00","6","86.0400","115.80","68231194"
"2011-11-04 11:02:23","LONG","60","DMND","DIAMOND FOODS INC","46.9200","60","2011-11-23 09:30:34","29.9717","-0.67","-101.69","2011-11-23 09:30:34","0","29.9717","-1018.20","67621804"
"2011-11-21 10:00:42","LONG","140","SFLY","SHUTTERFLY","32.2850","140","2011-11-23 09:30:26","32.4437","-0.03","-5.17","2011-11-21 10:45:00","8","31.4700","19.20","68152326"
"2011-11-17 10:26:52","LONG","60","EW","EDWARDS LIFESCIENCES","64.7777","60","2011-11-21 11:00:14","65.0308","-0.11","-16.67","2011-11-21 09:31:00","6","62.0000","13.80","68070801"
"2011-11-15 15:54:07","LONG","60","CTRP","CTRIP.COM INTERNATIONAL","27.6700","60","2011-11-17 10:08:03","28.0850","-0.06","-8.58","2011-11-16 12:29:00","6","26.2400","23.80","68009399"
"2011-11-10 15:30:38","LONG","60","SFLY","SHUTTERFLY","36.7000","60","2011-11-11 10:45:32","38.2300","-0.01","-0.84","2011-11-10 15:48:00","6","36.5600","90.80","67838786"
"2011-11-02 10:12:24","LONG","60","OPEN","OPENDOOR TECHNOLOGIES INC","38.9300","60","2011-11-03 13:35:03","39.9400","-0.12","-19.98","2011-11-02 13:05:00","6","35.6000","59.80","67529372"
"2011-10-26 14:04:00","LONG","285.700000000","NFLX","NETFLIX","11.2840","285.700000000","2011-10-28 10:04:23","11.7880","-0.04","-6.28","2011-10-26 15:08:00","4","79.0300","138.29","67247470"
"2011-10-26 13:50:22","LONG","50","GMCR","KEURIG GREEN MOUNTAIN INC. CO","61.0000","50","2011-10-27 09:53:49","64.2001","-0.05","-8.55","2011-10-26 14:25:00","5","59.2900","159.00","67246784"
"2011-09-16 11:16:30","LONG","150","FSLR","FIRST SOLAR INC","68.2495","150","2011-10-26 09:34:28","59.0119","-1.10","-174.79","2011-10-19 16:01:00","10","50.7700","-1389.00","65772432"
"2011-10-19 15:16:43","LONG","40","GMCR","KEURIG GREEN MOUNTAIN INC. CO","71.9800","40","2011-10-24 12:10:48","72.0700","-0.22","-34.88","2011-10-20 09:54:00","4","63.2600","3.20","66986159"
"2011-09-19 12:01:13","LONG","142.900000000","NFLX","NETFLIX","21.1250","142.900000000","2011-10-21 09:51:07","15.5370","-0.60","-95.53","2011-10-11 10:49:00","2","103.1300","-801.86","65835760"
"2011-10-20 11:36:09","LONG","70","AEM","AGNICO EAGLE MINES LIMITED","43.7700","70","2011-10-21 09:44:25","44.5202","-0.03","-5.39","2011-10-20 12:48:00","7","43.0000","51.60","67023390"
"2011-10-18 10:56:57","LONG","50","GMCR","KEURIG GREEN MOUNTAIN INC. CO","80.4700","50","2011-10-19 10:21:52","83.9000","-0.02","-3.35","2011-10-18 11:11:00","5","79.8000","171.00","66918411"
"2011-10-06 10:59:39","LONG","70","APKT","Acme Packet, Inc.","39.8167","70","2011-10-11 12:35:54","41.1529","-0.04","-6.77","2011-10-10 09:46:00","7","38.8500","92.60","66506871"
"2011-09-20 15:55:46","LONG","60","SOHU","SOHU.COM","64.9313","60","2011-10-10 09:40:16","55.7433","-0.74","-111.49","2011-10-04 09:31:00","6","46.3500","-552.20","65897977"
"2011-09-29 14:31:02","LONG","60","MOS","MOSAIC","54.3000","60","2011-10-06 09:38:18","53.5627","-0.38","-56.64","2011-10-04 10:02:00","6","44.8600","-45.20","66259332"
"2011-10-04 10:16:46","LONG","50","AGU","AGRIUM","60.8499","50","2011-10-04 14:10:26","61.7100","-0.01","-1.95","2011-10-04 10:27:00","5","60.4600","42.00","66396618"
"2011-09-21 15:19:10","LONG","50","CLF","CLEVELAND-CLIFFS INC","63.7367","50","2011-09-27 11:38:39","61.8700","-0.32","-49.38","2011-09-22 15:39:00","5","53.8600","-94.00","65945004"
"2011-09-22 10:07:42","LONG","50","JOYG","Joy Global, Inc.","65.7166","50","2011-09-23 10:51:50","66.0502","-0.11","-17.58","2011-09-23 09:33:00","5","62.2000","16.00","65984576"
"2011-09-14 11:39:11","LONG","100","HFC","HOLLYFRONTIER","32.0056","100","2011-09-15 09:45:41","34.0400","-0.01","-2.46","2011-09-14 12:23:00","10","31.7600","201.00","65689177"
"2011-09-08 14:17:46","LONG","80","WHR","WHIRLPOOL","53.9888","80","2011-09-14 15:42:35","54.5880","-0.14","-24.55","2011-09-12 14:14:00","8","50.9200","46.40","65483969"
"2011-09-08 15:18:49","LONG","60","FSLR","FIRST SOLAR INC","86.1038","60","2011-09-13 10:09:50","86.8922","-0.14","-23.96","2011-09-09 12:39:00","6","82.1100","45.80","65487373"
"2011-09-12 15:47:57","LONG","120","NBL","NOBLE ENERGY","39.8800","120","2011-09-13 09:39:06","40.2670","-0.00","-0.60","2011-09-12 15:49:00","6","79.6600","43.60","65608049"
"2011-09-06 10:53:15","LONG","70","PRGO","PERRIGO COMPANY PLC","88.3000","70","2011-09-06 11:38:02","89.9829","n/a","","","","","116.60","65382526"
"2011-09-02 15:50:07","LONG","107.100000000","NFLX","NETFLIX","29.9800","107.100000000","2011-09-06 10:16:49","30.2080","-0.05","-8.12","2011-09-06 09:31:00","2","208.7300","21.86","65310182"
"2011-08-25 09:45:36","LONG","50","GOLD","GOLD.COM INC","102.6830","50","2011-08-26 09:45:49","104.0500","-0.03","-4.87","2011-08-25 11:33:00","5","101.7100","67.00","65010581"
"2011-08-18 09:50:56","LONG","100","APKT","Acme Packet, Inc.","43.4559","100","2011-08-23 11:48:48","43.1106","-0.21","-36.36","2011-08-19 16:00:00","10","39.8200","-37.00","64757111"
"2011-08-19 14:42:37","LONG","80","VMW","VMWARE","77.5594","80","2011-08-22 09:34:21","79.0347","-0.04","-6.88","2011-08-19 16:00:00","8","76.7000","116.40","64822390"
"2011-08-19 14:42:11","LONG","80","DECK","DECKERS OUTDOOR CORP","74.0258","80","2011-08-22 09:33:08","76.1002","-0.06","-9.97","2011-08-19 15:20:00","8","72.7800","164.40","64822340"
"2011-08-17 12:47:06","LONG","200","CRM","SALESFORCE INC","31.5280","200","2011-08-19 09:45:50","30.4820","-0.41","-67.47","2011-08-18 15:48:00","5","112.6200","-213.00","64716679"
"2011-08-18 09:51:28","LONG","80","VMW","VMWARE","79.4913","80","2011-08-19 09:42:48","81.0360","-0.13","-21.85","2011-08-18 10:13:00","8","76.7600","122.40","64757061"
"2011-08-18 09:54:17","LONG","80","WLT","WALTER ENERGY","77.6009","80","2011-08-18 15:51:48","75.0030","-0.15","-25.29","2011-08-18 15:46:00","8","74.4400","-209.60","64757211"
"2011-08-16 15:17:18","LONG","70","SODA","SODASTREAM INTERNATIONAL","40.1804","70","2011-08-18 10:19:32","40.2237","-0.19","-32.62","2011-08-17 10:58:00","7","35.5200","1.60","64679454"
"2011-08-16 15:18:08","LONG","50","XEC","CIMAREX ENERGY CO","66.8305","50","2011-08-17 09:38:18","67.8120","-0.01","-1.95","2011-08-16 15:55:00","5","66.4400","48.00","64679491"
"2011-08-04 10:03:49","LONG","100","JOYG","Joy Global, Inc.","85.4383","100","2011-08-12 10:00:04","78.7596","-0.87","-139.38","2011-08-09 09:46:00","10","71.5000","-670.00","64217330"
"2011-08-11 10:24:16","LONG","90","FFIV","F5 INC","76.1168","90","2011-08-11 14:37:48","76.6432","-0.05","-8.97","2011-08-11 12:27:00","9","75.1200","45.20","64515159"
"2011-08-11 10:23:43","LONG","100","XEC","CIMAREX ENERGY CO","67.1078","100","2011-08-11 14:37:28","67.7465","-0.04","-6.58","2011-08-11 10:37:00","10","66.4500","62.00","64515090"
"2011-08-10 11:54:24","LONG","70","TWC","TIME WARNER CABLE","62.0052","70","2011-08-10 15:10:05","63.0078","-0.02","-3.61","2011-08-10 12:43:00","7","61.4900","68.60","64468242"
"2011-08-09 15:27:38","LONG","70","FFIV","F5 INC","73.8000","70","2011-08-10 15:10:01","74.0849","-0.05","-8.61","2011-08-10 11:06:00","7","72.5700","18.60","64426366"
"2011-08-09 15:26:43","LONG","100","WLT","WALTER ENERGY","73.0000","100","2011-08-10 13:24:19","76.0168","-0.06","-10.00","2011-08-10 09:36:00","10","72.0000","300.00","64426306"
"2011-08-04 14:53:42","LONG","100","PXD","PIONEER NATURAL RESOURCES","83.3764","100","2011-08-09 13:03:40","75.1632","-0.84","-137.26","2011-08-08 14:26:00","10","69.6500","-823.00","64235036"
"2011-07-27 10:53:11","LONG","260","WCG","WELLCARE HEALTH PLANS","45.1111","260","2011-08-08 15:41:05","38.9821","-0.99","-159.35","2011-08-08 15:41:05","10","36.5099","-1599.20","63917848"
"2011-07-29 11:18:31","LONG","180","UFS","DOMTAR CORPORATION (NEW)","39.8500","180","2011-08-08 15:40:52","33.9020","-0.77","-136.08","2011-08-05 12:01:00","9","64.5800","-1074.60","64007673"
"2011-08-08 11:51:46","LONG","90","CLF","CLEVELAND-CLIFFS INC","72.7313","90","2011-08-08 12:54:17","71.4205","-0.09","-15.58","2011-08-08 12:38:00","9","71.0000","-119.80","64355333"
"2011-08-05 13:12:56","LONG","100","LULU","LULULEMON ATHLETICA","53.6234","100","2011-08-08 10:52:56","50.3400","-0.30","-56.23","2011-08-08 09:31:00","10","48.0000","-330.00","64290211"
"2011-08-02 09:39:30","LONG","120","NOC","NORTHROP GRUMMAN","59.0728","120","2011-08-05 11:18:45","55.8091","-0.24","-46.71","2011-08-05 09:56:00","12","55.1800","-394.40","64115931"
"2011-07-26 10:19:23","LONG","120","EW","EDWARDS LIFESCIENCES","75.0482","120","2011-08-04 14:53:21","70.3473","-0.31","-65.02","2011-08-02 09:34:00","12","69.6300","-566.40","63872595"
"2011-08-03 10:29:02","LONG","120","UHS","UNIVERSAL HEALTH SERVICES","43.3942","120","2011-08-03 15:36:23","45.4125","-0.03","-6.53","2011-08-03 10:43:00","12","42.8500","239.60","64167602"
"2011-08-01 10:17:49","LONG","120","AGP","AMERIGROUP Corporation","51.9916","120","2011-08-02 09:42:25","51.4724","-0.25","-51.98","2011-08-01 15:45:00","12","47.6600","-64.40","64069952"
"2011-08-01 12:25:45","LONG","100","HUM","HUMANA","71.9587","100","2011-08-01 15:46:54","72.2552","-0.03","-6.99","2011-08-01 14:47:00","10","71.2600","28.00","64079298"
"2011-07-28 10:12:42","LONG","120","AEM","AGNICO EAGLE MINES LIMITED","58.5818","120","2011-08-01 12:25:07","56.7351","-0.17","-36.26","2011-08-01 09:36:00","12","55.5600","-224.40","63959464"
"2011-07-29 09:49:12","LONG","40","WYNN","WYNN RESORTS","151.1830","40","2011-07-29 11:19:43","154.9560","-0.01","-1.97","2011-07-29 09:52:00","4","150.6900","150.20","64002454"
"2011-07-27 10:48:13","LONG","130","CSTR","CAPSTAR FINANCIAL HOLDINGS INC.","50.7658","130","2011-07-28 13:45:40","50.9792","-0.06","-13.86","2011-07-28 10:04:00","13","49.7000","25.40","63917489"
"2011-07-26 14:15:05","LONG","140","PEP","PEPSICO","64.1983","140","2011-07-27 16:01:31","64.1200","-0.03","-5.72","2011-07-27 15:50:00","14","63.7900","-13.80","63884527"
"2011-07-27 10:17:49","LONG","120","RVBD","RIVERBED TECHNOLOGY","28.3079","120","2011-07-27 12:24:58","29.5648","-0.00","-0.45","2011-07-27 10:19:00","12","28.2700","148.60","63915551"
"2011-07-25 13:48:45","LONG","480","ALK","ALASKA AIR GROUP","15.4920","480","2011-07-26 10:38:59","15.7450","-0.00","-0.59","2011-07-25 13:50:00","12","61.9200","111.40","63841554"
"2011-07-22 09:37:25","LONG","100","APKT","Acme Packet, Inc.","62.7717","100","2011-07-22 14:26:43","64.7563","-0.01","-2.72","2011-07-22 09:39:00","10","62.5000","196.00","63774384"
"2011-07-19 10:15:26","LONG","120","STT","STATE STREET","41.4248","120","2011-07-20 10:14:36","42.7032","-0.03","-6.18","2011-07-19 11:28:00","12","40.9100","150.60","63636265"
"2011-07-18 12:24:02","LONG","120","MAN","MANPOWERGROUP","50.7538","120","2011-07-19 09:42:55","51.8878","-0.00","-0.53","2011-07-18 13:29:00","12","50.7100","133.60","63598570"
"2011-07-13 15:40:11","LONG","130","ALTR","ALTAIR ENGINEERING INC. CLASS A","43.5241","130","2011-07-19 09:40:41","43.6919","-0.10","-20.98","2011-07-15 09:45:00","13","41.9100","19.40","63466250"
"2011-07-18 13:49:34","LONG","120","VECO","VEECO INSTRUMENTS","40.2725","120","2011-07-19 09:35:37","41.3359","-0.02","-3.87","2011-07-18 15:59:00","12","39.9500","125.60","63602219"
"2011-07-18 09:53:18","LONG","120","INFA","INFORMATICA INC","51.9763","120","2011-07-18 14:02:35","54.1058","-0.03","-6.08","2011-07-18 10:07:00","12","51.4700","253.60","63588572"
"2011-07-15 10:02:01","LONG","140","H","HYATT HOTELS","39.5676","140","2011-07-18 09:47:00","39.4051","-0.02","-4.17","2011-07-15 10:20:00","14","39.2700","-25.80","63534220"
"2011-07-14 13:43:03","LONG","100","CTXS","CITRIX SYSTEMS","74.6000","100","2011-07-15 11:42:06","75.4094","-0.03","-5.40","2011-07-14 14:28:00","10","74.0600","79.00","63503164"
"2011-07-13 10:44:45","LONG","150","UTEK","ULTRATECH","24.4706","150","2011-07-14 09:42:58","26.1364","-0.02","-4.81","2011-07-13 11:11:00","15","24.1500","247.00","63455540"
"2011-07-08 11:37:28","LONG","130","NE","NOBLE CORP","36.6796","130","2011-07-13 10:50:38","37.2000","-0.04","-7.99","2011-07-12 15:50:00","13","36.0650","65.40","63320337"
"2011-07-08 10:46:34","LONG","130","IMAX","IMAX","28.2299","130","2011-07-13 10:14:59","28.3033","-0.10","-21.19","2011-07-12 09:39:00","13","26.6000","7.40","63318141"
"2011-07-12 13:25:25","LONG","140","JKS","JINKOSOLAR HOLDING","22.6617","140","2011-07-13 10:14:41","23.8024","-0.02","-5.06","2011-07-12 14:55:00","14","22.3000","157.20","63422232"
"2011-07-06 12:58:08","LONG","120","VECO","VEECO INSTRUMENTS","44.9755","120","2011-07-07 11:00:49","45.4903","-0.10","-20.71","2011-07-06 15:08:00","12","43.2500","59.60","63235334"
"2011-06-30 11:26:02","LONG","130","WBMD","WEBMD HEALTH","43.4817","130","2011-06-30 15:31:17","45.2096","-0.01","-2.62","2011-06-30 12:31:00","13","43.2800","222.40","63075783"
"2011-06-10 15:16:22","LONG","100","WLL","WHITING PETROLEUM","58.4881","100","2011-06-29 11:52:08","55.7051","-0.32","-64.08","2011-06-27 09:32:00","10","52.0800","-280.00","62355637"
"2011-06-27 09:53:45","LONG","100","VECO","VEECO INSTRUMENTS","46.8917","100","2011-06-28 09:47:18","47.4946","-0.03","-6.02","2011-06-27 10:13:00","10","46.2900","58.00","62906591"
"2011-06-23 10:07:13","LONG","100","JOYG","Joy Global, Inc.","85.1354","100","2011-06-24 09:34:33","87.5216","-0.03","-6.65","2011-06-23 11:23:00","10","84.4700","237.00","62803610"
"2011-06-16 15:37:10","LONG","100","MOS","MOSAIC","61.8340","100","2011-06-21 10:10:27","62.5660","-0.15","-29.94","2011-06-17 16:00:00","10","58.8400","71.00","62571631"
"2011-06-17 15:13:21","LONG","120","RBCN","RUBICON TECHNOLOGY","16.5940","120","2011-06-21 10:10:17","16.7930","-0.04","-7.13","2011-06-20 11:59:00","12","16.0000","21.60","62619306"
"2011-06-15 12:30:28","LONG","100","APKT","Acme Packet, Inc.","63.3902","100","2011-06-17 15:09:10","62.4100","-0.14","-27.90","2011-06-16 14:54:00","10","60.6000","-100.00","62507238"
"2011-06-16 15:35:49","LONG","100","HOT","STARWOOD HOTELS & RESORTS","52.2608","100","2011-06-17 09:34:33","53.2255","-0.00","-0.31","2011-06-16 15:50:00","10","52.2300","94.00","62571506"
"2011-06-15 12:29:57","LONG","200","CTSH","COGNIZANT TECH SOLUTION","34.0210","200","2011-06-17 09:33:49","34.2000","-0.19","-36.42","2011-06-16 14:46:00","10","64.4000","32.00","62507194"
"2011-06-15 15:55:00","LONG","200","RKT","ROCKET COMPANIES INC","31.6500","200","2011-06-16 15:33:47","31.5160","-0.02","-4.10","2011-06-16 10:01:00","10","62.8900","-31.00","62522595"
"2011-06-16 10:07:31","LONG","100","ANR","ALPHA NATURAL RESOURCES","42.4924","100","2011-06-16 11:11:00","43.1500","n/a","","","","","64.00","62553326"
"2011-06-02 10:40:35","LONG","100","ZUMZ","ZUMIEZ","26.0896","100","2011-06-15 15:15:18","23.4512","-0.21","-41.76","2011-06-10 11:09:00","10","21.9138","-266.00","62006074"
"2011-06-09 12:12:41","LONG","100","NAV","NAVISTAR INTERNATIONAL","56.6300","100","2011-06-15 12:30:36","54.5900","-0.18","-34.60","2011-06-13 13:08:00","10","53.1700","-206.00","62295778"
"2011-06-13 13:28:38","LONG","100","PXD","PIONEER NATURAL RESOURCES","83.3488","100","2011-06-14 09:34:11","85.1541","-0.00","-0.79","2011-06-13 13:36:00","10","83.2700","179.00","62415371"
"2011-06-06 11:12:20","LONG","100","WHR","WHIRLPOOL","75.5857","100","2011-06-13 15:37:46","73.7146","-0.15","-31.06","2011-06-10 11:16:00","10","72.4800","-189.00","62126294"
"2011-06-10 15:14:37","LONG","100","DECK","DECKERS OUTDOOR CORP","78.7482","100","2011-06-13 09:31:10","79.2120","-0.06","-12.37","2011-06-10 15:59:00","10","77.5110","44.00","62355466"
"2011-06-07 14:06:26","LONG","100","PANL","PANGAEA LOGISTICS","37.6821","100","2011-06-10 15:15:19","36.6518","-0.08","-15.92","2011-06-10 10:17:00","10","36.0900","-105.00","62189242"
"2011-06-09 10:39:00","LONG","200","CIEN","CIENA CORPORTION","19.5640","200","2011-06-10 15:14:14","19.2300","-0.08","-15.28","2011-06-10 09:31:00","20","18.8000","-71.00","62288456"
"2011-06-08 10:05:04","LONG","130","IPXL","IMPAX LABORATORIES","21.1157","130","2011-06-09 10:38:40","21.7571","-0.05","-10.60","2011-06-08 13:49:00","13","20.3000","80.40","62229550"
"2011-06-07 15:47:29","LONG","242.400000000","LO","LORILLARD","32.1850","242.400000000","2011-06-08 10:13:29","32.5450","-0.04","-8.24","2011-06-08 09:40:00","8","96.5000","82.15","62194465"
"2011-06-06 11:16:00","LONG","100","DECK","DECKERS OUTDOOR CORP","83.7498","100","2011-06-07 15:44:07","83.0368","-0.09","-18.70","2011-06-06 15:54:00","10","81.8800","-73.00","62126783"
"2011-06-02 10:33:32","LONG","200","LULU","LULULEMON ATHLETICA","43.6210","200","2011-06-03 11:04:28","44.1520","-0.08","-16.92","2011-06-02 11:44:00","10","85.5500","102.00","62006245"
"2011-06-01 14:44:46","LONG","120","RLD","REALD","26.0453","120","2011-06-02 09:41:48","26.2559","-0.01","-2.82","2011-06-01 15:56:00","12","25.8100","22.60","61964802"
"2011-05-25 15:41:36","LONG","100","SHLD","GLOBAL X DEFENSE TECH ETF","70.2650","100","2011-05-27 15:52:05","70.7080","-0.03","-6.65","2011-05-26 09:32:00","10","69.6000","42.00","61770856"
"2011-05-26 11:10:57","LONG","80","MLM","MARTIN MARIETTA","82.3971","80","2011-05-27 09:52:03","83.5700","-0.01","-1.50","2011-05-26 13:57:00","8","82.2100","92.40","61801929"
"2011-05-26 10:08:29","LONG","50","FSLR","FIRST SOLAR INC","117.0970","50","2011-05-27 09:51:46","117.3190","-0.01","-2.48","2011-05-26 12:20:00","5","116.6000","10.00","61798633"
"2011-05-20 11:12:50","LONG","120","WSM","WILLIAMS-SONOMA","39.9700","120","2011-05-26 10:55:40","39.8472","-0.08","-16.68","2011-05-25 09:37:00","12","38.5800","-17.40","61616419"
"2011-05-24 11:16:14","LONG","120","SSYS","STRATASYS","34.0038","120","2011-05-25 11:42:50","34.8062","-0.01","-2.21","2011-05-24 15:54:00","12","33.8200","93.60","61716678"
"2011-05-24 12:28:30","LONG","200","BWA","BORGWARNER","33.1640","200","2011-05-25 09:54:23","34.1350","-0.03","-5.48","2011-05-24 13:43:00","10","65.7800","190.00","61720312"
"2011-05-20 11:09:55","LONG","100","DE","DEERE","84.6897","100","2011-05-24 10:17:28","84.6004","-0.12","-24.40","2011-05-23 09:33:00","10","82.2500","-11.00","61616221"
"2011-05-23 10:32:17","LONG","80","CLF","CLEVELAND-CLIFFS INC","84.8500","80","2011-05-24 09:42:25","86.3000","-0.06","-11.44","2011-05-23 13:10:00","8","83.4200","114.40","61666654"
"2011-05-20 11:09:38","LONG","120","LTD","L BRANDS INC","39.3600","120","2011-05-23 09:49:43","39.9200","-0.01","-2.34","2011-05-20 11:42:00","12","39.1650","64.60","61616183"
"2011-05-17 15:40:47","LONG","100","WBMD","WEBMD HEALTH","46.7600","100","2011-05-18 14:14:55","47.7500","-0.00","-0.70","2011-05-17 15:57:00","10","46.6900","97.00","61491186"
"2011-05-17 15:46:08","LONG","100","RMBS","RAMBUS","13.1900","100","2011-05-18 14:14:45","14.1100","-0.00","-0.90","2011-05-17 15:51:00","10","13.1000","90.00","61491403"
"2011-05-17 15:56:05","LONG","100","NOV","NATIONAL OILWELL VARCO INC.","65.3900","100","2011-05-18 11:40:14","67.1700","-0.01","-1.70","2011-05-18 09:39:00","10","65.2200","176.00","61491828"
"2011-05-17 13:06:11","LONG","120","FCX","FREEPORT-MCMORAN INC","46.4400","120","2011-05-18 09:48:08","48.1900","-0.01","-1.68","2011-05-17 14:33:00","12","46.3000","207.60","61485236"
"2011-05-13 11:53:40","LONG","140","FMCN","Focus Media Holding Ltd.","32.4900","140","2011-05-17 15:37:51","32.7600","-0.07","-13.30","2011-05-16 09:31:00","14","31.5400","35.20","61299173"
"2011-05-13 14:47:28","LONG","100","ANR","ALPHA NATURAL RESOURCES","48.6396","100","2011-05-17 14:30:17","50.3101","-0.05","-8.80","2011-05-17 09:32:00","10","47.7600","165.00","61317753"
"2011-05-13 14:33:41","LONG","0.400000000","BTU","PEABODY ENERGY CORP","13196.2500","0.400000000","2011-05-16 11:06:17","13542.7646","-0.04","-7.30","2011-05-16 09:33:00","10","57.9200","138.99","61316200"
"2011-05-12 15:51:15","LONG","100","AGU","AGRIUM","79.1676","100","2011-05-13 14:46:25","80.2200","-0.02","-3.68","2011-05-13 10:05:00","10","78.8000","103.00","61231227"
"2011-05-13 10:12:38","LONG","70","YOKU","YOUKU TUDOU","44.1400","70","2011-05-13 11:03:10","46.7900","-0.00","-0.18","2011-05-13 10:14:00","7","44.1150","184.60","61285669"
"2011-05-11 12:39:51","LONG","100","TCK","TECK RESOURCES","47.5300","100","2011-05-12 15:47:29","47.5300","-0.09","-17.10","2011-05-12 09:45:00","10","45.8200","-2.00","60956100"
"2011-05-11 12:35:07","LONG","160","NBL","NOBLE ENERGY","43.3500","160","2011-05-12 15:47:06","43.6350","-0.03","-5.60","2011-05-12 10:08:00","8","86.0000","42.80","60955239"
"2011-05-12 10:11:06","LONG","100","JOYG","Joy Global, Inc.","87.1251","100","2011-05-12 15:46:35","87.8225","n/a","","","","","68.00","61184112"
"2011-05-11 12:40:16","LONG","120","SSRI","SILVER STANDARD RESOURCES","27.4400","120","2011-05-12 15:46:18","28.4900","-0.07","-12.48","2011-05-12 09:31:00","12","26.4000","123.60","60956170"
"2011-05-10 13:25:22","LONG","100","BID","SOTHEBYS","42.0485","100","2011-05-11 09:54:44","42.2500","-0.01","-0.99","2011-05-10 13:30:00","10","41.9500","18.00","60753787"
"2011-05-03 11:24:55","LONG","100","HP","HELMERICH & PAYNE","61.7694","100","2011-05-10 10:57:09","60.4801","-0.27","-46.69","2011-05-05 09:37:00","10","57.1000","-131.00","60433937"
"2011-05-06 13:47:52","LONG","50","XEC","CIMAREX ENERGY CO","92.8890","50","2011-05-09 09:42:10","96.7800","-0.04","-7.14","2011-05-09 09:31:00","5","91.4600","194.00","60626422"
"2011-05-06 10:15:37","LONG","120","SLV","ISHARES SILVER TRUST","34.8800","120","2011-05-06 11:36:25","35.2900","-0.01","-1.44","2011-05-06 10:19:00","12","34.7600","46.60","60615483"
"2011-05-05 09:37:30","LONG","80","PXD","PIONEER NATURAL RESOURCES","88.6000","80","2011-05-06 11:36:12","90.2300","-0.03","-5.11","2011-05-05 15:30:00","8","87.9610","128.40","60561499"
"2011-05-05 11:42:05","LONG","100","MUR","MURPHY OIL","70.0149","100","2011-05-06 09:37:43","70.7300","-0.12","-21.35","2011-05-05 15:30:00","10","67.8800","70.00","60571333"
"2011-05-05 11:53:40","LONG","120","FCN","FTI CONSULTING","36.9999","120","2011-05-05 15:10:04","37.5500","-0.00","-0.36","2011-05-05 11:55:00","12","36.9700","63.60","60572632"
"2011-05-04 10:55:07","LONG","130","SLV","ISHARES SILVER TRUST","39.2700","130","2011-05-05 10:26:43","36.1300","-0.22","-40.82","2011-05-05 10:26:43","0","36.1300","-410.60","60505651"
"2011-05-04 10:51:29","LONG","100","NOV","NATIONAL OILWELL VARCO INC.","69.0700","100","2011-05-05 10:24:22","70.1600","-0.08","-14.50","2011-05-05 09:36:00","10","67.6200","107.00","60505397"
"2011-05-03 14:45:25","LONG","240","TRMB","TRIMBLE INC","21.7570","240","2011-05-05 09:42:15","21.6850","-0.25","-43.85","2011-05-04 15:55:00","12","39.8600","-21.80","60443367"
"2011-05-02 10:04:36","LONG","100","WFMI","Whole Foods Market, Inc.","61.1699","100","2011-05-05 09:32:17","62.3400","-0.15","-27.20","2011-05-04 12:41:00","10","58.4500","115.00","60387672"
"2011-05-03 11:07:39","LONG","120","PFCB","P.F. Chang's China Bistro, Inc.","38.8000","120","2011-05-04 10:50:52","38.8600","-0.05","-9.24","2011-05-03 12:40:00","12","38.0300","4.60","60433330"
"2011-04-29 10:28:08","LONG","120","OSK","OSHKOSH","31.2152","120","2011-05-02 10:04:21","31.4569","-0.06","-11.34","2011-04-29 11:38:00","12","30.2700","26.60","60293806"
"2011-04-26 11:02:25","LONG","80","RIG","TRANSOCEAN","73.1100","80","2011-04-29 15:28:14","72.4300","-0.18","-31.76","2011-04-27 12:08:00","8","69.1400","-55.60","60152503"
"2011-04-14 12:38:51","LONG","50","FSLR","FIRST SOLAR INC","141.8100","50","2011-04-29 09:33:33","143.1400","-0.27","-48.20","2011-04-19 12:27:00","5","132.1700","66.00","59808655"
"2011-04-21 14:16:23","LONG","100","DV","DOUBLE VERIFY HOLDINGS INC.","49.0473","100","2011-04-25 10:06:51","49.2218","-0.01","-2.17","2011-04-25 09:32:00","10","48.8300","15.00","60043992"
"2011-04-21 15:31:58","LONG","100","LRCX","LAM RESEARCH","48.8075","100","2011-04-25 10:05:31","49.5900","-0.00","-0.48","2011-04-21 15:39:00","10","48.7600","76.00","60046200"
"2011-04-18 10:22:03","LONG","100","RIG","TRANSOCEAN","73.6499","100","2011-04-19 09:48:28","74.0900","-0.04","-7.00","2011-04-18 11:08:00","10","72.9500","42.00","59905414"
"2011-04-18 10:20:50","LONG","80","CLF","CLEVELAND-CLIFFS INC","90.7899","80","2011-04-19 09:46:08","93.8801","-0.02","-3.76","2011-04-18 10:27:00","8","90.3200","245.40","59905340"
"2011-04-13 10:33:29","LONG","100","LRCX","LAM RESEARCH","50.4700","100","2011-04-15 15:39:14","51.6900","-0.04","-7.80","2011-04-14 09:50:00","10","49.6900","120.00","59755040"
"2011-03-29 14:03:23","LONG","100","RIMM","","57.2400","100","2011-04-14 11:31:29","53.0600","-0.23","-41.80","2011-04-14 11:31:29","0","53.0600","-420.00","59216284"
"2011-04-07 12:03:36","LONG","200","FTNT","FORTINET","20.0000","200","2011-04-13 09:58:30","20.1140","-0.14","-24.20","2011-04-12 10:20:00","10","37.5800","19.00","59550214"
"2011-04-12 10:35:22","LONG","100","TRW","TRW AUTOMOTIVE HOLDINGS","49.1898","100","2011-04-13 09:34:20","50.9700","-0.03","-4.30","2011-04-12 10:55:00","10","48.7600","176.00","59694829"
"2011-04-12 10:17:25","LONG","100","RVBD","RIVERBED TECHNOLOGY","31.5300","100","2011-04-13 09:31:06","35.1000","-0.05","-8.40","2011-04-12 11:17:00","10","30.6900","355.00","59693668"
"2011-04-11 15:13:48","LONG","80","HHC","HOWARD HUGHES","60.3200","80","2011-04-12 12:11:50","60.6001","-0.05","-9.36","2011-04-12 10:17:00","8","59.1500","20.40","59654478"
"2011-04-05 15:10:48","LONG","100","SEMG","SUNCOAST SELECT GROWTH ETF","26.8699","100","2011-04-06 11:43:24","27.2100","-0.00","-0.20","2011-04-05 15:12:00","10","26.8500","32.00","59471283"
"2011-03-08 10:18:07","LONG","130","NVDA","NVIDIA","20.5099","130","2011-03-25 09:57:34","18.9201","-0.30","-45.50","2011-03-15 09:39:00","13","17.0100","-209.60","58503979"
"2011-03-23 09:51:44","LONG","100","RVBD","RIVERBED TECHNOLOGY","36.4199","100","2011-03-24 09:53:11","36.9202","-0.03","-5.20","2011-03-23 10:12:00","10","35.9000","48.00","59043923"
"2011-03-22 13:57:20","LONG","80","FFIV","F5 INC","92.7496","80","2011-03-23 15:01:21","96.1500","-0.08","-13.20","2011-03-22 15:03:00","8","91.1000","270.40","59021167"
"2011-03-18 15:03:28","LONG","100","MHS","Medco Health Solutions, Inc.","53.2399","100","2011-03-22 10:12:14","53.6901","-0.08","-13.00","2011-03-21 10:17:00","10","51.9400","43.00","58938749"
"2011-03-18 10:07:25","LONG","140","FNSR","FINISAR","21.1000","140","2011-03-21 10:15:24","21.4602","-0.02","-3.92","2011-03-18 12:52:00","14","20.8200","47.20","58925449"
"2011-03-18 12:09:23","LONG","80","VMW","VMWARE","74.6500","80","2011-03-21 09:59:50","76.0000","-0.03","-4.40","2011-03-21 09:33:00","8","74.1000","106.40","58932152"
"2011-03-09 14:04:50","LONG","100","POT","POTASH CORP OF SASKATCHEW","56.0400","100","2011-03-18 09:34:40","56.1502","-0.38","-57.90","2011-03-15 09:36:00","10","50.2500","9.00","58552984"
"2011-03-17 10:27:12","LONG","100","MHS","Medco Health Solutions, Inc.","54.2500","100","2011-03-17 13:22:38","55.3500","-0.09","-15.70","2011-03-17 12:16:00","10","52.6800","108.00","58874119"
"2011-03-16 12:29:14","LONG","100","QCOM","QUALCOMM","51.3799","100","2011-03-17 09:32:43","52.9200","-0.06","-9.30","2011-03-16 14:21:00","10","50.4500","152.00","58826260"
"2011-03-16 10:07:27","LONG","100","COHR","COHERENT CORP.","52.8400","100","2011-03-16 14:07:51","53.1301","-0.00","-0.09","2011-03-16 10:18:00","10","52.8309","27.00","58817810"
"2011-03-08 10:15:52","LONG","100","CREE","CREE","49.3499","100","2011-03-16 10:17:34","48.7404","-0.24","-38.70","2011-03-15 09:31:00","10","45.4800","-63.00","58503843"
"2011-03-15 09:45:03","LONG","100","NTAP","NETAPP","45.4100","100","2011-03-16 10:12:56","47.1091","-0.00","-0.50","2011-03-15 09:55:00","10","45.3600","168.00","58762941"
"2011-03-04 10:12:48","LONG","100","JKS","JINKOSOLAR HOLDING","26.1800","100","2011-03-15 09:50:32","25.7001","-0.29","-44.80","2011-03-11 09:32:00","10","21.7000","-50.00","58411093"
"2011-03-03 13:41:40","LONG","50","FSLR","FIRST SOLAR INC","146.3700","50","2011-03-15 09:31:07","152.4900","-0.30","-46.35","2011-03-11 09:34:00","5","137.1000","305.00","58382273"
"2011-03-08 10:18:44","LONG","150","TSL","GRANITESHARES 1.25X LONG TESLA DAILY ETF","26.4699","150","2011-03-09 14:04:30","26.1614","-0.09","-13.95","2011-03-08 13:19:00","15","25.5400","-49.00","58504015"
"2011-03-01 15:58:08","LONG","100","VTR","VENTAS","53.0252","100","2011-03-04 10:13:29","52.6647","-0.08","-12.75","2011-03-02 10:34:00","10","51.7500","-38.00","58291908"
"2011-03-02 15:10:51","LONG","100","BA","BOEING","69.6000","100","2011-03-03 09:51:59","70.8900","-0.02","-2.90","2011-03-02 16:01:00","10","69.3100","127.00","58344560"
"2011-02-28 15:33:32","LONG","50","FSLR","FIRST SOLAR INC","148.0000","50","2011-03-03 09:36:38","150.1600","-0.10","-17.05","2011-03-02 13:43:00","5","144.5900","107.00","58233792"
"2011-03-02 12:39:51","LONG","90","EQIX","EQUINIX INC. COMMON STOCK REI","83.9899","90","2011-03-03 09:35:25","85.0000","-0.02","-3.87","2011-03-02 13:59:00","9","83.5600","89.20","58338856"
"2011-01-14 10:23:44","LONG","100","CREE","CREE","64.4355","100","2011-03-02 11:49:16","51.3101","-0.92","-143.86","2011-01-28 12:03:00","10","50.0500","-1315.00","56810636"
"2011-02-18 13:49:51","LONG","100","ROVI","ROVI","57.1000","100","2011-02-28 09:49:59","56.0002","-0.38","-59.90","2011-02-23 13:25:00","10","51.1100","-112.00","57974933"
"2011-02-23 10:19:20","LONG","100","NTAP","NETAPP","50.7499","100","2011-02-25 09:54:35","51.8001","-0.06","-9.30","2011-02-23 13:21:00","10","49.8200","103.00","58075146"
"2011-02-23 10:33:19","LONG","120","RVBD","RIVERBED TECHNOLOGY","38.3399","120","2011-02-23 15:55:08","38.1400","-0.09","-14.04","2011-02-23 13:21:00","12","37.1700","-26.40","58076255"
"2011-02-22 14:37:23","LONG","100","TCK","TECK RESOURCES","52.7198","100","2011-02-23 14:45:04","53.0847","-0.05","-8.70","2011-02-23 09:33:00","10","51.8500","34.00","58045851"
"2011-02-08 10:01:30","LONG","100","DLB","DOLBY LABORATORIES","55.3920","100","2011-02-23 10:32:42","51.2701","-0.29","-48.22","2011-02-16 09:50:00","10","50.5700","-414.00","57656263"
"2011-02-18 15:01:36","LONG","100","CIT","CIT GROUP","43.2586","100","2011-02-22 10:30:47","43.2901","-0.03","-4.29","2011-02-22 09:31:00","10","42.8300","1.00","57977422"
"2011-02-18 14:34:53","LONG","100","TCK","TECK RESOURCES","54.8499","100","2011-02-22 10:30:18","54.6601","-0.09","-14.50","2011-02-22 09:37:00","10","53.4000","-21.00","57976805"
"2011-02-14 15:02:16","LONG","120","MDC","M.D.C. HOLDINGS","26.6720","120","2011-02-15 15:24:08","26.8200","-0.03","-5.07","2011-02-15 09:32:00","12","26.2499","15.60","57832998"
"2011-02-10 15:31:29","LONG","120","ASYS","AMTECH SYSTEMS","24.5481","120","2011-02-11 10:01:27","25.5101","-0.02","-4.06","2011-02-11 09:32:00","12","24.2100","112.60","57747356"
"2011-02-04 13:05:24","LONG","200","CELG","CELGENE","25.4090","200","2011-02-09 15:49:56","25.3480","-0.04","-7.08","2011-02-09 09:43:00","10","50.1100","-16.00","57569556"
"2011-02-04 11:48:09","LONG","100","CCME","China MediaExpress Holdings, Inc.","12.5800","100","2011-02-04 12:31:38","13.1922","-0.00","-0.30","2011-02-04 11:50:00","10","12.5500","59.00","57566543"
"2011-02-03 10:45:18","LONG","70","ATK","ALLIANT TECHSYSTEMS","71.0533","70","2011-02-04 11:15:32","71.5969","-0.08","-13.60","2011-02-04 09:33:00","7","69.1100","36.60","57517034"
"2011-02-02 15:56:51","LONG","200","MGA","MAGNA INTERNATIONAL","27.8790","200","2011-02-03 13:37:32","28.1810","-0.08","-13.87","2011-02-03 10:15:00","10","54.3700","56.00","57484222"
"2011-01-31 15:44:25","LONG","100","MMI","MARCUS & MILLICHAP INC","27.8677","100","2011-02-02 15:14:19","28.9897","-0.02","-3.18","2011-02-02 09:42:00","10","27.5500","110.00","57384683"
"2011-01-26 12:56:44","LONG","100","LOGM","LOGMEIN","40.0000","100","2011-02-01 11:17:09","40.0340","-0.10","-16.10","2011-01-31 09:55:00","10","38.3900","1.00","57215067"
"2011-01-28 13:57:41","LONG","90","ROVI","ROVI","61.3350","90","2011-01-31 13:32:49","62.2554","-0.07","-10.67","2011-01-31 09:34:00","9","60.1500","81.20","57310923"
"2011-01-27 14:52:32","LONG","70","APA","APA CORP","116.0350","70","2011-01-31 13:32:23","117.9720","-0.25","-40.21","2011-01-28 10:27:00","7","110.2900","134.60","57267874"
"2011-01-28 11:41:20","LONG","100","CNX","CNX RESOURCES CORP","47.6195","100","2011-01-31 09:39:31","49.1320","-0.02","-3.30","2011-01-28 12:04:00","10","47.2900","149.00","57304560"
"2011-01-26 12:18:37","LONG","90","APKT","Acme Packet, Inc.","51.7332","90","2011-01-27 09:52:26","53.6620","-0.03","-4.62","2011-01-26 13:07:00","9","51.2200","172.20","57213101"
"2011-01-25 10:35:50","LONG","120","BID","SOTHEBYS","39.1380","120","2011-01-26 13:37:42","40.0543","-0.07","-10.90","2011-01-25 12:17:00","12","38.2300","107.60","57147217"
"2011-01-26 12:31:44","LONG","140","FCX","FREEPORT-MCMORAN INC","53.9040","140","2011-01-26 13:37:33","54.4980","n/a","","","","","80.20","57213914"
"2011-01-25 10:37:00","LONG","120","PAAS","PAN AMERICAN SILVER","31.8000","120","2011-01-26 12:56:20","32.3587","-0.03","-5.04","2011-01-25 14:42:00","12","31.3800","64.60","57147247"
"2011-01-25 10:19:27","LONG","80","VMW","VMWARE","84.4508","80","2011-01-26 09:38:25","85.6226","-0.07","-11.05","2011-01-25 14:51:00","8","83.0700","92.40","57146263"
"2011-01-19 13:39:27","LONG","100","SLXP","SALIX PHARMACEUTICALS","41.8500","100","2011-01-24 15:22:44","41.3225","-0.10","-15.40","2011-01-21 11:46:00","10","40.3100","-55.00","56951164"
"2011-01-21 15:08:34","LONG","100","WBC","WABCO HOLDINGS","57.1999","100","2011-01-24 15:22:30","58.4526","-0.01","-0.80","2011-01-21 15:56:00","10","57.1200","123.00","57056062"
"2011-01-24 10:46:20","LONG","303","LO","LORILLARD","23.9590","303","2011-01-24 14:48:11","24.3250","-0.00","-0.64","2011-01-24 11:02:00","10","72.5400","104.94","57099672"
"2011-01-21 15:18:49","LONG","100","PVH","PVH","56.9870","100","2011-01-24 09:56:48","57.9118","-0.03","-4.68","2011-01-21 15:50:00","10","56.5194","90.00","57056538"
"2011-01-19 13:42:09","LONG","100","ANR","ALPHA NATURAL RESOURCES","57.8963","100","2011-01-21 10:30:33","57.1505","-0.34","-50.96","2011-01-20 09:49:00","10","52.8000","-77.00","56951263"
"2011-01-20 11:58:18","LONG","120","RVBD","RIVERBED TECHNOLOGY","34.9190","120","2011-01-21 09:33:54","36.8857","-0.05","-7.19","2011-01-20 12:29:00","12","34.3200","233.60","56998619"
"2011-01-13 15:52:11","LONG","100","SLW","SILVER WHEATON","32.4099","100","2011-01-18 15:55:29","32.7913","-0.09","-15.00","2011-01-14 12:05:00","10","30.9100","36.00","56781562"
"2011-01-13 15:49:36","LONG","120","ABX","ABACUS GLOBAL MANAGEMENT INC","47.3499","120","2011-01-18 15:55:09","48.1614","-0.08","-12.72","2011-01-14 10:27:00","12","46.2900","94.60","56781444"
"2011-01-13 15:52:30","LONG","100","ACOR","ACORDA THERAPEUTICS","27.4999","100","2011-01-18 09:57:50","27.4655","-0.07","-11.40","2011-01-14 15:44:00","10","26.3600","-5.00","56781581"
"2011-01-06 11:32:36","LONG","120","ABX","ABACUS GLOBAL MANAGEMENT INC","49.2311","120","2011-01-11 12:30:19","49.8269","-0.04","-6.25","2011-01-10 11:06:00","12","48.7100","69.60","56537198"
"2011-01-07 13:16:42","LONG","120","SLW","SILVER WHEATON","33.3799","120","2011-01-10 15:06:07","34.1500","-0.01","-1.22","2011-01-07 13:24:00","12","33.2780","89.60","56587767"
"2011-01-05 10:11:59","LONG","100","LRCX","LAM RESEARCH","48.0817","100","2011-01-10 10:26:56","48.2810","-0.11","-18.12","2011-01-07 12:55:00","10","46.2700","18.00","56480579"
"2011-01-07 11:38:37","LONG","100","PLCE","CHILDRENS PLACE INC.","44.0699","100","2011-01-10 10:16:01","44.9396","-0.01","-2.30","2011-01-07 12:38:00","10","43.8400","85.00","56582990"
"2011-01-05 14:08:11","LONG","100","AEM","AGNICO EAGLE MINES LIMITED","71.1199","100","2011-01-07 10:26:02","72.1233","-0.15","-23.00","2011-01-06 11:12:00","10","68.8200","98.00","56497291"
"2010-12-28 10:50:14","LONG","100","GOLD","GOLD.COM INC","84.3433","100","2011-01-06 10:45:42","79.5322","-0.43","-67.23","2011-01-05 14:41:00","10","77.6200","-483.00","56226344"
"2011-01-05 10:20:54","LONG","80","DECK","DECKERS OUTDOOR CORP","80.0899","80","2011-01-05 14:07:22","81.1023","-0.05","-7.36","2011-01-05 11:13:00","8","79.1700","79.40","56481294"
"2010-12-30 13:29:31","LONG","100","PRGO","PERRIGO COMPANY PLC","63.4710","100","2011-01-03 10:34:39","64.6815","-0.04","-5.91","2010-12-31 09:31:00","10","62.8801","119.00","56311673"
"2010-12-21 10:09:00","LONG","100","SOHU","SOHU.COM","66.5799","100","2010-12-28 10:49:10","64.1800","-0.18","-29.80","2010-12-27 09:50:00","10","63.6001","-242.00","56012010"
"2010-12-20 11:49:37","LONG","100","AXP","AMERICAN EXPRESS","42.2199","100","2010-12-21 14:01:03","43.2715","-0.06","-9.70","2010-12-20 12:43:00","10","41.2500","103.00","55975770"
"2010-12-17 12:05:18","LONG","100","AEM","AGNICO EAGLE MINES LIMITED","75.2860","100","2010-12-20 10:02:17","76.1151","-0.02","-3.52","2010-12-17 12:53:00","10","74.9340","81.00","55926889"
"2010-12-17 12:00:11","LONG","14","AMSC","AMERICAN SUPERCONDUCTOR CORPOR","283.9760","14","2010-12-20 09:46:07","290.1690","-0.00","-0.67","2010-12-17 12:03:00","14","28.3500","86.72","55926695"
"2010-12-15 10:51:03","LONG","100","AKAM","AKAMAI TECHNOLOGIES","49.9000","100","2010-12-17 12:25:24","50.1617","-0.08","-12.10","2010-12-15 14:34:00","10","48.6900","24.00","55835155"
"2010-12-16 09:47:38","LONG","100","RIMM","","59.3964","100","2010-12-17 09:55:48","60.0274","-0.03","-4.96","2010-12-16 09:52:00","10","58.9000","61.00","55875983"
"2010-12-16 10:19:06","LONG","100","LVS","LAS VEGAS SANDS","44.2000","100","2010-12-16 15:41:05","45.0010","-0.02","-3.80","2010-12-16 10:40:00","10","43.8200","78.00","55878009"
"2010-12-15 09:52:17","LONG","100","CREE","CREE","65.6837","100","2010-12-15 10:35:39","67.5862","-0.00","-0.64","2010-12-15 09:54:00","10","65.6200","188.00","55831769"
"2010-12-10 09:59:43","LONG","100","FSYS","FUEL SYSTEMS SOLUTIONS","30.7621","100","2010-12-13 10:26:03","31.5663","-0.04","-6.52","2010-12-10 11:23:00","10","30.1100","78.00","55691234"
"2010-12-09 15:45:00","LONG","500","IBN","ICICI BANK","9.3100","500","2010-12-10 09:36:00","9.7990","-0.01","-1.50","2010-12-09 16:00:00","10","46.4000","235.00","55665721"
"2010-12-08 11:54:11","LONG","100","ASH","ASHLAND INC","49.5013","100","2010-12-09 13:59:07","50.3117","-0.03","-4.01","2010-12-08 12:12:00","10","49.1000","79.00","55613398"
"2010-12-06 15:00:35","LONG","100","TSLA","TESLA  INC.","30.3199","100","2010-12-07 10:50:32","31.3738","-0.02","-2.70","2010-12-07 09:39:00","10","30.0500","103.00","55535654"
"2010-11-30 09:46:39","LONG","100","MICC","THE MAGNUM ICE CREAM CO N.V.","87.5975","100","2010-12-01 09:35:06","88.0050","-0.07","-10.68","2010-11-30 11:53:00","10","86.5300","39.00","55335027"
"2010-11-18 14:40:32","LONG","100","SHLD","GLOBAL X DEFENSE TECH ETF","63.2893","100","2010-11-19 15:12:40","63.4900","-0.03","-4.79","2010-11-19 14:10:00","10","62.8100","18.00","54977542"
"2010-11-17 15:53:48","LONG","100","VNO","VORNADO REALTY TRUST","78.9084","100","2010-11-19 15:12:19","79.6801","-0.06","-8.48","2010-11-19 09:55:00","10","78.0600","75.00","54933332"
"2010-11-16 10:11:20","LONG","100","SHLD","GLOBAL X DEFENSE TECH ETF","65.4520","100","2010-11-17 12:03:21","66.0155","-0.10","-14.81","2010-11-16 11:54:00","10","63.9710","54.00","54873883"
"2010-11-16 11:30:08","LONG","100","AKAM","AKAMAI TECHNOLOGIES","46.6091","100","2010-11-17 09:44:29","47.4649","-0.02","-3.19","2010-11-16 16:01:00","10","46.2900","84.00","54879095"
"2010-11-11 10:16:39","LONG","130","RINO","RINO INTL CORP","12.0621","130","2010-11-15 15:45:37","7.5392","-0.49","-58.80","2010-11-15 15:45:37","13","7.5392","-590.60","54738129"
"2010-11-12 09:56:43","LONG","100","BA","BOEING","63.7733","100","2010-11-15 14:22:46","63.6745","-0.08","-11.53","2010-11-15 09:56:00","10","62.6200","-12.00","54778035"
"2010-11-10 12:51:01","LONG","100","MELI","MERCADOLIBRE","59.4885","100","2010-11-12 10:17:55","60.1899","-0.19","-28.89","2010-11-11 09:42:00","10","56.6000","68.00","54702187"
"2010-11-09 15:30:45","LONG","100","DLR","DIGITAL REALTY TRUST","52.5989","100","2010-11-10 10:29:46","54.2520","-0.01","-1.29","2010-11-09 15:47:00","10","52.4700","163.00","54663314"
"2010-11-05 12:50:54","LONG","100","HMIN","HOMEINNS HOTEL GROUP AMERICAN","45.1379","100","2010-11-05 14:04:13","46.0542","-0.01","-2.00","2010-11-05 12:52:00","10","44.9380","90.00","54544559"
"2010-11-03 15:18:45","LONG","242.400000000","FLS","FLOWSERVE","32.1390","242.400000000","2010-11-04 09:38:58","32.3470","-0.03","-5.20","2010-11-03 15:41:00","8","96.7400","45.15","54463970"
"2010-10-26 15:27:21","LONG","100","FE","FIRSTENERGY","36.4399","100","2010-11-01 09:58:48","36.4518","-0.04","-5.60","2010-10-28 14:27:00","10","35.8800","-1.00","54206481"
"2010-10-28 15:40:41","LONG","80","SHLD","GLOBAL X DEFENSE TECH ETF","71.7699","80","2010-11-01 09:58:36","72.0100","-0.04","-5.28","2010-10-29 09:31:00","8","71.1100","17.40","54292276"
"2010-10-28 15:52:58","LONG","272.700000000","HMSY","HMS HOLDINGS CORP","18.7110","272.700000000","2010-10-29 09:39:39","19.4690","-0.05","-6.75","2010-10-29 09:31:00","9","55.9500","201.55","54292644"
"2010-10-25 15:11:13","LONG","100","EXC","EXELON","41.3799","100","2010-10-28 15:36:16","41.0118","-0.07","-9.90","2010-10-27 10:04:00","10","40.3900","-39.00","54165417"
"2010-10-27 11:15:55","LONG","60","GOLD","GOLD.COM INC","91.0422","60","2010-10-28 10:00:24","92.2430","-0.01","-2.05","2010-10-27 15:06:00","6","90.7000","70.80","54239983"
"2010-10-27 11:46:27","LONG","80","BUCY","Bucyrus International Inc.","65.8699","80","2010-10-28 09:53:46","67.5904","-0.03","-4.56","2010-10-27 14:38:00","8","65.3000","136.40","54241513"
"2010-10-21 14:33:13","LONG","100","PLCE","CHILDRENS PLACE INC.","44.6785","100","2010-10-26 10:26:42","45.2156","-0.04","-6.28","2010-10-25 12:10:00","10","44.0500","52.00","54079544"
"2010-10-20 10:41:32","LONG","130","SHAW","Shaw Group Inc.","30.7907","130","2010-10-21 10:40:54","32.5035","-0.00","-0.53","2010-10-20 11:05:00","13","30.7500","220.40","54028303"
"2010-10-15 13:36:18","LONG","100","APOL","APOLLO EDUCATION GROUP INC. C","36.1358","100","2010-10-18 13:30:28","37.4731","-0.01","-0.96","2010-10-18 10:35:00","10","36.0400","132.00","53892902"
"2010-10-14 11:23:10","LONG","100","JOE","ST. JOE","19.9390","100","2010-10-15 10:19:01","20.3853","-0.03","-3.79","2010-10-14 11:46:00","10","19.5600","43.00","53843380"
"2010-10-11 11:43:14","LONG","100","CTXS","CITRIX SYSTEMS","57.6000","100","2010-10-13 10:10:48","57.5390","-0.18","-24.80","2010-10-12 09:46:00","10","55.1200","-8.00","53715991"
"2010-10-08 13:20:47","LONG","100","WFMI","Whole Foods Market, Inc.","34.1899","100","2010-10-11 10:29:55","35.1919","-0.00","-0.50","2010-10-08 14:37:00","10","34.1400","98.00","53671543"
"2010-10-04 12:13:24","LONG","100","LPS","LENDER PROCESSING","29.5799","100","2010-10-08 09:39:59","27.4006","-0.30","-40.80","2010-10-05 13:17:00","10","25.5000","-220.00","53501951"
"2010-10-01 10:04:56","LONG","100","GMCR","KEURIG GREEN MOUNTAIN INC. CO","30.1213","100","2010-10-08 09:39:42","26.5595","n/a","","","","","-358.00","53447199"
"2010-09-28 10:39:55","LONG","100","MON","MONUMENT CIRCLE ACQUISITION CORP. CLASS A","49.2258","100","2010-10-08 09:34:21","50.0504","-0.12","-17.26","2010-10-04 09:43:00","10","47.5000","80.00","53325545"
"2010-10-06 14:40:52","LONG","100","AKAM","AKAMAI TECHNOLOGIES","43.9499","100","2010-10-07 15:01:23","45.3308","-0.07","-10.40","2010-10-07 09:51:00","10","42.9100","136.00","53589144"
"2010-10-05 10:49:29","LONG","100","AXP","AMERICAN EXPRESS","37.7666","100","2010-10-06 14:41:16","38.0213","-0.01","-1.87","2010-10-05 11:00:00","10","37.5799","23.00","53539997"
"2010-09-29 12:10:51","LONG","240","CRM","SALESFORCE INC","28.2550","240","2010-09-30 10:00:30","28.5700","-0.04","-5.22","2010-09-29 13:53:00","6","112.1500","71.20","53371085"
"2010-09-22 09:47:33","LONG","120","RBCN","RUBICON TECHNOLOGY","21.1394","120","2010-09-23 10:51:46","21.1900","-0.14","-19.55","2010-09-23 09:32:00","12","19.5100","3.60","53149239"
"2010-09-21 11:12:00","LONG","100","SNDK","SANDISK CORPORATION","35.4806","100","2010-09-23 09:55:48","35.6623","-0.06","-8.91","2010-09-22 09:33:00","10","34.5900","16.00","53105654"
"2010-09-17 10:34:38","LONG","80","CHSI","Catalyst Health Solutions, Inc.","35.1791","80","2010-09-17 11:37:45","36.1874","-0.02","-2.47","2010-09-17 10:43:00","8","34.8700","79.40","53017095"
"2010-09-08 11:29:07","LONG","100","CREE","CREE","51.2623","100","2010-09-14 10:31:53","51.7059","-0.30","-39.62","2010-09-10 11:51:00","10","47.3000","42.00","52732271"
"2010-09-13 15:44:29","LONG","1600","V","VISA","4.0950","1600","2010-09-14 10:03:46","4.1730","-0.02","-2.05","2010-09-13 15:50:00","10","65.3200","120.00","52868971"
"2010-09-10 12:09:31","LONG","120","RBCN","RUBICON TECHNOLOGY","22.9527","120","2010-09-13 09:36:11","24.0958","-0.01","-0.99","2010-09-10 12:35:00","12","22.8700","134.60","52816725"
"2010-09-09 11:28:37","LONG","1600","V","VISA","4.2030","1600","2010-09-10 09:49:01","4.2600","-0.09","-11.80","2010-09-09 13:11:00","10","66.0695","86.00","52773863"
"2010-08-27 10:12:32","LONG","100","RIMM","","45.5959","100","2010-09-08 13:43:38","45.2004","-0.23","-30.66","2010-08-31 15:41:00","10","42.5300","-42.00","52406310"
"2010-08-26 14:08:34","LONG","100","SNDK","SANDISK CORPORATION","35.8795","100","2010-09-02 11:56:44","36.0734","-0.21","-28.50","2010-08-31 15:40:00","10","33.0300","17.00","52373688"
"2010-08-25 15:00:54","LONG","400","ALK","ALASKA AIR GROUP","11.4730","400","2010-09-01 14:20:00","11.2640","-0.15","-20.01","2010-08-31 09:45:00","10","43.8900","-92.00","52333888"
"2010-08-30 09:43:24","LONG","200","LULU","LULULEMON ATHLETICA","17.0360","200","2010-08-31 15:54:16","16.4350","-0.22","-29.91","2010-08-31 09:32:00","10","31.0800","-124.00","52448714"
"2010-08-27 14:37:27","LONG","100","DGIT","DIGITAL GENERATION","25.0623","100","2010-08-30 15:06:44","15.2324","-0.82","-98.30","2010-08-30 15:06:44","10","15.2324","-985.00","52417976"
"2010-08-27 12:30:42","LONG","200","LULU","LULULEMON ATHLETICA","16.9340","200","2010-08-27 14:44:56","17.6360","-0.05","-7.18","2010-08-27 13:04:00","10","33.1500","136.00","52413314"
"2010-08-24 10:24:06","LONG","80","MLM","MARTIN MARIETTA","73.7650","80","2010-08-27 11:35:24","74.0900","-0.13","-18.12","2010-08-25 12:18:00","8","71.5000","24.40","52275660"
"2010-08-18 14:41:40","LONG","80","ESI","ELEMENT SOLUTIONS INC","53.2164","80","2010-08-26 10:12:11","53.8300","-0.18","-25.73","2010-08-20 11:04:00","8","50.0000","47.40","52118813"
"2010-08-24 11:44:21","LONG","100","ATI","ALLEGHENY TECHNOLOGIES","40.8883","100","2010-08-26 09:52:23","41.0401","-0.11","-15.38","2010-08-25 09:46:00","10","39.3500","13.00","52281482"
"2010-08-23 15:44:56","LONG","100","DLB","DOLBY LABORATORIES","54.6999","100","2010-08-26 09:51:14","54.8701","-0.17","-25.10","2010-08-24 10:02:00","10","52.1900","15.00","52244812"
"2010-08-25 10:06:00","LONG","90","WLT","WALTER ENERGY","66.9024","90","2010-08-25 14:55:11","68.5422","-0.03","-4.52","2010-08-25 10:42:00","9","66.4000","146.20","52322071"
"2010-08-05 09:41:22","LONG","120","ARO","AEROPOSTALE","25.4900","120","2010-08-25 10:04:56","21.9917","-0.34","-47.52","2010-08-25 09:32:00","12","21.5300","-422.40","51728311"
"2010-08-04 11:26:56","LONG","100","VMC","VULCAN MATERIALS","41.5000","100","2010-08-23 15:45:22","38.2400","-0.27","-38.20","2010-08-16 09:31:00","10","37.6802","-328.00","51693869"
"2010-08-20 12:24:16","LONG","100","DV","DOUBLE VERIFY HOLDINGS INC.","37.0945","100","2010-08-23 15:44:21","37.9900","-0.01","-1.04","2010-08-20 12:26:00","10","36.9900","88.00","52192472"
"2010-08-20 10:43:46","LONG","100","PRU","PRUDENTIAL FINANCIAL","51.5954","100","2010-08-23 09:44:34","52.8802","-0.00","-0.45","2010-08-20 10:46:00","10","51.5500","126.00","52188564"
"2010-08-10 10:27:04","LONG","120","LOPE","GRAND CANYON EDUCATION","18.4600","120","2010-08-18 14:41:09","17.6200","-0.27","-37.56","2010-08-17 12:49:00","12","15.3300","-103.40","51862062"
"2010-08-16 09:35:27","LONG","100","DV","DOUBLE VERIFY HOLDINGS INC.","39.9000","100","2010-08-18 10:10:21","39.3401","-0.14","-19.90","2010-08-17 09:47:00","10","37.9100","-58.00","52033262"
"2010-08-09 13:49:52","LONG","303","SKX","SKECHERS USA","9.9660","303","2010-08-17 13:55:15","9.2920","-0.23","-33.20","2010-08-16 09:32:00","10","26.8800","-210.06","51831720"
"2010-08-12 14:57:53","LONG","120","CAVM","CAVIUM","23.6500","120","2010-08-16 09:34:36","24.1700","-0.05","-7.92","2010-08-12 15:51:00","12","22.9900","59.60","51961509"
"2010-08-12 11:23:09","LONG","240","PLCM","POLYCOM","13.3750","240","2010-08-12 13:23:28","13.6550","-0.01","-0.96","2010-08-12 11:25:00","12","26.6700","62.20","51953006"
"2010-08-11 12:54:21","LONG","100","NAV","NAVISTAR INTERNATIONAL","45.3040","100","2010-08-12 11:10:20","45.6400","-0.08","-11.84","2010-08-12 09:32:00","10","44.1200","32.00","51913141"
"2010-08-06 10:53:39","LONG","100","DV","DOUBLE VERIFY HOLDINGS INC.","47.9905","100","2010-08-09 09:44:10","48.8194","-0.03","-4.30","2010-08-06 10:59:00","10","47.5600","81.00","51782521"
"2010-08-04 10:54:42","LONG","200","CBD","BRAZILIAN DISTRIBUTION","31.7500","200","2010-08-05 09:41:37","32.3250","-0.00","-0.30","2010-08-04 10:59:00","10","63.4700","111.00","51692457"
"2010-08-03 15:41:52","LONG","120","ARO","AEROPOSTALE","27.4000","120","2010-08-04 13:06:10","27.6801","-0.05","-7.44","2010-08-04 09:56:00","12","26.7800","31.60","51663705"
"2010-07-30 15:33:02","LONG","200","CBD","BRAZILIAN DISTRIBUTION","32.6000","200","2010-08-02 09:48:36","33.5510","-0.02","-2.50","2010-07-30 16:00:00","10","64.9500","186.00","51578771"
"2010-07-29 14:37:28","LONG","100","WPI","Watson Pharmaceuticals, Inc.","39.6330","100","2010-07-30 15:33:15","40.6063","-0.02","-2.93","2010-07-30 09:42:00","10","39.3400","95.00","51541369"
"2010-07-29 10:13:10","LONG","90","HSP","HOSPIRA","50.9083","90","2010-07-29 15:38:43","51.5900","-0.01","-2.16","2010-07-29 12:13:00","9","50.6200","59.20","51527152"
"2010-07-27 11:24:09","LONG","120","GG","GOLDCORP","38.5600","120","2010-07-28 12:02:20","39.1600","-0.04","-5.88","2010-07-27 11:29:00","12","38.0700","69.60","51452969"
"2010-07-22 09:46:59","LONG","100","ESRX","EXPRESS SCRIPTS","43.7000","100","2010-07-27 10:07:55","43.8700","-0.15","-21.50","2010-07-22 15:38:00","10","41.5500","15.00","51325542"
"2010-07-23 14:09:40","LONG","100","WDC","WESTERN DIGITAL","27.8199","100","2010-07-27 10:07:45","28.6400","-0.00","-0.20","2010-07-23 14:11:00","10","27.8000","80.00","51377967"
"2010-07-21 10:23:09","LONG","100","SYK","STRYKER","47.6000","100","2010-07-23 10:01:23","47.6512","-0.08","-12.30","2010-07-22 10:03:00","10","46.3700","3.00","51286918"
"2010-07-22 13:24:02","LONG","100","EMS","EMS Technologies Inc.","42.3640","100","2010-07-22 15:08:27","44.1001","-0.00","-0.44","2010-07-22 13:27:00","10","42.3200","172.00","51337031"
"2010-07-21 15:24:53","LONG","100","MHS","Medco Health Solutions, Inc.","53.1199","100","2010-07-22 09:43:11","48.2302","-0.34","-49.20","2010-07-22 09:43:00","10","48.2000","-491.00","51299684"
"2010-07-20 11:50:15","LONG","100","SNDK","SANDISK CORPORATION","40.8499","100","2010-07-21 09:48:22","42.5800","-0.04","-5.10","2010-07-20 12:40:00","10","40.3400","171.00","51252751"
"2010-07-19 10:32:36","LONG","100","AEM","AGNICO EAGLE MINES LIMITED","54.5500","100","2010-07-20 10:03:12","55.5717","-0.03","-4.20","2010-07-19 10:45:00","10","54.1300","100.00","51206955"
"2010-07-16 11:24:11","LONG","100","JCG","J. Crew Group, Inc.","33.1699","100","2010-07-20 10:02:48","33.7685","-0.06","-9.30","2010-07-19 13:53:00","10","32.2400","58.00","51162802"
"2010-07-14 15:33:00","LONG","100","AMED","AMEDISYS","25.6000","100","2010-07-15 15:25:37","26.6452","-0.01","-1.80","2010-07-15 09:47:00","10","25.4200","103.00","51088850"
"2010-06-22 14:34:00","LONG","100","RRC","RANGE RESOURCES","45.4700","100","2010-07-14 14:25:08","42.3000","-0.51","-69.30","2010-07-01 11:14:00","10","38.5400","-319.00","50477417"
"2010-07-12 15:43:41","LONG","100","CBOE","CBOE GLOBAL MARKETS INC","26.7800","100","2010-07-13 09:59:46","27.7500","-0.00","-0.40","2010-07-12 16:00:00","10","26.7400","95.00","51015054"
"2010-07-02 10:41:18","LONG","80","ADS","ALLIANCE DATA SYSTEMS","57.9700","80","2010-07-09 15:21:45","58.0000","-0.25","-33.12","2010-07-07 10:24:00","8","53.8300","0.40","50777573"
"2010-07-08 11:16:12","LONG","200","TJX","TJX COMPANIES","20.6200","200","2010-07-09 10:12:17","20.6450","-0.02","-3.10","2010-07-08 11:49:00","10","40.9300","1.00","50925158"
"2010-07-06 11:33:03","LONG","80","SHLD","GLOBAL X DEFENSE TECH ETF","61.5400","80","2010-07-08 09:43:13","62.2800","-0.14","-18.64","2010-07-07 09:31:00","8","59.2100","57.40","50844710"
"2010-07-07 11:07:50","LONG","80","WAT","WATERS","62.8500","80","2010-07-08 09:42:43","63.7700","-0.01","-1.44","2010-07-07 11:13:00","8","62.6700","72.40","50886000"
"2010-07-02 12:00:19","LONG","60","SPG","SIMON PROPERTY GROUP","79.0700","60","2010-07-07 13:25:29","79.7800","-0.12","-15.60","2010-07-06 15:24:00","6","76.4700","41.80","50780725"
"2010-06-29 09:43:10","LONG","100","ATHR","AETHER HOLDINGS INC.","28.0000","100","2010-07-06 10:02:06","28.0100","-0.11","-14.20","2010-07-01 10:41:00","10","26.5800","-1.00","50660785"
"2010-07-02 11:59:18","LONG","70","WYNN","WYNN RESORTS","73.7000","70","2010-07-06 09:35:31","76.3600","-0.03","-4.06","2010-07-02 13:05:00","7","73.1200","184.60","50780683"
"2010-06-28 10:24:11","LONG","150","WAG","WALGREEN","27.1100","150","2010-07-02 11:58:42","26.4900","-0.09","-12.75","2010-06-30 09:31:00","15","26.2600","-96.00","50624945"
"2010-06-28 10:23:35","LONG","100","PEP","PEPSICO","61.5800","100","2010-07-02 10:21:26","61.8700","-0.09","-12.60","2010-07-01 12:09:00","10","60.3200","27.00","50624913"
"2010-06-18 14:43:49","LONG","100","SHLD","GLOBAL X DEFENSE TECH ETF","76.0800","100","2010-06-21 10:13:01","76.9000","-0.03","-4.80","2010-06-18 15:45:00","10","75.6000","80.00","50397429"
"2010-05-28 15:15:00","LONG","150","ATPG","ATP Oil & Gas Corp.","10.7700","150","2010-06-14 14:38:47","9.9600","-0.31","-39.15","2010-06-02 09:52:00","15","8.1600","-125.00","49814154"
"2010-06-11 14:25:31","LONG","100","BIIB","BIOGEN INC. COMMON STOCK","46.0000","100","2010-06-14 09:38:27","46.8300","-0.00","-0.40","2010-06-11 15:36:00","10","45.9600","81.00","50218680"
"2010-06-10 15:06:37","LONG","100","SHLD","GLOBAL X DEFENSE TECH ETF","77.6000","100","2010-06-11 10:29:00","78.3000","-0.05","-6.85","2010-06-11 09:37:00","10","76.9150","68.00","50182979"
"2010-05-28 12:52:23","LONG","200","OII","OCEANEERING INTERNATIONAL","23.4150","200","2010-06-10 12:49:10","22.3100","-0.52","-70.80","2010-06-01 14:15:00","10","39.7500","-225.00","49812994"
"2010-06-07 13:38:00","LONG","100","GD","GENERAL DYNAMICS","63.5000","100","2010-06-09 11:10:29","63.5700","-0.13","-17.10","2010-06-08 11:13:00","10","61.7900","5.00","50060156"
"2010-06-07 11:29:34","LONG","100","VECO","VEECO INSTRUMENTS","32.8800","100","2010-06-09 09:41:25","33.0800","-0.26","-33.40","2010-06-08 10:47:00","10","29.5400","18.00","50056284"
"2010-06-04 15:07:05","LONG","130","JOE","ST. JOE","23.3200","130","2010-06-09 09:39:28","23.5500","-0.21","-26.91","2010-06-08 10:51:00","13","21.2500","27.40","50011885"
"2010-06-03 13:34:09","LONG","100","DO","DIAMOND OFFSHORE DRILLING INC","59.8500","100","2010-06-04 10:26:27","61.8700","-0.09","-12.10","2010-06-03 14:08:00","10","58.6400","200.00","49968131"
"2010-06-02 15:51:00","LONG","80","RIG","TRANSOCEAN","47.9500","80","2010-06-03 10:20:10","49.6500","n/a","","","","","134.40","49933654"
"2010-06-01 11:33:30","LONG","80","DRQ","DRIL-QUIP","42.7300","80","2010-06-02 15:49:08","43.5700","-0.15","-18.80","2010-06-02 09:39:00","8","40.3800","65.40","49881356"
"2010-06-02 11:26:36","LONG","100","WRC","Warnaco Group Inc.","39.2800","100","2010-06-02 15:48:07","40.3300","-0.01","-1.00","2010-06-02 11:28:00","10","39.1800","103.00","49922658"
"2010-05-27 15:38:40","LONG","100","DV","DOUBLE VERIFY HOLDINGS INC.","57.6300","100","2010-05-28 12:51:58","58.0800","0.00","0.00","2010-05-27 15:41:00","10","57.6300","43.00","49779967"
"2010-05-14 10:12:34","LONG","200","NBL","NOBLE ENERGY","33.4950","200","2010-05-27 11:09:38","31.4450","-0.77","-98.90","2010-05-25 13:19:00","10","57.1000","-414.00","49352762"
"2010-05-20 09:53:36","LONG","100","FLR","FLUOR","46.3000","100","2010-05-27 09:45:30","46.5600","-0.22","-27.80","2010-05-25 09:32:00","10","43.5200","24.00","49533454"
"2010-05-25 09:44:41","LONG","80","RIG","TRANSOCEAN","53.6800","80","2010-05-25 15:56:03","57.1500","-0.02","-3.20","2010-05-25 09:46:00","8","53.2800","276.40","49680975"
"2010-05-19 15:48:50","LONG","100","HAR","HARMAN INTERNATIONAL INDS","31.8100","100","2010-05-21 10:22:37","31.9100","-0.16","-20.20","2010-05-21 09:31:00","10","29.7900","8.00","49505346"
"2010-05-19 11:36:41","LONG","100","TCK","TECK RESOURCES","30.3100","100","2010-05-21 09:56:13","31.2900","-0.09","-12.10","2010-05-20 10:26:00","10","29.1000","96.00","49496505"
"2010-05-17 13:32:46","LONG","1280","V","VISA","4.6730","1280","2010-05-20 09:55:33","4.6910","-0.39","-51.76","2010-05-18 14:39:00","8","68.2900","18.00","49411060"
"2010-05-18 15:54:51","LONG","100","RIG","TRANSOCEAN","62.7800","100","2010-05-19 15:47:03","62.8400","-0.10","-12.20","2010-05-19 11:51:00","10","61.5600","4.00","49459786"
"2010-05-19 10:38:52","LONG","150","TSL","GRANITESHARES 1.25X LONG TESLA DAILY ETF","15.6300","150","2010-05-19 15:46:47","16.5300","-0.05","-6.01","2010-05-19 11:26:00","15","15.2293","132.00","49493512"
"2010-05-17 13:32:20","LONG","160","FCX","FREEPORT-MCMORAN INC","33.4150","160","2010-05-18 09:33:46","34.8250","-0.03","-3.36","2010-05-17 13:47:00","8","66.4100","222.80","49411023"
"2010-05-13 14:11:58","LONG","120","NTY","NBTY, Inc.","32.7600","120","2010-05-13 14:52:50","33.6800","n/a","","","","","107.60","49321616"
"2010-05-11 15:50:25","LONG","160","NBL","NOBLE ENERGY","34.4950","160","2010-05-13 14:11:31","35.1450","-0.08","-10.32","2010-05-12 09:53:00","8","67.7000","100.80","49248633"
"2010-04-30 15:07:10","LONG","100","WLP","WELLPOINT","55.0700","100","2010-05-11 15:49:50","52.2300","-0.48","-59.70","2010-05-06 14:47:00","10","49.1000","-286.00","48932855"
"2010-05-06 11:28:52","LONG","80","GES","GUESS","40.7500","80","2010-05-10 09:39:17","40.7900","-0.28","-35.52","2010-05-07 10:29:00","8","36.3100","1.40","49103038"
"2010-05-06 11:29:17","LONG","120","TSL","GRANITESHARES 1.25X LONG TESLA DAILY ETF","20.7500","120","2010-05-10 09:33:06","21.8800","-0.27","-33.72","2010-05-06 14:47:00","12","17.9400","133.60","49103071"
"2010-05-06 12:33:58","LONG","70","AGU","AGRIUM","57.2000","70","2010-05-07 15:03:51","57.2300","-0.22","-27.09","2010-05-06 14:49:00","7","53.3300","0.60","49106638"
"2010-04-29 11:35:43","LONG","200","BP","BP","26.8000","200","2010-05-06 13:07:37","25.4850","-0.51","-62.50","2010-05-03 10:45:00","10","47.3500","-267.00","48888705"
"2010-05-05 15:01:39","LONG","80","VPRT","VISTAPRINT","48.4000","80","2010-05-06 10:08:55","49.4800","-0.03","-3.20","2010-05-05 15:24:00","8","48.0000","84.40","49067995"
"2010-05-04 15:40:54","LONG","80","CLF","CLEVELAND-CLIFFS INC","53.8800","80","2010-05-05 10:29:15","55.8200","-0.11","-13.44","2010-05-05 09:31:00","8","52.2000","153.40","49024778"
"2010-05-05 09:42:12","LONG","100","ATHR","AETHER HOLDINGS INC.","36.0000","100","2010-05-05 10:08:18","37.0300","n/a","","","","","101.00","49054623"
"2010-04-30 10:04:00","LONG","100","APC","ARKO PETROLEUM CORP. CLASS A","64.2000","100","2010-05-04 15:38:00","64.3500","-0.35","-43.70","2010-05-03 09:48:00","10","59.8300","13.00","48922995"
"2010-05-04 13:04:05","LONG","80","VPRT","VISTAPRINT","50.0000","80","2010-05-04 15:37:40","50.6700","n/a","","","","","52.40","49018306"
"2010-05-03 11:06:31","LONG","100","MHS","Medco Health Solutions, Inc.","57.2500","100","2010-05-04 10:18:36","58.7300","-0.02","-2.70","2010-05-03 11:12:00","10","56.9800","146.00","48969936"
"2010-05-03 13:59:14","LONG","50","JOE","ST. JOE","31.3600","50","2010-05-03 15:32:24","32.1800","-0.00","-0.55","2010-05-03 14:05:00","5","31.2500","40.00","48976556"
"2010-04-26 13:14:30","LONG","130","BAX","BAXTER INTERNATIONAL","47.8100","130","2010-04-28 10:26:13","47.8800","-0.07","-8.45","2010-04-27 13:35:00","13","47.1600","6.40","48770142"
"2010-04-27 12:39:55","LONG","80","CF","CF INDUSTRIES HOLDINGS","81.8600","80","2010-04-28 09:43:47","82.2000","-0.06","-8.25","2010-04-27 13:41:00","8","80.8283","25.40","48810071"
"2010-04-26 13:55:26","LONG","100","DV","DOUBLE VERIFY HOLDINGS INC.","64.6000","100","2010-04-27 09:47:53","66.2600","-0.00","-0.40","2010-04-26 13:57:00","10","64.5600","164.00","48771454"
"2010-04-21 14:55:45","LONG","130","BIIB","BIOGEN INC. COMMON STOCK","52.5300","130","2010-04-26 14:05:55","52.3000","-0.09","-11.83","2010-04-22 10:08:00","13","51.6200","-32.60","48628950"
"2010-04-21 14:54:46","LONG","120","STT","STATE STREET","43.1900","120","2010-04-22 11:50:55","43.5600","-0.01","-1.56","2010-04-22 09:37:00","12","43.0600","41.60","48628918"
"2010-04-15 13:54:44","LONG","130","ARST","ArcSight, Inc.","24.8700","130","2010-04-21 14:55:13","24.2700","-0.12","-14.56","2010-04-16 11:16:00","13","23.7500","-80.60","48456361"
"2010-04-15 15:56:22","LONG","100","PWRD","TCW TRANSFORM SYSTEMS ETF","34.8300","100","2010-04-20 14:45:49","35.8100","-0.13","-15.20","2010-04-16 11:17:00","10","33.3100","96.00","48459909"
"2010-04-19 13:45:05","LONG","40","GWW","W.W. GRAINGER","105.5900","40","2010-04-20 09:45:15","106.6300","-0.01","-1.52","2010-04-19 14:03:00","4","105.2100","41.20","48543737"
"2010-04-19 13:27:07","LONG","100","X","UNITED STATES STEEL","57.4400","100","2010-04-20 09:43:51","59.7400","-0.03","-3.90","2010-04-19 14:03:00","10","57.0500","228.00","48543114"
"2010-04-14 10:10:54","LONG","100","WLP","WELLPOINT","58.9000","100","2010-04-19 09:52:25","59.8700","-0.16","-19.20","2010-04-15 12:15:00","10","56.9800","95.00","48408041"
"2010-04-14 11:12:52","LONG","100","AGU","AGRIUM","64.4900","100","2010-04-15 13:53:47","64.5800","-0.02","-2.70","2010-04-14 11:22:00","10","64.2200","7.00","48410810"
"2010-04-09 14:39:42","LONG","100","WLP","WELLPOINT","60.4800","100","2010-04-12 09:54:47","61.3100","-0.01","-0.60","2010-04-09 14:41:00","10","60.4200","81.00","48304415"
"2010-04-09 14:39:17","LONG","120","VLTR","VOLTERRA SEMICONDUCTOR","25.7500","120","2010-04-12 09:43:40","26.6200","n/a","","","","","101.60","48304357"
"2010-04-01 11:50:39","LONG","120","LAYN","LAYNE CHRISTENSEN","25.0100","120","2010-04-05 10:03:33","25.4400","-0.02","-2.03","2010-04-05 09:35:00","12","24.8405","49.60","48100461"
"2010-04-01 14:48:15","LONG","120","SHLM","A SCHULMAN","22.2600","120","2010-04-01 15:43:27","23.2100","-0.01","-0.72","2010-04-01 14:50:00","12","22.2000","111.60","48106338"
"2010-03-26 15:18:57","LONG","100","DVN","DEVON ENERGY","62.8500","100","2010-03-29 10:20:47","64.6000","-0.01","-1.00","2010-03-26 15:35:00","10","62.7500","173.00","47952780"
"2010-03-25 15:20:55","LONG","100","ABVT","AboveNet, Inc.","50.4800","100","2010-03-26 11:02:40","50.9400","-0.04","-4.80","2010-03-25 15:57:00","10","50.0000","44.00","47914272"
"2010-03-18 15:31:46","LONG","100","DVN","DEVON ENERGY","65.4700","100","2010-03-24 10:20:33","66.0400","-0.23","-26.10","2010-03-22 10:07:00","10","62.8601","55.00","47656494"
"2010-03-22 12:29:03","LONG","100","CNX","CNX RESOURCES CORP","45.0000","100","2010-03-24 10:18:38","45.7900","-0.06","-6.80","2010-03-22 14:26:00","10","44.3200","77.00","47755368"
"2010-03-19 11:21:46","LONG","100","SWN","SOUTHWESTERN ENERGY","38.7700","100","2010-03-22 15:27:38","40.1000","-0.02","-2.10","2010-03-22 09:32:00","10","38.5600","131.00","47694249"
"2010-03-16 10:33:47","LONG","120","VSEA","Varian Semiconductor Equipment Associates Inc.","28.7600","120","2010-03-17 09:53:23","29.1800","n/a","","","","","47.60","47559078"
"2010-03-10 14:43:54","LONG","140","CBEY","CBEYOND","11.2600","140","2010-03-11 12:10:24","11.5500","-0.07","-7.70","2010-03-11 09:49:00","14","10.7100","38.20","47472511"
"2010-03-01 10:02:46","LONG","100","SNDA","SONIDA SENIOR LIVING INC","41.0600","100","2010-03-08 15:09:11","39.6400","-0.27","-29.90","2010-03-03 10:43:00","10","38.0700","-144.00","47302538"
"2010-02-25 13:52:50","LONG","100","MON","MONUMENT CIRCLE ACQUISITION CORP. CLASS A","71.7600","100","2010-03-02 09:44:56","72.5500","-0.15","-17.10","2010-03-01 09:48:00","10","70.0500","77.00","47256591"
"2010-02-25 10:25:25","LONG","50","FSLR","FIRST SOLAR INC","102.0000","50","2010-02-26 09:46:45","103.3100","-0.04","-5.00","2010-02-25 11:40:00","5","101.0000","65.00","47249765"
"2010-02-09 12:24:19","LONG","80","FSYS","FUEL SYSTEMS SOLUTIONS","31.7400","80","2010-02-24 14:26:21","27.9500","-0.28","-31.20","2010-02-22 09:55:00","8","27.8400","-304.60","46951422"
"2010-02-22 15:43:27","LONG","120","TRAK","REPOSITRAK","14.2200","120","2010-02-24 14:26:05","14.3700","-0.10","-10.68","2010-02-23 11:36:00","12","13.3300","15.60","47167312"
"2010-02-23 15:07:08","LONG","10","AMSC","AMERICAN SUPERCONDUCTOR CORPOR","278.0000","10","2010-02-24 10:08:23","284.1000","-0.02","-2.30","2010-02-24 09:31:00","10","27.5700","60.80","47203106"
"2010-02-18 10:13:27","LONG","100","AGNC","AGNC INVESTMENT CORP","23.9100","100","2010-02-19 13:46:37","24.8200","n/a","","","","","89.00","47110473"
"2010-02-16 14:31:40","LONG","100","GPI","GROUP 1 AUTOMOTIVE","25.7900","100","2010-02-17 09:58:59","26.1400","-0.03","-2.80","2010-02-16 14:52:00","10","25.5100","33.00","47071907"
"2010-02-16 14:31:56","LONG","100","WLP","WELLPOINT","58.2600","100","2010-02-17 09:55:35","59.6900","-0.03","-3.28","2010-02-16 16:13:00","10","57.9322","141.00","47071914"
"2010-02-04 10:17:07","LONG","120","AVAV","AEROVIRONMENT","26.6700","120","2010-02-16 09:49:12","24.2600","-0.48","-52.32","2010-02-09 11:50:00","12","22.3100","-291.40","46852120"
"2010-02-03 14:22:26","LONG","12","AMSC","AMERICAN SUPERCONDUCTOR CORPOR","333.6000","12","2010-02-16 09:48:44","316.7000","-0.35","-37.32","2010-02-05 13:45:00","12","30.2500","-203.24","46833603"
"2010-02-12 14:30:17","LONG","100","SAP","SAP AE","42.9200","100","2010-02-16 09:47:56","43.4400","n/a","","","","","50.00","47021743"
"2010-02-05 10:00:14","LONG","100","FWLT","FOSTER WHEELER","26.3800","100","2010-02-09 12:24:39","26.6000","-0.13","-13.40","2010-02-05 13:54:00","10","25.0400","20.00","46880877"
"2010-02-05 14:53:36","LONG","80","FLR","FLUOR","42.3000","80","2010-02-08 11:38:08","43.2100","-0.04","-4.49","2010-02-05 16:31:00","8","41.7384","71.40","46889939"
"2010-02-05 13:44:43","LONG","100","BUCY","Bucyrus International Inc.","48.0500","100","2010-02-08 10:53:55","52.6500","-0.02","-2.40","2010-02-05 14:00:00","10","47.8100","458.00","46887764"
"2010-01-28 15:37:40","LONG","100","SINA","SINA","37.5600","100","2010-02-03 15:15:29","37.4600","-0.24","-23.90","2010-02-01 08:58:00","10","35.1700","-12.00","46697954"
"2010-02-01 12:17:59","LONG","200","IDXX","IDEXX LABORATORIES","24.9000","200","2010-02-03 14:20:51","25.3450","-0.07","-7.70","2010-02-01 14:16:00","10","49.0300","85.00","46768645"
"2010-01-21 10:56:08","LONG","80","DB","DEUTSCHE BANK AG","66.4800","80","2010-02-02 10:32:10","65.7200","-0.45","-46.88","2010-01-29 15:33:00","8","60.6200","-62.60","46532525"
"2010-01-27 14:46:16","LONG","100","X","UNITED STATES STEEL","46.3900","100","2010-02-02 10:01:35","47.4800","-0.26","-26.40","2010-01-29 15:33:00","10","43.7500","107.00","46669234"
"2010-01-29 12:21:06","LONG","200","QSII","QUALITY SYSTEMS","26.7500","200","2010-02-01 12:17:20","26.9700","-0.21","-22.00","2010-01-29 15:33:00","10","51.3000","40.00","46719497"
"2010-01-28 15:40:04","LONG","160","FCX","FREEPORT-MCMORAN INC","34.7800","160","2010-01-29 10:23:32","35.3750","-0.10","-9.84","2010-01-28 19:49:00","8","68.3300","91.80","46698056"
"2010-01-20 15:29:46","LONG","100","GG","GOLDCORP","38.1500","100","2010-01-28 15:39:22","35.8300","-0.31","-32.90","2010-01-28 12:47:00","10","34.8600","-234.00","46511828"
"2010-01-20 11:31:32","LONG","80","NILE","BITNILE HOLDINGS INC","55.2800","80","2010-01-28 15:36:21","53.4700","-0.21","-22.08","2010-01-26 09:56:00","8","52.5200","-146.60","46505648"
"2010-01-22 11:06:09","LONG","100","KLAC","KLA CORP","31.9800","100","2010-01-27 15:16:45","30.5400","-0.17","-18.20","2010-01-27 13:30:00","10","30.1600","-146.00","46563234"
"2010-01-19 15:43:51","LONG","120","MED","MEDIFAST","20.7400","120","2010-01-25 09:51:50","20.9200","-0.26","-26.88","2010-01-22 17:51:00","12","18.5000","19.60","46483619"
"2010-01-15 15:20:46","LONG","100","KLAC","KLA CORP","33.5000","100","2010-01-21 10:01:37","33.7800","-0.08","-8.80","2010-01-20 09:31:00","10","32.6200","26.00","46442091"
"2010-01-14 15:42:32","LONG","160","SXCI","","23.9400","160","2010-01-19 11:59:47","25.0050","-0.19","-21.28","2010-01-15 09:50:00","8","45.2200","166.80","46414965"
"2010-01-12 11:25:26","LONG","100","DTSI","DTS","28.7700","100","2010-01-13 09:42:37","29.9400","n/a","","","","","115.00","46352421"
"2010-01-11 15:05:57","LONG","100","CPO","Corn Products International Inc.","26.5000","100","2010-01-12 10:35:11","27.3000","-0.01","-1.20","2010-01-11 15:13:00","10","26.3800","78.00","46329282"
"2010-01-07 15:44:30","LONG","200","RKT","ROCKET COMPANIES INC","24.0350","200","2010-01-08 13:17:57","24.0050","-0.07","-7.70","2010-01-08 11:25:00","10","47.3000","-10.00","46274471"
"2009-12-15 15:03:42","LONG","90","ORA","ORMAT TECHNOLOGIES","39.4500","90","2010-01-08 10:48:11","37.1400","-0.22","-24.30","2010-01-06 09:37:00","9","36.7500","-209.80","45869553"
"2010-01-07 15:39:56","LONG","100","CHRW","CH ROBINSON WORLDWIDE","56.7800","100","2010-01-08 10:47:47","57.1100","-0.02","-1.80","2010-01-08 09:31:00","10","56.6000","31.00","46274375"
"2010-01-06 14:49:32","LONG","80","SHW","SHERWIN-WILLIAMS","59.3100","80","2010-01-07 10:54:29","60.4200","-0.02","-2.48","2010-01-06 15:07:00","8","59.0000","87.40","46242708"
"2010-01-05 15:09:57","LONG","100","NTRI","NUTRISYSTEM","27.9800","100","2010-01-06 14:49:00","28.2300","-0.09","-9.80","2010-01-06 08:12:00","10","27.0000","23.00","46211828"
"2010-01-04 15:54:00","LONG","50","PSA","PUBLIC STORAGE","80.1000","50","2010-01-05 15:09:07","80.4100","-0.04","-4.35","2010-01-05 11:24:00","5","79.2300","15.00","46183260"
"2010-01-04 15:52:24","LONG","178.200000000","ODFL","OLD DOMINION FREIGHT LNS","13.1350","178.200000000","2010-01-05 15:08:38","13.3320","-0.06","-6.08","2010-01-05 11:54:00","8","28.5000","31.44","46183208"
"2009-12-16 11:26:17","LONG","180","GILD","GILEAD SCIENCES","22.0000","180","2009-12-30 12:33:40","21.9700","-0.12","-12.51","2009-12-18 13:26:00","9","42.6100","-8.60","45892503"
"2009-12-16 11:59:31","LONG","150","SEH","Spartech Corp.","9.7500","150","2009-12-17 15:45:50","9.8100","-0.10","-10.80","2009-12-17 10:00:00","15","9.0300","6.00","45893464"
"2009-12-14 14:11:27","LONG","826.400000000","EBIX","EBIX","4.7700","826.400000000","2009-12-15 09:53:58","5.0530","-0.02","-1.62","2009-12-14 14:16:00","9","43.6200","229.00","45835576"
"2009-11-19 14:48:41","LONG","90","JEC","JACOBS ENGINEERING","36.6200","90","2009-12-10 15:37:10","34.5800","-0.25","-26.28","2009-12-08 13:56:00","9","33.7000","-185.80","45167173"
"2009-12-08 15:21:32","LONG","80","PBR","PETROLEO BRASILEIRO SA","48.1400","80","2009-12-10 09:39:02","48.9400","-0.05","-5.68","2009-12-09 09:48:00","8","47.4300","62.40","45703327"
"2009-12-09 09:55:06","LONG","50","SI","SHOULDER INNOVATIONS INC","89.2700","50","2009-12-10 09:38:41","91.2100","-0.05","-5.65","2009-12-09 13:45:00","5","88.1400","96.00","45723074"
"2009-12-04 11:53:57","LONG","90","NUVA","NUVASIVE","28.1100","90","2009-12-07 12:40:50","29.6700","-0.06","-5.94","2009-12-04 12:01:00","9","27.4500","138.20","45614116"
"2009-11-30 15:35:46","LONG","106.200000000","AGII","ARGO GROUP INTERNATIONAL","21.6650","106.200000000","2009-12-03 09:45:13","21.9060","n/a","","","","","23.88","45476064"
"2009-11-30 15:07:13","LONG","140","UHS","UNIVERSAL HEALTH SERVICES","27.7650","140","2009-12-01 10:04:57","28.3500","-0.01","-0.70","2009-11-30 15:25:00","7","55.4300","79.20","45474440"
"2009-11-18 15:43:53","LONG","80","SIVB","SVB FINANCIAL","39.6400","80","2009-11-30 15:07:28","37.5300","-0.24","-24.96","2009-11-27 09:31:00","8","36.5200","-170.60","45128746"
"2009-11-23 14:45:40","LONG","90","NUVA","NUVASIVE","31.3800","90","2009-11-24 10:43:49","32.8900","-0.02","-2.43","2009-11-23 15:35:00","9","31.1100","134.20","45266267"
"2009-11-19 11:55:20","LONG","80","PLL","PIEDMONT LITHIUM LTD ADR","32.0800","80","2009-11-23 10:49:24","32.8900","-0.02","-2.48","2009-11-19 13:25:00","8","31.7700","63.40","45162123"
"2009-11-13 15:48:31","LONG","70","PDA","","49.4300","70","2009-11-16 10:06:52","50.3200","-0.02","-1.96","2009-11-13 15:58:00","7","49.1500","60.60","44957203"
"2009-11-12 15:37:51","LONG","90","ESC","EMERITUS","16.8000","90","2009-11-13 14:14:12","17.3800","-0.02","-2.34","2009-11-13 09:39:00","9","16.5400","50.20","44916154"
"2009-10-26 15:40:52","LONG","70","NTRS","NORTHERN TRUST","51.7200","70","2009-11-06 14:29:28","49.6400","-0.16","-16.73","2009-11-03 13:27:00","7","49.3300","-147.40","44190904"
"2009-11-03 14:24:03","LONG","100","TSRA","TESSERA TECHNOLOGIES","21.1600","100","2009-11-05 09:39:02","21.9100","-0.06","-6.00","2009-11-04 14:31:00","10","20.5600","73.00","44477763"
"2009-11-02 14:48:48","LONG","80","WMS","ADVANCED DRAINAGE SYSTEMS INC","39.5900","80","2009-11-03 14:17:50","40.4100","-0.03","-3.28","2009-11-03 11:29:00","8","39.1800","64.40","44433465"
"2009-11-02 14:51:43","LONG","70","MHK","MOHAWK INDUSTRIES","40.8000","70","2009-11-03 10:20:50","41.2100","-0.06","-6.09","2009-11-02 15:30:00","7","39.9300","27.60","44433548"
"2008-09-24 10:32:33","LONG","2.400000000","DRYS","DRYSHIPS","1120.0000","2.400000000","2009-11-02 11:18:34","148.2500","-2.94","-233.22","2009-11-02 11:18:34","0","148.2500","-2332.05","35314527"
"2009-10-30 14:10:05","LONG","150","PNK","PINNACLE ENTERTAINMENT","8.2900","150","2009-11-02 11:18:18","8.6300","-0.03","-2.70","2009-10-30 14:51:00","15","8.1100","48.00","44364068"
"2009-10-30 13:07:57","LONG","70","APOL","APOLLO EDUCATION GROUP INC. C","57.1900","70","2009-11-02 10:36:58","58.2300","-0.06","-5.74","2009-10-30 13:26:00","7","56.3700","71.60","44362065"
"2009-10-30 13:03:24","LONG","80","AEM","AGNICO EAGLE MINES LIMITED","51.7500","80","2009-11-02 09:42:34","54.7200","-0.01","-0.56","2009-10-30 13:25:00","8","51.6800","236.40","44361886"
"2009-10-29 14:37:34","LONG","100","KBR","KBR","20.6100","100","2009-10-30 11:18:18","21.0900","-0.03","-2.60","2009-10-29 15:46:00","10","20.3500","46.00","44320519"
"2009-10-27 14:15:51","LONG","160","COLM","COLUMBIA SPORTSWEAR","19.2300","160","2009-10-29 14:37:57","19.2250","-0.08","-7.20","2009-10-28 15:37:00","8","37.5600","-4.20","44228971"
"2009-10-29 09:56:32","LONG","90","NRG","NRG ENERGY","23.7000","90","2009-10-29 12:54:05","24.5600","-0.00","-0.36","2009-10-29 09:59:00","9","23.6600","75.20","44308029"
"2009-10-27 14:15:23","LONG","70","NUE","NUCOR","40.9700","70","2009-10-29 11:25:42","41.4200","-0.09","-9.03","2009-10-28 11:01:00","7","39.6800","30.60","44228925"
"2009-10-28 15:03:29","LONG","70","SCHN","SCHNITZER STEEL","43.6900","70","2009-10-29 09:37:52","44.7000","-0.05","-4.62","2009-10-28 15:40:00","7","43.0300","69.60","44278708"
"2009-10-21 14:07:05","LONG","100","PETS","PETMED EXPRESS","16.2300","100","2009-10-28 15:03:48","15.7700","-0.05","-5.30","2009-10-28 12:01:00","10","15.7000","-48.00","44014528"
"2009-10-26 15:42:03","LONG","80","WOOF","PETCO HEALTH AND WELLNESS COMPANY INC. CLASS A","22.8900","80","2009-10-27 10:27:44","23.6500","-0.00","-0.08","2009-10-26 15:45:00","8","22.8800","59.40","44190927"
"2009-10-23 12:56:11","LONG","70","BIIB","BIOGEN INC. COMMON STOCK","44.8200","70","2009-10-26 15:41:24","43.9700","-0.09","-8.89","2009-10-26 11:51:00","7","43.5500","-61.40","44091587"
"2009-10-21 11:46:14","LONG","80","PVTB","PRIVATEBANCORP","20.0200","80","2009-10-26 09:49:15","14.0800","-0.48","-48.56","2009-10-26 09:49:00","8","13.9500","-476.60","44010356"
"2009-10-21 10:35:37","LONG","60","LMT","LOCKHEED MARTIN","70.4400","60","2009-10-22 15:06:33","71.5300","-0.06","-6.24","2009-10-21 15:47:00","6","69.4000","63.80","44007841"
"2009-10-20 15:54:49","LONG","90","EBS","EMERGENT BIOSOLUTIONS","14.7400","90","2009-10-21 11:46:40","15.1200","-0.01","-1.17","2009-10-21 09:31:00","9","14.6100","32.20","43980144"
"2009-10-08 15:15:21","LONG","80","AMAG","AMAG PHARMACEUTICALS","36.8700","80","2009-10-21 10:34:18","37.3300","-0.14","-14.16","2009-10-14 11:34:00","8","35.1000","35.40","43655905"
"2009-10-16 11:03:40","LONG","60","ITRI","ITRON","57.3500","60","2009-10-20 14:33:25","57.7100","-0.07","-7.44","2009-10-16 11:48:00","6","56.1100","20.80","43878084"
"2009-10-19 14:08:32","LONG","70","LNN","LINDSAY","32.2000","70","2009-10-20 14:33:11","32.7100","-0.07","-7.00","2009-10-20 12:05:00","7","31.2000","34.60","43939979"
"2009-10-16 12:39:52","LONG","80","LAYN","LAYNE CHRISTENSEN","27.7000","80","2009-10-19 14:07:54","28.5500","-0.03","-3.04","2009-10-16 13:28:00","8","27.3200","66.40","43881439"
"2009-10-13 15:51:02","LONG","70","MJN","MEAD JOHNSON NUTRITION","41.5000","70","2009-10-14 09:42:22","43.1700","-0.04","-4.06","2009-10-13 15:54:00","7","40.9200","115.60","43775432"
"2009-10-12 13:20:21","LONG","70","NTES","NETEASE","37.2300","70","2009-10-13 09:36:21","39.0900","-0.08","-7.56","2009-10-12 14:33:00","7","36.1500","128.60","43736847"
"2009-10-07 14:18:28","LONG","60","LMT","LOCKHEED MARTIN","74.0400","60","2009-10-09 12:27:29","74.4900","-0.07","-6.90","2009-10-08 12:11:00","6","72.8900","25.80","43628567"
"2009-09-29 11:59:14","LONG","60","WLP","WELLPOINT","47.9500","60","2009-10-08 11:16:41","44.2100","-0.24","-23.34","2009-10-08 11:16:00","6","44.0600","-225.20","43449468"
"2009-10-06 14:02:46","LONG","100","CIEN","CIENA CORPORTION","13.0400","100","2009-10-07 10:45:31","13.4600","-0.04","-3.50","2009-10-06 14:15:00","10","12.6900","40.00","43601415"
"2009-10-01 13:49:10","LONG","60","MHK","MOHAWK INDUSTRIES","44.6100","60","2009-10-05 14:55:16","44.6700","-0.10","-10.20","2009-10-02 10:31:00","6","42.9100","2.80","43511024"
"2009-10-01 14:29:29","LONG","60","X","UNITED STATES STEEL","42.8400","60","2009-10-05 14:54:57","42.7400","-0.15","-14.64","2009-10-02 09:34:00","6","40.4000","-7.20","43511842"
"2009-09-29 11:39:51","LONG","70","NAV","NAVISTAR INTERNATIONAL","37.0500","70","2009-09-29 14:11:36","38.0100","-0.01","-1.40","2009-09-29 12:06:00","7","36.8500","65.60","43448989"
"2009-09-24 11:46:04","LONG","60","CNW","CON-WAY","38.2500","60","2009-09-29 14:04:39","38.4100","-0.09","-9.00","2009-09-28 09:35:00","6","36.7500","8.80","43334633"
"2009-09-24 10:57:42","LONG","7","AMSC","AMERICAN SUPERCONDUCTOR CORPOR","304.1000","7","2009-09-25 12:31:55","304.1000","-0.09","-8.68","2009-09-24 13:06:00","7","29.1700","-0.14","43330900"
"2009-09-16 15:53:32","LONG","60","STEC","SANTECH HOLDINGS LIMITED ADS","37.9200","60","2009-09-21 09:50:13","28.6800","-0.56","-55.92","2009-09-21 09:50:00","6","28.6000","-555.20","43092691"
"2009-09-17 11:35:43","LONG","50","LH","LABORATORY CORPORATION","63.2300","50","2009-09-18 09:40:17","63.9300","-0.06","-5.85","2009-09-17 12:38:00","5","62.0600","34.00","43112393"
"2009-09-09 15:18:23","LONG","50","LMT","LOCKHEED MARTIN","73.2600","50","2009-09-10 15:14:37","73.2800","-0.05","-5.30","2009-09-10 09:37:00","5","72.2000","0.00","42969392"
"2009-09-09 10:08:13","LONG","60","LRN","STRIDE INC","16.5400","60","2009-09-10 11:13:19","16.7300","-0.05","-4.74","2009-09-09 12:12:00","6","15.7500","9.80","42963118"
"2009-08-28 14:15:37","LONG","60","CFFN","CAPITOL FEDERAL FINANCIAL","32.1200","60","2009-09-09 15:55:37","31.8600","-0.11","-11.28","2009-09-02 11:45:00","6","30.2400","-17.20","42769152"
"2009-09-03 13:30:22","LONG","428.600000000","NFLX","NETFLIX","5.6360","428.600000000","2009-09-04 10:43:36","5.6990","-0.02","-2.40","2009-09-03 14:12:00","6","39.8600","18.43","42884664"
"2009-08-28 12:00:26","LONG","60","URS","URS","43.4200","60","2009-09-04 10:43:18","43.2600","-0.12","-12.06","2009-09-02 09:41:00","6","41.4100","-11.20","42766421"
"2009-09-01 15:55:17","LONG","70","LAMR","LAMAR ADVERTISING COMPANY CLAS","21.2600","70","2009-09-03 15:30:41","21.2600","-0.07","-6.93","2009-09-02 10:33:00","7","20.2700","-1.40","42832028"
"2009-09-02 14:37:54","LONG","70","BUCY","Bucyrus International Inc.","28.1600","70","2009-09-03 10:12:19","28.5300","-0.02","-2.31","2009-09-02 15:59:00","7","27.8300","24.60","42857781"
"2009-09-01 13:49:36","LONG","70","PBR","PETROLEO BRASILEIRO SA","38.9600","70","2009-09-02 14:43:31","40.5100","-0.02","-1.68","2009-09-01 15:35:00","7","38.7200","107.60","42829694"
"2009-08-31 10:32:42","LONG","60","SHAW","Shaw Group Inc.","28.9500","60","2009-09-01 10:01:21","29.9600","-0.00","-0.06","2009-08-31 10:34:00","6","28.9400","59.80","42791114"
"2009-08-27 11:20:25","LONG","50","WLT","WALTER ENERGY","53.5300","50","2009-08-27 15:19:11","55.1200","-0.00","-0.05","2009-08-27 11:22:00","5","53.5200","79.00","42740654"
"2009-08-18 09:56:03","LONG","151.500000000","GMCR","KEURIG GREEN MOUNTAIN INC. CO","19.4570","151.500000000","2009-08-20 11:38:12","19.1470","-0.23","-23.20","2009-08-19 11:23:00","5","54.3200","-50.03","42536512"
"2009-08-05 09:59:13","LONG","50","FCN","FTI CONSULTING","48.7000","50","2009-08-18 12:15:04","46.8000","-0.25","-24.75","2009-08-06 14:05:00","5","43.7500","-96.00","42232016"
"2009-08-11 09:57:54","LONG","50","RIMM","","72.8900","50","2009-08-12 10:27:50","73.4300","-0.06","-6.50","2009-08-11 12:59:00","5","71.5900","26.00","42351249"
"2009-08-10 15:27:04","LONG","70","TNDM","TANDEM DIABETES CARE INC. COM","26.9400","70","2009-08-11 09:53:54","27.3500","-0.01","-1.18","2009-08-10 15:37:00","7","26.7710","27.60","42332772"
"2009-08-03 15:20:12","LONG","60","GENZ","VANECK DIGITAL NATIVE ECONOMY ETF","50.1000","60","2009-08-10 14:30:58","50.0300","-0.18","-18.06","2009-08-10 12:48:00","6","47.0900","-5.20","42185053"
"2009-08-06 15:01:05","LONG","70","CEC","CEC ENTERTAINMENT","26.7100","70","2009-08-10 11:29:20","27.6700","-0.06","-5.60","2009-08-07 12:12:00","7","25.9100","65.60","42271276"
"2009-08-06 15:51:41","LONG","50","PG","PROCTER & GAMBLE","51.4700","50","2009-08-07 10:05:08","51.6700","-0.01","-0.55","2009-08-06 15:54:00","5","51.3600","9.00","42272233"
"2009-07-31 10:44:47","LONG","80","LEAP","RIBBIT LEAP LTD","23.7700","80","2009-08-03 11:16:40","24.1500","-0.00","-0.24","2009-07-31 11:20:00","8","23.7400","28.40","42114006"
"2009-07-31 10:42:15","LONG","80","CMED","China Medical Technologies Inc.","14.5500","80","2009-08-03 10:07:43","16.3000","-0.00","-0.40","2009-07-31 10:51:00","8","14.5000","138.40","42113741"
"2009-07-28 15:19:11","LONG","50","SNDA","SONIDA SENIOR LIVING INC","48.8000","50","2009-07-30 11:59:37","49.0500","-0.07","-7.35","2009-07-29 11:54:00","5","47.3300","12.00","42029750"
"2009-07-27 11:16:58","LONG","50","SNDA","SONIDA SENIOR LIVING INC","51.9000","50","2009-07-28 10:04:47","52.2300","-0.09","-9.35","2009-07-27 13:46:00","5","50.0300","16.00","42000014"
"2009-07-21 13:24:09","LONG","70","LEAP","RIBBIT LEAP LTD","25.7900","70","2009-07-23 09:59:46","26.1600","-0.07","-6.65","2009-07-22 09:53:00","7","24.8400","24.60","41881906"
"2009-07-14 12:08:39","LONG","50","AMAG","AMAG PHARMACEUTICALS","45.3300","50","2009-07-15 09:57:52","47.3300","-0.01","-1.40","2009-07-14 13:20:00","5","45.0500","99.00","41713361"
"2009-07-14 15:29:43","LONG","70","SYNA","SYNAPTICS","32.5100","70","2009-07-15 09:36:13","33.2800","-0.02","-1.47","2009-07-14 15:38:00","7","32.3000","52.60","41718348"
"2009-07-06 10:25:39","LONG","121.200000000","FLS","FLOWSERVE","21.1830","121.200000000","2009-07-14 15:29:34","21.0870","-0.14","-13.16","2009-07-08 11:55:00","4","60.9000","-14.42","41496609"
"2009-07-08 11:37:19","LONG","30","ICE","INTERCONTINENTALEXCHANGE","87.2000","30","2009-07-09 10:15:42","89.5300","-0.11","-10.44","2009-07-08 15:11:00","3","83.7200","69.40","41567126"
"2009-07-08 15:43:33","LONG","120","CTRP","CTRIP.COM INTERNATIONAL","19.8950","120","2009-07-09 09:40:46","20.8450","-0.03","-2.46","2009-07-08 16:01:00","6","39.3800","111.60","41576599"
"2009-07-08 11:36:47","LONG","40","BNI","","67.1000","40","2009-07-08 15:40:54","67.9600","-0.02","-1.96","2009-07-08 12:30:00","4","66.6100","33.20","41567085"
"2009-07-07 15:15:14","LONG","360","CERN","CERNER","14.1844","360","2009-07-08 15:39:43","14.2400","-0.02","-1.68","2009-07-08 14:57:00","9","56.5500","12.80","41537680"
"2009-07-06 15:16:05","LONG","50","NAV","NAVISTAR INTERNATIONAL","37.6500","50","2009-07-07 13:53:51","38.2800","-0.07","-6.15","2009-07-07 09:50:00","5","36.4200","31.00","41505114"
"2009-07-06 15:16:28","LONG","50","SCHN","SCHNITZER STEEL","47.6000","50","2009-07-07 10:05:24","48.8100","-0.01","-0.75","2009-07-06 15:31:00","5","47.4500","60.00","41505134"
"2009-06-17 14:29:42","LONG","60","AGU","AGRIUM","43.2300","60","2009-06-24 10:02:51","41.3400","-0.29","-26.22","2009-06-22 15:59:00","6","38.8600","-114.20","41140314"
"2009-06-23 15:29:45","LONG","151.500000000","FLS","FLOWSERVE","23.3050","151.500000000","2009-06-24 09:53:39","23.9610","-0.01","-1.00","2009-06-23 15:32:00","5","70.4200","95.97","41243497"
"2009-06-22 15:27:55","LONG","45","RIMM","","68.6500","45","2009-06-23 13:12:23","70.0700","-0.06","-5.04","2009-06-23 09:31:00","4","67.5300","63.10","41218110"
"2009-06-10 14:15:53","LONG","75","AMP","AMERIPRISE FINANCIAL","26.0100","75","2009-06-22 11:06:35","23.4400","-0.21","-19.35","2009-06-22 11:05:00","8","23.4300","-194.50","40895425"
"2009-06-19 14:46:38","LONG","80","PLCE","CHILDRENS PLACE INC.","26.4400","80","2009-06-22 11:06:00","27.0600","-0.07","-6.72","2009-06-19 16:01:00","8","25.6000","48.40","41187953"
"2009-06-15 12:16:00","LONG","60","SNDA","SONIDA SENIOR LIVING INC","54.4200","60","2009-06-16 10:08:48","56.0900","-0.08","-7.08","2009-06-16 09:41:00","6","53.2400","98.80","41025897"
"2009-06-12 12:58:45","LONG","70","BWLD","BUFFALO WILD WINGS","32.1500","70","2009-06-15 10:13:24","32.5900","-0.03","-2.45","2009-06-15 09:35:00","7","31.8000","29.60","40962354"
"2009-06-11 15:37:47","LONG","70","TNDM","TANDEM DIABETES CARE INC. COM","25.7000","70","2009-06-12 10:56:23","25.9000","-0.13","-11.76","2009-06-12 09:31:00","7","24.0200","12.60","40923908"
"2009-06-03 14:58:54","LONG","70","LEAP","RIBBIT LEAP LTD","33.5900","70","2009-06-11 15:36:59","32.9700","-0.19","-17.71","2009-06-08 10:00:00","7","31.0600","-44.40","40786966"
"2009-05-29 14:56:52","LONG","80","HANS","","36.1300","80","2009-06-02 10:05:07","37.0300","-0.07","-6.64","2009-06-01 09:59:00","8","35.3000","70.40","40716563"
"2009-05-29 14:56:01","LONG","120","QSII","QUALITY SYSTEMS","24.3750","120","2009-06-01 13:31:30","25.0000","-0.05","-4.50","2009-06-01 10:18:00","6","48.0000","72.60","40716536"
"2009-05-27 15:22:19","LONG","60","ROS","","39.4700","60","2009-05-28 09:43:06","40.6000","-0.05","-4.86","2009-05-27 15:43:00","6","38.6600","66.80","40669042"
"2009-05-21 15:39:02","LONG","70","CSTR","CAPSTAR FINANCIAL HOLDINGS INC.","29.8000","70","2009-05-22 10:30:53","30.3800","-0.02","-1.61","2009-05-21 15:43:00","7","29.5700","39.60","40575964"
"2009-05-19 15:40:00","LONG","70","ONXX","ONYX PHARMACEUTICALS","23.0000","70","2009-05-21 15:37:49","23.1300","-0.03","-2.31","2009-05-20 13:28:00","7","22.6700","7.60","40528719"
"2009-05-20 13:45:00","LONG","80","AIPC","American Italian Pasta Co.","23.6800","80","2009-05-21 10:22:34","23.9300","-0.06","-5.44","2009-05-21 09:31:00","8","23.0000","18.40","40549460"
"2009-05-12 14:26:39","LONG","70","BDK","","31.8600","70","2009-05-15 11:04:12","31.7500","-0.10","-8.61","2009-05-14 15:40:00","7","30.6300","-9.40","40363682"
"2009-05-07 15:04:15","LONG","60","ALGT","ALLEGIANT TRAVEL","44.2000","60","2009-05-14 13:15:18","43.8900","-0.21","-18.90","2009-05-13 11:49:00","6","41.0500","-20.20","40285941"
"2009-05-13 14:00:26","LONG","60","RL","RALPH LAUREN","45.7300","60","2009-05-14 12:06:17","46.8800","-0.03","-2.40","2009-05-13 14:21:00","6","45.3300","67.80","40393091"
"2009-05-12 11:37:27","LONG","70","BKE","BUCKLE","31.6300","70","2009-05-14 10:07:25","32.2800","-0.09","-8.54","2009-05-13 09:39:00","7","30.4100","44.60","40359019"
"2009-05-08 10:49:35","LONG","428.600000000","NFLX","NETFLIX","5.3490","428.600000000","2009-05-08 14:53:35","5.6490","-0.03","-2.52","2009-05-08 11:30:00","6","37.7900","120.43","40302525"
"2009-04-30 10:41:41","LONG","60","NEM","NEWMONT CORP","39.3400","60","2009-05-04 09:42:21","39.9300","-0.07","-5.94","2009-05-01 15:16:00","6","38.3500","33.80","40152509"
"2009-04-29 15:44:30","LONG","140","OTEX","OPEN TEXT CORPORATION","16.0100","140","2009-04-30 10:09:10","16.3800","-0.00","-0.14","2009-04-29 15:46:00","7","32.0000","49.20","40137238"
"2009-04-29 15:47:07","LONG","50","BDX","BECTON DICKINSON","60.6500","50","2009-04-30 09:59:57","61.7000","-0.01","-0.45","2009-04-29 15:50:00","5","60.5600","52.00","40137334"
"2009-04-22 15:01:42","LONG","70","MYGN","MYRIAD GENETICS","38.4600","70","2009-04-28 10:17:09","39.0000","-0.16","-13.93","2009-04-23 09:39:00","7","36.4700","36.60","40011036"
"2009-04-21 14:33:57","LONG","100","UTHR","UNITED THERAPEUTICS","27.4350","100","2009-04-22 11:27:58","28.3500","-0.00","-0.35","2009-04-21 14:44:00","5","54.8000","90.00","39983292"
"2008-09-29 10:23:32","LONG","70","CLF","CLEVELAND-CLIFFS INC","50.7800","70","2009-04-20 14:43:38","18.8300","-2.42","-225.40","2008-11-18 15:51:00","7","18.5800","-2238.40","35407021"
"2009-04-16 13:18:17","LONG","60","AEM","AGNICO EAGLE MINES LIMITED","45.8300","60","2009-04-20 11:47:09","46.5200","-0.16","-13.92","2009-04-17 15:00:00","6","43.5100","39.80","39907567"
"2009-04-09 11:30:17","LONG","50","APOL","APOLLO EDUCATION GROUP INC. C","60.4600","50","2009-04-14 10:42:18","61.8400","-0.05","-4.15","2009-04-13 11:40:00","5","59.6300","68.00","39803227"
"2009-04-08 13:17:28","LONG","90","CECO","CECO ENVIRONMENTAL CORP.","20.6500","90","2009-04-09 09:52:52","21.5400","-0.01","-0.72","2009-04-08 15:00:00","9","20.5700","78.20","39784330"
"2009-04-06 12:08:31","LONG","60","AEM","AGNICO EAGLE MINES LIMITED","49.9000","60","2009-04-07 10:00:41","51.8800","-0.04","-3.72","2009-04-06 14:48:00","6","49.2800","117.80","39729383"
"2009-04-02 13:57:44","LONG","60","CHTT","","52.9500","60","2009-04-06 13:34:09","53.1900","-0.14","-11.70","2009-04-03 13:37:00","6","51.0000","12.80","39682651"
"2009-03-31 15:48:22","LONG","50","HES","HESS","54.3100","50","2009-04-01 13:51:47","55.3100","-0.12","-9.40","2009-04-01 09:32:00","5","52.4300","49.00","39626198"
"2009-03-27 12:06:16","LONG","120","ESRX","EXPRESS SCRIPTS","22.0750","120","2009-03-30 12:30:00","22.5000","-0.10","-8.40","2009-03-30 09:31:00","6","42.7500","48.60","39556263"
"2009-03-23 15:14:01","LONG","181.800000000","HMSY","HMS HOLDINGS CORP","9.8800","181.800000000","2009-03-24 15:06:45","10.0020","-0.03","-2.64","2009-03-24 09:49:00","6","29.5000","18.36","39460682"
"2009-03-19 11:11:13","LONG","50","SOHU","SOHU.COM","40.8300","50","2009-03-24 13:21:37","41.0400","-0.17","-12.88","2009-03-20 14:45:00","5","38.2548","10.00","39396549"
"2009-02-27 14:40:34","LONG","80","GTIV","GENTIVA HEALTH SERVICES INC","17.8600","80","2009-03-19 11:12:41","15.4100","-0.54","-39.36","2009-03-09 14:00:00","8","12.9400","-197.60","38879277"
"2009-03-11 10:16:43","LONG","60","EXC","EXELON","40.4400","60","2009-03-13 09:42:14","41.9900","-0.07","-5.22","2009-03-11 11:43:00","6","39.5700","91.80","39198736"
"2009-02-17 10:58:00","LONG","50","EXC","EXELON","51.2700","50","2009-03-06 15:27:36","43.3800","-0.53","-39.90","2009-03-06 15:08:00","5","43.2900","-396.00","38501876"
"2008-12-17 15:54:41","LONG","80","SIVB","SVB FINANCIAL","27.7200","80","2009-03-06 15:27:00","11.6400","-1.73","-128.96","2009-03-06 15:16:00","8","11.6000","-1287.60","37233358"
"2009-03-05 14:30:56","LONG","280","ALK","ALASKA AIR GROUP","3.7000","280","2009-03-06 15:26:33","3.7370","-0.03","-2.17","2009-03-06 11:00:00","7","14.4900","4.40","39050300"
"2009-02-26 10:49:45","LONG","70","UNH","UNITEDHEALTH GROUP","20.5900","70","2009-03-05 14:30:24","16.8400","-0.36","-26.74","2009-03-05 14:26:00","7","16.7700","-264.40","38827537"
"2009-02-25 14:16:49","LONG","70","LHCG","LHC GROUP","23.0100","70","2009-02-27 14:39:42","19.7600","-0.32","-27.65","2009-02-27 09:46:00","7","19.0600","-229.40","38789978"
"2009-02-24 13:35:57","LONG","60","FCN","FTI CONSULTING","37.1100","60","2009-02-26 09:35:47","38.5300","-0.01","-0.48","2009-02-25 10:37:00","6","37.0300","83.80","38737529"
"2009-02-19 14:12:41","LONG","50","ITRI","ITRON","47.6100","50","2009-02-24 14:19:58","47.7800","-0.25","-22.85","2009-02-20 09:34:00","5","43.0400","8.00","38594281"
"2009-02-23 13:01:00","LONG","50","BPT","BP PRUDHOE BAY","52.9800","50","2009-02-24 13:30:57","54.6600","-0.05","-4.39","2009-02-23 13:37:00","5","52.1023","83.00","38687332"
"2009-02-11 13:52:14","LONG","50","DVN","DEVON ENERGY","51.8800","50","2009-02-19 14:35:51","50.3500","-0.23","-21.65","2009-02-18 10:11:00","5","47.5500","-78.00","38386289"
"2009-02-18 15:05:40","LONG","50","EQIX","EQUINIX INC. COMMON STOCK REI","46.6600","50","2009-02-19 10:10:10","47.6600","-0.02","-2.30","2009-02-18 15:11:00","5","46.2000","49.00","38553180"
"2009-01-30 10:46:48","LONG","60","WYNN","WYNN RESORTS","30.8000","60","2009-02-09 11:25:26","30.9200","-0.32","-30.36","2009-02-04 09:48:00","6","25.7400","5.80","38107288"
"2009-01-26 10:25:30","LONG","60","CAT","CATERPILLAR","34.0000","60","2009-02-06 11:23:48","33.6500","-0.27","-26.40","2009-02-02 09:56:00","6","29.6000","-22.20","37986549"
"2009-02-04 14:41:13","LONG","70","WRB","WR BERKLEY","25.1400","70","2009-02-06 10:00:45","25.1900","-0.06","-5.81","2009-02-06 09:32:00","7","24.3100","2.60","38226268"
"2009-01-30 15:02:11","LONG","40","UPS","UNITED PARCEL SERVICE","42.8800","40","2009-02-03 10:14:45","44.3200","-0.06","-5.92","2009-02-02 09:43:00","4","41.4000","57.20","38116600"
"2009-01-09 14:34:43","LONG","40","SI","SHOULDER INNOVATIONS INC","68.6900","40","2009-01-29 15:47:41","58.0900","-0.74","-73.16","2009-01-23 10:35:00","4","50.4000","-424.80","37599143"
"2009-01-16 11:00:54","LONG","800","V","VISA","2.8770","800","2009-01-28 09:55:04","2.8620","-0.22","-21.25","2009-01-23 09:36:00","5","41.7800","-17.00","37764845"
"2009-01-22 11:07:55","LONG","60","AFL","AFLAC","23.1200","60","2009-01-23 10:37:31","27.1100","-0.04","-3.72","2009-01-22 13:38:00","6","22.5000","237.80","37899445"
"2009-01-13 14:36:39","LONG","40","BNI","","66.2500","40","2009-01-21 15:44:14","65.0000","-0.26","-25.36","2009-01-15 12:42:00","4","59.9100","-50.80","37665393"
"2009-01-21 11:47:01","LONG","60","PNC","PNC FINANCIAL SERVICES","26.2200","60","2009-01-21 14:53:12","27.9500","-0.01","-1.14","2009-01-21 11:57:00","6","26.0300","102.80","37856310"
"2009-01-14 14:35:38","LONG","40","PCP","PRECISION CASTPARTS","53.5100","40","2009-01-16 09:38:02","55.6000","-0.07","-6.84","2009-01-15 12:46:00","4","51.8000","83.20","37699453"
"2009-01-14 11:46:10","LONG","40","UBB","","57.7300","40","2009-01-15 15:07:05","58.6500","-0.19","-18.40","2009-01-15 10:34:00","4","53.1309","36.20","37694617"
"2009-01-12 15:03:26","LONG","1113","DECK","DECKERS OUTDOOR CORP","2.3070","1113","2009-01-13 15:31:43","2.3360","-0.05","-5.88","2009-01-12 15:14:00","4","62.7300","27.00","37632182"
"2009-01-08 14:15:09","LONG","280","CERN","CERNER","8.7100","280","2009-01-09 11:18:10","8.8830","-0.01","-1.12","2009-01-09 10:36:00","7","34.6800","42.40","37572522"
"2009-01-06 13:57:06","LONG","40","ICE","INTERCONTINENTALEXCHANGE","63.2700","40","2009-01-07 10:32:24","64.2400","-0.13","-14.92","2009-01-07 09:31:00","4","59.5400","38.20","37518617"
"2008-12-23 15:26:20","LONG","70","WY","WEYERHAEUSER","30.6000","70","2008-12-31 11:52:05","30.5700","-0.08","-8.40","2008-12-29 14:13:00","7","29.4000","-3.40","37339821"
"2008-12-23 15:23:00","LONG","70","FE","FIRSTENERGY","46.2500","70","2008-12-31 11:51:10","48.1700","-0.10","-10.08","2008-12-24 09:32:00","7","44.8100","132.60","37339571"
"2008-12-22 10:45:26","LONG","280","TSCO","TRACTOR SUPPLY","8.5880","280","2008-12-23 15:24:22","8.8000","-0.08","-8.68","2008-12-22 13:58:00","7","33.1100","53.40","37308006"
"2008-12-16 13:31:54","LONG","151.500000000","LO","LORILLARD","18.0150","151.500000000","2008-12-17 10:48:49","18.6980","-0.05","-4.80","2008-12-16 13:52:00","5","53.6300","99.97","37200944"
"2008-12-11 14:58:43","LONG","60","AXYS","","51.6000","60","2008-12-12 11:02:47","53.1400","-0.20","-20.94","2008-12-12 09:34:00","6","48.1100","90.80","37112305"
"2008-12-03 14:17:34","LONG","70","RIG","TRANSOCEAN","51.7000","70","2008-12-08 09:55:35","52.9700","-0.64","-57.75","2008-12-05 10:23:00","7","43.4500","87.60","36935064"
"2008-12-04 15:31:30","LONG","70","CRR","CARBO CERAMICS","33.0000","70","2008-12-05 14:09:42","35.7600","-0.07","-6.16","2008-12-05 10:24:00","7","32.1200","191.60","36970671"
"2008-11-11 14:27:09","LONG","60","BXP","BXP INC","57.5900","60","2008-12-03 13:55:17","48.7000","-1.60","-120.42","2008-11-21 14:59:00","6","37.5200","-534.20","36374129"
"2008-11-25 15:25:48","LONG","80","CPB","THE CAMPBELLS COMPANY","31.0700","80","2008-12-03 13:26:21","30.0700","-0.13","-11.44","2008-12-02 14:33:00","8","29.6400","-81.60","36756931"
"2008-11-07 15:28:32","LONG","45","GS","GOLDMAN SACHS GROUP","75.8900","45","2008-11-24 15:41:59","69.8300","-1.71","-128.16","2008-11-21 14:43:00","4","47.4100","-273.90","36307957"
"2008-11-17 15:06:36","LONG","70","SHLD","GLOBAL X DEFENSE TECH ETF","35.3900","70","2008-11-24 15:40:24","35.5600","-0.77","-60.13","2008-11-20 10:20:00","7","26.8000","10.60","36525670"
"2008-11-13 15:30:38","LONG","70","AMG","AFFILIATED MANAGERS GROUP","30.2000","70","2008-11-14 10:09:05","32.1400","-0.02","-1.96","2008-11-13 15:32:00","7","29.9200","134.60","36451638"
"2008-11-12 11:30:20","LONG","60","WHR","WHIRLPOOL","38.0900","60","2008-11-13 14:14:59","40.0700","-0.06","-5.94","2008-11-13 09:50:00","6","37.1000","117.80","36405680"
"2008-11-06 13:59:12","LONG","82.400000000","ANR","ALPHA NATURAL RESOURCES","24.6850","82.400000000","2008-11-10 09:37:48","26.6900","-0.09","-10.59","2008-11-07 15:25:00","8","23.4000","163.35","36274463"
"2008-10-16 12:41:35","LONG","60","ITRI","ITRON","60.7299","60","2008-11-07 15:27:43","49.7700","-0.90","-104.28","2008-10-29 16:01:00","6","43.3500","-659.20","35824474"
"2008-10-22 15:11:37","LONG","60","WHR","WHIRLPOOL","52.9900","60","2008-11-04 10:58:20","50.2200","-0.81","-88.68","2008-10-28 10:59:00","6","38.2100","-167.20","35952605"
"2008-10-28 14:15:03","LONG","80","WYNN","WYNN RESORTS","29.7500","80","2008-10-29 09:35:34","34.6500","-0.01","-0.72","2008-10-28 14:17:00","8","29.6600","390.40","36075390"
"2008-10-27 14:56:08","LONG","80","MHS","Medco Health Solutions, Inc.","30.2800","80","2008-10-28 10:00:50","31.7800","-0.03","-3.84","2008-10-27 15:02:00","8","29.8000","118.40","36047416"
"2008-10-20 15:50:29","LONG","60","SHLD","GLOBAL X DEFENSE TECH ETF","57.4900","60","2008-10-21 09:48:59","58.9800","-0.03","-3.54","2008-10-21 09:31:00","6","56.9000","87.80","35889666"
"2008-10-15 12:56:52","LONG","60","HES","HESS","50.1000","60","2008-10-17 13:03:06","55.2980","-0.35","-42.24","2008-10-16 11:13:00","6","43.0600","310.80","35788541"
"2008-10-01 11:25:45","LONG","100","GNK","GENCO SHIPPING & TRADING LTD","29.8000","100","2008-10-14 13:09:26","22.3300","-1.36","-146.40","2008-10-10 14:45:00","10","15.1600","-749.00","35462702"
"2008-10-07 15:29:35","LONG","70","SPWRB","SunPower Corporation","44.0100","70","2008-10-13 14:29:16","41.4400","-0.84","-92.26","2008-10-10 09:39:00","7","30.8300","-181.40","35611102"
"2008-10-03 11:12:27","LONG","80","CETV","CENTRAL EUROPEAN MEDIA","49.4400","80","2008-10-13 13:13:09","42.0200","-1.75","-188.40","2008-10-10 14:00:00","8","25.8900","-595.60","35521548"
"2008-10-06 15:21:49","LONG","80","ILMN","ILLUMINA","32.0100","80","2008-10-07 09:44:49","33.0200","-0.00","-0.56","2008-10-06 15:23:00","8","31.9400","79.40","35575064"
"2008-10-02 15:04:43","LONG","70","CF","CF INDUSTRIES HOLDINGS","58.7100","70","2008-10-03 10:10:23","60.3300","-0.21","-32.13","2008-10-02 15:49:00","7","54.1200","111.60","35503095"
"2008-09-29 09:49:19","LONG","100","BUCY","Bucyrus International Inc.","38.0500","100","2008-09-30 12:14:07","41.8400","-0.10","-15.20","2008-09-29 15:31:00","10","36.5300","377.00","35404783"
"2008-09-03 14:10:29","LONG","70","NOV","NATIONAL OILWELL VARCO INC.","62.8500","70","2008-09-19 10:52:01","58.0000","-0.91","-116.48","2008-09-16 10:01:00","7","46.2100","-340.05","34804567"
"2008-09-04 13:58:03","LONG","75","GNK","GENCO SHIPPING & TRADING LTD","50.3500","75","2008-09-19 09:48:37","49.0900","-0.65","-78.68","2008-09-18 13:04:00","8","39.8600","-95.05","34828422"
"2008-09-16 15:42:57","LONG","50","ICE","INTERCONTINENTALEXCHANGE","74.4000","50","2008-09-19 09:35:36","87.8400","-0.54","-65.15","2008-09-18 13:01:00","5","61.3700","671.95","35114271"
"2008-09-17 14:00:13","LONG","50","NTRS","NORTHERN TRUST","72.4300","50","2008-09-18 09:36:06","73.7800","-0.12","-15.15","2008-09-17 16:01:00","5","69.4000","67.95","35145749"
"2008-09-15 14:29:23","LONG","50","SPWR","SUNPOWER INC.","73.0700","50","2008-09-16 14:25:32","73.7400","-0.31","-39.80","2008-09-16 09:40:00","5","65.1100","33.95","35045225"
"2008-09-11 11:39:26","LONG","50","MICC","THE MAGNUM ICE CREAM CO N.V.","69.4100","50","2008-09-12 13:47:14","70.6600","-0.06","-0.75","2008-09-12 09:39:00","0","67.9100","62.95","34976498"
"2008-09-10 15:42:51","LONG","100","LVS","LAS VEGAS SANDS","36.6100","100","2008-09-12 12:34:45","37.7000","-0.15","-1.89","2008-09-11 09:45:00","1","34.7200","108.95","34956524"
"2008-09-05 14:26:57","LONG","110","FCX","FREEPORT-MCMORAN INC","36.4650","110","2008-09-12 10:25:57","36.0950","-0.41","-5.30","2008-09-11 10:07:00","1","63.3000","-41.05","34855888"
"2008-09-09 11:09:15","LONG","45","SPWR","SUNPOWER INC.","80.0800","45","2008-09-10 15:35:21","80.5900","-0.17","-2.11","2008-09-09 15:22:00","0","75.3900","22.95","34915417"
"2008-09-09 09:47:46","LONG","106.100000000","FLS","FLOWSERVE","33.8710","106.100000000","2008-09-10 10:56:55","33.3300","-0.20","-24.31","2008-09-09 09:47:46","11","31.5800","-57.05","34910256"
"2008-08-26 15:07:05","LONG","70","CEDC","Central European Distribution Corp.","58.4100","70","2008-09-09 11:08:20","54.8000","n/a","","","","","-253.05","34665331"
"2008-09-02 15:02:32","LONG","40","IBM","INTERNATIONAL BUSINESS MACHINES","118.3400","40","2008-09-08 09:51:53","116.5400","-0.16","-20.68","2008-09-02 15:02:32","4","113.1700","-72.05","34778842"
"2008-08-20 13:02:13","LONG","90","LVS","LAS VEGAS SANDS","42.8100","90","2008-08-28 09:46:17","45.4800","-0.22","-3.13","2008-08-27 09:31:00","1","39.3300","239.95","34568591"
"2008-08-25 15:29:29","LONG","90","ZEUS","OLYMPIC STEEL","45.0000","90","2008-08-26 09:50:37","45.1200","-0.03","-0.45","2008-08-25 15:47:00","1","44.5000","10.95","34642435"
"2008-08-21 14:12:12","LONG","180","ALXN","ALEXION PHARMACEUTICALS","21.7180","180","2008-08-22 09:46:25","22.1980","0.00","0.00","2008-08-21 14:16:00","1","86.7500","85.95","34593309"
"2008-08-19 11:44:17","LONG","70","DV","DOUBLE VERIFY HOLDINGS INC.","48.2600","70","2008-08-21 13:46:01","48.8400","-0.04","-0.55","2008-08-20 10:07:00","1","47.4700","40.95","34541625"
"2008-08-08 14:26:09","LONG","90","SD","SANDRIDGE ENERGY INC","37.9600","90","2008-08-21 13:45:39","35.6900","n/a","","","","","-204.05","34344822"
"2008-08-15 14:29:42","LONG","50","MT","ARCELORMITTAL","74.1400","50","2008-08-18 10:15:00","75.6400","-0.00","-0.02","2008-08-15 14:31:00","0","74.1000","74.95","34490848"
"2008-08-01 14:42:41","LONG","50","EXC","EXELON","76.1500","50","2008-08-13 15:29:56","74.8800","-0.16","-18.85","2008-08-01 14:42:41","5","72.3800","-64.05","34201382"
"2008-08-11 11:59:58","LONG","0.300000000","BTU","PEABODY ENERGY CORP","12334.5000","0.300000000","2008-08-13 10:48:13","12717.0000","-0.07","-0.96","2008-08-11 13:57:00","1","53.2200","114.99","34375506"
"2008-08-12 13:55:54","LONG","70","FWLT","FOSTER WHEELER","47.2200","70","2008-08-13 10:47:44","47.9600","-0.05","-0.68","2008-08-12 16:00:00","1","46.2500","51.95","34410931"
"2008-08-12 14:42:36","LONG","55","CEG","CONSTELLATION ENERGY CORPORATION","58.6600","55","2008-08-13 09:45:19","63.0000","-0.06","-0.86","2008-08-12 14:58:00","1","57.1000","238.95","34412732"
"2008-08-08 15:01:19","LONG","12","AMSC","AMERICAN SUPERCONDUCTOR CORPOR","257.1000","12","2008-08-11 14:30:32","268.6000","-0.00","-0.01","2008-08-11 10:13:00","1","25.7000","137.95","34345439"
"2008-07-31 14:47:32","LONG","40","EQIX","EQUINIX INC. COMMON STOCK REI","81.5700","40","2008-08-06 14:08:45","78.5900","-0.29","-34.28","2008-07-31 14:47:32","4","73.0000","-119.05","34174127"
"2008-08-04 12:45:28","LONG","60","CNX","CNX RESOURCES CORP","63.2600","60","2008-08-06 09:54:54","66.3100","-0.17","-2.32","2008-08-05 14:55:00","1","59.4000","182.95","34229610"
"2008-07-25 14:39:59","LONG","90","CGX","CONSOLIDATED GRAPHICS","37.6600","90","2008-08-01 15:51:43","34.9000","-0.41","-47.88","2008-07-25 14:39:59","9","32.3400","-248.05","34055430"
"2008-07-31 15:44:29","LONG","70","XEC","CIMAREX ENERGY CO","52.0400","70","2008-08-01 11:16:39","54.3000","-0.00","-0.03","2008-07-31 15:49:00","1","52.0000","157.95","34175628"
"2008-07-28 14:43:16","LONG","50","MICC","THE MAGNUM ICE CREAM CO N.V.","72.6700","50","2008-07-31 14:32:01","77.2600","-0.07","-0.95","2008-07-29 09:52:00","0","70.7700","229.95","34086468"
"2008-07-24 15:05:40","LONG","50","CMG","CHIPOTLE MEXICAN GRILL","68.7700","50","2008-07-29 10:53:29","68.2800","-0.15","-18.10","2008-07-24 15:05:40","5","65.1500","-25.05","34026305"
"2008-07-24 15:02:32","LONG","55","AEM","AGNICO EAGLE MINES LIMITED","58.9900","55","2008-07-28 10:51:57","60.7000","-0.08","-1.12","2008-07-25 11:03:00","1","56.9600","93.95","34026183"
"2008-07-24 14:16:27","LONG","125","MBT","MOBILE TELESYSTEMS PUBLIC JOINT STOCK","26.9480","125","2008-07-25 14:38:51","27.3200","-0.09","-1.22","2008-07-25 09:58:00","0","64.9300","46.95","34025118"
"2008-07-24 12:05:32","LONG","50","MTL","MECHEL PAO","49.1800","50","2008-07-25 09:36:34","51.9000","-0.19","-2.53","2008-07-24 12:08:00","1","22.0600","135.95","34021529"
"2008-07-23 15:28:00","LONG","40","BPT","BP PRUDHOE BAY","83.2000","40","2008-07-24 15:03:06","83.2600","-0.05","-0.64","2008-07-24 11:06:00","0","81.6000","1.95","33999046"
"2008-06-25 15:30:36","LONG","80","LEAP","RIBBIT LEAP LTD","46.3700","80","2008-07-23 10:38:37","43.4000","-0.77","-83.76","2008-06-25 15:30:36","8","35.9000","-238.05","33296322"
"2008-06-30 15:21:51","LONG","150","OSK","OSHKOSH","21.2000","150","2008-07-23 09:57:06","20.0200","-0.72","-74.25","2008-06-30 15:21:51","15","16.2500","-177.05","33457330"
"2008-07-21 15:48:16","LONG","33","PCLN","PICTET CLEANER PLANET ETF","101.4400","33","2008-07-22 12:12:10","103.2800","-0.17","-2.20","2008-07-22 10:02:00","0","94.7800","60.95","33933624"
"2008-07-09 15:18:00","LONG","33","ICE","INTERCONTINENTALEXCHANGE","97.8300","33","2008-07-17 09:50:55","93.6800","-2.85","-269.91","2008-07-09 15:18:00","3","16.0400","-137.05","33643365"
"2008-07-14 15:55:46","LONG","80","BOH","BANK OF HAWAII","39.8900","80","2008-07-17 09:37:00","45.5700","-0.17","-1.94","2008-07-15 10:04:00","1","37.4600","453.95","33771910"
"2008-07-15 11:17:28","LONG","30","RIMM","","105.5000","30","2008-07-17 09:33:52","114.3000","-0.07","-0.81","2008-07-16 09:50:00","0","102.8100","263.95","33798980"
"2008-07-09 15:19:17","LONG","80","TEX","TEREX","43.5100","80","2008-07-14 15:51:59","43.8100","-0.13","-1.48","2008-07-11 09:42:00","1","41.6600","23.95","33643394"
"2008-07-10 15:15:30","LONG","45","WYNN","WYNN RESORTS","70.4000","45","2008-07-11 09:36:16","76.5500","-0.05","-0.51","2008-07-10 15:50:00","0","69.2700","276.95","33684568"
"2008-06-16 15:33:51","LONG","150","PPC","PILGRIMS PRIDE CORPORATION COM","16.4700","150","2008-07-10 15:14:36","14.6600","-0.74","-78.30","2008-06-16 15:33:51","15","11.2500","-272.05","32909058"
"2008-07-03 10:49:10","LONG","60","JRCC","JAMES RIVER COAL COMPANY","42.7500","60","2008-07-09 10:21:42","45.6500","-0.32","-3.49","2008-07-08 10:43:00","1","36.9300","173.95","33536751"
"2008-07-07 14:30:09","LONG","100","MELI","MERCADOLIBRE","26.9600","100","2008-07-09 09:42:41","28.1000","-0.10","-1.11","2008-07-08 13:43:00","1","25.8500","113.95","33584412"
"2008-07-02 13:13:24","LONG","35","MICC","THE MAGNUM ICE CREAM CO N.V.","96.0300","35","2008-07-07 10:48:59","96.6400","-0.07","-0.77","2008-07-03 10:15:00","0","93.8200","20.95","33514025"
"2008-07-02 13:04:57","LONG","35","PCLN","PICTET CLEANER PLANET ETF","108.4600","35","2008-07-03 10:43:31","110.1300","-0.06","-0.70","2008-07-03 10:05:00","0","106.4500","57.95","33513799"
"2008-07-01 15:03:38","LONG","40","MICC","THE MAGNUM ICE CREAM CO N.V.","100.0000","40","2008-07-02 09:41:41","100.8400","-0.03","-0.36","2008-07-01 15:51:00","0","99.1100","33.95","33490849"
"2008-06-26 10:24:41","LONG","80","ETN","EATON PUBLIC","42.9550","80","2008-07-01 15:00:43","42.1650","-0.15","-15.64","2008-06-26 10:24:41","8","41.0000","-63.05","33338329"
"2008-06-26 14:28:48","LONG","42.900000000","MTW","MANITOWOC","7.1400","42.900000000","2008-07-01 14:59:32","6.6740","-0.02","-2.00","2008-07-01 14:59:32","4","6.6740","-20.05","33354902"
"2008-06-27 14:42:45","LONG","60","VMW","VMWARE","52.5800","60","2008-06-30 14:42:25","53.5700","-0.13","-1.55","2008-06-30 09:31:00","1","50.0000","58.95","33414082"
"2008-06-20 15:08:49","LONG","100","WMS","ADVANCED DRAINAGE SYSTEMS INC","32.5400","100","2008-06-25 10:06:26","32.5800","-0.08","-0.98","2008-06-24 09:46:00","1","31.5600","3.95","33080097"
"2008-06-20 15:56:54","LONG","70","OI","O-I GLASS INC","47.4100","70","2008-06-23 09:47:46","48.8000","-0.01","-0.07","2008-06-20 15:59:00","1","47.3100","96.95","33081976"
"2008-06-19 10:28:51","LONG","80","STI","SOLIDION TECHNOLOGY INC.","34.9100","80","2008-06-20 15:21:51","36.9900","-0.17","-2.06","2008-06-20 09:46:00","1","32.3400","165.95","33023490"
"2008-06-18 11:12:35","LONG","100","ZION","ZIONS BANCORPORATION","31.6300","100","2008-06-19 15:48:44","32.1300","-0.09","-1.03","2008-06-19 11:29:00","1","30.6000","49.95","32979477"
"2008-06-12 15:41:16","LONG","90","IVGN","","38.8300","90","2008-06-19 15:47:25","38.7100","-0.16","-1.89","2008-06-16 09:34:00","1","36.7300","-11.05","32843238"
"2008-06-17 15:50:53","LONG","60","TXT","TEXTRON","52.0800","60","2008-06-18 11:43:37","52.9500","-0.02","-0.20","2008-06-18 09:31:00","1","51.7500","51.95","32946566"
"2008-06-10 15:54:18","LONG","65","EXM","Excel Maritime Carriers, Ltd.","43.7300","65","2008-06-17 10:34:32","43.1400","-0.48","-5.49","2008-06-12 15:27:00","1","35.2900","-38.05","32762628"
"2008-06-13 14:17:33","LONG","60","LEAP","RIBBIT LEAP LTD","51.0500","60","2008-06-16 12:57:50","51.5100","-0.06","-0.77","2008-06-16 10:22:00","1","49.7700","27.95","32868577"
"2008-05-12 11:43:29","LONG","70","OMG","OM GROUP INC","49.0500","70","2008-06-16 11:04:41","40.2000","n/a","","","","","-620.05","32185752"
"2008-06-13 14:42:15","LONG","90","ZION","ZIONS BANCORPORATION","34.1400","90","2008-06-16 10:58:37","36.9100","0.00","0.00","2008-06-13 14:45:00","1","34.2300","248.95","32869147"
"2008-06-12 15:24:10","LONG","30","ICE","INTERCONTINENTALEXCHANGE","115.4600","30","2008-06-13 14:38:40","120.6300","-0.03","-0.35","2008-06-12 15:43:00","0","114.2900","154.95","32842559"
"2008-06-12 15:28:56","LONG","90","TBSI","TBS International PLC","34.2500","90","2008-06-13 09:42:14","36.2000","-0.04","-0.47","2008-06-12 15:30:00","1","33.7300","175.95","32842749"
"2008-06-03 15:03:10","LONG","30","LLL","JX LUXVENTURE LIMITED COMMON STOCK","102.5000","30","2008-06-12 15:38:38","97.3900","-0.32","-33.47","2008-06-03 15:03:10","3","91.3438","-153.05","32593320"
"2008-06-11 14:57:16","LONG","70","LVS","LAS VEGAS SANDS","54.4600","70","2008-06-12 09:50:15","55.1000","-0.04","-0.48","2008-06-11 15:53:00","1","53.7700","44.95","32809853"
"2008-06-09 14:22:20","LONG","55","RTN","RAYTHEON COMPANY","58.0000","55","2008-06-10 10:33:11","58.5200","-0.02","-0.19","2008-06-09 15:06:00","1","57.6500","28.95","32734447"
"2008-06-09 15:39:07","LONG","80","JPM","JPMORGAN CHASE","37.0500","80","2008-06-10 09:53:50","38.1100","-0.02","-0.22","2008-06-09 16:01:00","1","36.7700","84.95","32736354"
"2008-06-04 15:35:19","LONG","100","BEAV","B/E AEROSPACE","30.2900","100","2008-06-09 14:16:48","29.6700","-1.11","-114.63","2008-06-04 15:35:19","10","18.8269","-62.05","32618516"
"2008-06-03 13:19:27","LONG","50","ANF","ABERCROMBIE & FITCH","68.6800","50","2008-06-05 09:37:46","70.4200","-0.06","-0.72","2008-06-04 14:57:00","0","67.2400","86.95","32589361"
"2008-06-02 13:21:13","LONG","55","CHTT","","58.7900","55","2008-06-04 14:11:29","58.9700","-0.05","-0.61","2008-06-04 09:31:00","1","57.6800","9.95","32568449"
"2008-05-21 14:28:48","LONG","90","RRGB","RED ROBIN GOURMET BURGERS","35.6000","90","2008-06-03 14:42:51","34.5000","-0.28","-27.63","2008-05-21 14:28:48","9","32.5300","-99.05","32358779"
"2008-06-02 13:42:12","LONG","40","SHLD","GLOBAL X DEFENSE TECH ETF","82.8300","40","2008-06-03 09:54:28","83.7400","-0.01","-0.07","2008-06-02 13:58:00","0","82.6600","35.95","32568794"
"2008-05-22 15:41:56","LONG","90","BEAV","B/E AEROSPACE","36.0000","90","2008-05-30 15:17:33","34.9400","-1.16","-111.22","2008-05-22 15:41:56","9","23.6423","-95.05","32383914"
"2008-05-29 15:11:25","LONG","40","SPWR","SUNPOWER INC.","76.2600","40","2008-05-30 11:49:25","81.1200","-0.04","-0.45","2008-05-29 15:24:00","0","75.1300","193.95","32511130"
"2008-05-28 13:43:02","LONG","90","HURC","HURCO COMPANIES","35.6700","90","2008-05-29 15:10:17","36.1800","-0.01","-0.14","2008-05-28 14:03:00","1","35.5200","45.95","32476911"
"2008-05-22 15:38:33","LONG","65","TBSI","TBS International PLC","46.2700","65","2008-05-28 13:43:17","47.5500","-0.22","-2.50","2008-05-27 12:01:00","1","42.4300","82.95","32383877"
"2008-05-23 14:36:16","LONG","70","KSS","KOHL'S","43.2900","70","2008-05-27 09:48:43","44.5200","-0.01","-0.06","2008-05-23 15:14:00","1","43.2100","85.95","32409670"
"2008-05-23 10:21:13","LONG","70","MELI","MERCADOLIBRE","40.8900","70","2008-05-23 14:34:39","45.5800","-0.01","-0.08","2008-05-23 10:23:00","1","40.7700","327.95","32402692"
"2008-05-21 14:03:18","LONG","100","FOSL","FOSSIL GROUP INC. COMMON STOC","30.7500","100","2008-05-22 15:05:31","31.4500","-0.04","-0.47","2008-05-21 14:51:00","1","30.2800","69.95","32357670"
"2008-05-16 11:26:08","LONG","65","ERTS","","49.8000","65","2008-05-21 09:48:00","50.1900","-0.11","-1.29","2008-05-19 14:29:00","1","47.8100","24.95","32277846"
"2008-05-07 15:19:18","LONG","50","JLL","JONES LANG LASALLE","71.2100","50","2008-05-19 14:11:45","70.8700","-0.11","-10.45","2008-05-07 15:19:18","5","69.1200","-17.05","32107731"
"2008-05-13 15:53:56","LONG","50","ZMH","ZIMMER HOLDINGS","67.0000","50","2008-05-14 09:57:56","67.7800","-0.02","-0.25","2008-05-14 09:31:00","0","66.5000","38.95","32216154"
"2008-05-09 12:23:42","LONG","50","ZMH","ZIMMER HOLDINGS","67.8900","50","2008-05-12 09:54:24","69.4200","-0.02","-0.20","2008-05-09 12:39:00","0","67.4800","76.95","32157662"
"2008-05-08 14:24:54","LONG","80","KNDL","Kendle International Inc.","37.4900","80","2008-05-09 15:49:43","37.9900","-0.01","-0.06","2008-05-08 14:27:00","1","37.4200","39.95","32134877"
"2008-05-08 11:43:05","LONG","90","CPA","COPA HOLDINGS SA","35.0500","90","2008-05-09 15:48:05","35.8200","-0.03","-0.38","2008-05-09 09:42:00","1","34.6300","68.95","32129884"
"2008-05-07 15:45:40","LONG","100","PRGO","PERRIGO COMPANY PLC","33.5600","100","2008-05-08 14:15:22","33.9300","-0.07","-0.76","2008-05-08 09:46:00","1","32.8000","36.95","32108392"
"2008-05-07 15:23:32","LONG","160","GFA","GAFISA","20.4300","160","2008-05-08 10:38:50","20.8250","-0.04","-0.45","2008-05-08 09:35:00","1","40.3000","62.95","32107782"
"2008-05-05 14:49:09","LONG","45","CEG","CONSTELLATION ENERGY CORPORATION","81.1200","45","2008-05-07 10:29:05","81.1600","-0.10","-1.07","2008-05-06 09:42:00","0","78.7400","1.95","32057806"
"2008-05-05 10:50:23","LONG","240","HOLX","HOLOGIC","10.9050","240","2008-05-06 14:59:59","11.1250","-0.05","-0.61","2008-05-06 11:42:00","1","21.3000","52.95","32053117"
"2008-04-29 11:39:02","LONG","100","AIT","APPLIED INDUSTRIAL","25.1500","100","2008-05-02 14:51:10","25.5000","-0.12","-1.34","2008-05-01 10:55:00","1","23.8100","34.95","31942761"
"2008-04-30 15:55:33","LONG","90","HSII","HEIDRICK & STRUGGLES","29.9000","90","2008-05-02 11:31:25","29.8600","-0.10","-1.13","2008-05-01 10:59:00","1","28.6400","-4.05","31971307"
"2008-05-01 11:09:13","LONG","60","AG","FIRST MAJESTIC SILVER","55.7100","60","2008-05-02 09:54:53","57.0500","-0.04","-0.46","2008-05-01 11:20:00","1","54.9500","79.95","31990589"
"2008-05-01 15:17:58","LONG","55","CRZO","CARRIZO OIL & GAS","60.2600","55","2008-05-02 09:40:32","61.0200","-0.02","-0.23","2008-05-01 15:39:00","1","59.8500","41.95","31997264"
"2008-05-01 15:33:32","LONG","100","FDP","FRESH DEL MONTE PRODUCE","29.2400","100","2008-05-02 09:35:43","30.8500","-0.01","-0.12","2008-05-01 15:36:00","1","29.1200","160.95","31998351"
"2008-04-30 15:09:11","LONG","50","WFR","MEMC Electronic Materials Inc.","62.8400","50","2008-05-01 09:41:57","64.4200","-0.04","-0.42","2008-04-30 15:17:00","0","62.0100","78.95","31970136"
"2008-04-29 10:35:33","LONG","70","SUN","SUNOCO LP","46.1500","70","2008-04-30 10:06:00","48.3300","-0.02","-0.21","2008-04-29 10:50:00","1","45.8500","152.95","31941411"
"2008-04-25 11:05:16","LONG","140","HLF","HERBALIFE","19.8500","140","2008-04-28 10:02:12","20.6000","-0.07","-0.71","2008-04-25 11:31:00","1","38.6800","104.95","31862424"
"2008-04-24 10:19:15","LONG","50","AEM","AGNICO EAGLE MINES LIMITED","61.4500","50","2008-04-25 09:43:52","62.1100","-0.02","-0.20","2008-04-24 11:12:00","0","61.0600","32.95","31805788"
"2008-04-22 14:58:25","LONG","140","ABCO","ADVISORY BOARD","22.4500","140","2008-04-24 14:54:21","22.3150","-0.17","-15.16","2008-04-22 14:58:25","14","21.3671","-19.05","31682923"
"2008-04-23 15:46:57","LONG","90","WTFC","WINTRUST FINANCIAL","30.2200","90","2008-04-24 12:43:48","31.1600","-0.03","-0.32","2008-04-24 10:05:00","1","29.8600","84.95","31745298"
"2008-04-21 15:54:38","LONG","60","AGN","ALLERGAN INC","54.0200","60","2008-04-23 10:16:34","54.4900","-0.10","-1.06","2008-04-22 14:30:00","1","52.2600","27.95","31660530"
"2008-04-14 15:52:47","LONG","120","CPHD","CEPHEID","20.9200","120","2008-04-16 10:47:50","20.7800","-0.32","-3.29","2008-04-15 12:40:00","1","18.1800","-17.05","31518680"
"2008-04-15 15:15:05","LONG","50","MORN","MORNINGSTAR","57.4000","50","2008-04-16 10:11:08","57.4900","-0.02","-0.25","2008-04-15 15:52:00","0","56.9000","4.95","31540763"
"2008-04-11 14:22:40","LONG","200","AZZ","AZZ INC","13.8550","200","2008-04-16 09:49:11","13.8950","-0.15","-1.56","2008-04-15 09:35:00","1","26.1500","7.95","31490908"
"2008-04-14 15:52:13","LONG","60","STI","SOLIDION TECHNOLOGY INC.","50.2800","60","2008-04-15 09:49:08","51.7800","-0.01","-0.08","2008-04-14 15:55:00","1","50.1500","89.95","31518668"
"2008-04-10 15:48:50","LONG","90","FMCN","Focus Media Holding Ltd.","31.7600","90","2008-04-11 14:21:46","32.0100","-0.07","-0.68","2008-04-11 09:33:00","1","31.0000","22.95","31474596"
"2008-04-08 15:19:18","LONG","80","FII","FEDERATED INVESTORS","35.2600","80","2008-04-10 10:31:47","35.1000","-0.11","-9.92","2008-04-08 15:19:18","8","34.0200","-13.05","31430109"
"2008-04-03 14:46:33","LONG","50","NVT","NVENT ELECTRIC PLC WHEN ISS","62.6200","50","2008-04-04 10:04:04","64.0400","0.00","0.00","2008-04-03 14:48:00","0","62.7300","70.95","31372954"
"2008-04-01 15:50:53","LONG","160","CALM","CAL-MAINE FOODS","15.4100","160","2008-04-02 13:21:26","16.3900","-0.14","-1.45","2008-04-02 09:53:00","1","29.0100","156.95","31336539"
"2008-03-31 10:21:19","LONG","100","AKAM","AKAMAI TECHNOLOGIES","28.2300","100","2008-04-01 09:44:48","29.8300","-0.09","-0.91","2008-03-31 11:13:00","1","27.3200","159.95","31307390"
"2008-03-13 15:34:19","LONG","140","BSC","ELEMENTS BG Small Cap ETN","44.6100","140","2008-03-24 11:36:54","21.4800","-3.78","-323.82","2008-03-24 11:36:54","7","12.8400","-3238.10","31064008"
"2008-03-20 09:59:47","LONG","70","SU","SUNCOR ENERGY","45.5450","70","2008-03-24 10:40:52","47.6000","0.00","0.00","2008-03-20 10:01:00","0","91.1100","143.95","31177314"
"2008-03-20 09:46:33","LONG","70","BUCY","Bucyrus International Inc.","47.8000","70","2008-03-24 10:33:48","51.0900","-0.12","-1.06","2008-03-20 09:52:00","0","92.5700","229.95","31176649"
"2008-03-17 14:10:07","LONG","50","APOL","APOLLO EDUCATION GROUP INC. C","53.6400","50","2008-03-18 13:56:42","57.0600","-0.03","-0.28","2008-03-18 09:48:00","0","53.0800","170.95","31118780"
"2008-03-14 15:19:18","LONG","90","LEH","","40.6800","90","2008-03-18 09:36:07","37.4600","-1.76","-183.87","2008-03-14 15:19:18","9","20.2500","-290.05","31084584"
"2008-03-13 15:35:47","LONG","70","CAH","CARDINAL HEALTH","51.4900","70","2008-03-17 15:43:53","50.0300","-0.13","-15.82","2008-03-13 15:35:47","7","49.2300","-102.05","31064040"
"2008-03-17 13:05:03","LONG","50","SUN","SUNOCO LP","48.9900","50","2008-03-17 14:32:17","48.5600","-0.08","-5.30","2008-03-17 13:05:03","5","47.9300","-22.05","31117028"
"2008-03-13 15:56:11","LONG","80","ETP","ENERGY TRANSFER PARTNERS L.P.","43.9300","80","2008-03-14 15:18:44","44.2700","-0.00","-0.02","2008-03-14 13:37:00","1","43.9100","26.95","31064395"
"2008-03-13 09:52:15","LONG","45","BG","BUNGE","88.5900","45","2008-03-14 10:33:53","92.9000","-0.06","-0.76","2008-03-13 10:49:00","0","86.9100","193.95","31055317"
"2008-03-05 13:22:55","LONG","80","XNPT","XENOPORT","45.3600","80","2008-03-13 15:43:08","42.0600","-0.63","-63.92","2008-03-05 13:22:55","8","37.3700","-264.05","30927301"
"2008-03-12 13:51:45","LONG","120","FTO","Frontier Oil Corp.","29.5000","120","2008-03-13 15:22:36","29.6200","-0.04","-0.54","2008-03-13 09:33:00","1","29.0500","13.95","31041775"
"2008-03-13 11:25:47","LONG","70","FWLT","FOSTER WHEELER","57.0500","70","2008-03-13 15:18:59","59.9400","-0.02","-0.19","2008-03-13 11:31:00","1","56.7800","201.95","31058644"
"2008-03-12 13:41:07","LONG","90","WCG","WELLCARE HEALTH PLANS","35.0400","90","2008-03-13 13:37:28","37.8300","-0.04","-0.49","2008-03-12 14:08:00","1","34.5000","250.95","31041570"
"2008-03-12 13:52:27","LONG","90","LDG","","38.0600","90","2008-03-13 10:01:22","39.5100","-0.06","-0.73","2008-03-12 14:46:00","1","37.2500","130.95","31041802"
"2008-03-11 13:40:31","LONG","280","ALXN","ALEXION PHARMACEUTICALS","12.8750","280","2008-03-12 10:58:09","13.1900","-0.02","-0.20","2008-03-11 14:03:00","1","51.2200","87.95","31021593"
"2008-03-11 14:07:24","LONG","80","BOOM","DMC GLOBAL INC. COMMON STOCK","41.1300","80","2008-03-12 10:32:21","43.0700","-0.03","-0.31","2008-03-11 14:31:00","1","40.7400","154.95","31022121"
"2008-03-11 11:52:06","LONG","60","BSC","ELEMENTS BG Small Cap ETN","57.3600","60","2008-03-11 15:33:56","64.0300","-0.10","-1.16","2008-03-11 12:50:00","1","55.4200","399.95","31019236"
"2008-03-07 15:24:52","LONG","542.700000000","GMCR","KEURIG GREEN MOUNTAIN INC. CO","5.7530","542.700000000","2008-03-11 15:05:26","5.8150","-0.11","-1.22","2008-03-10 14:21:00","1","25.0000","33.95","30970675"
"2008-03-10 12:37:27","LONG","120","FNM","Federal National Mortgage Association","19.5300","120","2008-03-11 11:16:38","20.7100","-0.01","-0.14","2008-03-10 12:53:00","1","19.4100","141.95","30995037"
"2008-03-10 11:31:29","LONG","60","BSC","ELEMENTS BG Small Cap ETN","63.8800","60","2008-03-11 10:00:26","65.5200","-0.19","-2.17","2008-03-10 11:42:00","1","60.2600","97.95","30992954"
"2008-03-03 14:06:26","LONG","70","APOL","APOLLO EDUCATION GROUP INC. C","57.6700","70","2008-03-10 15:50:02","54.9700","-0.34","-33.74","2008-03-03 14:06:26","7","52.8500","-189.05","30889921"
"2008-03-07 15:26:01","LONG","40","CETV","CENTRAL EUROPEAN MEDIA","76.5600","40","2008-03-10 10:58:50","80.2000","-0.02","-0.24","2008-03-07 15:30:00","0","75.9500","145.95","30970738"
"2008-03-06 14:38:33","LONG","45","BSC","ELEMENTS BG Small Cap ETN","70.1800","45","2008-03-07 10:09:49","71.6400","-0.06","-0.66","2008-03-07 09:31:00","0","68.7100","65.95","30947753"
"2008-03-04 10:49:37","LONG","120","TSRA","TESSERA TECHNOLOGIES","13.5300","120","2008-03-06 09:35:24","15.5200","-0.26","-2.90","2008-03-04 11:03:00","1","11.1100","238.95","30904342"
"2008-03-04 10:51:07","LONG","80","CMED","China Medical Technologies Inc.","40.1200","80","2008-03-05 09:50:06","42.0000","-0.06","-0.69","2008-03-04 10:54:00","1","39.2600","149.95","30904429"
"2008-03-03 13:50:23","LONG","100","CPHD","CEPHEID","25.0800","100","2008-03-04 15:28:22","25.0300","-0.16","-1.75","2008-03-03 15:23:00","1","23.3300","-5.05","30889589"
"2008-02-21 10:41:33","LONG","50","ESI","ELEMENT SOLUTIONS INC","62.5100","50","2008-03-03 14:05:50","55.2700","-0.64","-58.75","2008-02-21 10:41:33","5","50.7600","-362.05","30728263"
"2008-02-29 11:33:07","LONG","160","GFIG","GFI GROUP","19.3750","160","2008-03-03 12:28:48","19.5600","-0.06","-0.64","2008-02-29 15:48:00","0","75.9000","29.95","30860857"
"2008-02-28 12:26:58","LONG","90","SIGM","SIGMA DESIGNS","29.9700","90","2008-02-29 09:41:53","30.7000","-0.04","-0.41","2008-02-28 13:21:00","1","29.5200","65.95","30842375"
"2008-02-27 15:02:28","LONG","100","ONXX","ONYX PHARMACEUTICALS","27.6300","100","2008-02-28 10:54:21","28.4300","-0.06","-0.70","2008-02-28 09:33:00","1","26.9300","79.95","30826281"
"2008-02-26 14:50:25","LONG","60","MHS","Medco Health Solutions, Inc.","47.0400","60","2008-02-27 11:50:24","47.6100","-0.11","-1.22","2008-02-27 10:01:00","1","45.0000","33.95","30804452"
"2008-02-26 14:49:50","LONG","100","MOV","MOVADO GROUP","20.7700","100","2008-02-27 11:01:25","20.9100","-0.07","-0.77","2008-02-27 09:35:00","1","20.0000","13.95","30804416"
"2008-02-26 14:32:13","LONG","80","SIGM","SIGMA DESIGNS","30.9000","80","2008-02-27 10:20:12","32.5900","-0.07","-0.80","2008-02-26 15:46:00","1","29.9000","134.95","30803902"
"2008-02-21 13:00:16","LONG","50","APOL","APOLLO EDUCATION GROUP INC. C","64.2500","50","2008-02-26 10:18:22","64.3900","-0.16","-1.74","2008-02-22 12:44:00","0","60.7700","6.95","30732065"
"2008-02-22 10:15:30","LONG","70","AMAG","AMAG PHARMACEUTICALS","46.1400","70","2008-02-25 10:16:16","47.3600","-0.04","-0.41","2008-02-22 10:46:00","1","45.5500","84.95","30747484"
"2008-02-22 12:17:34","LONG","300","IBN","ICICI BANK","10.4920","300","2008-02-25 10:08:09","10.9480","-0.01","-0.09","2008-02-22 15:30:00","1","52.3100","136.95","30750805"
"2008-02-21 11:23:21","LONG","60","XNPT","XENOPORT","50.0800","60","2008-02-22 09:59:20","52.2200","-0.09","-0.96","2008-02-21 13:51:00","1","48.4800","127.95","30729730"
"2008-02-21 14:01:49","LONG","90","AUXL","AUXILIUM PHARMACEUTICALS","29.3100","90","2008-02-22 09:42:02","31.5800","0.00","0.00","2008-02-21 14:03:00","1","29.3300","203.95","30733313"
"2008-02-19 15:46:38","LONG","200","ALXN","ALEXION PHARMACEUTICALS","15.6750","200","2008-02-21 15:34:00","15.3050","-0.27","-24.70","2008-02-19 15:46:38","20","14.4400","-74.05","30699001"
"2008-02-20 14:49:01","LONG","45","VMI","VALMONT INDUSTRIES","77.2600","45","2008-02-21 09:50:50","79.7800","-0.01","-0.12","2008-02-20 15:01:00","0","77.0000","112.95","30715812"
"2008-02-19 15:04:55","LONG","50","APOL","APOLLO EDUCATION GROUP INC. C","65.2500","50","2008-02-20 10:14:13","66.1300","-0.06","-0.62","2008-02-20 09:44:00","0","64.0000","43.95","30697967"
"2008-02-14 12:19:05","LONG","50","ESI","ELEMENT SOLUTIONS INC","68.6600","50","2008-02-15 14:25:28","70.6000","-0.04","-0.40","2008-02-14 12:22:00","0","67.8700","96.95","30637686"
"2008-02-14 15:17:34","LONG","50","APOL","APOLLO EDUCATION GROUP INC. C","68.5300","50","2008-02-15 10:16:28","69.8500","-0.04","-0.44","2008-02-15 09:38:00","0","67.6500","65.95","30641383"
"2008-02-08 12:23:27","LONG","60","CEPH","Cephalon Inc.","59.2200","60","2008-02-13 09:51:39","61.2700","-0.07","-0.73","2008-02-11 10:13:00","1","58.0000","122.95","30557515"
"2008-02-11 15:53:56","LONG","50","PRU","PRUDENTIAL FINANCIAL","67.2200","50","2008-02-12 10:09:51","68.6500","-0.03","-0.26","2008-02-12 09:31:00","0","66.7000","71.95","30587105"
"2008-02-07 10:49:34","LONG","70","STP","SUNTECH POWER HOLDINGS CO","45.4400","70","2008-02-08 10:06:47","47.2300","-0.03","-0.28","2008-02-07 11:21:00","1","45.0400","124.95","30536052"
"2008-02-06 15:53:30","LONG","50","SPWR","SUNPOWER INC.","60.4000","50","2008-02-07 10:46:53","61.1800","-0.25","-2.48","2008-02-07 09:53:00","0","55.4500","38.95","30521963"
"2008-02-05 14:27:08","LONG","50","SPWR","SUNPOWER INC.","67.6400","50","2008-02-06 10:03:13","68.8500","-0.13","-1.26","2008-02-06 09:41:00","0","65.1100","60.95","30499373"
"2008-01-31 15:49:50","LONG","39.400000000","JASO","JA SOLAR HOLDINGS","84.8250","39.400000000","2008-02-01 09:49:32","86.4750","-0.05","-0.51","2008-02-01 09:31:00","1","50.6300","64.95","30422912"
"2008-01-30 15:54:39","LONG","60","CEPH","Cephalon Inc.","65.0700","60","2008-01-31 14:36:11","65.4700","-0.06","-0.62","2008-01-31 09:39:00","1","64.0400","23.95","30400225"
"2008-01-22 15:56:51","LONG","45","VARI","","56.6600","45","2008-01-30 15:25:42","53.7800","-0.30","-22.27","2008-01-22 15:56:51","4","51.7121","-130.05","30225207"
"2008-01-15 11:43:05","LONG","50","STP","SUNTECH POWER HOLDINGS CO","60.7700","50","2008-01-30 15:25:25","54.8900","-0.94","-73.85","2008-01-15 11:43:05","5","46.0000","-294.05","30105938"
"2008-01-25 15:30:23","LONG","50","CEPH","Cephalon Inc.","66.1500","50","2008-01-28 10:20:31","67.1000","-0.02","-0.17","2008-01-25 15:56:00","0","65.8100","47.95","30313191"
"2008-01-24 11:16:47","LONG","50","SPWR","SUNPOWER INC.","63.2900","50","2008-01-25 09:37:19","74.0000","-0.03","-0.29","2008-01-24 11:21:00","0","62.7100","535.95","30263791"
"2008-01-23 15:53:41","LONG","15","EDU","NEW ORIENTAL","201.8800","15","2008-01-24 09:57:04","218.0000","-0.09","-0.83","2008-01-23 15:55:00","1","49.0800","241.95","30247841"
"2008-01-23 12:53:26","LONG","50","BEC","Beckman Coulter Inc.","64.1500","50","2008-01-24 09:56:42","66.3800","0.00","0.00","2008-01-23 12:55:00","0","64.2000","111.95","30242927"
"2008-01-17 10:08:58","LONG","30","BG","BUNGE","111.3000","30","2008-01-24 09:44:42","110.8300","-0.46","-3.93","2008-01-22 09:32:00","0","98.2000","-14.05","30148253"
"2008-01-23 12:23:52","LONG","60","AGU","AGRIUM","51.8600","60","2008-01-23 15:49:56","56.8400","-0.07","-0.60","2008-01-23 12:48:00","1","50.8600","298.95","30242207"
"2008-01-18 15:09:28","LONG","50","SII","SPROTT INC","58.4500","50","2008-01-22 15:55:31","58.0800","-0.29","-2.49","2008-01-22 09:31:00","0","53.4800","-19.05","30181021"
"2008-01-17 11:03:23","LONG","40","DE","DEERE","82.4000","40","2008-01-22 13:16:44","82.3300","-0.52","-4.48","2008-01-22 09:38:00","0","71.2000","-3.05","30150367"
"2008-01-18 10:14:01","LONG","180","LULU","LULULEMON ATHLETICA","14.9500","180","2008-01-22 11:15:18","15.8100","-0.37","-3.15","2008-01-22 09:31:00","1","26.4000","154.95","30173313"
"2008-01-11 14:20:18","LONG","70","BEAV","B/E AEROSPACE","42.2400","70","2008-01-18 15:07:24","38.1100","-1.41","-111.99","2008-01-11 14:20:18","7","26.2419","-289.05","30062171"
"2008-01-17 15:37:46","LONG","160","GFIG","GFI GROUP","18.5350","160","2008-01-18 09:48:55","19.7550","-0.03","-0.24","2008-01-17 16:00:00","0","73.5400","194.95","30158898"
"2008-01-15 12:26:51","LONG","80","GEOY","GeoEye, Inc.","29.2800","80","2008-01-17 15:28:30","27.1500","-0.24","-19.04","2008-01-15 12:26:51","8","26.9000","-170.05","30106899"
"2008-01-15 12:25:55","LONG","60","NILE","BITNILE HOLDINGS INC","49.0200","60","2008-01-17 11:01:53","49.7100","-0.19","-1.66","2008-01-16 09:31:00","1","46.2500","40.95","30106882"
"2008-01-15 12:28:10","LONG","45","GRMN","GARMIN","65.5700","45","2008-01-17 10:01:53","65.1000","-0.34","-2.96","2008-01-16 10:51:00","0","58.9900","-21.05","30106914"
"2008-01-04 15:21:28","LONG","40","LVS","LAS VEGAS SANDS","89.6000","40","2008-01-11 14:23:54","84.6300","-0.37","-28.32","2008-01-04 15:21:28","4","82.5200","-199.05","29955494"
"2008-01-08 13:29:05","LONG","100","ABK","Ambac Financial Group, Inc.","19.8600","100","2008-01-11 11:40:20","21.3100","-0.51","-4.36","2008-01-09 12:00:00","1","15.5000","144.95","30000161"
"2008-01-10 11:14:57","LONG","60","GME","GAMESTOP","52.1600","60","2008-01-11 10:08:05","52.9300","-0.04","-0.40","2008-01-10 15:59:00","1","51.5000","45.95","30036260"
"2008-01-09 10:14:52","LONG","60","CMI","CUMMINS","50.7000","60","2008-01-10 14:56:45","52.5200","-0.10","-0.91","2008-01-10 11:04:00","1","49.1800","108.95","30014496"
"2008-01-09 14:11:01","LONG","60","MDR","MCDERMOTT INTERNATIONAL","50.2900","60","2008-01-10 11:01:51","52.5300","0.00","0.00","2008-01-09 14:16:00","1","50.4000","133.95","30019439"
"2008-01-04 11:28:14","LONG","30","X","UNITED STATES STEEL","106.8000","30","2008-01-10 10:18:08","105.5600","-0.43","-32.40","2008-01-04 11:28:14","3","96.0000","-37.05","29950615"
"2008-01-03 15:02:07","LONG","90","BCSI","Blue Coat Systems Inc.","29.5500","90","2008-01-09 13:23:01","26.8400","-0.43","-33.39","2008-01-03 15:02:07","9","25.8400","-244.05","29934848"
"2008-01-08 13:31:00","LONG","200","SYNT","SYNTEL","15.0000","200","2008-01-09 10:14:09","15.1500","-0.02","-0.21","2008-01-08 14:42:00","1","29.7900","29.95","30000287"
"2008-01-07 13:25:15","LONG","70","SIGM","SIGMA DESIGNS","46.4700","70","2008-01-08 13:26:30","47.2100","-0.28","-2.47","2008-01-07 15:44:00","1","42.9400","51.95","29980660"
"2008-01-07 10:41:38","LONG","30","PCLN","PICTET CLEANER PLANET ETF","101.6000","30","2008-01-08 10:08:38","107.9900","-0.04","-0.39","2008-01-07 10:43:00","0","100.2900","191.95","29975635"
"2008-01-04 11:28:50","LONG","50","NILE","BITNILE HOLDINGS INC","60.0000","50","2008-01-07 11:34:05","59.9900","-0.19","-1.65","2008-01-07 10:34:00","0","56.7001","-1.05","29950636"
"2008-01-03 12:41:07","LONG","70","LDG","","43.2000","70","2008-01-04 14:18:46","43.4900","-0.12","-1.06","2008-01-04 10:30:00","1","41.6800","19.95","29932405"
"2008-01-02 15:19:37","LONG","100","MTX","MINERALS TECHNOLOGIES","32.1550","100","2008-01-03 09:50:05","32.5800","-0.03","-0.30","2008-01-02 16:00:00","0","63.7100","42.95","29915801"
"2008-01-02 13:59:55","LONG","40","FDX","FEDEX","85.2500","40","2008-01-03 09:48:58","86.8900","-0.01","-0.07","2008-01-02 14:02:00","0","85.0800","65.95","29913876"
"2007-12-27 11:54:21","LONG","60","SIGM","SIGMA DESIGNS","54.5600","60","2007-12-28 12:21:27","57.1900","-0.06","-0.54","2007-12-27 15:48:00","1","53.6600","157.95","29792962"
"2007-12-13 10:21:35","LONG","40","CM","CANADIAN IMP BK OF CMRC","76.3500","40","2007-12-27 11:16:19","71.9800","-0.42","-30.04","2007-12-13 10:21:35","4","68.8396","-175.05","29607324"
"2007-12-21 14:48:09","LONG","90","RRGB","RED ROBIN GOURMET BURGERS","32.6900","90","2007-12-26 14:39:09","33.2200","-0.04","-0.31","2007-12-24 11:28:00","1","32.3500","47.95","29752676"
"2007-12-19 15:51:07","LONG","70","IHP","","38.1200","70","2007-12-21 14:47:28","37.7300","-0.25","-17.29","2007-12-19 15:51:07","7","35.6500","-27.05","29722855"
"2007-12-20 12:38:55","LONG","100","CIT","CIT GROUP","22.2200","100","2007-12-21 09:48:18","23.4400","-0.01","-0.05","2007-12-20 12:51:00","1","22.1700","121.95","29734124"
"2007-12-18 11:02:34","LONG","40","HAYN","HAYNES INTERNATIONAL","66.3500","40","2007-12-20 13:20:49","67.9800","-0.04","-0.33","2007-12-18 11:13:00","0","65.5200","64.95","29696629"
"2007-12-20 10:47:32","LONG","120","CELG","CELGENE","22.1050","120","2007-12-20 12:37:06","23.8050","-0.01","-0.07","2007-12-20 10:49:00","1","44.1000","203.95","29732647"
"2007-12-17 14:39:00","LONG","89.550000000","SYNA","SYNAPTICS","32.0260","89.550000000","2007-12-19 15:47:35","30.1170","-0.47","-33.07","2007-12-17 14:39:00","9","28.3333","-171.05","29677599"
"2007-12-18 13:30:21","LONG","50","PLD","PROLOGIS","60.0900","50","2007-12-19 09:58:46","62.0900","-0.01","-0.06","2007-12-18 13:47:00","0","59.9800","99.95","29701285"
"2007-12-18 15:22:04","LONG","55","SGR","","53.3800","55","2007-12-19 09:58:10","55.2000","-0.01","-0.10","2007-12-18 15:24:00","1","53.2000","99.95","29703436"
"2007-12-12 14:23:58","LONG","160","TRMB","TRIMBLE INC","16.5050","160","2007-12-18 15:21:05","15.8400","-0.29","-20.88","2007-12-12 14:23:58","16","15.2000","-106.05","29595280"
"2007-12-17 14:25:59","LONG","90","SNCR","SYNCHRONOSS","31.5900","90","2007-12-18 12:38:53","31.9500","-0.08","-0.64","2007-12-17 15:12:00","1","30.8800","31.95","29677269"
"2007-12-13 12:21:29","LONG","80","ANN","ANN","27.1200","80","2007-12-14 14:56:07","27.5000","-0.02","-0.14","2007-12-14 09:56:00","1","26.9500","29.95","29611909"
"2007-12-12 12:47:02","LONG","80","UAUA","UAL Corporation","36.6100","80","2007-12-14 11:42:33","37.0900","-0.14","-1.15","2007-12-12 15:40:00","1","35.1700","37.95","29592556"
"2007-12-12 15:15:00","LONG","30","BA","BOEING","86.1000","30","2007-12-13 10:03:04","86.8400","-0.00","-0.04","2007-12-12 15:18:00","0","85.9800","21.95","29596519"
"2007-12-12 12:53:18","LONG","30","ESI","ELEMENT SOLUTIONS INC","98.0000","30","2007-12-12 15:20:55","100.9800","-0.01","-0.12","2007-12-12 12:56:00","0","97.6000","88.95","29592855"
"2007-12-11 15:41:17","LONG","100","TELOZ","Tel Offshore Trust","19.6900","100","2007-12-12 09:43:09","20.7300","0.00","0.00","2007-12-11 15:43:00","1","19.8000","103.95","29576406"
"2007-12-10 14:32:51","LONG","90","SVVS","SAVVIS, Inc.","23.7300","90","2007-12-11 09:51:23","24.3300","-0.00","-0.04","2007-12-10 14:34:00","1","23.6900","53.95","29555131"
"2007-12-06 11:14:38","LONG","80","TRAK","REPOSITRAK","35.0000","80","2007-12-07 09:51:40","35.8300","-0.21","-1.66","2007-12-06 11:55:00","1","32.9200","65.95","29513319"
"2007-12-05 15:13:23","LONG","80","RATE","GLOBAL X INTEREST RATE HEDGE ETF","35.7000","80","2007-12-06 10:05:15","37.3000","0.00","0.00","2007-12-05 15:15:00","1","35.7400","127.95","29499274"
"2007-11-16 15:51:18","LONG","30","AVB","AVALONBAY COMMUNITIES","102.0400","30","2007-11-30 15:12:29","98.2100","-0.50","-34.83","2007-11-16 15:51:18","3","90.4300","-115.05","29211945"
"2007-11-27 15:25:57","LONG","140","TSL","GRANITESHARES 1.25X LONG TESLA DAILY ETF","16.6600","140","2007-11-29 10:53:01","19.9600","-0.02","-0.11","2007-11-27 15:29:00","1","33.1600","461.95","29383175"
"2007-11-20 15:55:55","LONG","70","TBSI","TBS International PLC","33.9400","70","2007-11-28 10:37:23","34.0500","-0.58","-3.98","2007-11-27 10:16:00","1","28.2600","7.95","29261957"
"2007-11-27 15:33:01","LONG","80","JRJC","CHINA FINANCE ONLINE","16.8800","80","2007-11-28 09:53:55","19.0900","-0.01","-0.06","2007-11-27 15:36:00","1","16.8000","176.95","29383369"
"2007-11-26 15:16:14","LONG","40","EWZ","ISHARES MSCI BRAZIL ETF","73.1000","40","2007-11-27 12:36:57","74.5800","-0.12","-0.84","2007-11-27 10:22:00","0","71.0000","58.95","29361918"
"2007-11-14 15:50:05","LONG","30","CM","CANADIAN IMP BK OF CMRC","95.6700","30","2007-11-26 15:10:05","85.7900","-0.59","-43.72","2007-11-14 15:50:05","3","81.0961","-296.05","29176769"
"2007-11-21 15:27:45","LONG","40","JLL","JONES LANG LASALLE","72.7300","40","2007-11-23 12:00:27","73.2600","-0.06","-0.49","2007-11-21 15:58:00","0","71.5000","20.95","29282368"
"2007-11-20 14:21:11","LONG","80","KMT","KENNAMETAL","36.8850","80","2007-11-23 11:59:56","37.1450","-0.09","-0.70","2007-11-21 09:41:00","0","72.0200","20.95","29258867"
"2007-11-20 15:31:49","LONG","70","UAUA","UAL Corporation","37.6100","70","2007-11-21 15:23:16","39.0000","-0.15","-1.22","2007-11-21 09:44:00","1","35.8700","96.95","29260942"
"2007-11-15 12:46:09","LONG","70","FNM","Federal National Mortgage Association","44.3600","70","2007-11-20 15:52:26","28.4700","-1.74","-125.86","2007-11-15 12:46:09","7","26.3800","-1112.05","29190403"
"2007-11-19 11:41:18","LONG","60","ZION","ZIONS BANCORPORATION","49.5300","60","2007-11-20 15:30:18","49.2800","-0.09","-6.12","2007-11-19 11:41:18","6","48.5100","-15.05","29230125"
"2007-11-15 15:29:05","LONG","80","DSL","DOUBLELINE INCOME SOLUTIONS FU","31.3200","80","2007-11-19 11:45:41","33.2500","-0.38","-3.02","2007-11-19 10:34:00","1","27.5500","153.95","29193744"
"2007-11-14 15:48:12","LONG","16","CRK","COMSTOCK RESOURCES","164.2500","16","2007-11-16 15:35:21","164.3000","-0.05","-0.45","2007-11-16 10:04:00","1","32.2900","0.95","29176698"
"2007-11-08 10:21:41","LONG","238.800000000","DLTR","DOLLAR TREE STORES","10.5790","238.800000000","2007-11-15 15:28:13","9.1020","-0.53","-36.75","2007-11-08 10:21:41","24","9.0400","-353.05","29066410"
"2007-11-13 15:08:31","LONG","80","ADBE","ADOBE INC","40.1800","80","2007-11-14 09:42:24","41.7900","-0.02","-0.14","2007-11-13 15:36:00","1","40.0000","128.95","29158626"
"2007-11-12 15:14:41","LONG","50","TBSI","TBS International PLC","43.8800","50","2007-11-13 11:03:31","46.0200","-0.14","-1.13","2007-11-12 15:51:00","0","41.6200","106.95","29137692"
"2007-11-12 13:33:46","LONG","20","GIGM","GIGAMEDIA LTD","84.7500","20","2007-11-13 09:39:22","89.0500","-0.07","-0.54","2007-11-12 16:00:00","1","16.4100","85.95","29136131"
"2007-11-12 15:22:02","LONG","90","CY","CYPRESS SEMICONDUCTOR","31.5400","90","2007-11-13 09:37:18","32.7700","-0.05","-0.37","2007-11-12 15:52:00","1","31.1300","110.95","29137772"
"2007-11-12 15:15:25","LONG","100","TSL","GRANITESHARES 1.25X LONG TESLA DAILY ETF","23.8150","100","2007-11-13 09:34:25","25.6900","-0.11","-0.91","2007-11-12 15:50:00","0","45.8000","187.95","29137707"
"2007-11-09 14:45:49","LONG","80","BCSI","Blue Coat Systems Inc.","32.4000","80","2007-11-12 15:20:47","31.0500","-0.22","-15.12","2007-11-09 14:45:49","8","30.5100","-108.05","29111789"
"2007-11-06 11:03:21","LONG","50","CRDN","Ceradyne Inc.","59.6700","50","2007-11-12 15:13:57","52.2300","-0.54","-37.25","2007-11-06 11:03:21","5","52.2200","-372.05","29018451"
"2007-11-07 12:22:22","LONG","60","TIN","Temple-Inland Inc.","48.5000","60","2007-11-09 15:53:05","46.7500","-0.30","-21.36","2007-11-07 12:22:22","6","44.9400","-105.05","29048329"
"2007-11-08 12:52:30","LONG","50","XL","XL FLEET CORP","60.9300","50","2007-11-09 15:09:00","64.8300","-0.02","-0.20","2007-11-08 12:54:00","0","60.5300","194.95","29069716"
"2007-11-08 12:17:34","LONG","70","CROX","CROCS","35.8100","70","2007-11-09 12:03:13","38.1100","-0.18","-1.44","2007-11-08 12:51:00","1","33.7500","160.95","29068848"
"2007-11-07 15:11:27","LONG","80","DSL","DOUBLELINE INCOME SOLUTIONS FU","33.1900","80","2007-11-08 11:02:41","33.6500","-0.15","-1.27","2007-11-07 15:54:00","1","31.6000","36.95","29053357"
"2007-11-07 12:28:18","LONG","60","FNM","Federal National Mortgage Association","50.4500","60","2007-11-08 09:42:29","50.8500","-0.12","-1.03","2007-11-07 13:01:00","1","48.7400","23.95","29048562"
"2007-11-02 15:41:09","LONG","70","OIS","OIL STATES INTERNATIONAL","36.9400","70","2007-11-07 14:58:56","35.6000","-1.73","-123.30","2007-11-02 15:41:09","7","19.3257","-94.05","28888223"
"2007-11-01 09:41:38","LONG","70","ABK","Ambac Financial Group, Inc.","32.2100","70","2007-11-06 15:46:01","28.5500","-1.09","-81.62","2007-11-01 09:41:38","7","20.5500","-256.05","28865644"
"2007-11-01 10:34:36","LONG","40","XL","XL FLEET CORP","66.9900","40","2007-11-06 15:31:42","68.5700","-0.32","-2.48","2007-11-05 09:39:00","0","60.8000","62.95","28867560"
"2007-11-05 15:33:26","LONG","60","CROX","CROCS","41.9600","60","2007-11-06 10:14:17","43.3200","-0.04","-0.35","2007-11-05 15:46:00","1","41.3700","81.95","28976128"
"2007-11-05 15:08:41","LONG","60","MBI","MBIA","33.5700","60","2007-11-06 09:37:03","36.1300","-0.06","-0.50","2007-11-05 15:18:00","1","32.7300","153.95","28975374"
"2007-10-31 10:41:08","LONG","40","AXE","ANIXTER INTERNATIONAL INC.","69.0500","40","2007-11-05 15:32:11","68.1600","-0.11","-8.20","2007-10-31 10:41:08","4","67.0000","-36.05","28852715"
"2007-11-01 15:35:17","LONG","80","UFCS","UNITED FIRE GROUP","29.9800","80","2007-11-02 15:39:20","30.2300","-0.04","-0.35","2007-11-01 15:54:00","1","29.5400","19.95","28873336"
"2007-10-29 15:26:59","LONG","50","WCG","WELLCARE HEALTH PLANS","28.2400","50","2007-11-01 15:32:58","23.3500","-0.49","-37.15","2007-10-29 15:26:59","5","20.8100","-245.05","28831217"
"2007-10-29 15:28:39","LONG","80","UFCS","UNITED FIRE GROUP","32.3400","80","2007-10-31 10:03:04","32.2800","-0.06","-4.64","2007-10-29 15:28:39","8","31.7600","-5.05","28831232"
"2007-10-29 15:32:01","LONG","70","ASTE","ASTEC INDUSTRIES","42.6900","70","2007-10-30 09:43:44","42.9300","-0.04","-0.36","2007-10-29 15:53:00","1","42.1700","16.95","28831280"
"2007-10-25 13:17:33","LONG","70","PNRA","PANERA BREAD COMPANY","41.3500","70","2007-10-29 15:29:11","40.9100","-0.10","-7.14","2007-10-25 13:17:33","7","40.3300","-31.05","28791227"
"2007-10-26 11:03:48","LONG","50","ABK","Ambac Financial Group, Inc.","40.8400","50","2007-10-29 09:59:54","43.3900","-0.05","-0.42","2007-10-26 12:18:00","0","40.0000","127.95","28806188"
"2007-10-25 14:31:58","LONG","55","OSK","OSHKOSH","54.0500","55","2007-10-29 09:59:26","53.9200","-0.09","-0.78","2007-10-26 13:43:00","1","52.6300","-7.05","28793111"
"2007-10-26 15:34:37","LONG","40","XL","XL FLEET CORP","71.4700","40","2007-10-29 09:46:29","73.0600","0.00","0.00","2007-10-26 15:36:00","0","71.6200","63.95","28811035"
"2007-10-25 12:05:28","LONG","55","MBI","MBIA","49.5500","55","2007-10-26 15:42:38","50.0700","-0.40","-3.26","2007-10-26 10:37:00","1","43.6300","28.95","28789785"
"2007-10-25 15:43:38","LONG","80","FFIV","F5 INC","34.4800","80","2007-10-26 10:25:24","35.4900","-0.04","-0.31","2007-10-25 15:55:00","1","34.0900","80.95","28794797"
"2007-10-24 11:17:27","LONG","40","AXE","ANIXTER INTERNATIONAL INC.","75.2200","40","2007-10-26 10:23:31","75.8800","-0.08","-0.66","2007-10-25 15:55:00","0","73.5700","25.95","28764739"
"2007-10-23 14:06:58","LONG","80","JCG","J. Crew Group, Inc.","37.6400","80","2007-10-25 15:43:09","34.2500","-0.42","-30.00","2007-10-23 14:06:58","8","33.8900","-271.05","28752573"
"2007-10-24 11:00:38","LONG","55","FNM","Federal National Mortgage Association","54.6100","55","2007-10-25 10:14:10","57.5200","-0.05","-0.38","2007-10-24 11:26:00","1","53.9100","159.95","28764182"
"2007-10-24 10:49:39","LONG","55","MBI","MBIA","52.3700","55","2007-10-24 15:20:27","55.9200","-0.01","-0.09","2007-10-24 10:51:00","1","52.2100","194.95","28763930"
"2007-10-19 10:51:11","LONG","80","PPC","PILGRIMS PRIDE CORPORATION COM","28.9000","80","2007-10-23 15:28:43","28.8000","-0.13","-1.00","2007-10-22 09:50:00","1","27.6500","-8.05","28686100"
"2007-10-22 14:54:15","LONG","40","ZMH","ZIMMER HOLDINGS","77.2100","40","2007-10-23 10:02:43","78.4400","-0.01","-0.12","2007-10-22 15:18:00","0","76.9100","48.95","28714797"
"2007-10-19 15:06:29","LONG","40","SII","SPROTT INC","64.9600","40","2007-10-23 10:01:48","65.1800","-0.14","-1.08","2007-10-22 09:32:00","0","62.2500","8.95","28690772"
"2007-10-17 15:43:27","LONG","50","PJC","PIPER JAFFRAY COS","49.3400","50","2007-10-22 13:40:38","48.3300","-0.24","-16.60","2007-10-17 15:43:27","5","46.0200","-51.05","28653498"
"2007-10-19 10:52:14","LONG","60","DSL","DOUBLELINE INCOME SOLUTIONS FU","42.7800","60","2007-10-22 13:25:32","42.4800","-0.19","-13.68","2007-10-19 10:52:14","6","40.5000","-18.05","28686119"
"2007-10-19 12:30:14","LONG","60","WBMD","WEBMD HEALTH","45.8500","60","2007-10-22 12:54:34","47.0400","-0.15","-1.21","2007-10-19 15:46:00","1","43.8300","70.95","28688231"
"2007-10-17 14:45:05","LONG","50","PCAR","PACCAR","52.1500","50","2007-10-18 14:50:11","52.5800","-0.03","-0.22","2007-10-18 11:26:00","0","51.7196","21.95","28652224"
"2007-10-16 15:17:47","LONG","24","AVB","AVALONBAY COMMUNITIES","113.2900","24","2007-10-18 14:13:19","114.3400","-0.07","-0.55","2007-10-17 14:01:00","0","111.0100","24.95","28635296"
"2007-10-17 15:25:50","LONG","238.800000000","AOS","A.O.SMITH CORP","12.6300","238.800000000","2007-10-18 13:15:27","12.9880","-0.02","-0.19","2007-10-18 09:43:00","1","37.4600","84.95","28653270"
"2007-10-15 14:41:46","LONG","60","DSL","DOUBLELINE INCOME SOLUTIONS FU","48.3600","60","2007-10-17 15:40:17","45.3400","-0.26","-18.48","2007-10-15 14:41:46","6","45.2800","-181.05","28618872"
"2007-10-16 15:16:57","LONG","240","INFY","INFOSYS","11.7480","240","2007-10-17 09:52:02","12.5270","-0.00","-0.02","2007-10-16 15:19:00","1","46.9500","186.95","28635289"
"2007-10-15 12:08:59","LONG","65","COH","COACH","41.9300","65","2007-10-16 15:19:32","41.6200","n/a","","","","","-20.05","28615982"
"2007-10-15 15:22:25","LONG","30","NILE","BITNILE HOLDINGS INC","83.0800","30","2007-10-16 11:30:34","83.5600","-0.13","-1.05","2007-10-16 10:17:00","0","79.5800","13.95","28619718"
"2007-10-11 15:47:32","LONG","60","MW","TAILORED BRANDS INC","44.2300","60","2007-10-15 15:44:32","42.1600","-0.21","-14.76","2007-10-11 15:47:32","6","41.7700","-124.05","28583796"
"2007-10-12 15:26:10","LONG","40","SHPGY","Shire plc","70.8000","40","2007-10-15 14:27:27","70.7600","-0.04","-0.33","2007-10-15 12:05:00","0","69.9700","-2.05","28602605"
"2007-10-11 12:24:08","LONG","40","RL","RALPH LAUREN","71.2200","40","2007-10-12 11:32:10","72.2600","-0.06","-0.48","2007-10-12 09:36:00","0","70.0100","41.95","28577348"
"2007-10-08 11:59:27","LONG","50","R","RYDER SYSTEM","46.1400","50","2007-10-09 11:11:23","46.3700","-0.05","-0.44","2007-10-08 14:09:00","0","45.2500","11.95","28505640"
"2007-10-05 13:15:24","LONG","40","NIHD","NII HOLDINGS INC. COMMON STOCK","72.6700","40","2007-10-09 09:59:12","71.6100","n/a","","","","","-42.05","28488724"
"2007-10-05 14:59:17","LONG","2.800000000","TWM","PROSHARES ULTRASHORT RUSSELL20","950.4000","2.800000000","2007-10-08 11:07:20","970.0800","-0.01","-0.12","2007-10-05 15:09:00","0","59.1400","54.94","28490248"
"2007-10-04 15:34:36","LONG","60","VSEA","Varian Semiconductor Equipment Associates Inc.","46.5800","60","2007-10-05 10:07:51","48.0300","-0.05","-0.38","2007-10-04 15:45:00","1","45.9400","86.95","28476877"
"2007-10-04 15:34:03","LONG","30.300000000","JASO","JA SOLAR HOLDINGS","65.4900","30.300000000","2007-10-05 10:07:17","71.9550","0.00","0.00","2007-10-04 15:36:00","0","39.7800","195.95","28476869"
"2007-10-03 14:01:58","LONG","25","GRMN","GARMIN","98.0100","25","2007-10-04 10:16:59","99.2700","-0.09","-0.68","2007-10-03 14:42:00","0","95.2700","31.95","28452619"
"2007-10-03 15:02:51","LONG","80","NCTY","THE9 LTD","30.0200","80","2007-10-04 09:47:07","30.7300","-0.04","-0.30","2007-10-03 15:48:00","1","29.6500","56.95","28454911"
"2007-09-28 15:50:09","LONG","80","ELON","BATTLESHARES TSLA VS F ETF","25.9000","80","2007-10-01 10:03:27","26.3500","-0.09","-0.71","2007-09-28 16:00:00","1","25.0100","35.95","28373740"
"2007-09-28 15:49:22","LONG","80","UFPI","UFP INDUSTRIES INC","29.7900","80","2007-10-01 10:01:09","30.5500","0.00","0.00","2007-09-28 15:59:00","1","29.8000","60.95","28373730"
"2007-09-28 15:50:49","LONG","50","NTRI","NUTRISYSTEM","46.7300","50","2007-10-01 09:59:42","48.9700","-0.00","-0.02","2007-09-28 15:52:00","0","46.7000","111.95","28373757"
"2007-09-27 15:29:02","LONG","40","SUN","SUNOCO LP","71.2200","40","2007-09-28 11:31:16","71.1600","-0.05","-0.38","2007-09-27 15:47:00","0","70.2600","-2.05","28361230"
"2007-09-26 12:28:24","LONG","40","ALOG","ANALOGIC","63.8600","40","2007-09-27 10:01:31","64.7800","-0.02","-0.13","2007-09-26 13:59:00","0","63.5300","36.95","28345952"
"2007-09-26 15:14:53","LONG","160","PLCM","POLYCOM","12.8500","160","2007-09-27 10:00:34","13.1350","-0.03","-0.20","2007-09-26 15:47:00","1","25.4500","45.95","28348737"
"2007-09-25 14:56:21","LONG","220","TSCO","TRACTOR SUPPLY","11.3200","220","2007-09-26 11:32:29","11.3700","0.00","0.00","2007-09-25 15:54:00","1","45.2900","10.95","28334650"
"2007-09-25 14:55:47","LONG","30","MHK","MOHAWK INDUSTRIES","80.5400","30","2007-09-26 10:04:23","81.7600","-0.00","-0.01","2007-09-25 14:57:00","0","80.5100","36.95","28334630"
"2007-09-21 11:04:13","LONG","30","FRK","","58.8400","30","2007-09-24 12:17:11","59.5400","-0.03","-0.22","2007-09-21 11:16:00","0","58.0900","20.95","28294244"
"2007-09-17 15:30:55","LONG","136.800000000","LPHI","LIFE PARTNERS HOLDINGS","17.2080","136.800000000","2007-09-18 13:29:42","17.7200","-0.05","-0.37","2007-09-18 09:40:00","1","33.0800","69.95","28200898"
"2007-09-17 15:32:35","LONG","40","CAE","CAE","59.3700","40","2007-09-18 09:53:03","60.1300","-0.04","-0.33","2007-09-18 09:46:00","0","58.5400","29.95","28200911"
"2007-09-13 12:28:01","LONG","60","RAIL","FREIGHTCAR AMERICA","41.4200","60","2007-09-17 15:35:20","39.8300","-0.18","-11.82","2007-09-13 12:28:01","6","39.4500","-95.05","28165595"
"2007-09-12 14:18:20","LONG","80","FTEK","FUEL TECH","23.0600","80","2007-09-13 11:35:11","22.9300","-0.04","-2.24","2007-09-12 14:18:20","8","22.7800","-10.05","28150833"
"2007-09-13 10:13:40","LONG","30","EQIX","EQUINIX INC. COMMON STOCK REI","80.7000","30","2007-09-13 11:06:25","82.8300","-0.01","-0.06","2007-09-13 10:16:00","0","80.5000","63.95","28162475"
"2007-09-10 10:52:43","LONG","35","LM","LEGG MASON","77.9200","35","2007-09-11 10:11:36","79.0400","-0.01","-0.06","2007-09-10 10:54:00","0","77.7500","38.95","28074017"
"2007-09-10 14:17:32","LONG","60","JCG","J. Crew Group, Inc.","41.2900","60","2007-09-11 09:44:59","42.1500","-0.00","-0.01","2007-09-10 14:24:00","1","41.2800","51.95","28077981"
"2007-09-06 10:16:57","LONG","65","HSII","HEIDRICK & STRUGGLES","38.6400","65","2007-09-10 15:54:35","36.9100","-0.24","-14.95","2007-09-06 10:16:57","6","36.3400","-112.05","28022714"
"2007-09-07 10:05:28","LONG","40","FNM","Federal National Mortgage Association","61.0000","40","2007-09-10 09:53:10","62.5000","-0.01","-0.09","2007-09-07 10:16:00","0","60.7800","59.95","28054006"
"2007-09-07 10:43:01","LONG","60","LFG","ARCHAEA ENERGY INC","43.1100","60","2007-09-07 14:31:43","45.0600","-0.05","-0.34","2007-09-07 10:50:00","1","42.5500","116.95","28055167"
"2007-08-28 11:09:00","LONG","80","TGIC","TRIAD GUARANTY INC. COMMON STOCK","21.5000","80","2007-08-30 15:39:15","15.8000","-0.81","-53.28","2007-08-28 11:09:00","8","14.8400","-456.05","27878888"
"2007-08-29 15:33:00","LONG","70","RATE","GLOBAL X INTEREST RATE HEDGE ETF","36.2700","70","2007-08-30 10:14:36","37.3400","-0.02","-0.18","2007-08-29 16:01:00","1","36.0100","74.95","27908099"
"2007-08-29 15:34:36","LONG","60","JOYG","Joy Global, Inc.","43.4200","60","2007-08-30 09:48:54","44.2200","-0.05","-0.34","2007-08-29 15:59:00","1","42.8500","47.95","27908108"
"2007-08-17 12:18:37","LONG","140","CTSH","COGNIZANT TECH SOLUTION","18.2400","140","2007-08-20 09:54:08","18.6850","-0.00","-0.02","2007-08-17 12:20:00","0","72.8900","61.95","27769342"
"2007-08-16 09:46:00","LONG","90.910000000","PCU","","27.3830","90.910000000","2007-08-17 12:06:28","28.9250","-0.37","-2.32","2007-08-16 13:03:00","0","75.2400","139.95","27733077"
"2007-08-16 15:19:19","LONG","60","CPA","COPA HOLDINGS SA","39.9600","60","2007-08-17 11:35:08","42.4100","-0.04","-0.28","2007-08-16 15:21:00","1","39.5000","146.95","27743411"
"2007-08-16 15:48:40","LONG","35","NIHD","NII HOLDINGS INC. COMMON STOCK","67.2700","35","2007-08-17 09:39:15","74.5900","-0.00","-0.03","2007-08-16 15:50:00","0","67.1900","255.95","27744316"
"2007-08-16 09:52:00","LONG","30","VMC","VULCAN MATERIALS","84.3000","30","2007-08-17 09:37:52","90.0600","-0.18","-1.14","2007-08-16 13:10:00","0","80.5000","172.95","27733315"
"2007-08-16 12:19:14","LONG","70","FCX","FREEPORT-MCMORAN INC","34.5700","70","2007-08-17 09:34:48","38.9100","-0.11","-0.72","2007-08-16 13:04:00","0","67.0700","303.95","27737991"
"2007-08-15 14:53:25","LONG","160","CBD","BRAZILIAN DISTRIBUTION","15.1850","160","2007-08-16 15:47:43","13.6650","-0.66","-38.64","2007-08-15 14:53:25","16","12.7700","-243.05","27713689"
"2007-08-15 15:09:52","LONG","90","AMX","AMERICA MOVIL","26.3550","90","2007-08-16 15:18:40","25.8900","-0.24","-14.26","2007-08-15 15:09:52","9","24.7700","-42.05","27713944"
"2007-08-15 12:31:00","LONG","120","VFC","VF","20.5750","120","2007-08-16 12:16:49","19.9500","-0.39","-22.69","2007-08-15 12:31:00","12","18.6841","-75.05","27712163"
"2007-08-09 15:00:33","LONG","80","CE","CELANESE","32.0900","80","2007-08-10 15:14:27","33.4900","-0.14","-0.86","2007-08-10 10:43:00","1","31.0200","111.95","27558381"
"2007-08-08 14:33:30","LONG","60","PPD","PPD INC. COMMON STOCK","43.3900","60","2007-08-10 12:46:10","43.9300","-0.38","-2.36","2007-08-10 10:42:00","1","39.4500","31.95","27528095"
"2007-08-09 14:59:00","LONG","45","BCO","BRINK'S COMPANY","52.7700","45","2007-08-10 12:15:50","55.5800","-0.03","-0.16","2007-08-09 15:05:00","0","52.4200","125.95","27558204"
"2007-08-09 14:57:04","LONG","80","PTV","Pactiv Corp.","26.2500","80","2007-08-10 12:01:48","29.3000","-0.00","-0.02","2007-08-09 15:12:00","1","26.2200","243.95","27557963"
"2007-08-09 14:55:41","LONG","80","USNA","USANA HEALTH SCIENCES","29.6400","80","2007-08-10 09:55:41","31.8100","-0.14","-0.87","2007-08-10 09:32:00","1","28.5500","173.95","27557752"
"2007-08-07 15:05:48","LONG","80","NAFC","NASH-FINCH","34.0800","80","2007-08-09 14:59:24","31.4900","-0.58","-31.44","2007-08-07 15:05:48","8","30.1500","-207.05","27493055"
"2007-08-08 13:55:32","LONG","40","TFX","TELEFLEX","64.4100","40","2007-08-09 14:53:35","64.1900","-0.22","-1.47","2007-08-09 12:22:00","0","60.7450","-9.05","27527152"
"2007-08-07 15:51:18","LONG","90","SPTN","SPARTANNASH COMPANY COMMON STO","25.0800","90","2007-08-09 14:52:55","22.9400","-0.53","-28.62","2007-08-07 15:51:18","9","21.9000","-193.05","27494769"
"2007-08-08 15:07:40","LONG","60","UVV","UNIVERSAL","44.4500","60","2007-08-09 14:45:58","44.3200","-0.12","-6.30","2007-08-08 15:07:40","6","43.4000","-8.05","27529012"
"2007-08-06 15:53:00","LONG","90","USTR","UNITED STATIONERS INC","27.7500","90","2007-08-08 15:06:34","27.3600","n/a","","","","","-35.05","27458762"
"2007-08-07 14:57:41","LONG","100","VRGY","Verigy, Ltd.","20.6600","100","2007-08-08 10:12:59","22.2000","-0.12","-0.78","2007-08-07 15:28:00","1","19.8801","153.95","27492608"
"2007-08-07 15:40:00","LONG","80","FFIV","F5 INC","32.1000","80","2007-08-08 09:52:45","33.0800","-0.03","-0.22","2007-08-07 15:58:00","0","63.6600","77.95","27494416"
"2007-08-03 10:49:45","LONG","80","CIT","CIT GROUP","35.0600","80","2007-08-07 15:42:30","33.7400","-0.34","-20.48","2007-08-03 10:49:45","8","32.5000","-106.05","27425007"
"2007-08-03 14:28:55","LONG","90","BONT","BON-TON STORES","23.6900","90","2007-08-07 15:37:49","21.1000","-0.52","-31.14","2007-08-03 14:28:55","9","20.2300","-233.05","27428950"
"2007-08-06 15:35:31","LONG","90","LUFK","Lufkin Industries Inc.","26.6650","90","2007-08-07 15:05:11","27.0500","0.00","0.00","2007-08-06 15:37:00","0","53.4900","34.95","27458080"
"2007-08-06 15:40:30","LONG","80","TSRA","TESSERA TECHNOLOGIES","32.4500","80","2007-08-07 14:56:20","32.9000","-0.05","-0.32","2007-08-07 09:33:00","1","32.0500","35.95","27458234"
"2007-08-01 10:07:18","LONG","70","RDN","RADIAN GROUP","29.8000","70","2007-08-06 15:50:16","23.8000","-1.48","-86.52","2007-08-01 10:07:18","7","17.4400","-420.05","27360800"
"2007-08-02 15:30:14","LONG","80","LNET","LodgeNet Interactive Corporation","27.1700","80","2007-08-06 15:39:45","26.3700","n/a","","","","","-64.05","27411467"
"2007-08-02 15:14:27","LONG","45","MRO","MARATHON OIL","51.4400","45","2007-08-06 15:34:32","48.2700","-1.71","-105.40","2007-08-02 15:14:27","4","28.0176","-143.05","27410578"
"2007-07-31 15:25:00","LONG","70","TGIC","TRIAD GUARANTY INC. COMMON STOCK","27.5000","70","2007-08-02 15:38:29","27.0000","-0.20","-12.04","2007-07-31 15:25:00","7","25.7800","-35.05","27342753"
"2007-07-31 15:53:54","LONG","80","BONT","BON-TON STORES","25.5500","80","2007-08-02 14:36:31","25.7300","-0.10","-0.69","2007-08-01 15:08:00","1","24.6900","13.95","27343783"
"2007-07-31 13:45:11","LONG","35","ABK","Ambac Financial Group, Inc.","68.6500","35","2007-08-02 09:46:02","69.8500","-0.77","-5.27","2007-08-02 09:31:00","0","53.6000","41.95","27339476"
"2007-08-01 15:16:23","LONG","40","VLO","VALERO ENERGY","62.3800","40","2007-08-02 09:36:07","64.1100","-0.01","-0.07","2007-08-01 15:21:00","0","62.2000","68.95","27377620"
"2007-07-31 14:51:51","LONG","70","RWT","REDWOOD TRUST","30.4100","70","2007-08-01 15:06:45","31.6100","-0.50","-3.44","2007-08-01 10:43:00","1","25.4900","83.95","27341721"
"2007-07-30 15:02:00","LONG","45","PPD","PPD INC. COMMON STOCK","53.8200","45","2007-07-31 11:24:24","54.4500","-0.02","-0.14","2007-07-31 09:49:00","0","53.5200","27.95","27317190"
"2007-07-27 15:44:20","LONG","45","MTN","VAIL RESORTS","53.8500","45","2007-07-31 09:54:51","54.2400","-0.12","-0.81","2007-07-30 09:42:00","0","52.0600","17.95","27290828"
"2007-07-27 15:41:29","LONG","35","WY","WEYERHAEUSER","71.6400","35","2007-07-30 10:27:41","73.9200","-0.02","-0.17","2007-07-27 15:44:00","0","71.1500","79.95","27290785"
"2007-07-27 13:10:53","LONG","35","RTI","ROLTA INDIA LIMITED","68.8500","35","2007-07-30 10:25:39","72.0900","-0.02","-0.13","2007-07-27 13:35:00","0","68.4900","112.95","27288008"
"2007-07-26 15:28:01","LONG","45","TSO","TESORO","49.4300","45","2007-07-30 10:20:53","49.4900","-0.13","-0.88","2007-07-27 12:38:00","0","47.4700","2.95","27268169"
"2007-07-25 14:34:36","LONG","60","SVVS","SAVVIS, Inc.","40.0400","60","2007-07-27 15:37:13","37.9700","-0.28","-16.86","2007-07-25 14:34:36","6","37.2300","-124.05","27242112"
"2007-07-25 10:51:16","LONG","30","MICC","THE MAGNUM ICE CREAM CO N.V.","78.4900","30","2007-07-27 15:31:05","77.7700","n/a","","","","","-22.05","27237203"
"2007-07-26 15:30:00","LONG","44.780000000","PCAR","PACCAR","54.6390","44.780000000","2007-07-27 10:37:03","55.4960","-0.03","-0.24","2007-07-27 09:43:00","0","80.7600","37.95","27268335"
"2007-07-26 15:25:27","LONG","60","MDR","MCDERMOTT INTERNATIONAL","39.3500","60","2007-07-27 10:22:56","40.9300","0.00","0.00","2007-07-26 15:27:00","0","78.7300","94.95","27268046"
"2007-07-24 12:32:45","LONG","45","MTG","MGIC INVESTMENT","51.0400","45","2007-07-26 15:28:33","48.1200","-0.33","-20.43","2007-07-24 12:32:45","4","46.5000","-131.05","27221606"
"2007-07-24 10:19:55","LONG","35","SUN","SUNOCO LP","72.2900","35","2007-07-26 15:26:55","69.0000","-0.28","-17.57","2007-07-24 10:19:55","4","67.2700","-115.05","27217609"
"2007-07-24 12:31:44","LONG","0.300000000","BTU","PEABODY ENERGY CORP","9708.7500","0.300000000","2007-07-26 15:24:22","9441.0000","n/a","","","","","-80.01","27221584"
"2007-07-24 14:29:33","LONG","80","AGO","ASSURED GUARANTY","25.1600","80","2007-07-25 09:56:37","25.2000","-0.08","-0.58","2007-07-25 09:35:00","1","24.4400","2.95","27224283"
"2007-07-20 14:49:06","LONG","70","ENER","ACCRETION ACQUISITION CORP.","28.8700","70","2007-07-24 10:50:05","29.1100","-0.03","-0.22","2007-07-24 10:09:00","1","28.5500","16.95","27190779"
"2007-07-19 11:53:53","LONG","40","CMA","COMERICA","56.6300","40","2007-07-23 14:09:58","56.1800","-0.05","-3.00","2007-07-19 11:53:53","4","55.8800","-18.05","27172088"
"2007-07-20 10:05:32","LONG","70","TAM","TAMINCO CORP","29.1300","70","2007-07-23 12:56:07","29.9400","-0.04","-0.27","2007-07-20 10:51:00","1","28.7500","56.95","27181726"
"2007-07-20 12:08:32","LONG","89.600000000","JOSB","JOS A BANK CLOTHIERS","24.9110","89.600000000","2007-07-23 09:57:54","25.2790","-0.02","-0.16","2007-07-23 09:31:00","1","36.9100","32.95","27187561"
"2007-07-20 10:15:21","LONG","35","LEH","","68.5300","35","2007-07-23 09:57:34","68.9600","-0.06","-0.44","2007-07-20 12:04:00","0","67.2700","14.95","27182022"
"2007-07-19 12:33:13","LONG","55","FMCN","Focus Media Holding Ltd.","43.2500","55","2007-07-20 10:42:08","43.7500","-0.09","-0.63","2007-07-20 09:38:00","1","42.1000","27.95","27172600"
"2007-07-18 15:55:18","LONG","70","BONT","BON-TON STORES","32.4400","70","2007-07-19 11:30:36","32.8600","-0.00","-0.01","2007-07-18 15:58:00","1","32.4200","28.95","27162280"
"2007-07-18 15:18:23","LONG","55","WTFC","WINTRUST FINANCIAL","41.6900","55","2007-07-19 11:29:50","41.9400","-0.01","-0.05","2007-07-18 15:24:00","1","41.6000","13.95","27161864"
"2007-07-18 15:14:00","LONG","80","BARE","","30.9800","80","2007-07-19 09:53:41","32.1400","-0.01","-0.04","2007-07-18 15:19:00","1","30.9300","92.95","27161842"
"2007-07-16 15:28:23","LONG","70","FEIC","FEI","30.6700","70","2007-07-18 14:23:53","30.9600","-0.13","-0.86","2007-07-17 10:03:00","1","29.4400","19.95","27122656"
"2007-07-16 15:27:30","LONG","80","SYNL","SYNALLOY","28.3600","80","2007-07-17 12:13:30","28.8000","-0.09","-0.60","2007-07-17 11:27:00","1","27.6100","34.95","27122645"
"2007-07-16 14:52:23","LONG","70","GDP","GOODRICH PETROLEUM CORP","31.1300","70","2007-07-17 09:56:00","32.5900","0.00","0.00","2007-07-16 15:08:00","1","31.2200","101.95","27122288"
"2007-07-12 15:37:37","LONG","60","IGT","INTERNATIONAL GAME TECH","37.3500","60","2007-07-13 10:02:53","37.5900","-0.04","-0.26","2007-07-12 15:51:00","1","36.9100","13.95","27093924"
"2007-07-11 10:46:57","LONG","40","MHP","The McGraw-Hill Companies, Inc.","62.0800","40","2007-07-12 10:07:55","62.3900","0.00","0.00","2007-07-11 10:48:00","0","62.0900","11.95","27074610"
"2007-07-11 15:44:33","LONG","70","SYNL","SYNALLOY","30.5000","70","2007-07-12 09:53:57","31.2000","-0.02","-0.12","2007-07-11 15:57:00","1","30.3300","48.95","27080443"
"2007-07-10 10:50:16","LONG","30","ANF","ABERCROMBIE & FITCH","69.6100","30","2007-07-12 09:50:20","74.2500","-0.04","-0.25","2007-07-10 15:46:00","0","68.7900","138.95","27058574"
"2007-07-05 15:38:48","LONG","55","BONT","BON-TON STORES","38.5000","55","2007-07-10 10:14:06","35.6400","-0.31","-17.76","2007-07-05 15:38:48","6","35.2700","-157.05","27017084"
"2007-06-28 14:54:22","LONG","16","BZH","BEAZER HOMES USA","130.2500","16","2007-07-02 15:23:35","121.8500","-0.28","-16.24","2007-06-28 14:54:22","2","120.1000","-134.05","26946766"
"2007-06-26 10:42:39","LONG","60","BONT","BON-TON STORES","40.7000","60","2007-06-28 14:32:17","40.5300","-0.18","-1.23","2007-06-27 09:51:00","1","38.6500","-10.05","26906658"
"2007-06-26 14:02:40","LONG","45","PPP","PRIMERO MINING","50.1100","45","2007-06-28 12:26:03","50.4000","-0.08","-0.54","2007-06-27 09:41:00","0","48.9200","12.95","26911342"
"2007-06-26 11:12:27","LONG","30","RTI","ROLTA INDIA LIMITED","75.6200","30","2007-06-28 09:46:53","75.8100","-0.11","-0.77","2007-06-27 10:06:00","0","73.0400","5.95","26907771"
"2007-06-26 11:55:22","LONG","80","SPAR","SPARTAN MOTORS","26.7800","80","2007-06-27 14:46:31","27.6500","-0.12","-0.82","2007-06-27 10:04:00","1","25.7600","69.95","26908856"
"2007-06-26 15:50:15","LONG","30","JCP","J.C. PENNEY","69.8600","30","2007-06-27 11:01:37","70.3100","-0.03","-0.23","2007-06-27 09:31:00","0","69.1000","13.95","26913770"
"2007-06-21 15:10:19","LONG","55","LAZ","LAZARD","46.2500","55","2007-06-26 15:12:13","44.5200","-1.40","-9.52","2007-06-26 11:02:00","1","44.1000","-95.05","26851273"
"2007-06-25 14:58:00","LONG","30","DST","DST SYSTEMS","76.2400","30","2007-06-26 13:27:53","77.5200","0.00","0.00","2007-06-25 15:01:00","0","76.2600","37.95","26893948"
"2007-06-25 13:52:52","LONG","80","HLYS","Heelys, Inc.","25.1300","80","2007-06-26 10:00:20","25.5500","-0.04","-0.30","2007-06-25 15:23:00","1","24.7500","33.95","26892205"
"2007-06-25 15:48:07","LONG","35","MCO","MOODY'S","60.7900","35","2007-06-26 09:40:57","62.4600","-0.01","-0.06","2007-06-25 15:50:00","0","60.6300","57.95","26895091"
"2007-06-20 13:16:57","LONG","50","CHKE","CHEROKEE","40.8100","50","2007-06-25 14:09:04","37.0300","-2.78","-18.90","2007-06-25 13:13:00","0","36.8360","-189.05","26832315"
"2007-06-22 14:48:08","LONG","70","SPAR","SPARTAN MOTORS","29.3500","70","2007-06-25 10:39:38","29.9100","-0.03","-0.23","2007-06-22 15:26:00","1","29.0200","38.95","26867510"
"2007-06-19 15:10:06","LONG","100","FLML","FLAMEL TECHNOLOGIES","23.3300","100","2007-06-21 15:50:23","21.5600","-2.56","-17.70","2007-06-21 10:07:00","1","20.8000","-177.05","26817661"
"2007-06-19 10:19:05","LONG","60","NTY","NBTY, Inc.","42.2600","60","2007-06-21 15:32:24","40.7300","-1.29","-9.18","2007-06-20 13:29:00","1","39.6200","-92.05","26812075"
"2007-06-20 15:49:06","LONG","40","GCI","GANNETT CO INC","54.5200","40","2007-06-21 14:09:25","55.0500","-0.00","-0.03","2007-06-20 15:52:00","0","54.4400","20.95","26835331"
"2007-06-14 15:43:56","LONG","50","NTY","NBTY, Inc.","44.5100","50","2007-06-15 13:04:33","44.9000","-0.02","-0.13","2007-06-14 15:52:00","0","44.2500","19.95","26764773"
"2007-06-13 14:41:25","LONG","714.300000000","NFLX","NETFLIX","2.7130","714.300000000","2007-06-15 09:37:18","2.8000","-0.04","-0.29","2007-06-14 15:48:00","1","19.0900","61.95","26748725"
"2007-06-12 15:53:44","LONG","80","ABM","ABM INDUSTRIES","26.0300","80","2007-06-13 15:36:15","26.1500","-0.02","-0.12","2007-06-13 10:03:00","1","25.8800","9.95","26732643"
"2007-06-11 14:43:09","LONG","100","DAKT","DAKTRONICS","21.1700","100","2007-06-13 15:35:41","20.8500","-0.45","-3.20","2007-06-12 11:14:00","1","20.5600","-32.05","26713410"
"2007-06-12 13:18:22","LONG","70","PSYS","Psychiatric Solutions, Inc.","34.3400","70","2007-06-13 09:35:10","34.8800","-0.04","-0.27","2007-06-12 15:18:00","1","33.9600","37.95","26728450"
"2007-06-06 13:38:46","LONG","50","D","DOMINION RESOURCES","42.1450","50","2007-06-08 15:01:07","41.0500","-0.78","-5.48","2007-06-08 09:38:00","0","81.3700","-55.05","26649604"
"2007-06-07 14:46:16","LONG","35","FPL","FIRST TRUST NEW OPPORTUNITIES","58.4100","35","2007-06-08 10:24:54","58.0900","-0.16","-1.12","2007-06-08 09:31:00","0","57.1000","-11.05","26668715"
"2007-06-07 13:34:06","LONG","50","AMLN","Amylin Pharmaceuticals, Inc.","40.7200","50","2007-06-08 10:14:04","41.2700","-0.03","-0.23","2007-06-08 09:31:00","0","40.2500","27.95","26666917"
"2007-06-07 12:27:58","LONG","25","CEG","CONSTELLATION ENERGY CORPORATION","84.0400","25","2007-06-08 09:51:48","84.4700","-0.05","-0.33","2007-06-07 15:59:00","0","82.7100","10.95","26665097"
"2007-06-01 15:01:04","LONG","80","ZOLL","ZOLL Medical Corp.","20.7200","80","2007-06-04 15:03:33","21.1500","0.00","0.00","2007-06-01 15:51:00","1","20.7200","33.95","26595775"
"2007-05-29 14:57:19","LONG","55","ZUMZ","ZUMIEZ","37.2300","55","2007-05-30 13:43:26","37.7300","-0.05","-0.35","2007-05-30 09:34:00","1","36.6000","27.95","26548766"
"2007-05-25 13:06:46","LONG","60","D","DOMINION RESOURCES","42.9050","60","2007-05-29 12:01:13","43.8050","-0.00","-0.01","2007-05-25 13:08:00","0","85.7800","53.95","26516413"
"2007-05-25 14:41:47","LONG","30","LVS","LAS VEGAS SANDS","76.0400","30","2007-05-29 10:24:02","77.5900","-0.00","-0.02","2007-05-25 14:47:00","0","75.9700","46.95","26517523"
"2007-05-24 11:30:24","LONG","40","ERTS","","46.5600","40","2007-05-25 15:05:00","47.6500","-0.02","-0.12","2007-05-24 13:16:00","0","46.2700","43.95","26498676"
"2007-05-24 15:27:29","LONG","40","GGP","GGP INC","55.4800","40","2007-05-25 09:52:55","56.6800","-0.01","-0.10","2007-05-24 15:36:00","0","55.2300","47.95","26503426"
"2007-05-24 14:34:57","LONG","40","DRIV","GLOBAL X AUTONOMOUS & ELECTRIC VEHICLES ETF","49.3400","40","2007-05-25 09:43:33","49.9400","-0.02","-0.13","2007-05-24 15:32:00","0","49.0100","23.95","26502509"
"2007-05-24 11:53:21","LONG","120","CTSH","COGNIZANT TECH SOLUTION","18.7800","120","2007-05-25 09:34:42","18.9920","-0.03","-0.19","2007-05-24 12:36:00","0","74.4800","24.95","26499231"
"2007-05-23 15:14:24","LONG","50","DLR","DIGITAL REALTY TRUST","37.9500","50","2007-05-24 09:53:02","38.5700","-0.02","-0.15","2007-05-23 15:43:00","0","37.6500","30.95","26486987"
"2007-05-22 15:26:34","LONG","102.600000000","GLDN","NICHOLAS GOLD INCOME ETF","19.8780","102.600000000","2007-05-23 09:44:15","20.6930","0.00","0.00","2007-05-22 15:28:00","0","51.1700","83.95","26473520"
"2007-05-17 11:32:41","LONG","45","KIM","KIMCO REALTY","44.8000","45","2007-05-21 15:46:23","44.2000","-0.41","-2.70","2007-05-18 11:48:00","0","43.6600","-27.05","26418914"
"2007-05-18 10:31:22","LONG","60","STP","SUNTECH POWER HOLDINGS CO","34.2200","60","2007-05-21 15:44:33","34.5100","-0.02","-0.11","2007-05-18 10:58:00","1","34.0300","16.95","26432623"
"2007-05-18 11:56:06","LONG","35","EPR","EPR PROPERTIES","55.1700","35","2007-05-21 12:19:37","56.7100","0.00","0.00","2007-05-18 12:03:00","0","55.2300","53.95","26434260"
"2007-05-18 14:05:57","LONG","30","PLD","PROLOGIS","62.2300","30","2007-05-21 11:31:27","62.6200","-0.04","-0.25","2007-05-21 09:51:00","0","61.4000","11.95","26436115"
"2007-05-16 15:47:18","LONG","50","ASFI","ASTA FUNDING","38.7900","50","2007-05-18 15:33:20","38.4000","-0.29","-1.95","2007-05-17 10:58:00","0","38.0400","-20.05","26407622"
"2007-05-15 14:54:00","LONG","35","DRIV","GLOBAL X AUTONOMOUS & ELECTRIC VEHICLES ETF","54.1300","35","2007-05-17 15:48:54","50.6500","-1.83","-12.18","2007-05-17 13:17:00","0","50.3600","-122.05","26389337"
"2007-05-16 14:11:39","LONG","35","VSEA","Varian Semiconductor Equipment Associates Inc.","60.4400","35","2007-05-17 10:13:55","62.6700","-0.00","-0.03","2007-05-16 14:19:00","0","60.3500","77.95","26406246"
"2007-05-15 15:37:19","LONG","25","EQIX","EQUINIX INC. COMMON STOCK REI","78.3400","25","2007-05-16 15:45:32","78.1900","-0.07","-0.43","2007-05-16 11:22:00","0","76.6400","-4.05","26389767"
"2007-05-14 14:35:14","LONG","60","PETM","PETSMART","32.9100","60","2007-05-16 15:20:55","32.5900","-0.29","-1.92","2007-05-16 10:50:00","1","32.0600","-19.05","26372643"
"2007-05-15 15:29:22","LONG","50","AKAM","AKAMAI TECHNOLOGIES","42.1500","50","2007-05-16 15:12:47","42.6500","-0.09","-0.57","2007-05-16 09:48:00","0","41.0200","24.95","26389693"
"2007-05-14 15:32:22","LONG","50","WFMI","Whole Foods Market, Inc.","39.3800","50","2007-05-16 14:05:11","39.6800","-0.08","-0.50","2007-05-15 10:35:00","0","38.3800","14.95","26373450"
"2007-05-11 14:05:33","LONG","80","GLBC","Global Crossing Ltd.","23.2500","80","2007-05-15 15:20:50","22.2800","-1.18","-7.76","2007-05-14 14:46:00","1","21.9000","-78.05","26348644"
"2007-05-14 14:33:45","LONG","60","AMIE","Ambassadors International Inc.","33.5700","60","2007-05-15 10:18:31","34.8200","-0.02","-0.12","2007-05-14 14:44:00","1","33.3700","74.95","26372606"
"2007-05-10 15:35:19","LONG","89.700000000","GLDN","NICHOLAS GOLD INCOME ETF","21.2470","89.700000000","2007-05-14 11:20:32","21.3410","-0.06","-0.39","2007-05-14 09:31:00","0","53.3700","7.95","26335776"
"2007-05-10 12:14:28","LONG","50","DIGE","","41.6500","50","2007-05-11 10:04:00","41.9700","-0.01","-0.07","2007-05-10 15:53:00","0","41.5100","15.95","26332109"
"2007-05-10 13:20:51","LONG","25","LVS","LAS VEGAS SANDS","77.6900","25","2007-05-11 10:00:50","78.0600","-0.03","-0.17","2007-05-10 15:59:00","0","77.0000","8.95","26333211"
"2007-05-08 15:10:56","LONG","100","CTSH","COGNIZANT TECH SOLUTION","20.1020","100","2007-05-10 10:11:45","20.2100","-0.05","-0.35","2007-05-10 09:31:00","0","79.0000","10.95","26305060"
"2007-05-07 15:53:36","LONG","80","TLB","The Talbots Inc.","20.1800","80","2007-05-09 14:24:31","20.4600","-0.06","-0.38","2007-05-08 13:02:00","1","19.7100","21.95","26290427"
"2007-05-04 14:57:15","LONG","25","LVS","LAS VEGAS SANDS","81.6800","25","2007-05-09 09:46:13","79.1200","-0.97","-6.40","2007-05-09 09:46:13","0","77.8000","-64.05","26269464"
"2007-05-07 11:18:28","LONG","50","RYAAY","RYANAIR HOLDINGS","40.2900","50","2007-05-08 11:39:32","41.3200","-0.00","-0.03","2007-05-07 11:32:00","0","40.2200","51.95","26287812"
"2007-05-02 15:47:42","LONG","60","LCC","US AIRWAYS GROUP","36.1600","60","2007-05-04 14:55:40","36.1200","-0.09","-0.58","2007-05-03 16:01:00","1","35.2000","-2.05","26230196"
"2007-05-02 15:16:17","LONG","70","ROCM","ROCHESTER MEDICAL","16.9700","70","2007-05-03 11:27:43","18.4500","-0.03","-0.18","2007-05-03 09:31:00","1","16.7100","103.95","26229324"
"2007-04-30 15:41:49","LONG","45","YRCW","YRC WORLDWIDE","39.8900","45","2007-05-02 15:08:41","39.5800","-0.22","-1.40","2007-05-01 13:04:00","0","39.2900","-14.05","26189089"
"2007-05-01 10:17:00","LONG","60","UAUA","UAL Corporation","32.1800","60","2007-05-02 15:08:04","33.9000","-0.05","-0.34","2007-05-01 13:05:00","1","31.6200","102.95","26199501"
"2007-05-01 14:29:30","LONG","50","AKAM","AKAMAI TECHNOLOGIES","43.1500","50","2007-05-02 12:10:52","44.4100","-0.02","-0.10","2007-05-01 15:31:00","0","42.9400","62.95","26203956"
"2007-05-01 10:03:46","LONG","40","OMX","OFFICEMAX","48.2700","40","2007-05-01 15:08:44","48.6600","0.00","0.00","2007-05-01 10:06:00","0","48.2600","15.95","26199023"
"2007-04-30 15:43:14","LONG","45","MAR","MARRIOT INTERNATIONAL CLASS A","45.3200","45","2007-05-01 15:08:29","45.3900","-0.02","-0.13","2007-05-01 09:56:00","0","45.0300","2.95","26189161"
"2007-04-30 15:53:40","LONG","25","KSS","KOHL'S","74.2300","25","2007-05-01 14:28:31","74.7400","-0.06","-0.37","2007-05-01 09:42:00","0","72.7600","12.95","26189377"
"2007-04-30 15:54:39","LONG","70","ZOLL","ZOLL Medical Corp.","24.0900","70","2007-05-01 10:15:51","24.2000","0.00","0.00","2007-04-30 16:00:00","1","24.1500","7.95","26189397"
"2007-04-26 15:06:29","LONG","45","AKAM","AKAMAI TECHNOLOGIES","46.7400","45","2007-04-30 15:39:45","44.1200","-1.85","-11.79","2007-04-30 15:38:00","0","44.1000","-118.05","26151362"
"2007-04-27 15:04:16","LONG","35","OMX","OFFICEMAX","49.3500","35","2007-04-30 15:39:20","49.4200","-0.02","-0.12","2007-04-30 09:35:00","0","49.0000","1.95","26163924"
"2007-04-26 15:07:08","LONG","50","LCC","US AIRWAYS GROUP","40.3900","50","2007-04-30 15:38:57","37.1200","-2.57","-16.35","2007-04-30 14:51:00","0","37.0700","-164.05","26151373"
"2007-04-26 14:41:07","LONG","80","ABC","AMERISOURCEBERGEN","25.4250","80","2007-04-27 15:33:20","25.2450","-0.21","-1.44","2007-04-27 09:55:00","0","49.8000","-14.05","26151044"
"2007-04-25 10:37:32","LONG","70","UAUA","UAL Corporation","37.5800","70","2007-04-27 15:32:14","34.2500","-3.39","-23.31","2007-04-27 15:27:00","1","34.1700","-233.05","26132075"
"2007-04-23 15:06:14","LONG","50","AMR","ALPHA METALLURGICAL RESOURCES INC","27.8100","50","2007-04-24 15:31:19","27.9100","-0.04","-0.28","2007-04-24 10:36:00","0","27.2600","4.95","26106156"
"2007-04-20 15:18:00","LONG","40","CAL","CALERES INC","38.9800","40","2007-04-24 14:39:10","38.8700","-0.11","-0.73","2007-04-24 10:27:00","0","37.1500","-4.05","26084470"
"2007-04-23 14:20:07","LONG","25","COF","CAPITAL ONE FINANCIAL","70.4900","25","2007-04-24 10:11:34","71.1000","-0.01","-0.06","2007-04-23 14:40:00","0","70.2400","14.95","26105604"
"2007-04-19 15:18:07","LONG","70","DPTR","Delta Petroleum Corp.","21.3800","70","2007-04-23 14:58:03","20.8300","-0.56","-3.85","2007-04-20 09:49:00","1","20.3300","-39.05","26071176"
"2007-04-20 14:55:13","LONG","40","PXP","Plains Exploration & Production Company","42.6000","40","2007-04-23 10:29:57","43.0000","-0.01","-0.08","2007-04-20 15:56:00","0","42.3900","15.95","26084309"
"2007-04-19 15:22:12","LONG","60","JBX","","33.2500","60","2007-04-20 14:51:49","33.2650","-0.02","-0.12","2007-04-20 09:39:00","0","66.1000","0.95","26071209"
"2007-04-19 15:24:59","LONG","60","NVLS","NIVALIS THERAPEUTICS INC","30.9200","60","2007-04-20 10:21:01","31.2800","-0.02","-0.12","2007-04-19 15:55:00","1","30.7200","21.95","26071259"
"2007-04-16 14:19:46","LONG","25","BG","BUNGE","74.4600","25","2007-04-17 10:39:57","75.2400","-0.02","-0.11","2007-04-17 09:48:00","0","74.0000","19.95","26028473"
"2007-04-11 15:44:53","LONG","30","ASH","ASHLAND INC","61.1100","30","2007-04-12 14:22:56","61.4500","-0.02","-0.11","2007-04-12 11:45:00","0","60.7500","9.95","25974197"
"2007-04-11 15:43:57","LONG","70","PCBC","Pacific Capital Bancorp","28.1700","70","2007-04-12 14:21:09","28.3600","-0.03","-0.22","2007-04-12 10:01:00","1","27.8600","12.95","25974187"
"2007-04-10 15:29:00","LONG","70","FTEK","FUEL TECH","21.6900","70","2007-04-11 12:19:11","22.6600","-0.00","-0.03","2007-04-10 15:52:00","1","21.6500","67.95","25959054"
"2007-04-05 12:10:29","LONG","80","MNST","MONSTER BEVERAGE","20.3400","80","2007-04-10 10:01:11","20.4550","-0.01","-0.07","2007-04-09 16:00:00","0","40.5000","8.95","25914135"
"2007-04-09 15:01:19","LONG","70","CUTR","CUTERA","25.0600","70","2007-04-10 09:57:12","25.3300","-0.02","-0.11","2007-04-09 15:47:00","1","24.9000","18.95","25944237"
"2007-04-02 15:17:18","LONG","60","FFIV","F5 INC","32.5500","60","2007-04-03 09:42:41","33.8300","-0.02","-0.11","2007-04-02 15:37:00","0","64.7400","76.95","25870720"
"2007-03-28 15:11:48","LONG","40","IRF","INTERNATIONAL","37.8900","40","2007-03-30 15:30:33","38.1300","-0.05","-0.30","2007-03-29 13:22:00","0","37.1300","9.95","25815990"
"2007-03-29 15:28:13","LONG","70","KNOT","The Knot, Inc.","20.5900","70","2007-03-30 10:06:45","21.4500","-0.01","-0.04","2007-03-29 15:31:00","1","20.6500","59.95","25833170"
"2007-03-26 15:03:33","LONG","60","FLML","FLAMEL TECHNOLOGIES","27.5600","60","2007-03-28 15:33:11","25.6600","-1.72","-11.40","2007-03-27 15:52:00","1","25.2300","-114.05","25782614"
"2007-03-26 10:29:25","LONG","50","ACLI","American Commercial Lines Inc.","30.5100","50","2007-03-28 15:32:53","29.6500","-0.66","-4.30","2007-03-28 11:44:00","0","29.0000","-43.05","25777771"
"2007-03-27 15:50:57","LONG","37.310000000","PCAR","PACCAR","48.9100","37.310000000","2007-03-28 12:54:10","49.0840","-0.03","-0.19","2007-03-28 09:31:00","0","72.2300","5.95","25799811"
"2007-03-26 12:27:21","LONG","70","KNOT","The Knot, Inc.","21.4000","70","2007-03-28 12:53:33","21.7500","-0.01","-0.06","2007-03-26 12:30:00","1","21.3200","24.95","25780357"
"2007-03-16 13:09:40","LONG","35","GCI","GANNETT CO INC","56.1700","35","2007-03-20 15:45:58","56.1400","-0.03","-0.18","2007-03-16 15:54:00","0","55.6500","-1.05","25674380"
"2007-03-19 15:10:48","LONG","40","BWS","BROWN SHOE COMPANY","43.8100","40","2007-03-20 13:58:59","44.5700","-0.01","-0.04","2007-03-20 09:40:00","0","43.7100","29.95","25699262"
"2007-03-13 14:38:00","LONG","60","KNXA","Kenexa Corp.","29.9800","60","2007-03-15 12:34:28","30.0300","-0.17","-1.07","2007-03-14 13:00:00","1","28.2000","2.95","25617893"
"2007-03-14 15:23:06","LONG","60","HLYS","Heelys, Inc.","27.5000","60","2007-03-15 10:35:09","28.7000","0.00","0.00","2007-03-14 15:45:00","1","27.5000","71.95","25642306"
"2007-03-14 11:07:26","LONG","6.700000000","RAS","RAIT FINANCIAL","235.1700","6.700000000","2007-03-15 09:39:17","259.2900","-0.02","-0.12","2007-03-14 12:53:00","1","25.9300","161.95","25634416"
"2007-03-12 12:58:29","LONG","60","HOV","HOVNANIAN ENTERPRISES","27.9500","60","2007-03-14 15:39:45","26.7500","-1.15","-7.20","2007-03-13 14:27:00","1","25.1400","-72.05","25598244"
"2007-03-12 15:42:46","LONG","30","BWS","BROWN SHOE COMPANY","47.7600","30","2007-03-14 15:39:30","45.6700","-1.02","-6.27","2007-03-14 13:00:00","0","44.9000","-63.05","25600839"
"2007-03-13 12:28:00","LONG","40","KBH","KB HOME","43.2000","40","2007-03-14 14:46:50","45.4800","-0.04","-0.24","2007-03-13 12:33:00","0","42.6000","90.95","25614531"
"2007-03-09 15:44:15","LONG","35","CHRW","CH ROBINSON WORLDWIDE","48.3100","35","2007-03-13 15:35:35","46.6900","-0.90","-5.67","2007-03-13 13:41:00","0","46.5100","-57.05","25575057"
"2007-03-07 13:20:48","LONG","60","GDP","GOODRICH PETROLEUM CORP","30.9300","60","2007-03-08 14:17:29","31.3300","-0.12","-0.80","2007-03-07 15:59:00","1","29.5900","23.95","25537793"
"2007-03-05 12:49:15","LONG","40","OMG","OM GROUP INC","44.0800","40","2007-03-07 15:48:25","40.5700","-2.15","-14.04","2007-03-07 15:48:00","0","40.5300","-140.05","25499938"
"2007-03-02 13:05:43","LONG","70","MDR","MCDERMOTT INTERNATIONAL","23.1050","70","2007-03-07 10:36:57","23.1800","-0.09","-0.58","2007-03-05 09:35:00","0","44.5400","4.95","25472154"
"2007-03-05 14:54:40","LONG","50","NHP","NATIONAL HEALTHCARE PROPERTIES INC. CLASS A","30.1200","50","2007-03-06 09:52:06","30.2400","-0.02","-0.16","2007-03-05 15:59:00","0","29.8000","5.95","25502085"
"2007-03-05 15:24:35","LONG","30","CIT","CIT GROUP","53.1500","30","2007-03-06 09:40:36","53.5900","-0.04","-0.25","2007-03-05 16:00:00","0","52.3300","12.95","25502613"
"2007-03-05 15:19:00","LONG","35","BAP","CREDICORP","43.8800","35","2007-03-06 09:38:59","45.0800","0.00","0.00","2007-03-05 15:22:00","0","43.8900","41.95","25502535"
"2007-03-02 14:33:49","LONG","30","RDN","RADIAN GROUP","54.9400","30","2007-03-05 15:13:00","54.2000","-0.34","-2.22","2007-03-05 09:37:00","0","53.7800","-22.05","25473476"
"2007-03-02 14:36:00","LONG","50","FLML","FLAMEL TECHNOLOGIES","28.8500","50","2007-03-05 14:55:04","28.8800","-0.03","-0.23","2007-03-05 10:08:00","0","28.3800","1.95","25473499"
"2007-03-01 11:02:54","LONG","50","SIRF","","27.7800","50","2007-03-02 09:56:54","27.8400","-0.02","-0.15","2007-03-01 12:21:00","0","27.4900","2.95","25451484"
"2007-03-01 15:48:00","LONG","50","FLML","FLAMEL TECHNOLOGIES","29.7900","50","2007-03-02 09:40:22","29.9200","-0.03","-0.20","2007-03-01 15:55:00","0","29.4000","6.95","25458271"
"2007-02-28 15:48:35","LONG","120","CRM","SALESFORCE INC","10.8180","120","2007-03-01 14:25:59","11.0470","-0.06","-0.37","2007-03-01 09:31:00","0","42.0500","26.95","25435383"
"2007-02-28 15:37:55","LONG","30","MDC","M.D.C. HOLDINGS","51.0800","30","2007-03-01 12:16:53","51.0800","-0.11","-0.75","2007-03-01 09:34:00","0","48.5800","-0.05","25435194"
"2007-02-27 14:23:40","LONG","30","RDN","RADIAN GROUP","57.5900","30","2007-02-28 11:04:45","57.8600","-0.04","-0.24","2007-02-27 15:03:00","0","56.7800","7.95","25405466"
"2007-02-26 10:45:55","LONG","50","PDCO","PATTERSON COMPANIES","33.3500","50","2007-02-28 10:57:01","33.5800","-0.06","-0.38","2007-02-27 14:56:00","0","32.5900","11.95","25378153"
"2007-02-27 15:55:59","LONG","20","MER","","83.4300","20","2007-02-28 10:56:26","83.8600","-0.02","-0.11","2007-02-28 09:53:00","0","82.9000","8.95","25410278"
"2007-02-26 13:25:11","LONG","50","AHM","","27.4900","50","2007-02-27 15:50:16","27.2000","-0.22","-1.45","2007-02-27 09:56:00","0","26.1400","-15.05","25381321"
"2007-02-23 15:08:00","LONG","30","MDC","M.D.C. HOLDINGS","52.7400","30","2007-02-27 15:49:18","51.7500","-0.45","-2.97","2007-02-27 15:00:00","0","51.0600","-30.05","25357030"
"2007-02-26 13:02:00","LONG","30","FED","","56.8000","30","2007-02-27 10:51:16","57.5700","-0.10","-0.68","2007-02-27 09:34:00","0","54.5300","22.95","25380990"
"2007-02-22 15:47:14","LONG","20","MCO","MOODY'S","68.9200","20","2007-02-26 15:47:37","65.6400","-1.00","-6.56","2007-02-26 12:55:00","0","63.5100","-66.05","25341663"
"2007-02-21 15:49:55","LONG","3.500000000","FMD","THE FIRST MARBLEHEAD","461.5000","3.500000000","2007-02-23 10:02:03","461.6000","-0.04","-0.26","2007-02-22 15:50:00","0","45.4100","-0.07","25321142"
"2007-02-21 15:17:20","LONG","30","BPT","BP PRUDHOE BAY","55.3300","30","2007-02-22 10:17:54","57.1000","-0.00","-0.01","2007-02-21 15:24:00","0","55.3000","52.95","25320708"
"2007-02-16 14:58:34","LONG","28","AMGN","AMGEN","66.4100","28","2007-02-20 12:12:34","66.6400","-0.00","-0.02","2007-02-16 15:00:00","0","66.3500","5.95","25242804"
"2007-02-13 15:21:12","LONG","60","CTRP","CTRIP.COM INTERNATIONAL","28.8800","60","2007-02-14 09:49:25","29.9400","-0.00","-0.01","2007-02-13 15:22:00","0","57.7300","63.95","25169220"
"2007-02-09 13:14:12","LONG","30","PMTI","Palomar Medical Technologies Inc.","47.4000","30","2007-02-13 15:23:25","43.8400","-1.65","-10.68","2007-02-13 11:03:00","0","43.7100","-107.05","25087715"
"2007-02-12 14:55:00","LONG","25","BPT","BP PRUDHOE BAY","62.5700","25","2007-02-13 15:04:48","63.1800","-0.04","-0.25","2007-02-13 09:32:00","0","61.5900","14.95","25142458"
"2007-02-09 14:48:31","LONG","40","AHM","","30.7300","40","2007-02-13 11:50:05","31.6700","-0.04","-0.23","2007-02-12 14:55:00","0","30.1500","37.95","25090476"
"2007-02-12 15:30:59","LONG","40","ENER","ACCRETION ACQUISITION CORP.","27.8200","40","2007-02-13 09:48:32","28.4800","-0.00","-0.01","2007-02-12 15:31:00","0","27.8000","25.95","25143300"
"2007-02-08 12:25:56","LONG","30","CMCSA","COMCAST","41.4700","30","2007-02-12 15:41:21","39.9800","-0.69","-4.47","2007-02-12 14:07:00","0","39.6800","-45.05","25060156"
"2007-02-08 13:37:00","LONG","60","UTHR","UNITED THERAPEUTICS","24.7500","60","2007-02-12 15:30:21","24.0050","-0.68","-4.47","2007-02-09 14:44:00","0","47.6700","-45.05","25061810"
"2007-02-09 11:31:00","LONG","60","RMD","RESMED","24.0850","60","2007-02-12 10:25:38","24.2750","-0.01","-0.08","2007-02-09 13:38:00","0","47.9200","10.95","25083862"
"2007-02-05 15:24:47","LONG","40","AVID","AVID TECHNOLOGY INC","33.1900","40","2007-02-07 15:51:52","33.0300","-0.10","-0.64","2007-02-07 10:25:00","0","32.5900","-6.05","24985864"
"2007-02-05 15:22:26","LONG","120","NFI","","19.2400","120","2007-02-07 13:41:03","20.5400","-0.08","-0.53","2007-02-06 13:27:00","1","18.1600","155.93","24985784"
"2007-01-31 14:34:56","LONG","40","ISE","","41.9000","40","2007-02-01 13:12:19","42.3200","-0.14","-0.90","2007-02-01 11:09:00","0","39.6500","16.95","24883998"
"2007-01-29 15:10:00","LONG","74.630000000","NVDA","NVIDIA","20.1540","74.630000000","2007-01-30 11:24:37","20.6030","-0.01","-0.06","2007-01-29 15:49:00","0","29.9500","33.95","24830366"
"2007-01-29 15:18:55","LONG","40","IGT","INTERNATIONAL GAME TECH","44.0600","40","2007-01-30 10:44:41","44.7000","-0.00","-0.02","2007-01-29 15:52:00","0","44.0000","25.95","24830596"
"2007-01-29 15:56:00","LONG","30","PJC","PIPER JAFFRAY COS","66.4000","30","2007-01-30 10:14:19","68.0800","0.00","0.00","2007-01-29 15:57:00","0","66.4000","49.95","24831543"
"2007-01-25 14:28:00","LONG","80","VFC","VF","18.6900","80","2007-01-29 15:36:04","18.5320","-0.20","-1.26","2007-01-26 11:28:00","0","73.5900","-13.05","24751356"
"2007-01-25 14:11:00","LONG","30","PLCE","CHILDRENS PLACE INC.","53.2100","30","2007-01-29 15:07:45","53.3800","-0.05","-0.32","2007-01-26 15:23:00","0","52.1600","4.95","24751063"
"2007-01-26 14:38:53","LONG","40","CAL","CALERES INC","40.6800","40","2007-01-29 10:10:51","42.1800","-0.01","-0.08","2007-01-26 14:52:00","0","40.4800","59.95","24777365"
"2007-01-23 15:28:56","LONG","30","LCC","US AIRWAYS GROUP","53.3100","30","2007-01-24 11:12:18","54.1000","-0.06","-0.38","2007-01-24 10:00:00","0","52.0500","23.95","24701703"
"2007-01-22 15:47:00","LONG","60","SIRF","","23.5200","60","2007-01-23 11:53:15","24.2200","-0.01","-0.04","2007-01-22 16:00:00","1","23.4500","41.95","24674984"
"2007-01-18 14:38:00","LONG","40","CSH","MORGAN CREEK - EXOS ACTIVE SPAC ARB","42.3000","40","2007-01-22 15:17:57","41.3600","-0.61","-3.76","2007-01-19 12:45:00","0","40.2300","-38.05","24596423"
"2007-01-18 15:06:00","LONG","60","HERO","GLOBAL X VIDEO GAMES & ESPORTS ETF","25.4500","60","2007-01-19 15:07:18","25.9000","-0.03","-0.20","2007-01-19 13:45:00","1","25.1200","26.95","24597096"
"2007-01-18 15:31:52","LONG","25","NTRI","NUTRISYSTEM","61.6200","25","2007-01-19 12:16:37","62.4100","-0.01","-0.04","2007-01-18 16:00:00","0","61.4700","19.95","24597687"
"2007-01-17 14:57:20","LONG","30","ERTS","","49.5500","30","2007-01-18 10:01:24","50.7300","-0.02","-0.12","2007-01-17 15:15:00","0","49.1500","34.95","24569951"
"2007-01-12 11:51:00","LONG","30","CRDN","Ceradyne Inc.","53.2100","30","2007-01-16 15:49:51","53.4800","-0.02","-0.11","2007-01-12 12:00:00","0","52.8500","7.95","24465818"
"2007-01-12 10:53:00","LONG","0.100000000","PWEI","PACWEST EQUITIES INC","29660.0000","0.100000000","2007-01-16 09:51:37","33000.0000","-0.02","-0.14","2007-01-12 11:00:00","0","29.3827","334.00","24464066"
"2007-01-11 15:29:42","LONG","25","COP","CONOCOPHILLIPS","62.0500","25","2007-01-12 09:48:04","63.2400","-0.02","-0.11","2007-01-11 16:00:00","0","61.5900","29.95","24444102"
"2007-01-10 14:52:27","LONG","70","PII","POLARIS INC","22.1200","70","2007-01-11 15:28:06","22.0300","-0.11","-0.63","2007-01-11 10:45:00","0","43.5000","-6.05","24414628"
"2007-01-10 15:53:21","LONG","40","WHQ","","41.5400","40","2007-01-11 10:50:15","42.2100","-0.01","-0.04","2007-01-10 16:00:00","0","41.4500","26.95","24415973"
"2007-01-10 14:27:30","LONG","20","ISRG","INTUITIVE SURGICAL","87.4600","20","2007-01-11 10:07:47","88.6000","-0.04","-0.25","2007-01-11 09:45:00","0","86.2000","22.95","24414173"
"2007-01-08 15:21:18","LONG","428.600000000","NFLX","NETFLIX","3.3360","428.600000000","2007-01-10 10:09:10","3.3530","-0.03","-0.19","2007-01-09 10:00:00","1","23.5200","6.95","24359197"
"2007-01-08 15:13:00","LONG","50","VRTX","VERTEX","34.2500","50","2007-01-09 10:52:54","34.7000","-0.07","-0.42","2007-01-08 16:00:00","0","33.4100","22.95","24358948"
"2007-01-05 12:07:57","LONG","59.700000000","ANDE","ANDERSONS","25.4870","59.700000000","2007-01-08 11:56:06","26.1700","-0.03","-0.18","2007-01-05 13:00:00","0","37.6000","40.95","24300779"
"2007-01-04 14:49:31","LONG","25","BHI","BAKER HUGHES","67.7500","25","2007-01-08 10:07:33","68.8300","-0.01","-0.07","2007-01-05 11:45:00","0","67.4600","26.95","24277265"
"2007-01-03 14:20:00","LONG","50","CRZO","CARRIZO OIL & GAS","27.1700","50","2007-01-05 15:04:19","26.1900","-0.84","-4.90","2007-01-05 11:45:00","0","25.8200","-49.05","24247019"
"2007-01-03 14:32:03","LONG","30","AXE","ANIXTER INTERNATIONAL INC.","50.0100","30","2007-01-04 10:14:50","51.0900","-0.04","-0.22","2007-01-03 15:00:00","0","49.2800","31.95","24247284"
"2006-12-26 11:08:27","LONG","70","DIVX","DivX, Inc.","23.4500","70","2006-12-27 11:38:59","24.2300","-0.06","-0.32","2006-12-26 12:00:00","1","23.0000","54.95","24082862"
"2006-12-21 14:16:47","LONG","60","FCX","FREEPORT-MCMORAN INC","27.4750","60","2006-12-26 15:48:49","27.2200","-0.27","-1.53","2006-12-22 10:15:00","0","53.4000","-15.05","24006249"
"2006-12-22 13:40:00","LONG","80","CTSH","COGNIZANT TECH SOLUTION","18.8920","80","2006-12-26 15:35:01","18.9880","-0.01","-0.03","2006-12-22 13:45:00","0","75.4100","7.95","24028191"
"2006-12-22 11:56:53","LONG","30","AXE","ANIXTER INTERNATIONAL INC.","52.0600","30","2006-12-26 10:22:59","52.8800","-0.04","-0.24","2006-12-22 14:12:00","0","51.2700","24.95","24026278"
"2006-12-21 15:20:00","LONG","25","CETV","CENTRAL EUROPEAN MEDIA","67.0500","25","2006-12-22 09:43:16","68.8000","-0.01","-0.03","2006-12-21 15:30:00","0","66.9300","43.95","24007790"
"2006-12-18 15:06:05","LONG","60","WIRE","ENCORE WIRE","22.0800","60","2006-12-21 12:39:25","21.8900","-0.20","-1.14","2006-12-19 10:15:00","1","21.5500","-11.05","23931239"
"2006-12-19 14:54:54","LONG","28","PLD","PROLOGIS","59.7000","28","2006-12-20 11:13:50","60.4800","-0.01","-0.06","2006-12-19 15:15:00","0","59.5000","21.95","23956138"
"2006-12-19 14:16:00","LONG","40","SUPX","SUPERX AI TECHNOLOGY LIMITED","38.5700","40","2006-12-20 10:20:03","39.2100","-0.00","-0.02","2006-12-19 14:30:00","0","38.5100","25.95","23955350"
"2006-12-15 12:32:40","LONG","60","SHFL","SHFL ENTERTAINMENT","27.4600","60","2006-12-19 15:24:09","27.0800","-0.40","-2.28","2006-12-18 12:15:00","1","26.2200","-23.05","23878128"
"2006-12-13 15:31:23","LONG","22","GENZ","VANECK DIGITAL NATIVE ECONOMY ETF","60.1900","22","2006-12-14 09:52:37","61.3500","-0.00","-0.02","2006-12-13 16:00:00","0","60.1000","25.95","23831106"
"2006-12-12 12:24:43","LONG","50","DPTR","Delta Petroleum Corp.","25.8500","50","2006-12-13 11:21:46","26.3700","-0.07","-0.39","2006-12-13 10:00:00","0","25.0700","25.95","23804533"
"2006-12-12 15:21:21","LONG","18","GLYT","","77.8900","18","2006-12-13 10:03:05","78.9900","-0.01","-0.06","2006-12-12 16:00:00","0","77.5501","19.95","23807909"
"2006-12-07 15:08:00","LONG","30","SBR","SABINE ROYALTY","46.3800","30","2006-12-11 15:02:28","45.1500","-0.66","-3.69","2006-12-11 09:45:00","0","42.6500","-37.05","23707813"
"2006-12-08 15:22:00","LONG","30","NDE","","44.1000","30","2006-12-11 10:45:25","44.4400","-0.01","-0.04","2006-12-08 16:00:00","0","43.9700","9.95","23732461"
"2006-12-06 15:17:41","LONG","40","AVCT","AMERICAN VIRTUAL CLOUD TECHNOLOGIES INC","33.5200","40","2006-12-08 15:08:59","33.1100","-0.29","-1.64","2006-12-07 16:00:00","0","32.1100","-16.05","23692450"
"2006-12-07 11:28:37","LONG","40","AMLN","Amylin Pharmaceuticals, Inc.","37.4100","40","2006-12-08 10:36:34","38.4600","-0.02","-0.11","2006-12-07 12:00:00","0","37.1300","41.95","23704464"
"2006-12-06 15:17:09","LONG","25","ERTS","","54.1500","25","2006-12-07 15:02:55","54.0100","-0.06","-0.35","2006-12-07 10:45:00","0","53.5700","-4.05","23692442"
"2006-11-30 15:05:37","LONG","30","MWRK","METAWORKS PLATFORMS INC","41.5500","30","2006-12-05 15:49:55","41.4200","-0.08","-0.43","2006-12-01 10:15:00","0","40.1213","-4.05","23629287"
"2006-12-01 15:30:47","LONG","50","GENZ","VANECK DIGITAL NATIVE ECONOMY ETF","62.9800","50","2006-12-04 15:31:21","63.4700","-0.00","-0.01","2006-12-01 15:45:00","0","62.2700","24.93","23644040"
"2006-12-01 14:47:39","LONG","35","AMLN","Amylin Pharmaceuticals, Inc.","38.7800","35","2006-12-04 10:41:06","39.8000","-0.00","-0.02","2006-12-01 15:30:00","0","38.7300","35.95","23643642"
"2006-11-29 15:41:36","LONG","29.700000000","OSG","OCTAVE SPECIALTY GROUP INC","52.5980","29.700000000","2006-12-01 15:27:14","52.2800","-0.17","-0.94","2006-12-01 14:00:00","0","56.9500","-9.05","23613149"
"2006-11-27 15:35:17","LONG","12.500000000","CWTR","COLDWATER CREEK","106.0400","12.500000000","2006-11-29 15:34:21","102.7600","-0.73","-4.10","2006-11-28 13:15:00","0","24.5100","-41.05","23578933"
"2006-11-27 15:37:44","LONG","24","MTG","MGIC INVESTMENT","56.4200","24","2006-11-28 15:16:10","57.6100","-0.01","-0.05","2006-11-28 09:45:00","0","56.2200","28.95","23578968"
"2006-11-22 12:15:53","LONG","32","AMLN","Amylin Pharmaceuticals, Inc.","40.9300","32","2006-11-27 15:33:21","41.1200","-0.04","-0.22","2006-11-27 12:15:00","0","40.2500","5.95","23527740"
"2006-11-17 15:40:46","LONG","40","ANN","ANN","36.7800","40","2006-11-21 15:41:21","35.2700","-1.08","-6.04","2006-11-21 15:00:00","0","35.2500","-60.05","23456054"
"2006-11-20 15:11:43","LONG","30","PTRY","PANTRY","45.6100","30","2006-11-21 11:18:26","47.0800","-0.00","-0.02","2006-11-20 15:15:00","0","45.5300","43.95","23493895"
"2006-11-16 15:26:39","LONG","50","NTLI","","23.6300","50","2006-11-17 11:33:46","23.9800","-0.02","-0.11","2006-11-16 15:30:00","0","23.4000","17.95","23438902"
"2006-11-10 15:01:47","LONG","50","HLEX","","20.5900","50","2006-11-14 10:58:01","20.7500","-0.04","-0.22","2006-11-13 11:00:00","0","20.1400","7.95","23359322"
"2006-11-09 13:42:00","LONG","25","HUM","HUMANA","52.6100","25","2006-11-13 12:34:51","53.0400","-0.04","-0.22","2006-11-10 11:15:00","0","51.7300","10.95","23340861"
"2006-11-10 15:12:06","LONG","120","HOLX","HOLOGIC","11.0600","120","2006-11-13 12:33:32","11.0980","-0.12","-0.69","2006-11-13 10:30:00","0","41.9400","4.95","23359462"
"2006-11-08 14:44:00","LONG","50","DVA","DAVITA INC","26.4200","50","2006-11-10 15:55:04","26.2750","-0.13","-0.73","2006-11-10 15:45:00","0","52.2700","-7.05","23323773"
"2006-11-09 15:16:48","LONG","25","WGII","","54.0800","25","2006-11-10 14:18:23","56.2800","-0.01","-0.05","2006-11-09 15:30:00","0","53.8800","54.95","23342659"
"2006-11-09 15:30:51","LONG","50","AQNT","","21.0200","50","2006-11-10 09:53:56","21.5000","-0.01","-0.07","2006-11-09 15:45:00","0","20.8800","23.95","23342874"
"2006-11-07 14:57:00","LONG","30","UIC","","42.6700","30","2006-11-09 15:22:19","41.5100","-0.63","-3.48","2006-11-08 09:45:00","0","41.1800","-35.05","23305332"
"2006-11-07 14:52:28","LONG","40","ADM","ARCHER-DANIELS MIDLAND","33.5500","40","2006-11-08 10:15:57","34.4000","-0.01","-0.07","2006-11-07 15:45:00","0","33.3700","33.95","23305226"
"2006-11-03 13:44:54","LONG","18","CPT","CAMDEN PROPERTY TRUST","75.6900","18","2006-11-06 15:26:42","76.1000","-0.01","-0.05","2006-11-03 13:45:00","0","75.4000","6.95","23258100"
"2006-11-03 11:59:27","LONG","30","CVH","Coventry Health Care Inc.","46.0200","30","2006-11-06 15:26:01","46.2400","-0.00","-0.01","2006-11-03 12:00:00","0","45.9900","6.95","23256553"
"2006-11-01 15:37:00","LONG","45","HITT","HITTITE MICROWAVE CORP","32.9900","45","2006-11-06 15:15:27","33.0600","-0.08","-0.45","2006-11-03 12:15:00","0","31.9900","2.95","23226438"
"2006-11-02 14:40:00","LONG","35","NGPS","","36.6600","35","2006-11-06 10:07:12","37.2800","-0.04","-0.22","2006-11-03 12:30:00","0","36.0400","21.95","23242554"
"2006-11-02 14:18:16","LONG","30","VARI","","44.0000","30","2006-11-03 10:09:25","45.2800","-0.02","-0.08","2006-11-02 15:00:00","0","43.7500","37.95","23242162"
"2006-11-02 13:28:00","LONG","30","ERF","ENERPLUS","41.6500","30","2006-11-03 09:44:57","43.3000","-0.06","-0.30","2006-11-02 13:30:00","0","40.6600","49.95","23241387"
"2006-11-01 15:35:48","LONG","45","KSU","KANSAS CITY SOUTHERN","26.5800","45","2006-11-02 12:18:50","27.2600","-0.01","-0.06","2006-11-01 16:00:00","0","26.4500","30.95","23226411"
"2006-11-01 15:33:00","LONG","40","AGP","AMERIGROUP Corporation","28.0600","40","2006-11-02 09:59:22","28.9800","-0.00","-0.02","2006-11-01 15:45:00","0","28.0100","36.95","23226338"
"2006-10-30 15:37:00","LONG","40","WIRE","ENCORE WIRE","27.9500","40","2006-11-01 15:36:26","26.2100","-1.32","-6.96","2006-11-01 15:15:00","0","26.2100","-70.05","23193244"
"2006-10-31 15:27:00","LONG","60","IDXX","IDEXX LABORATORIES","20.7750","60","2006-11-01 15:15:46","20.9400","-0.00","-0.02","2006-10-31 15:30:00","0","82.9800","9.95","23210060"
"2006-10-31 15:03:00","LONG","50","HLEX","","22.9500","50","2006-11-01 09:56:19","24.0200","-0.01","-0.06","2006-10-31 15:15:00","0","22.8200","53.95","23209723"
"2006-10-27 15:35:40","LONG","35","HITT","HITTITE MICROWAVE CORP","36.2000","35","2006-10-31 15:54:52","34.2400","-1.29","-6.86","2006-10-31 10:45:00","0","33.2500","-69.05","23161081"
"2006-10-25 13:43:17","LONG","40","ESRX","EXPRESS SCRIPTS","33.4700","40","2006-10-27 15:37:58","32.5000","-0.73","-3.88","2006-10-27 09:45:00","0","64.4900","-39.05","23126913"
"2006-10-26 15:08:16","LONG","74.600000000","SAIA","SAIA","17.3330","74.600000000","2006-10-27 11:20:11","17.9230","-0.01","-0.06","2006-10-27 09:45:00","0","25.7500","43.95","23145310"
"2006-10-24 15:54:59","LONG","50","CIEN","CIENA CORPORTION","23.4500","50","2006-10-25 15:41:47","23.3000","-0.14","-0.75","2006-10-25 10:15:00","0","23.0802","-8.05","23117378"
"2006-10-24 12:56:00","LONG","25","PTRY","PANTRY","53.6000","25","2006-10-25 09:41:32","54.8900","-0.00","-0.02","2006-10-24 13:00:00","0","53.5000","31.95","23115495"
"2006-10-24 11:25:47","LONG","89.100000000","ODFL","OLD DOMINION FREIGHT LNS","12.8920","89.100000000","2006-10-25 09:40:02","13.4720","-0.01","-0.04","2006-10-24 11:30:00","0","28.6200","51.95","23114315"
"2006-10-20 15:20:52","LONG","40","SAFM","SANDERSON FARMS","28.3000","40","2006-10-24 15:52:38","26.9400","-1.02","-5.44","2006-10-24 15:45:00","0","26.7600","-54.05","23086420"
"2006-10-20 15:21:51","LONG","30","UIC","","45.8500","30","2006-10-24 15:04:37","45.5000","-0.20","-1.05","2006-10-23 16:00:00","0","45.3000","-11.05","23086440"
"2006-10-20 15:22:21","LONG","100","NETL","COLTERPOINT NETLEASE  REAL ESTATE ETF","11.5250","100","2006-10-23 12:59:39","12.0250","-0.04","-0.19","2006-10-23 09:45:00","0","22.6800","49.95","23086449"
"2006-10-19 15:29:40","LONG","20","NTRS","NORTHERN TRUST","57.1500","20","2006-10-23 10:17:17","57.5700","-0.02","-0.13","2006-10-20 14:00:00","0","56.4900","7.95","23075240"
"2006-10-17 15:07:45","LONG","25","UIC","","49.5200","25","2006-10-19 15:23:51","46.9900","-1.20","-6.33","2006-10-19 13:00:00","0","46.5200","-63.05","23051900"
"2006-10-18 15:22:00","LONG","30","CHRW","CH ROBINSON WORLDWIDE","40.5600","30","2006-10-19 10:09:55","41.5200","-0.04","-0.20","2006-10-19 09:45:00","0","39.8800","28.95","23063278"
"2006-10-11 15:26:00","LONG","30","NGPS","","41.0400","30","2006-10-12 11:50:17","40.9700","-0.04","-0.22","2006-10-12 11:30:00","0","40.3000","-2.05","22982060"
"2006-10-10 14:34:54","LONG","45","IPSU","Imperial Sugar Co.","24.4900","45","2006-10-12 11:48:58","25.0400","-0.11","-0.60","2006-10-11 12:00:00","0","23.1600","24.95","22969510"
"2006-10-09 15:22:54","LONG","40","ESRX","EXPRESS SCRIPTS","34.4100","40","2006-10-11 10:09:14","35.0300","-0.03","-0.15","2006-10-10 14:00:00","0","68.0900","24.95","22958161"
"2006-10-06 15:34:00","LONG","40","CVS","CVS HEALTH CORP","29.2400","40","2006-10-09 15:18:21","29.5600","-0.03","-0.18","2006-10-09 10:00:00","0","28.8000","12.95","22941583"
"2006-10-04 10:49:53","LONG","40","BOOM","DMC GLOBAL INC. COMMON STOCK","28.8700","40","2006-10-05 09:48:47","30.0800","-0.02","-0.11","2006-10-04 11:30:00","0","28.5900","47.95","22909941"
"2006-10-02 15:32:33","LONG","35","WIRE","ENCORE WIRE","33.9000","35","2006-10-04 14:44:30","33.4500","-0.31","-1.58","2006-10-04 09:45:00","0","31.6600","-16.05","22881746"
"2006-10-03 14:45:59","LONG","50","GROW","US GLOBAL INVESTORS","23.1500","50","2006-10-04 10:31:34","23.5800","-0.05","-0.28","2006-10-04 09:45:00","0","22.5900","21.95","22898743"
"2006-10-03 11:16:16","LONG","30","GPRO","GOPRO INC. CLASS A COMMON STO","44.7500","30","2006-10-04 09:45:24","46.5300","-0.03","-0.13","2006-10-03 13:45:00","0","44.3200","52.95","22892043"
"2006-10-02 15:03:51","LONG","35","ARXT","","35.2000","35","2006-10-03 10:30:50","35.8100","-0.00","-0.02","2006-10-03 09:45:00","0","35.1300","20.95","22881464"
"2006-09-28 15:36:00","LONG","30","CRDN","Ceradyne Inc.","41.8000","30","2006-10-02 15:49:11","40.2500","-0.90","-4.65","2006-10-02 09:45:00","0","40.0401","-47.05","22807454"
"2006-09-29 15:21:33","LONG","45","GROW","US GLOBAL INVESTORS","24.7400","45","2006-10-02 15:02:19","24.8300","-0.10","-0.52","2006-10-02 09:45:00","0","23.5900","3.95","22858976"
"2006-09-27 14:38:00","LONG","22","ALOG","ANALOGIC","51.0400","22","2006-09-28 15:29:47","51.3800","-0.02","-0.10","2006-09-28 11:30:00","0","50.5800","6.95","22790251"
"2006-09-27 14:41:00","LONG","32","AVID","AVID TECHNOLOGY INC","36.0500","32","2006-09-28 15:05:59","36.3600","-0.02","-0.08","2006-09-28 10:00:00","0","35.8100","9.95","22790317"
"2006-09-22 14:49:00","LONG","20","MIL","MFC INDUSTRIAL","60.6600","20","2006-09-26 15:57:06","60.4500","-0.08","-0.42","2006-09-25 10:45:00","0","59.5800","-4.05","22726365"
"2006-09-25 14:33:00","LONG","50","MSCC","MICROSEMI","19.2000","50","2006-09-26 15:04:18","19.5500","-0.00","-0.02","2006-09-25 14:45:00","0","19.1500","17.95","22759199"
"2006-09-25 15:19:00","LONG","0","PWEI","PACWEST EQUITIES INC","0.0000","0","2006-09-26 15:04:01","0.0000","-0.17","-0.89","2006-09-26 09:45:00","0","27.7500","0.00","22759834"
"2006-09-25 15:57:00","LONG","30","ESRX","EXPRESS SCRIPTS","38.4100","30","2006-09-26 10:18:09","38.9700","-0.01","-0.04","2006-09-26 09:45:00","0","76.5400","16.95","22760282"
"2006-09-21 15:40:00","LONG","50","SMBI","","19.0500","50","2006-09-25 15:55:17","18.2500","-0.78","-4.00","2006-09-25 15:30:00","0","18.1600","-40.05","22712106"
"2006-09-21 15:57:00","LONG","40","RATE","GLOBAL X INTEREST RATE HEDGE ETF","27.0000","40","2006-09-25 15:14:42","26.9800","-0.03","-0.18","2006-09-25 11:15:00","0","26.5600","-1.05","22712216"
"2006-09-22 10:15:00","LONG","18","UBB","","68.6700","18","2006-09-25 14:31:56","70.3000","-0.02","-0.11","2006-09-25 11:00:00","0","68.0400","28.95","22723026"
"2006-09-21 15:14:00","LONG","18","CAH","CARDINAL HEALTH","67.0000","18","2006-09-22 15:33:05","66.9300","-0.03","-0.13","2006-09-22 15:00:00","0","66.7300","-1.05","22711890"
"2006-09-21 10:23:00","LONG","100","NETL","COLTERPOINT NETLEASE  REAL ESTATE ETF","11.9750","100","2006-09-22 09:53:07","12.7100","-0.03","-0.13","2006-09-21 10:30:00","0","23.6900","73.95","22706548"
"2006-09-19 15:53:00","LONG","18","WYNN","WYNN RESORTS","68.6000","18","2006-09-20 11:58:27","69.3100","-0.01","-0.03","2006-09-19 16:00:00","0","68.4500","12.95","22684490"
"2006-09-19 15:12:00","LONG","50","RSYS","RADISYS","22.0900","50","2006-09-20 11:46:33","22.3700","-0.01","-0.03","2006-09-19 15:15:00","0","22.0200","13.95","22684127"
"2006-09-18 15:54:00","LONG","22","ALV","AUTOLIV","53.8200","22","2006-09-19 15:16:45","53.7400","-0.04","-0.18","2006-09-19 12:45:00","0","53.3000","-2.05","22670102"
"2006-09-14 15:15:00","LONG","25","VLO","VALERO ENERGY","50.3800","25","2006-09-18 13:59:38","51.5700","-0.04","-0.18","2006-09-15 09:45:00","0","49.6500","29.95","22634185"
"2006-09-15 12:16:00","LONG","40","FLR","FLUOR","38.2000","40","2006-09-18 10:02:30","38.9700","0.00","0.00","2006-09-15 12:45:00","0","76.3800","30.95","22645718"
"2006-09-12 15:19:00","LONG","40","SU","SUNCOR ENERGY","33.6550","40","2006-09-13 12:04:06","34.6500","-0.01","-0.06","2006-09-12 15:45:00","0","67.0100","39.95","22606676"
"2006-09-11 15:03:00","LONG","50","BUCY","Bucyrus International Inc.","21.3200","50","2006-09-13 09:59:49","22.0600","-0.07","-0.37","2006-09-11 16:00:00","0","41.1600","36.95","22588973"
"2006-09-12 10:30:00","LONG","40","LDSH","Ladish Co. Inc.","27.4500","40","2006-09-13 09:58:55","28.2000","-0.03","-0.16","2006-09-12 13:30:00","0","27.0500","29.95","22601835"
"2006-09-08 15:16:00","LONG","20","BHI","BAKER HUGHES","67.4000","20","2006-09-12 15:54:13","63.0600","-1.78","-8.68","2006-09-12 14:15:00","0","62.1900","-87.05","22563012"
"2006-09-11 15:37:00","LONG","25","ECL","ECOLAB","40.8100","25","2006-09-12 10:11:13","41.3000","-0.00","-0.01","2006-09-11 15:45:00","0","40.7700","11.95","22589736"
"2006-09-07 15:20:00","LONG","40","NRPH","","22.5400","40","2006-09-11 15:36:15","22.2600","-0.23","-1.12","2006-09-08 13:50:00","0","21.3200","-11.05","22546329"
"2006-09-07 15:32:00","LONG","32","CLHB","","37.8300","32","2006-09-08 14:38:07","38.6200","-0.01","-0.07","2006-09-07 16:00:00","0","37.6200","24.95","22546539"
"2006-09-07 15:16:00","LONG","25","ECL","ECOLAB","41.7300","25","2006-09-08 10:55:28","42.3300","-0.00","-0.02","2006-09-07 15:30:00","0","41.6500","14.95","22546257"
"2006-09-06 15:03:00","LONG","1.700000000","NURO","NEUROMETRIX INC. COMMON STOCK","528.7200","1.700000000","2006-09-08 10:46:33","538.8000","-0.12","-0.58","2006-09-07 15:15:00","0","20.5700","16.97","22529014"
"2006-09-05 14:44:00","LONG","20","VLO","VALERO ENERGY","55.7800","20","2006-09-07 15:16:53","53.6200","-0.88","-4.32","2006-09-07 10:45:00","0","51.9900","-43.05","22514941"
"2006-09-06 15:37:00","LONG","45","ZUMZ","ZUMIEZ","20.7900","45","2006-09-07 15:08:09","20.9800","-0.02","-0.12","2006-09-07 09:45:00","0","20.5200","8.95","22529258"
"2006-09-01 15:23:00","LONG","45","VCI","VALASSIS COMMUNICATIONS","18.4900","45","2006-09-06 15:02:48","18.4400","-0.05","-0.23","2006-09-06 13:15:00","0","18.2500","-2.05","22484018"
"2006-08-30 15:34:00","LONG","25","GES","GUESS","43.1400","25","2006-09-01 14:46:19","41.9800","-0.58","-2.90","2006-08-31 13:30:00","0","39.5500","-29.05","22454523"
"2006-08-29 14:37:00","LONG","42","BKUNA","","24.6100","42","2006-08-30 12:08:51","25.2100","-0.00","-0.02","2006-08-29 14:45:00","0","24.5600","24.95","22440070"
"2006-08-24 12:14:00","LONG","40","ZUMZ","ZUMIEZ","22.4500","40","2006-08-28 15:56:36","22.8500","-0.10","-0.49","2006-08-25 12:52:00","0","21.2300","15.95","22389785"
"2006-08-24 12:22:00","LONG","30","POOL","POOL","36.0100","30","2006-08-28 12:27:03","36.6900","-0.04","-0.20","2006-08-24 13:12:00","0","35.3500","19.95","22389953"
"2006-08-25 15:23:00","LONG","20","FED","","50.5300","20","2006-08-28 10:39:42","51.6700","-0.00","-0.01","2006-08-25 15:24:00","0","50.6000","22.95","22405511"
"2006-08-23 15:22:00","LONG","60","RMD","RESMED","19.7500","60","2006-08-25 15:36:49","19.8300","-0.02","-0.08","2006-08-25 11:45:00","0","39.2500","4.95","22378154"
"2006-08-23 15:20:00","LONG","40","TRW","TRW AUTOMOTIVE HOLDINGS","24.4700","40","2006-08-24 15:33:02","24.5800","-0.01","-0.05","2006-08-23 15:30:00","0","24.3500","3.95","22378143"
"2006-08-23 11:56:00","LONG","40","PFGC","PERFORMANCE FOOD GROUP COMPANY","24.3300","40","2006-08-24 14:55:34","24.6600","-0.08","-0.41","2006-08-24 11:30:00","0","23.3000","12.95","22376087"
"2006-08-17 15:08:00","LONG","23","HOC","Holly Corporation","47.6600","23","2006-08-21 10:13:23","48.2600","-0.06","-0.28","2006-08-18 10:22:00","0","46.4400","13.95","22314595"
"2006-08-16 14:41:00","LONG","66","ILMN","ILLUMINA","16.3950","66","2006-08-18 10:24:59","16.6200","-0.16","-0.78","2006-08-17 10:45:00","0","30.4300","14.95","22299649"
"2006-08-14 15:52:00","LONG","15","UHAL","AMERCO","67.4500","15","2006-08-15 10:42:30","69.8700","-0.02","-0.08","2006-08-14 16:00:00","0","66.9300","35.95","22275905"
"2006-08-14 15:46:00","LONG","88","GFIG","GFI GROUP","11.2500","88","2006-08-15 09:54:47","11.4530","-0.02","-0.10","2006-08-14 16:00:00","0","44.5400","17.95","22275865"
"2006-08-10 15:35:00","LONG","25","AMLN","Amylin Pharmaceuticals, Inc.","42.1800","25","2006-08-14 15:56:44","40.9800","-0.63","-3.00","2006-08-11 10:19:00","0","40.7600","-30.05","22245730"
"2006-08-11 14:01:00","LONG","33","LEND","SEI HIGH YIELD BOND & ALTERNATIVE CREDIT ETF","33.5000","33","2006-08-14 15:46:18","33.6000","-0.05","-0.24","2006-08-11 15:20:00","0","32.7600","2.95","22256868"
"2006-08-10 10:35:00","LONG","76","HLF","HERBALIFE","14.2100","76","2006-08-11 15:47:11","14.5200","-0.05","-0.26","2006-08-11 13:45:00","0","27.7300","23.95","22243016"
"2006-08-10 14:17:00","LONG","25","CAI","CARIS LIFE SCIENCES INC.","47.9900","25","2006-08-11 11:11:26","48.7000","-0.04","-0.18","2006-08-11 09:45:00","0","47.2600","17.95","22244610"
"2006-08-08 15:52:00","LONG","88","GFIG","GFI GROUP","12.0270","88","2006-08-10 15:58:23","11.6000","-0.79","-3.76","2006-08-10 09:45:00","0","45.7500","-38.05","22205204"
"2006-08-09 14:27:00","LONG","40","ZUMZ","ZUMIEZ","24.7800","40","2006-08-10 12:39:51","25.6000","-0.04","-0.19","2006-08-09 15:30:00","0","24.3000","32.95","22231652"
"2006-08-07 14:42:00","LONG","80","KNDL","Kendle International Inc.","23.1850","80","2006-08-09 15:58:11","22.4150","-1.30","-6.16","2006-08-09 15:15:00","0","21.6500","-62.10","22187891"
"2006-08-07 14:58:00","LONG","20","CAI","CARIS LIFE SCIENCES INC.","52.4300","20","2006-08-09 15:56:11","48.9200","-1.48","-7.02","2006-08-09 10:30:00","0","47.8600","-70.05","22187719"
"2006-08-08 15:58:00","LONG","22","NTRI","NUTRISYSTEM","45.6300","22","2006-08-09 14:25:09","50.7500","-0.01","-0.04","2006-08-09 09:45:00","0","45.4500","112.95","22205214"
"2006-08-04 12:16:00","LONG","66","HLF","HERBALIFE","15.0350","66","2006-08-08 15:46:26","14.8350","-0.27","-1.32","2006-08-07 10:00:00","0","29.2100","-13.05","22165646"
"2006-08-02 15:20:00","LONG","25","CSGP","COSTAR GROUP","40.9400","25","2006-08-04 15:49:19","40.9600","-0.01","-0.07","2006-08-04 13:30:00","0","40.6500","0.95","22138610"
"2006-08-03 13:39:00","LONG","20","COST","COSTCO WHOLESALE","50.5800","20","2006-08-04 09:37:13","51.8000","-0.01","-0.04","2006-08-03 13:45:00","0","50.4000","23.95","22151959"
"2006-07-31 15:24:00","LONG","20","PTRY","PANTRY","49.3300","20","2006-08-03 15:58:18","45.4500","-1.62","-7.76","2006-08-03 10:15:00","0","43.9300","-78.05","22114562"
"2006-08-02 14:05:00","LONG","40","AVP","AVON PRODUCTS","26.4000","40","2006-08-03 09:54:25","27.4600","-0.00","-0.02","2006-08-02 14:15:00","0","26.3600","41.95","22137626"
"2006-08-01 11:19:00","LONG","33","ZUMZ","ZUMIEZ","28.0000","33","2006-08-02 13:27:24","28.8800","-0.10","-0.44","2006-08-02 10:15:00","0","26.6700","28.95","22123909"
"2006-07-31 15:05:00","LONG","40","NILE","BITNILE HOLDINGS INC","25.8400","40","2006-08-02 09:40:51","31.7100","-0.15","-0.70","2006-08-01 16:15:00","0","24.1000","234.95","22114428"
"2006-07-28 14:22:00","LONG","25","CSGP","COSTAR GROUP","42.5000","25","2006-08-01 15:13:30","43.1900","-0.02","-0.11","2006-08-01 10:30:00","0","42.0700","16.95","22097455"
"2006-07-28 15:05:00","LONG","35","BWLD","BUFFALO WILD WINGS","31.3800","35","2006-07-31 09:37:32","32.5700","-0.02","-0.07","2006-07-28 15:13:00","0","31.1900","41.95","22096417"
"2006-07-27 14:01:00","LONG","30","KOMG","","37.5600","30","2006-07-28 14:58:54","38.0700","-0.07","-0.31","2006-07-28 10:45:00","0","36.5200","14.95","22084110"
"2006-07-25 15:24:00","LONG","40","KNXA","Kenexa Corp.","24.0900","40","2006-07-27 15:58:29","22.9300","-1.03","-4.64","2006-07-27 14:15:00","0","22.8900","-46.05","22056488"
"2006-07-26 15:55:00","LONG","72.700000000","CSX","CSX","19.6190","72.700000000","2006-07-27 10:27:14","19.8830","-0.02","-0.09","2006-07-26 16:15:00","0","59.0900","18.95","22070792"
"2006-07-24 15:33:00","LONG","40","STLD","STEEL DYNAMICS","27.6450","40","2006-07-25 13:32:28","28.1350","-0.02","-0.08","2006-07-25 11:00:00","0","54.9100","19.95","22044056"
"2006-07-21 15:12:00","LONG","35","HAL","HALLIBURTON","30.0500","35","2006-07-24 14:00:22","31.0800","-0.04","-0.19","2006-07-24 09:45:00","0","29.5000","35.95","22024582"
"2006-07-21 10:48:00","LONG","25","EXPD","EXPEDITORS INTERNATIONAL","45.4400","25","2006-07-24 11:09:08","47.2600","-0.05","-0.19","2006-07-21 13:00:00","0","44.6700","45.95","22021565"
"2006-07-21 13:58:00","LONG","30","FORM","FORMFACTOR","37.6300","30","2006-07-24 10:53:51","38.7700","-0.06","-0.25","2006-07-21 15:10:00","0","36.8000","33.95","22023741"
"2006-07-21 13:09:00","LONG","0","PWEI","PACWEST EQUITIES INC","0.0000","0","2006-07-24 10:25:56","0.0000","-0.01","-0.04","2006-07-21 13:19:00","0","24.1700","0.00","22023243"
"2006-07-21 13:12:00","LONG","30","CYMI","Cymer Inc.","37.1000","30","2006-07-24 09:47:59","38.9100","-0.02","-0.09","2006-07-21 13:24:00","0","36.8100","53.95","22023241"
"2006-07-20 10:57:00","LONG","18","PNRA","PANERA BREAD COMPANY","58.2100","18","2006-07-21 14:44:32","58.1000","-0.07","-0.30","2006-07-21 10:00:00","0","56.5700","-2.05","22007405"
"2006-07-20 15:19:44","LONG","25","CHRW","CH ROBINSON WORLDWIDE","44.7800","25","2006-07-21 13:55:48","44.9900","-0.11","-0.47","2006-07-21 10:00:00","0","42.9200","4.95","22010190"
"2006-07-18 15:25:00","LONG","12.500000000","CWTR","COLDWATER CREEK","80.8800","12.500000000","2006-07-19 14:57:46","85.0000","-0.04","-0.18","2006-07-19 09:45:00","0","19.8700","51.95","21982369"
"2006-07-17 15:47:00","LONG","40","SCRX","","20.3400","40","2006-07-19 10:57:41","20.9900","-0.03","-0.14","2006-07-18 12:45:00","0","20.0000","25.95","21963387"
"2006-07-14 15:44:00","LONG","33","LDSH","Ladish Co. Inc.","29.5400","33","2006-07-19 10:10:36","30.7500","-0.11","-0.43","2006-07-18 14:00:00","0","28.2500","39.95","21943965"
"2006-07-18 15:19:00","LONG","20","WFMI","Whole Foods Market, Inc.","56.1200","20","2006-07-19 10:10:06","57.6800","-0.01","-0.05","2006-07-18 15:30:00","0","55.8500","30.95","21982314"
"2006-07-17 15:53:00","LONG","1.600000000","NURO","NEUROMETRIX INC. COMMON STOCK","579.6000","1.600000000","2006-07-19 09:52:21","605.5200","-0.13","-0.51","2006-07-18 13:45:00","0","22.7600","40.97","21963455"
"2006-07-14 15:40:00","LONG","27","SNDK","SANDISK CORPORATION","39.0900","27","2006-07-18 15:23:03","38.9800","-0.09","-0.36","2006-07-18 14:00:00","0","37.7600","-3.05","21943875"
"2006-07-17 14:39:00","LONG","36","SPSS","","26.2400","36","2006-07-18 15:09:31","26.5500","-0.10","-0.39","2006-07-18 10:15:00","0","25.1700","10.95","21962681"
"2006-07-13 15:39:00","LONG","35","DW","LCI INDUSTRIES","26.5200","35","2006-07-17 15:52:29","25.3300","-1.04","-4.17","2006-07-17 13:15:00","0","25.0600","-42.05","21930699"
"2006-07-14 14:52:00","LONG","10","CWTR","COLDWATER CREEK","84.2800","10","2006-07-17 15:45:16","84.6800","-0.02","-0.08","2006-07-17 09:45:00","0","20.8700","3.95","21943306"
"2006-07-14 15:42:00","LONG","33","ZUMZ","ZUMIEZ","30.6100","33","2006-07-17 13:34:02","31.9700","-0.03","-0.14","2006-07-17 09:45:00","0","30.2000","44.95","21943974"
"2006-07-12 13:27:00","LONG","22","BBY","BEST BUY","48.2700","22","2006-07-14 15:36:50","45.5400","-1.48","-6.01","2006-07-14 11:45:00","0","44.6000","-60.05","21915270"
"2006-07-12 14:19:00","LONG","35","SIRF","","26.3900","35","2006-07-14 15:36:25","24.9300","-1.26","-5.11","2006-07-14 12:00:00","0","24.0000","-51.05","21915987"
"2006-07-12 11:54:00","LONG","35","NTAP","NETAPP","28.9700","35","2006-07-14 15:36:02","26.6800","-1.97","-8.02","2006-07-14 14:30:00","0","25.7500","-80.05","21913831"
"2006-07-13 15:05:00","LONG","28","GPN","GLOBAL PAYMENTS","40.6300","28","2006-07-14 14:51:21","40.8400","-0.04","-0.16","2006-07-14 11:00:00","0","40.0500","5.95","21930470"
"2006-07-11 15:25:00","LONG","25","SWK","STANLEY BLACK & DECKER","44.7900","25","2006-07-13 15:35:46","43.4600","-0.79","-3.33","2006-07-13 15:30:00","0","43.3700","-33.05","21902254"
"2006-07-11 15:09:00","LONG","25","GPN","GLOBAL PAYMENTS","43.8100","25","2006-07-12 14:54:30","43.8800","-0.01","-0.03","2006-07-11 15:15:00","0","43.6700","1.95","21901945"
"2006-07-10 15:33:00","LONG","35","ADSK","AUTODESK","29.7000","35","2006-07-11 15:53:44","30.8000","-0.01","-0.05","2006-07-10 15:45:00","0","29.5600","38.95","21888489"
"2006-07-10 14:50:00","LONG","20","GYI","","55.4200","20","2006-07-11 15:50:01","55.9900","-0.03","-0.12","2006-07-10 15:45:00","0","54.8200","10.95","21888105"
"2006-07-10 15:15:00","LONG","13","MSTR","STRATEGY INC CLASS A","83.2800","13","2006-07-11 15:29:28","83.8900","-0.02","-0.10","2006-07-11 12:45:00","0","82.5000","7.95","21888526"
"2006-07-07 15:20:00","LONG","20","HET","","66.4900","20","2006-07-11 15:23:25","66.5500","-0.05","-0.22","2006-07-11 10:45:00","0","65.3800","0.95","21866399"
"2006-07-10 11:39:00","LONG","25","SNDK","SANDISK CORPORATION","44.4200","25","2006-07-11 14:01:17","45.2300","-0.09","-0.39","2006-07-11 09:45:00","0","42.8500","19.95","21884691"
"2006-07-07 13:42:00","LONG","20","CDWC","","51.7700","20","2006-07-10 15:32:11","51.4800","-0.14","-0.58","2006-07-10 09:45:00","0","51.1400","-6.05","21864976"
"2006-07-07 14:25:00","LONG","33","DW","LCI INDUSTRIES","27.9500","33","2006-07-10 11:12:20","28.4900","-0.03","-0.12","2006-07-07 15:23:00","0","27.5800","17.95","21865541"
"2006-07-05 11:33:00","LONG","22","GTRC","","43.1400","22","2006-07-06 10:55:17","44.0000","-0.01","-0.03","2006-07-05 13:45:00","0","42.9900","18.95","21834216"
"2006-07-05 15:49:00","LONG","35","UEPS","NET 1 UEPS TECHNOLOGIES","25.1400","35","2006-07-06 10:27:04","26.0900","-0.00","-0.02","2006-07-05 16:00:00","0","25.0700","32.95","21837556"
"2006-06-27 15:16:00","LONG","30","BBBY","BED BATH & BEYOND INC","33.2400","30","2006-06-30 10:53:13","33.4500","-0.03","-0.14","2006-06-28 14:30:00","0","32.7900","5.95","21753552"
"2006-06-27 15:18:00","LONG","22","MDT","MEDTRONIC PLC","47.2900","22","2006-06-29 11:43:41","47.0100","-0.15","-0.62","2006-06-28 10:15:00","0","46.7700","-6.05","21753320"
"2006-06-27 15:27:00","LONG","30","ADSK","AUTODESK","32.9800","30","2006-06-29 10:15:39","33.1500","-0.04","-0.16","2006-06-28 10:15:00","0","32.4500","4.95","21753449"
"2006-06-28 13:54:00","LONG","30","IRF","INTERNATIONAL","36.9900","30","2006-06-29 09:51:08","38.0500","-0.01","-0.03","2006-06-28 14:00:00","0","36.9000","31.95","21768269"
"2006-06-26 15:01:00","LONG","25","MNI","MCCLATCHY","40.5300","25","2006-06-28 15:52:09","38.9800","-0.96","-3.88","2006-06-28 10:15:00","0","38.8000","-39.05","21736388"
"2006-06-22 15:33:00","LONG","40","TTC","TORO","22.9600","40","2006-06-26 15:45:50","22.7500","-0.21","-0.84","2006-06-26 09:45:00","0","44.9300","-8.05","21695472"
"2006-06-23 15:05:00","LONG","15","ZION","ZIONS BANCORPORATION","77.0800","15","2006-06-26 10:52:18","77.5400","-0.01","-0.05","2006-06-26 09:45:00","0","76.7200","6.95","21713579"
"2006-06-22 15:27:00","LONG","20","HB","","47.9800","20","2006-06-23 15:40:37","47.9000","-0.04","-0.16","2006-06-23 11:45:00","0","47.6900","-2.05","21695351"
"2006-06-22 15:25:00","LONG","60","IDXX","IDEXX LABORATORIES","18.4150","60","2006-06-23 10:51:46","18.7250","-0.00","-0.02","2006-06-22 15:30:00","0","73.5100","18.95","21695281"
"2006-06-20 15:57:00","LONG","25","LAUR","LAUREATE EDUCATION INC.","44.9000","25","2006-06-21 15:35:39","45.0500","-0.02","-0.10","2006-06-21 09:45:00","0","44.4800","3.95","21659900"
"2006-06-16 14:22:00","LONG","30","SLAB","SILICON LABORATORIES","33.0500","30","2006-06-20 15:54:54","31.6400","-1.04","-4.23","2006-06-20 10:00:00","0","31.3000","-42.05","21600400"
"2006-06-16 14:21:00","LONG","18","NTRI","NUTRISYSTEM","54.6000","18","2006-06-19 11:00:09","55.2700","-0.03","-0.11","2006-06-19 10:00:00","0","54.0100","11.95","21600378"
"2006-06-14 15:24:00","LONG","30","KOSP","","36.6500","30","2006-06-15 15:25:12","37.1900","-0.02","-0.09","2006-06-14 15:30:00","0","36.3600","15.95","21572530"
"2006-06-13 13:26:00","LONG","20","NIHD","NII HOLDINGS INC. COMMON STOCK","46.1100","20","2006-06-15 10:03:28","48.1000","-0.08","-0.33","2006-06-13 15:15:00","0","44.4500","39.95","21555502"
"2006-06-14 11:39:00","LONG","88","GFIG","GFI GROUP","11.1430","88","2006-06-15 09:33:33","12.2500","-0.03","-0.13","2006-06-14 11:45:00","0","44.0000","96.95","21569140"
"2006-06-12 15:25:00","LONG","72","TSCO","TRACTOR SUPPLY","12.0980","72","2006-06-14 15:55:33","11.8420","-0.48","-1.84","2006-06-14 12:30:00","0","46.1500","-18.05","21540171"
"2006-06-12 15:34:00","LONG","60","FWLT","FOSTER WHEELER","18.7600","60","2006-06-14 13:12:25","18.6750","-0.20","-0.80","2006-06-13 15:15:00","0","34.8600","-5.05","21540512"
"2006-06-13 15:17:00","LONG","20","EQIX","EQUINIX INC. COMMON STOCK REI","47.9300","20","2006-06-14 10:17:40","50.1500","-0.00","-0.01","2006-06-13 15:30:00","0","47.8700","43.95","21557991"
"2006-06-12 15:28:00","LONG","60","MNST","MONSTER BEVERAGE","19.3200","60","2006-06-14 10:17:03","19.0650","-0.39","-1.53","2006-06-13 15:30:00","0","34.7500","-15.05","21540370"
"2006-06-09 15:05:00","LONG","40","PARL","Parlux Fragrances Inc.","18.9000","40","2006-06-13 14:27:29","19.2000","-0.14","-0.56","2006-06-12 09:45:00","0","17.5100","11.95","21519536"
"2006-06-08 15:56:00","LONG","18","CETV","CENTRAL EUROPEAN MEDIA","56.0800","18","2006-06-12 15:56:06","52.9500","-1.43","-5.63","2006-06-12 14:45:00","0","52.5400","-56.05","21504153"
"2006-06-07 15:39:00","LONG","50","MNST","MONSTER BEVERAGE","22.3700","50","2006-06-09 15:28:44","21.1150","-1.62","-6.28","2006-06-08 12:00:00","0","41.5400","-63.05","21478683"
"2006-06-08 12:15:00","LONG","56","FAST","FASTENAL","19.1200","56","2006-06-09 09:53:09","19.9100","-0.01","-0.03","2006-06-08 13:30:00","0","38.1500","43.95","21499933"
"2006-06-07 15:24:00","LONG","20","WLT","WALTER ENERGY","51.3700","20","2006-06-09 09:51:53","51.1100","-0.26","-1.01","2006-06-08 12:00:00","0","46.3000","-5.05","21478518"
"2006-06-06 15:11:00","LONG","20","FRK","","49.5400","20","2006-06-08 15:41:42","46.8000","-1.42","-5.48","2006-06-08 12:00:00","0","45.3600","-55.05","21463590"
"2006-06-08 10:39:00","LONG","56","FWLT","FOSTER WHEELER","19.0550","56","2006-06-08 15:41:20","20.9750","-0.02","-0.06","2006-06-08 11:00:00","0","37.8800","107.95","21497360"
"2006-06-07 15:51:00","LONG","30","RATE","GLOBAL X INTEREST RATE HEDGE ETF","37.4700","30","2006-06-08 10:05:04","38.0800","-0.01","-0.05","2006-06-08 09:45:00","0","37.3100","17.95","21478844"
"2006-06-05 15:20:00","LONG","36","TRN","TRINITY INDUSTRIES","27.9050","36","2006-06-07 15:49:17","26.4600","-1.30","-5.20","2006-06-07 15:45:00","0","52.9000","-52.05","21436928"
"2006-06-05 15:22:00","LONG","25","DRIV","GLOBAL X AUTONOMOUS & ELECTRIC VEHICLES ETF","41.5000","25","2006-06-07 15:48:35","39.3100","-1.37","-5.48","2006-06-06 12:00:00","0","38.1000","-55.05","21436952"
"2006-06-06 15:10:00","LONG","50","FAST","FASTENAL","20.2750","50","2006-06-07 15:20:47","20.1850","-0.11","-0.45","2006-06-06 15:30:00","0","40.2700","-5.05","21463601"
"2006-06-06 15:24:00","LONG","35","PHM","PULTEGROUP","27.8000","35","2006-06-07 10:09:47","28.8000","-0.00","-0.01","2006-06-06 15:30:00","0","27.7600","34.95","21463792"
"2006-06-05 15:18:00","LONG","30","SLAB","SILICON LABORATORIES","36.4700","30","2006-06-06 15:23:33","35.9100","-0.42","-1.68","2006-06-06 10:30:00","0","34.4500","-17.05","21436853"
"2006-06-05 15:18:00","LONG","40","MNST","MONSTER BEVERAGE","22.9050","40","2006-06-06 09:34:36","23.3600","-0.00","-0.01","2006-06-05 16:00:00","0","45.7600","17.95","21436840"
"2006-06-01 14:41:00","LONG","19","RAIL","FREIGHTCAR AMERICA","57.4800","19","2006-06-05 15:36:37","51.6700","-2.71","-11.04","2006-06-05 12:15:00","0","51.5600","-110.05","21298367"
"2006-05-31 15:05:00","LONG","30","INGR","INGREDION","35.0900","30","2006-06-02 15:13:21","34.7800","-0.23","-0.93","2006-06-02 12:30:00","0","34.5800","-9.05","21276100"
"2006-05-30 15:14:00","LONG","44","NDSN","NORDSON","24.0650","44","2006-06-01 14:28:03","23.9350","-0.14","-0.57","2006-06-01 09:45:00","0","46.2900","-6.05","21256799"
"2006-05-31 15:05:00","LONG","128.600000000","AAPL","APPLE","8.2850","128.600000000","2006-06-01 10:38:13","8.5640","-0.02","-0.09","2006-05-31 15:45:00","0","58.6900","35.95","21276082"
"2006-05-31 15:12:00","LONG","30","CEDC","Central European Distribution Corp.","31.9900","30","2006-06-01 09:34:52","32.9200","-0.02","-0.07","2006-05-31 15:30:00","0","31.7700","27.95","21276195"
"2006-05-26 15:25:00","LONG","25","OXM","OXFORD INDUSTRIES","41.4900","25","2006-05-31 13:56:06","40.5300","-0.59","-2.40","2006-05-30 15:30:00","0","39.6000","-24.05","21127229"
"2006-05-30 15:28:00","LONG","22","WABC","WESTAMERICA BANCORP","48.3700","22","2006-05-31 13:30:56","48.5900","-0.02","-0.07","2006-05-31 10:00:00","0","48.0700","4.95","21256982"
"2006-05-25 14:53:00","LONG","18","KSS","KOHL'S","54.2400","18","2006-05-26 10:09:08","54.4800","-0.01","-0.03","2006-05-25 15:30:00","0","54.0500","3.95","21101474"
"2006-05-25 13:21:00","LONG","30","GCO","GENESCO","36.0000","30","2006-05-26 09:53:51","36.4500","-0.00","-0.02","2006-05-25 13:30:00","0","35.9200","13.95","21099579"
"2006-05-24 15:05:00","LONG","15","ICE","INTERCONTINENTALEXCHANGE","54.2100","15","2006-05-26 09:43:28","56.9000","-0.07","-0.27","2006-05-25 10:30:00","0","52.4000","39.95","21076839"
"2006-05-24 12:50:00","LONG","35","RHAT","","25.4800","35","2006-05-25 13:57:49","26.4600","-0.02","-0.08","2006-05-24 13:45:00","0","25.2400","33.95","21074239"
"2006-05-24 13:40:00","LONG","40","FFIV","F5 INC","22.6950","40","2006-05-25 09:41:39","22.9500","-0.06","-0.22","2006-05-24 14:45:00","0","44.3000","9.95","21075286"
"2006-05-24 14:40:00","LONG","30","HELX","FRANKLIN GENOMIC ADVANCEMENTS ETF","32.5600","30","2006-05-25 09:39:30","33.7200","-0.02","-0.07","2006-05-24 14:45:00","0","32.3200","34.95","21076383"
"2006-05-23 15:29:00","LONG","35","TRID","Trident Microsystems, Inc.","21.7700","35","2006-05-24 15:08:18","21.7700","-0.07","-0.29","2006-05-24 13:45:00","0","20.9500","-0.05","21053511"
"2006-05-23 15:29:00","LONG","16","GTRC","","47.8700","16","2006-05-24 10:07:43","49.2400","-0.01","-0.03","2006-05-23 16:00:00","0","47.6700","21.95","21053528"
"2006-05-19 15:10:00","LONG","35","CKEC","CARMIKE CINEMAS","21.9700","35","2006-05-23 15:27:36","20.7500","-1.11","-4.27","2006-05-23 15:27:36","0","20.5900","-43.05","20918956"
"2006-05-22 15:24:00","LONG","33","GEHL","","25.5500","33","2006-05-23 09:51:11","26.4100","-0.00","-0.01","2006-05-22 15:30:00","0","25.5200","27.95","21027245"
"2006-05-22 11:24:00","LONG","15","ASEI","AMERICAN SCIENCE","53.9800","15","2006-05-23 09:37:17","58.1200","-0.05","-0.21","2006-05-22 11:45:00","0","52.6000","61.95","21022580"
"2006-05-19 10:32:00","LONG","25","ENER","ACCRETION ACQUISITION CORP.","41.4900","25","2006-05-23 09:35:13","42.5600","-0.08","-0.32","2006-05-22 14:15:00","0","40.2000","26.95","20912422"
"2006-05-19 15:07:00","LONG","33","OPEN","OPENDOOR TECHNOLOGIES INC","25.6100","33","2006-05-22 12:59:29","26.2000","-0.02","-0.09","2006-05-19 15:15:00","0","25.3500","18.95","20918883"
"2006-05-18 15:14:00","LONG","35","RHAT","","27.0400","35","2006-05-19 13:03:07","27.7900","-0.02","-0.07","2006-05-19 10:15:00","0","26.8400","25.95","20890200"
"2006-05-17 14:06:00","LONG","20","TIN","Temple-Inland Inc.","43.0600","20","2006-05-19 10:06:46","43.0000","-0.05","-0.18","2006-05-18 16:15:00","0","42.1700","-1.05","20862951"
"2006-05-18 15:11:00","LONG","20","THE","","40.9600","20","2006-05-19 10:03:47","41.2200","-0.04","-0.14","2006-05-18 16:00:00","0","40.2500","4.95","20890123"
"2006-05-18 15:16:00","LONG","30","VRTX","VERTEX","29.7400","30","2006-05-19 09:51:39","30.1200","-0.06","-0.22","2006-05-18 16:00:00","0","29.0000","10.95","20890230"
"2006-05-18 15:29:00","LONG","30","TIE","Titanium Metals Corporation","32.0000","30","2006-05-19 09:39:58","33.1200","-0.11","-0.43","2006-05-18 16:00:00","0","30.5600","33.95","20890622"
"2006-05-16 15:15:00","LONG","28","GBX","GREENBRIER COMPANIES","36.9800","28","2006-05-18 15:28:09","35.4000","-1.18","-4.42","2006-05-18 15:28:09","0","35.0100","-44.05","20837575"
"2006-05-17 13:54:00","LONG","20","MSM","MSC INDUSTRIAL DIRECT CO","46.8000","20","2006-05-18 10:47:27","47.0800","-0.02","-0.09","2006-05-17 15:00:00","0","46.3400","5.95","20862700"
"2006-05-17 11:59:00","LONG","30","SPWR","SUNPOWER INC.","30.3900","30","2006-05-18 09:52:04","31.2400","-0.03","-0.12","2006-05-17 15:45:00","0","30.0000","25.95","20860622"
"2006-05-17 12:01:00","LONG","30","VRTX","VERTEX","30.6400","30","2006-05-18 09:41:51","31.7400","0.00","0.00","2006-05-17 12:00:00","0","30.5600","32.95","20860730"
"2006-05-16 15:08:00","LONG","40","ATRS","ANTARES PHARMA","18.3400","40","2006-05-17 14:05:07","18.3500","-0.02","-0.06","2006-05-17 09:45:00","0","18.2000","-0.05","20837501"
"2006-05-12 15:36:00","LONG","28","FWRD","FORWARD AIR","36.6600","28","2006-05-16 15:16:13","35.5800","-0.82","-3.02","2006-05-16 15:00:00","0","35.4100","-30.05","20681019"
"2006-05-15 15:09:00","LONG","30","WIRE","ENCORE WIRE","38.2000","30","2006-05-16 10:08:41","40.6600","-0.01","-0.04","2006-05-15 15:15:00","0","38.0500","73.95","20810197"
"2006-05-15 15:12:00","LONG","33","BOOM","DMC GLOBAL INC. COMMON STOCK","29.5600","33","2006-05-16 10:08:12","31.4000","-0.01","-0.02","2006-05-15 15:15:00","0","29.5000","60.95","20810235"
"2006-05-15 10:37:00","LONG","15","SRCL","STERICYCLE","59.6300","15","2006-05-16 09:52:04","61.1500","-0.01","-0.04","2006-05-15 10:45:00","0","59.3300","22.95","20803483"
"2006-05-15 15:18:00","LONG","15","JOYG","Joy Global, Inc.","57.3200","15","2006-05-16 09:49:05","60.6600","0.00","0.00","2006-05-15 15:15:00","0","56.7800","49.95","20810391"
"2006-05-11 14:51:00","LONG","30","HR","HEALTHCARE REALTY TRUST INC","32.7600","30","2006-05-15 14:56:26","32.4700","-0.25","-0.87","2006-05-12 10:00:00","0","31.6000","-9.05","20636048"
"2006-05-12 15:26:00","LONG","30","MDCC","","28.1900","30","2006-05-15 14:53:33","28.1700","-0.11","-0.38","2006-05-15 09:45:00","0","26.9300","-1.05","20680588"
"2006-05-12 15:40:00","LONG","33","DSPG","DSP GROUP","24.8100","33","2006-05-15 14:53:06","24.7300","-0.07","-0.26","2006-05-15 14:00:00","0","24.5000","-3.05","20681132"
"2006-05-12 15:38:00","LONG","15","CRI","CARTER'S","61.2500","15","2006-05-15 10:35:41","61.3700","-0.00","-0.01","2006-05-12 15:45:00","0","61.2000","1.95","20681123"
"2006-05-10 15:24:00","LONG","40","CVTX","","16.4900","40","2006-05-12 15:31:42","15.7500","-0.84","-2.96","2006-05-12 12:45:00","0","15.2500","-30.05","20587344"
"2006-05-10 15:22:00","LONG","30","MXIM","MAXIM INTEGRATED PRODUCTS","32.9300","30","2006-05-12 15:30:50","32.0300","-0.74","-2.70","2006-05-11 15:45:00","0","31.9700","-27.05","20587289"
"2006-05-11 14:08:00","LONG","60","NETL","COLTERPOINT NETLEASE  REAL ESTATE ETF","16.0700","60","2006-05-12 14:52:09","16.1850","-0.13","-0.45","2006-05-12 09:45:00","0","30.6500","6.95","20634565"
"2006-05-09 15:20:00","LONG","25","IART","INTEGRA LIFESCIENCES HLDG","39.7000","25","2006-05-11 15:41:42","37.9800","-1.18","-4.30","2006-05-11 13:30:00","0","37.5200","-43.05","20548069"
"2006-05-10 15:45:00","LONG","20","LAUR","LAUREATE EDUCATION INC.","46.9700","20","2006-05-11 14:49:12","47.0700","-0.03","-0.11","2006-05-11 10:15:00","0","46.4000","1.95","20587968"
"2006-05-08 15:16:00","LONG","28","DIOD","DIODES","36.6900","28","2006-05-09 11:27:18","37.0800","-0.08","-0.29","2006-05-09 10:15:00","0","35.6400","10.95","20506789"
"2006-05-03 15:41:00","LONG","35","NAV","NAVISTAR INTERNATIONAL","25.0600","35","2006-05-05 15:36:49","24.6200","-0.43","-1.54","2006-05-04 14:00:00","0","24.3100","-15.05","20296111"
"2006-05-04 12:23:00","LONG","30","PLMD","","37.3000","30","2006-05-05 11:58:32","39.3300","-0.13","-0.48","2006-05-04 12:45:00","0","35.7000","60.95","20328420"
"2006-05-02 15:35:00","LONG","18","NBIX","NEUROCRINE BIOSCIENCES","54.1800","18","2006-05-04 10:40:44","52.7500","-0.72","-2.57","2006-05-03 10:00:00","0","49.6300","-26.05","20273938"
"2006-05-03 11:19:00","LONG","40","XMSR","","17.1400","40","2006-05-04 10:26:57","17.6900","0.00","0.00","2006-05-03 11:15:00","0","16.8600","21.95","20289725"
"2006-05-01 15:24:00","LONG","28","CLMS","CALAMOS","36.0700","28","2006-05-03 15:20:48","35.0400","-0.80","-2.88","2006-05-02 10:00:00","0","34.4800","-29.05","20239650"
"2006-05-02 11:12:00","LONG","26","BHS","Brookfield Homes Corp.","42.1600","26","2006-05-03 11:16:53","42.8600","-0.07","-0.24","2006-05-03 09:45:00","0","41.2500","17.95","20270966"
"2006-05-01 12:30:00","LONG","28","NDAQ","NASDAQ INC COMMON STOCK","35.9500","28","2006-05-02 15:49:08","35.9000","-0.10","-0.36","2006-05-01 15:45:00","0","34.6500","-1.05","20235383"
"2006-04-28 11:51:00","LONG","30","ASVI","","24.9400","30","2006-05-02 15:30:39","24.6700","-0.23","-0.81","2006-05-02 10:30:00","0","23.6500","-8.05","20110918"
"2006-04-28 15:26:00","LONG","30","PNK","PINNACLE ENTERTAINMENT","27.3400","30","2006-05-01 11:28:55","28.0300","-0.04","-0.14","2006-05-01 09:45:00","0","26.8700","20.95","20118630"
"2006-04-27 15:51:00","LONG","25","NDAQ","NASDAQ INC COMMON STOCK","37.3900","25","2006-04-28 15:25:00","37.2500","-0.10","-0.35","2006-04-28 10:34:00","0","37.1300","-4.05","20073958"
"2006-04-26 15:27:00","LONG","35","IRBT","IROBOT","22.6900","35","2006-04-28 15:23:56","21.7600","-0.90","-3.26","2006-04-28 12:17:00","0","21.2200","-33.05","20024051"
"2006-04-27 14:32:00","LONG","27","HNT","HEALTH NET","39.1500","27","2006-04-28 15:00:58","40.6100","-0.00","-0.01","2006-04-27 14:45:00","0","39.1300","38.95","20070989"
"2006-04-25 15:49:00","LONG","30","GILD","GILEAD SCIENCES","30.7000","30","2006-04-27 15:28:50","28.5700","-1.77","-6.39","2006-04-27 10:00:00","0","55.9000","-64.05","19981019"
"2006-04-26 15:39:00","LONG","15","MCK","MCKESSON","47.9400","15","2006-04-27 13:37:16","48.3100","-0.01","-0.02","2006-04-26 15:45:00","0","47.7800","5.95","20024470"
"2006-04-26 15:41:00","LONG","15","NBIX","NEUROCRINE BIOSCIENCES","57.8600","15","2006-04-27 10:16:15","58.9100","-0.04","-0.13","2006-04-27 10:00:00","0","57.0200","15.95","20024515"
"2006-04-25 15:13:00","LONG","28","NDAQ","NASDAQ INC COMMON STOCK","38.6600","28","2006-04-26 15:18:16","38.8100","-0.01","-0.02","2006-04-26 14:30:00","0","38.5900","3.95","19980206"
"2006-04-24 15:28:00","LONG","41.300000000","WTR","AQUA AMERICA","19.4560","41.300000000","2006-04-25 15:36:28","19.3600","-0.11","-0.40","2006-04-25 10:15:00","0","23.7500","-4.05","19947546"
"2006-04-21 14:49:00","LONG","17","GCI","GANNETT CO INC","54.3300","17","2006-04-25 14:56:36","54.0100","-0.15","-0.54","2006-04-24 13:15:00","0","53.8000","-5.05","19844645"
"2006-04-21 14:50:00","LONG","28","LEE","LEE ENTERPRISES","30.4000","28","2006-04-25 14:40:39","30.3800","-0.06","-0.23","2006-04-25 10:00:00","0","29.5900","-1.05","19844655"
"2006-04-24 15:25:00","LONG","30","MATR","MATTERSIGHT","26.1600","30","2006-04-25 11:19:03","26.5000","-0.10","-0.38","2006-04-25 09:45:00","0","24.8800","9.95","19947299"
"2006-04-19 14:28:00","LONG","32","MHS","Medco Health Solutions, Inc.","26.2850","32","2006-04-20 11:02:05","27.0900","-0.02","-0.06","2006-04-19 15:45:00","0","52.2200","25.95","19790711"
"2006-04-18 15:42:00","LONG","20","HNT","HEALTH NET","43.4800","20","2006-04-20 10:45:31","44.3100","-0.04","-0.16","2006-04-19 09:45:00","0","42.6700","16.95","19769237"
"2006-04-18 15:31:00","LONG","35","CMED","China Medical Technologies Inc.","23.0900","35","2006-04-19 13:12:49","23.8700","-0.02","-0.07","2006-04-18 15:45:00","0","22.9000","26.95","19769129"
"2006-04-13 14:01:00","LONG","14","GCI","GANNETT CO INC","56.8200","14","2006-04-18 15:29:05","55.9500","-0.34","-1.22","2006-04-18 11:15:00","0","55.4000","-12.05","19643256"
"2006-04-17 15:16:00","LONG","30","AMR","ALPHA METALLURGICAL RESOURCES INC","23.5000","30","2006-04-18 15:19:45","23.7500","-0.03","-0.11","2006-04-18 09:45:00","0","23.1400","7.95","19742932"
"2006-04-17 15:29:00","LONG","33","OSIP","","25.8400","33","2006-04-18 15:14:53","26.8300","-0.03","-0.09","2006-04-18 11:15:00","0","25.5600","32.95","19743164"
"2006-04-13 15:46:00","LONG","15","AMH","AMERICAN HOMES 4 RENT","58.2900","15","2006-04-17 15:20:42","58.3200","0.00","0.00","2006-04-17 14:00:00","0","58.2600","-0.05","19644934"
"2006-04-12 14:32:00","LONG","30","OSIP","","26.6300","30","2006-04-13 15:37:12","26.7000","-0.01","-0.04","2006-04-13 10:45:00","0","26.5000","1.95","19614639"
"2006-04-10 15:02:00","LONG","27","CAKE","CHEESECAKE FACTORY","33.5700","27","2006-04-12 15:43:39","33.2900","-0.22","-0.76","2006-04-11 13:45:00","0","33.0800","-8.05","19563297"
"2006-04-11 15:06:00","LONG","56","CELG","CELGENE","18.2800","56","2006-04-12 15:42:28","18.7350","-0.04","-0.15","2006-04-11 15:45:00","0","36.0200","24.95","19588958"
"2006-04-11 15:11:00","LONG","25","TEVA","TEVA PHARMACEUTICAL","38.3500","25","2006-04-12 12:06:08","39.1600","-0.01","-0.02","2006-04-11 15:45:00","0","38.2600","19.95","19589059"
"2006-04-11 15:09:00","LONG","30","ASVI","","29.0400","30","2006-04-12 12:04:05","29.4800","-0.05","-0.16","2006-04-12 09:45:00","0","28.5100","12.95","19588971"
"2006-04-07 15:11:00","LONG","14","WSO","WATSCO","65.7300","14","2006-04-11 15:04:51","63.5300","-0.88","-3.08","2006-04-11 11:15:00","0","62.6900","-31.05","19495633"
"2006-04-07 14:52:00","LONG","17","PFCB","P.F. Chang's China Bistro, Inc.","44.5800","17","2006-04-11 15:04:21","43.7300","-0.41","-1.45","2006-04-11 13:30:00","0","43.5671","-14.05","19495339"
"2006-04-10 15:52:00","LONG","18","GPN","GLOBAL PAYMENTS","46.5500","18","2006-04-11 14:56:35","47.1600","-0.00","-0.01","2006-04-10 16:00:00","0","46.5000","10.95","19564254"
"2006-04-07 15:56:00","LONG","16","HSY","HERSHEY COMPANY","50.5200","16","2006-04-10 15:44:15","50.2600","-0.12","-0.42","2006-04-10 15:00:00","0","50.0300","-4.05","19496411"
"2006-04-06 11:17:00","LONG","48","CELG","CELGENE","19.7250","48","2006-04-10 15:42:48","19.2100","-0.71","-2.47","2006-04-07 11:30:00","0","37.5600","-25.05","19474240"
"2006-04-07 14:05:00","LONG","15","NBIX","NEUROCRINE BIOSCIENCES","58.8600","15","2006-04-10 13:37:16","60.4500","-0.02","-0.06","2006-04-07 14:14:00","0","58.4600","23.95","19494619"
"2006-04-05 15:55:00","LONG","33","ONXX","ONYX PHARMACEUTICALS","24.2500","33","2006-04-07 15:53:42","23.2400","-0.95","-3.33","2006-04-07 15:53:42","0","23.1300","-33.05","19459472"
"2006-04-06 14:56:00","LONG","30","PARL","Parlux Fragrances Inc.","28.7400","30","2006-04-07 10:15:01","29.5400","-0.03","-0.11","2006-04-06 16:00:00","0","28.3800","23.95","19477506"
"2006-04-06 11:07:00","LONG","30","HYSL","","30.6500","30","2006-04-07 09:40:53","32.8500","0.00","0.00","2006-04-06 11:06:00","0","30.4900","65.95","19474047"
"2006-04-04 15:43:00","LONG","30","BOW","BOWHEAD SPECIALTY HOLDINGS INC","27.9200","30","2006-04-06 15:10:49","27.7300","-0.16","-0.57","2006-04-05 11:37:00","0","27.2900","-6.05","19442198"
"2006-04-03 14:50:00","LONG","14","BOL","","61.7000","14","2006-04-05 15:38:41","58.0200","-1.47","-5.15","2006-04-05 15:30:00","0","58.0500","-52.05","19419874"
"2006-04-04 14:51:00","LONG","18","GGP","GGP INC","46.3200","18","2006-04-05 15:28:43","46.8000","-0.00","-0.01","2006-04-04 15:00:00","0","46.2900","8.95","19441299"
"2006-04-03 13:58:00","LONG","30","IN","INTERMEC","28.6900","30","2006-04-05 10:40:48","28.6200","-0.06","-0.21","2006-04-04 10:00:00","0","28.0200","-2.05","19418919"
"2006-03-31 14:04:00","LONG","20","CINF","CINCINNATI FINANCIAL CORP","42.0000","20","2006-04-03 13:23:21","42.6600","-0.00","-0.01","2006-03-31 15:15:00","0","41.9500","12.95","19357416"
"2006-03-31 15:37:00","LONG","20","ABFS","ARKANSAS BEST","39.2800","20","2006-04-03 10:30:15","40.1800","-0.02","-0.08","2006-03-31 16:00:00","0","38.9000","17.95","19358681"
"2006-03-30 15:42:00","LONG","17","CRDN","Ceradyne Inc.","49.2000","17","2006-03-31 15:21:19","49.6500","-0.02","-0.08","2006-03-30 16:00:00","0","48.7500","7.95","19339027"
"2006-03-29 10:16:00","LONG","35","AQNT","","20.9700","35","2006-03-29 14:23:33","23.1200","-0.00","-0.01","2006-03-29 10:30:00","0","20.9500","74.95","19309110"
"2006-03-27 15:12:00","LONG","15","CEPH","Cephalon Inc.","60.7900","15","2006-03-29 10:05:36","60.7800","-0.06","-0.19","2006-03-28 15:30:00","0","59.5500","-0.05","19267949"
"2006-03-24 15:49:00","LONG","25","CBT","CABOT","34.0600","25","2006-03-28 15:47:49","33.3300","-0.53","-1.83","2006-03-28 15:15:00","0","33.2800","-18.05","19199576"
"2006-03-23 15:15:00","LONG","27","BMET","","34.2700","27","2006-03-27 10:14:14","34.7400","-0.05","-0.17","2006-03-27 09:45:00","0","33.6400","12.95","19181676"
"2006-03-23 15:14:00","LONG","30","ABI","VICTORYSHARES PIONEER ASSET-BASED INCOME ETF","26.6100","30","2006-03-24 11:22:38","27.0100","-0.01","-0.05","2006-03-24 09:45:00","0","26.4400","11.95","19181635"
"2006-03-22 15:34:00","LONG","40","CVTX","","21.9500","40","2006-03-23 13:31:55","22.5300","-0.04","-0.13","2006-03-23 09:45:00","0","21.6200","22.95","19163600"
"2006-03-21 14:54:00","LONG","17","SEPR","","52.0900","17","2006-03-22 13:42:58","52.1400","-0.03","-0.11","2006-03-22 10:15:00","0","51.4400","0.95","19147808"
"2006-03-21 13:20:00","LONG","25","JRCC","JAMES RIVER COAL COMPANY","31.5100","25","2006-03-22 10:35:32","32.3000","-0.00","-0.01","2006-03-22 09:45:00","0","31.4800","19.95","19146217"
"2006-03-21 12:46:00","LONG","35","TRLG","True Religion Apparel Inc.","18.1000","35","2006-03-22 10:13:34","18.8100","-0.04","-0.13","2006-03-22 09:45:00","0","17.7330","24.95","19145633"
"2006-03-20 15:06:00","LONG","6","SSP","E.W. SCRIPPS","134.4000","6","2006-03-21 12:48:32","134.5200","-0.01","-0.04","2006-03-21 10:15:00","0","44.5600","0.95","19129480"
"2006-03-20 15:13:00","LONG","30","TALX","","27.2100","30","2006-03-21 12:47:14","28.0900","-0.02","-0.07","2006-03-20 15:45:00","0","26.9800","25.95","19129615"
"2006-03-17 10:26:00","LONG","35","SMSC","Standard Microsystems Corp.","25.6600","35","2006-03-20 13:02:00","26.4600","-0.07","-0.21","2006-03-17 10:30:00","0","25.0600","27.95","19077140"
"2006-03-16 13:27:00","LONG","70","PRXL","PAREXEL INTERNATIONAL","12.1400","70","2006-03-20 09:40:25","12.2900","-0.11","-0.34","2006-03-17 10:00:00","0","23.3000","10.95","19059418"
"2006-03-16 13:40:00","LONG","35","ORCT","Orckit Communications Ltd.","20.9800","35","2006-03-17 12:19:28","21.2200","-0.10","-0.33","2006-03-16 16:00:00","0","20.0400","7.95","19059604"
"2006-03-16 13:39:00","LONG","35","RCII","RENT-A-CENTER","23.2300","35","2006-03-17 11:18:36","23.8600","-0.09","-0.29","2006-03-16 14:45:00","0","22.4000","21.95","19059597"
"2006-03-09 15:31:00","LONG","30","ISIL","INTERSIL","27.3900","30","2006-03-15 15:52:42","26.9000","-0.46","-1.47","2006-03-14 09:45:00","0","25.8400","-15.05","18935221"
"2006-03-13 15:44:00","LONG","21","AVID","AVID TECHNOLOGY INC","44.5800","21","2006-03-15 10:12:46","44.4300","-0.10","-0.32","2006-03-14 10:30:00","0","43.2700","-3.05","19003804"
"2006-03-13 15:43:00","LONG","26","SCHS","School Specialty Inc.","32.7800","26","2006-03-14 15:47:09","32.5200","-0.21","-0.68","2006-03-14 11:30:00","0","32.2500","-7.05","19003792"
"2006-03-13 15:42:00","LONG","25","JRCC","JAMES RIVER COAL COMPANY","33.9600","25","2006-03-14 15:41:19","34.2500","-0.02","-0.06","2006-03-14 11:00:00","0","33.7000","6.95","19003790"
"2006-03-08 14:43:00","LONG","18","LEND","SEI HIGH YIELD BOND & ALTERNATIVE CREDIT ETF","47.5700","18","2006-03-13 15:40:03","46.7000","-0.50","-1.57","2006-03-09 12:00:00","0","46.7700","-16.05","18912730"
"2006-03-09 13:13:00","LONG","18","BG","BUNGE","51.5200","18","2006-03-13 15:38:53","51.2000","-0.18","-0.58","2006-03-10 15:30:00","0","50.3500","-6.05","18933164"
"2006-03-10 15:10:00","LONG","30","CMED","China Medical Technologies Inc.","26.1000","30","2006-03-13 10:01:35","27.9000","-0.03","-0.08","2006-03-10 15:15:00","0","25.8400","53.95","18951473"
"2006-03-09 15:39:00","LONG","35","LIFC","","20.2200","35","2006-03-10 11:43:06","21.1800","-0.02","-0.05","2006-03-09 15:45:00","0","20.0660","33.95","18935324"
"2006-03-09 13:32:00","LONG","27","CHS","CHICO'S FAS","37.3100","27","2006-03-10 09:34:48","38.5100","0.00","0.00","2006-03-09 13:30:00","0","37.0600","31.95","18933568"
"2006-03-08 10:59:00","LONG","30","TALX","","28.9500","30","2006-03-09 15:17:03","29.9500","-0.03","-0.08","2006-03-08 11:00:00","0","28.6700","29.95","18908701"
"2006-03-07 15:05:00","LONG","18","WGII","","54.5000","18","2006-03-09 15:11:25","53.4400","-0.65","-1.91","2006-03-08 10:00:00","0","52.6600","-19.05","18890527"
"2006-03-08 11:15:00","LONG","30","GVHR","","22.6200","30","2006-03-09 09:53:01","23.6400","0.00","0.00","2006-03-08 11:15:00","0","22.3700","30.95","18909081"
"2006-03-08 15:53:00","LONG","2.300000000","GMXR","GMX Resources Inc.","378.4300","2.300000000","2006-03-09 09:45:45","398.1900","-0.03","-0.09","2006-03-08 16:00:00","0","28.8200","44.95","18913828"
"2006-03-06 15:37:00","LONG","15","KBH","KB HOME","63.9200","15","2006-03-08 15:38:24","63.3300","-0.30","-0.89","2006-03-07 14:30:00","0","61.5700","-9.05","18871997"
"2006-03-07 15:33:00","LONG","18","CRR","CARBO CERAMICS","51.8600","18","2006-03-08 10:28:47","52.4500","-0.02","-0.06","2006-03-08 09:45:00","0","51.5000","10.95","18890985"
"2006-03-07 15:01:00","LONG","25","AFFX","AFFYMETRIX INC","32.1700","25","2006-03-08 10:28:19","32.7200","0.00","0.00","2006-03-07 15:00:00","0","31.6700","13.95","18890451"
"2006-03-07 15:39:48","LONG","30","SMSC","Standard Microsystems Corp.","29.5900","30","2006-03-08 10:24:15","30.1700","-0.03","-0.10","2006-03-08 09:45:00","0","29.2500","16.95","18891137"
"2006-03-06 12:47:00","LONG","17","ANF","ABERCROMBIE & FITCH","57.1400","17","2006-03-07 15:39:17","56.9300","-0.12","-0.36","2006-03-06 15:00:00","0","56.1000","-4.05","18868947"
"2006-03-06 14:26:00","LONG","28","D","DOMINION RESOURCES","36.0500","28","2006-03-07 15:32:30","35.8450","-0.19","-0.57","2006-03-07 13:15:00","0","71.3700","-6.05","18870941"
"2006-03-03 15:48:00","LONG","15","GENZ","VANECK DIGITAL NATIVE ECONOMY ETF","66.8200","15","2006-03-07 14:43:12","66.7900","-0.05","-0.16","2006-03-07 09:45:00","0","65.7400","-0.05","18819196"
"2006-03-02 15:25:00","LONG","30","AQNT","","25.0000","30","2006-03-06 15:12:52","23.9500","-1.04","-3.15","2006-03-03 09:45:00","0","22.9000","-32.05","18799741"
"2006-03-03 15:47:00","LONG","30","CVTX","","24.6800","30","2006-03-06 14:14:16","24.9900","-0.01","-0.04","2006-03-06 09:45:00","0","24.5300","8.95","18819180"
"2006-03-02 15:20:00","LONG","60","PZZA","PAPA JOHN'S INTERNATIONAL","14.9200","60","2006-03-03 14:27:44","15.1300","-0.01","-0.04","2006-03-02 15:30:00","0","29.6900","12.95","18799695"
"2006-03-02 11:06:00","LONG","40","OPWV","Openwave Systems Inc.","18.9800","40","2006-03-03 12:47:39","19.3300","-0.07","-0.22","2006-03-02 14:30:00","0","18.4400","13.95","18795935"
"2006-02-28 13:06:00","LONG","22","UVV","UNIVERSAL","40.4400","22","2006-03-02 15:52:15","39.4000","-0.75","-2.29","2006-03-02 14:30:00","0","39.0400","-23.05","18764301"
"2006-02-28 13:00:00","LONG","27","BFAM","BRIGHT HORIZONS FAMILY SOLUTIO","33.5900","27","2006-03-01 15:12:57","33.7300","-0.05","-0.14","2006-02-28 15:15:00","0","33.0600","3.95","18764178"
"2006-02-28 15:50:00","LONG","18","YUM","YUM BRANDS","47.7000","18","2006-03-01 12:07:34","48.3900","-0.04","-0.13","2006-03-01 09:45:00","0","46.9700","11.95","18767193"
"2006-02-28 15:53:00","LONG","30","GMRK","","27.2000","30","2006-03-01 11:17:43","27.9000","-0.01","-0.02","2006-02-28 16:00:00","0","27.1300","20.95","18767295"
"2006-02-28 15:37:00","LONG","28","IVC","INVACARE","31.2100","28","2006-03-01 10:23:41","31.7000","0.00","0.00","2006-02-28 15:45:00","0","31.2000","13.95","18766985"
"2006-02-24 12:21:00","LONG","23","KYPH","","35.8400","23","2006-02-28 15:47:37","35.8100","-0.03","-0.10","2006-02-27 13:45:00","0","35.4000","-1.05","18683131"
"2006-02-27 11:18:00","LONG","50","KWK","QUICKSILVER RESOURCES","18.5100","50","2006-02-28 15:47:06","18.1600","-0.58","-1.75","2006-02-28 10:00:00","0","35.9000","-18.05","18741019"
"2006-02-27 15:56:00","LONG","17","VSEA","Varian Semiconductor Equipment Associates Inc.","46.7100","17","2006-02-28 09:54:59","47.7800","-0.01","-0.02","2006-02-28 09:45:00","0","46.6100","17.95","18745767"
"2006-02-24 15:48:00","LONG","23","RATE","GLOBAL X INTEREST RATE HEDGE ETF","36.1600","23","2006-02-27 15:37:22","36.4200","-0.05","-0.15","2006-02-27 10:15:00","0","35.5200","5.95","18686536"
"2006-02-23 15:19:00","LONG","46","KWK","QUICKSILVER RESOURCES","19.0300","46","2006-02-24 15:47:19","18.9750","-0.08","-0.25","2006-02-23 15:45:00","0","37.6600","-3.05","18664016"
"2006-02-23 15:19:00","LONG","28","ISIL","INTERSIL","28.2700","28","2006-02-24 11:26:59","28.5600","n/a","","","","","7.95","18664019"
"2006-02-22 15:23:00","LONG","14","WFMI","Whole Foods Market, Inc.","61.9300","14","2006-02-23 10:19:48","62.6700","n/a","","","","","9.95","18640635"
"2006-02-21 15:27:00","LONG","17","KLAC","KLA CORP","50.9300","17","2006-02-22 12:25:00","52.1400","n/a","","","","","20.95","18612768"
"2006-02-21 15:54:00","LONG","20","AAP","ADVANCE AUTO PARTS","40.4800","20","2006-02-22 11:33:08","41.2100","n/a","","","","","14.95","18613048"
"2006-02-17 11:43:00","LONG","14","WBSN","Websense, Inc.","59.3500","14","2006-02-21 15:48:58","59.8200","0.00","0.00","2006-02-17 11:39:00","0","59.1900","6.95","18544060"
"2006-02-17 15:29:00","LONG","30","MANT","MANTECH INTERNATIONAL","26.2300","30","2006-02-21 09:55:58","26.8600","-0.02","-0.07","2006-02-17 15:30:00","0","26.0100","18.95","18546995"
"2006-02-16 14:56:00","LONG","35","NARA","Nara Bancorp Inc.","15.7700","35","2006-02-17 10:03:43","16.2700","n/a","","","","","17.95","18529599"
"2006-02-16 14:53:26","LONG","20","CLF","CLEVELAND-CLIFFS INC","43.0600","20","2006-02-17 09:43:04","44.5750","n/a","","","","","29.95","18529501"
"2006-02-15 15:34:21","LONG","20","VTS","VITESSE ENERGY INC.","38.9500","20","2006-02-16 15:40:43","39.9900","-0.01","-0.02","2006-02-15 15:45:00","0","38.8300","20.95","18513948"
"2006-02-15 15:33:46","LONG","35","ELX","EMULEX","17.1700","35","2006-02-16 13:56:31","17.8000","0.00","0.00","2006-02-15 15:30:00","0","17.1500","21.95","18513927"
"2006-02-15 15:54:21","LONG","30","FCX","FREEPORT-MCMORAN INC","25.0850","30","2006-02-16 12:29:41","25.6900","n/a","","","","","17.95","18514213"
"2006-02-10 15:13:00","LONG","24","QSII","QUALITY SYSTEMS","35.3350","24","2006-02-14 15:57:11","33.5700","-1.44","-4.24","2006-02-14 09:45:00","0","65.6300","-42.05","18453093"
"2006-02-10 15:42:00","LONG","25","DGIN","VANECK DIGITAL INDIA ETF","32.8100","25","2006-02-14 15:48:29","31.0700","-1.47","-4.35","2006-02-14 10:00:00","0","30.5800","-44.05","18453422"
"2006-02-13 15:24:00","LONG","15","CNX","CNX RESOURCES CORP","61.3300","15","2006-02-14 15:34:58","61.0400","-0.15","-0.44","2006-02-14 09:45:00","0","60.3500","-4.05","18483569"
"2006-02-10 15:41:00","LONG","35","BNT","BROOKFIELD WEALTH SOLUTIONS LTD. CLASS A","17.8600","35","2006-02-14 15:25:39","17.1200","-0.88","-2.59","2006-02-14 09:45:00","0","16.5600","-26.05","18453417"
"2006-02-10 15:33:00","LONG","24","FLR","FLUOR","40.6950","24","2006-02-13 15:29:00","40.5550","-0.12","-0.34","2006-02-13 15:00:00","0","80.8800","-3.05","18453333"
"2006-02-08 15:27:00","LONG","25","HOS","HORNBECK OFFSHORE SERVICE","35.8500","25","2006-02-10 15:35:00","35.4000","-0.39","-1.13","2006-02-10 11:16:00","0","34.1500","-11.05","18412921"
"2006-02-09 15:16:00","LONG","40","FISV","FISERV INC.","20.4750","40","2006-02-10 15:31:00","20.4800","-0.04","-0.13","2006-02-10 09:36:00","0","40.2900","-0.05","18432068"
"2006-02-09 15:26:00","LONG","35","IDIX","IDENIX PHARMACEUTICALS","18.7200","35","2006-02-10 14:58:00","19.2500","-0.02","-0.07","2006-02-10 09:48:00","0","18.5200","18.95","18432188"
"2006-02-09 15:26:00","LONG","15","GENZ","VANECK DIGITAL NATIVE ECONOMY ETF","68.1200","15","2006-02-10 14:57:00","68.2400","-0.13","-0.39","2006-02-10 10:14:00","0","65.4900","1.95","18432197"
"2006-02-09 15:27:00","LONG","24","JH","","35.1900","24","2006-02-10 10:18:00","36.0600","-0.01","-0.04","2006-02-09 15:35:00","0","35.0200","20.95","18432200"
"2006-02-08 15:30:00","LONG","25","EFX","EQUIFAX","36.5000","25","2006-02-09 15:03:00","36.7200","0.00","0.00","2006-02-08 15:28:00","0","36.4500","5.95","18412989"
"2006-02-08 15:56:00","LONG","25","MPG","LEVERAGE SHARES 2X LONG MP DAILY ETF","32.1300","25","2006-02-09 13:54:00","32.5900","-0.01","-0.03","2006-02-09 09:45:00","0","32.0000","11.95","18413431"
"2006-02-07 11:20:45","LONG","20","ALEX","ALEXANDER & BALDWIN","47.7600","20","2006-02-09 11:40:00","48.7100","-0.03","-0.09","2006-02-08 09:53:00","0","47.3000","18.95","18390903"
"2006-02-07 15:18:58","LONG","15","JOE","ST. JOE","60.0200","15","2006-02-08 15:38:00","61.0600","-0.09","-0.26","2006-02-08 10:13:00","0","58.3100","15.95","18394931"
"2006-02-07 15:18:34","LONG","25","CPKI","California Pizza Kitchen Inc.","30.7500","25","2006-02-08 15:33:00","30.8700","-0.02","-0.05","2006-02-08 11:44:00","0","30.5600","2.95","18394913"
"2006-02-06 15:27:06","LONG","30","CMTL","COMTECH TELECOMMUNICATIONS","28.4800","30","2006-02-08 10:51:56","29.0000","-0.04","-0.12","2006-02-07 09:32:00","0","28.0900","15.95","18372194"
"2006-02-06 15:55:26","LONG","37.300000000","LNCR","Lincare Holdings Inc.","27.0680","37.300000000","2006-02-08 10:18:47","27.7050","-0.07","-0.19","2006-02-07 10:38:00","0","39.6500","23.95","18372697"
"2006-02-06 15:15:48","LONG","30","ORCT","Orckit Communications Ltd.","25.3500","30","2006-02-07 15:11:38","26.1300","-0.12","-0.33","2006-02-07 09:38:00","0","24.2500","22.95","18372098"
"2006-02-02 15:50:57","LONG","30","XMSR","","25.0300","30","2006-02-06 15:55:01","23.5500","-1.58","-4.44","2006-02-06 14:16:00","0","23.4200","-44.05","18299995"
"2006-02-02 11:48:27","LONG","30","BOW","BOWHEAD SPECIALTY HOLDINGS INC","26.9100","30","2006-02-06 15:50:46","26.7900","-0.13","-0.36","2006-02-03 10:29:00","0","26.3500","-4.05","18297483"
"2006-02-03 15:25:23","LONG","44","FISV","FISERV INC.","21.2100","44","2006-02-06 13:18:51","21.3750","-0.05","-0.13","2006-02-06 09:31:00","0","41.8100","6.95","18318014"
"2006-02-03 15:30:43","LONG","20","HCA","HCA HEALTHCARE INC","47.3900","20","2006-02-06 11:50:32","47.7500","-0.02","-0.05","2006-02-06 11:00:00","0","47.1400","6.95","18318102"
"2006-02-01 15:54:44","LONG","24","ADSK","AUTODESK","39.4000","24","2006-02-03 15:41:18","35.4900","-3.20","-9.38","2006-02-02 09:42:00","0","27.7200","-94.05","18283388"
"2006-02-02 12:12:30","LONG","22","AMLN","Amylin Pharmaceuticals, Inc.","38.5000","22","2006-02-03 15:17:12","39.2800","0.00","0.00","2006-02-02 12:11:00","0","38.3900","16.95","18297795"
"2006-02-02 15:08:16","LONG","30","AJG","ARTHUR J. GALLAGHER","28.4000","30","2006-02-03 14:12:46","28.5000","-0.03","-0.09","2006-02-02 15:53:00","0","28.1000","2.95","18299395"
"2006-01-31 15:33:11","LONG","17","SAFC","","52.2900","17","2006-02-02 15:23:27","51.0300","-0.73","-2.14","2006-02-02 14:17:00","0","50.8600","-21.05","18261367"
"2006-01-30 14:58:00","LONG","25","MTN","VAIL RESORTS","31.2800","25","2006-02-01 15:45:33","30.5900","-0.59","-1.73","2006-01-31 14:35:00","0","30.1600","-17.05","18241919"
"2006-01-31 15:38:19","LONG","28","BOW","BOWHEAD SPECIALTY HOLDINGS INC","27.3500","28","2006-02-01 12:16:40","27.8700","-0.05","-0.15","2006-02-01 10:11:00","0","26.8200","14.95","18261466"
"2006-01-30 14:36:52","LONG","44","UST","PROSHARES ULTRA 7-10 YEAR TREA","19.7450","44","2006-02-01 10:42:08","19.6400","-0.16","-0.46","2006-01-31 14:53:00","0","38.7900","-5.05","18241719"
"2006-01-31 15:53:32","LONG","12","FO","Fortune Brands Inc.","75.0900","12","2006-02-01 09:45:46","75.8200","-0.01","-0.02","2006-01-31 16:04:00","0","74.9600","8.95","18261727"
"2006-01-30 15:48:35","LONG","15","OCR","OMNICARE","48.0400","15","2006-01-31 14:56:06","48.8100","-0.02","-0.05","2006-01-31 09:38:00","0","47.7100","11.95","18242575"
"2006-01-26 15:33:24","LONG","12","AMGN","AMGEN","71.9700","12","2006-01-30 09:53:02","71.9300","-0.06","-0.16","2006-01-27 15:31:00","0","70.6500","-0.05","18167800"
"2006-01-27 15:41:16","LONG","25","FLSH","","28.2600","25","2006-01-30 09:42:23","29.1000","0.00","0.00","2006-01-27 15:39:00","0","28.0800","20.95","18186797"
"2006-01-26 15:22:13","LONG","30","GB","GLOBAL BLUE GROUP HOLDING AG","25.0100","30","2006-01-27 15:14:04","25.3300","0.00","0.00","2006-01-26 15:19:00","0","24.9900","9.95","18167686"
"2006-01-26 15:52:02","LONG","30","DLX","DELUXE","27.1300","30","2006-01-27 10:19:13","27.9200","0.00","0.00","2006-01-26 15:49:00","0","27.1200","23.95","18168034"
"2006-01-25 15:38:51","LONG","16","OCR","OMNICARE","52.7600","16","2006-01-26 10:27:29","53.4300","0.00","0.00","2006-01-25 15:35:00","0","52.6300","10.95","18152172"
"2006-01-25 15:26:43","LONG","25","CYBX","CYBERONICS INC","28.6500","25","2006-01-26 10:23:40","29.3600","0.00","0.00","2006-01-25 15:23:00","0","28.6300","17.95","18152037"
"2006-01-24 15:47:10","LONG","18","ALL","ALLSTATE","51.2400","18","2006-01-26 09:42:41","51.8500","-0.06","-0.18","2006-01-25 15:07:00","0","50.2200","10.95","18136661"
"2006-01-24 15:34:15","LONG","15","ZMH","ZIMMER HOLDINGS","66.6700","15","2006-01-25 10:06:29","67.6600","-0.00","-0.01","2006-01-24 15:55:00","0","66.6200","14.95","18136523"
"2006-01-20 12:06:09","LONG","30","FOXH","","29.4600","30","2006-01-24 15:43:27","27.6000","-1.97","-5.58","2006-01-23 12:48:00","0","27.0800","-56.05","18061171"
"2006-01-23 10:54:46","LONG","18","AMHC","AMPLITUDE HEALTHCARE ACQUISITIO","42.6100","18","2006-01-24 12:19:20","42.9800","-0.02","-0.06","2006-01-23 14:17:00","0","42.2800","6.95","18114151"
"2006-01-23 15:03:57","LONG","18","DGX","QUEST DIAGNOSTICS","49.0900","18","2006-01-24 09:43:44","49.6700","-0.02","-0.05","2006-01-23 15:46:00","0","48.8000","9.95","18117442"
"2006-01-19 15:24:25","LONG","16","MTH","MERITAGE HOMES","59.1900","16","2006-01-23 15:51:25","57.7800","-0.80","-2.26","2006-01-23 10:36:00","0","57.3200","-23.05","18044191"
"2006-01-20 10:54:24","LONG","23","KYPH","","38.2000","23","2006-01-23 09:57:23","39.3500","0.00","0.00","2006-01-20 10:53:00","0","37.8800","25.95","18059706"
"2006-01-20 14:29:00","LONG","15","CMA","COMERICA","54.4600","15","2006-01-23 09:49:41","54.6800","0.00","0.00","2006-01-20 14:26:00","0","54.3400","2.95","18063411"
"2006-01-20 15:29:58","LONG","30.400000000","FHN","FIRST HORIZON CORP","30.7230","30.400000000","2006-01-23 09:42:57","31.0790","-0.01","-0.03","2006-01-20 15:52:00","0","37.1000","10.95","18064584"
"2006-01-19 11:39:17","LONG","18","NTRS","NORTHERN TRUST","49.5800","18","2006-01-20 15:29:14","49.2600","-0.20","-0.58","2006-01-20 09:35:00","0","49.1200","-6.05","18040530"
"2006-01-19 11:30:21","LONG","18","AMHC","AMPLITUDE HEALTHCARE ACQUISITIO","43.2500","18","2006-01-20 14:26:53","43.8300","0.00","0.00","2006-01-19 11:27:00","0","43.2200","9.95","18040363"
"2006-01-19 14:44:43","LONG","40","PII","POLARIS INC","23.6050","40","2006-01-20 12:05:19","23.6650","-0.04","-0.11","2006-01-20 09:35:00","0","46.6500","1.95","18043528"
"2006-01-19 12:26:42","LONG","20","MNT","","44.4500","20","2006-01-20 10:53:05","44.8500","-0.04","-0.11","2006-01-19 15:53:00","0","43.8900","7.95","18041505"
"2006-01-18 13:43:45","LONG","20","PLCE","CHILDRENS PLACE INC.","43.4400","20","2006-01-19 15:14:22","42.9900","-0.32","-0.90","2006-01-19 11:34:00","0","42.2800","-9.05","18024568"
"2006-01-18 15:08:10","LONG","13","ASEI","AMERICAN SCIENCE","59.9800","13","2006-01-19 09:52:31","60.6300","0.00","0.00","2006-01-18 15:05:00","0","59.8300","7.95","18025900"
"2006-01-18 13:49:58","LONG","15","PCP","PRECISION CASTPARTS","48.9300","15","2006-01-19 09:50:16","49.6700","-0.00","-0.01","2006-01-18 13:53:00","0","48.8700","10.95","18024655"
"2006-01-17 15:13:40","LONG","30","TRW","TRW AUTOMOTIVE HOLDINGS","24.4900","30","2006-01-18 15:48:35","24.3800","-0.12","-0.33","2006-01-18 15:25:00","0","24.2800","-3.05","18006937"
"2006-01-13 15:26:51","LONG","15","DRS","LEONARDO DRS INC.","49.1100","15","2006-01-18 15:47:49","47.6500","-0.79","-2.19","2006-01-18 09:55:00","0","46.9400","-22.05","17917059"
"2006-01-17 13:25:30","LONG","100","ALK","ALASKA AIR GROUP","7.5550","100","2006-01-18 10:14:02","7.7250","-0.03","-0.09","2006-01-18 09:36:00","0","29.8500","16.95","18005552"
"2006-01-13 15:00:36","LONG","25","SIRF","","30.0500","25","2006-01-17 10:41:30","30.0800","-0.02","-0.05","2006-01-13 15:15:00","0","29.8500","0.95","17916642"
"2006-01-13 13:44:22","LONG","10","WHR","WHIRLPOOL","80.3000","10","2006-01-17 10:37:07","81.4400","-0.01","-0.03","2006-01-13 14:18:00","0","80.0100","10.95","17914282"
"2006-01-12 15:32:42","LONG","35.900000000","PDLI","PDL BIOPHARMA","22.2140","35.900000000","2006-01-13 15:20:38","22.1360","-0.10","-0.28","2006-01-13 10:22:00","0","28.0600","-3.05","17893567"
"2006-01-12 14:24:23","LONG","18","AFFX","AFFYMETRIX INC","40.8900","18","2006-01-13 14:12:47","41.2000","-0.01","-0.04","2006-01-12 14:40:00","0","40.6800","5.95","17892450"
"2006-01-06 15:16:00","LONG","25","CEDC","Central European Distribution Corp.","38.2800","25","2006-01-09 09:50:09","40.4300","-0.00","-0.01","2006-01-06 15:16:00","0","38.2600","53.95","17758351"
"2006-01-05 11:35:45","LONG","25","SAFM","SANDERSON FARMS","27.5600","25","2006-01-06 15:14:09","27.5000","-0.05","-0.15","2006-01-06 10:24:00","0","27.4200","-2.05","17699004"
"2006-01-04 10:02:31","LONG","13","WBSN","Websense, Inc.","62.0800","13","2006-01-05 11:32:41","63.1300","-0.05","-0.13","2006-01-05 09:57:00","0","61.0700","13.95","17677524"
"2006-01-04 15:50:25","LONG","35","ISSX","","20.3900","35","2006-01-05 10:44:17","21.2000","-0.01","-0.03","2006-01-04 16:00:00","0","20.3000","27.95","17683280"
"2006-01-04 15:30:29","LONG","32","URBN","URBAN OUTFITTERS","24.2100","32","2006-01-05 10:42:35","25.6300","0.00","0.00","2006-01-04 15:27:00","0","24.1900","44.95","17683007"
"2005-12-30 13:34:10","LONG","25","ELOS","SYNERON MEDICAL","31.9500","25","2006-01-04 15:51:08","28.6500","-3.12","-8.25","2006-01-03 15:49:00","0","28.1500","-83.05","17596637"
"2006-01-03 10:28:00","LONG","25","OSTK","OVERSTOCK.COM","26.2000","25","2006-01-04 15:34:16","27.1200","0.00","0.00","2006-01-03 10:26:00","0","26.0000","22.95","17657126"
"2006-01-03 10:25:04","LONG","18","AH","ACCRETIVE HEALTH","41.3000","18","2006-01-04 09:42:03","43.8500","-0.02","-0.04","2006-01-03 10:41:00","0","41.0600","45.95","17657056"
"2005-12-29 15:34:25","LONG","10","BMHC","","72.1600","10","2006-01-03 14:45:40","72.7700","-0.17","-0.45","2005-12-30 11:45:00","0","67.6800","5.95","17579289"
"2005-12-29 15:44:05","LONG","12","PSA","PUBLIC STORAGE","68.3500","12","2006-01-03 13:17:14","68.4200","-0.03","-0.08","2005-12-30 16:04:00","0","67.7200","0.95","17579424"
"2005-12-28 10:51:03","LONG","25","OSTK","OVERSTOCK.COM","29.5000","25","2005-12-30 15:22:30","28.3000","-1.12","-3.00","2005-12-30 11:07:00","0","28.0600","-30.05","17565285"
"2005-12-27 13:59:14","LONG","12","BOL","","70.0200","12","2005-12-29 15:53:20","67.0800","-1.30","-3.53","2005-12-28 10:53:00","0","66.1700","-35.05","17554776"
"2005-12-27 15:37:13","LONG","40","HHGP","","17.5400","40","2005-12-29 14:41:39","17.6200","-0.04","-0.10","2005-12-28 12:03:00","0","17.3000","2.95","17555780"
"2005-12-22 15:18:54","LONG","30","VLCCF","KNIGHTSBRIDGE SHIPPING LIMITED","25.6900","30","2005-12-27 15:33:02","24.7900","-0.99","-2.70","2005-12-27 11:38:00","0","24.6200","-27.05","17509756"
"2005-12-21 15:39:42","LONG","10","STR","SITIO ROYALTIES CORP. CLASS A","78.2000","10","2005-12-22 15:10:43","78.5100","0.00","0.00","2005-12-21 15:36:00","0","78.0500","2.95","17494871"
"2005-12-20 15:48:40","LONG","25","DJO","","28.4600","25","2005-12-22 15:08:20","28.5200","-0.06","-0.16","2005-12-21 15:00:00","0","27.8100","1.95","17483444"
"2005-12-19 14:40:31","LONG","25","FOXH","","32.4000","25","2005-12-21 15:38:57","31.5300","-0.79","-2.18","2005-12-21 09:47:00","0","30.6100","-22.05","17470690"
"2005-12-20 11:01:06","LONG","17.910000000","PCAR","PACCAR","45.8880","17.910000000","2005-12-21 10:15:54","46.6120","-0.01","-0.02","2005-12-20 11:05:00","0","68.3500","12.95","17480536"
"2005-12-20 15:06:15","LONG","35","IRIS","IRIS International Inc.","20.8800","35","2005-12-21 09:48:00","21.8700","0.00","0.00","2005-12-20 15:05:00","0","20.7901","34.95","17483028"
"2005-12-19 15:04:06","LONG","40","CLRK","","14.3900","40","2005-12-20 15:12:05","14.3200","-0.10","-0.28","2005-12-20 15:12:05","0","14.0200","-3.05","17470900"
"2005-12-19 15:17:15","LONG","16","PLCE","CHILDRENS PLACE INC.","48.9000","16","2005-12-20 15:11:23","48.2800","-0.37","-0.99","2005-12-20 09:46:00","0","47.3100","-10.05","17471121"
"2005-12-19 13:46:40","LONG","15","CRI","CARTER'S","57.6900","15","2005-12-20 14:36:10","57.5100","-0.10","-0.27","2005-12-20 09:44:00","0","55.9200","-3.05","17469891"
"2005-12-19 15:25:21","LONG","18","ITRI","ITRON","40.9700","18","2005-12-20 11:00:40","41.4800","-0.03","-0.07","2005-12-19 15:53:00","0","40.5800","8.95","17471237"
"2005-12-16 14:58:48","LONG","20","CCRT","CompuCredit Holdings Corp.","37.9800","20","2005-12-19 15:16:15","38.1600","-0.01","-0.03","2005-12-19 09:32:00","0","37.8300","3.95","17425142"
"2005-12-16 14:22:28","LONG","30","LYO","","23.6300","30","2005-12-19 15:09:28","24.0400","-0.01","-0.02","2005-12-16 14:25:00","0","23.5700","11.95","17424776"
"2005-12-15 10:26:15","LONG","30","URBN","URBAN OUTFITTERS","26.6500","30","2005-12-19 10:15:18","27.0000","-0.12","-0.32","2005-12-16 09:42:00","0","25.6000","10.95","17407731"
"2005-12-14 15:33:00","LONG","50","QDEL","QUIDEL","11.0600","50","2005-12-16 15:38:30","10.1900","-1.61","-4.35","2005-12-15 15:29:00","0","9.9300","-44.05","17394817"
"2005-12-15 12:26:55","LONG","35","TRID","Trident Microsystems, Inc.","17.9000","35","2005-12-16 09:40:17","18.4000","-0.01","-0.02","2005-12-15 13:17:00","0","17.8300","17.95","17409278"
"2005-12-14 13:10:51","LONG","20","NDAQ","NASDAQ INC COMMON STOCK","35.6500","20","2005-12-15 12:58:20","36.2200","-0.03","-0.08","2005-12-15 10:18:00","0","35.2700","10.95","17393009"
"2005-12-14 11:40:39","LONG","214.300000000","NFLX","NETFLIX","3.2060","214.300000000","2005-12-15 09:34:06","3.5080","0.00","0.00","2005-12-14 11:38:00","0","22.7200","64.95","17391502"
"2005-12-12 15:48:47","LONG","25","CECO","CECO ENVIRONMENTAL CORP.","33.0100","25","2005-12-14 15:53:25","32.6900","-0.30","-0.80","2005-12-13 11:30:00","0","31.7800","-8.05","17359673"
"2005-12-13 15:36:17","LONG","24","HUBG","HUB GROUP","36.2200","24","2005-12-14 15:25:25","36.0700","-0.14","-0.36","2005-12-14 11:09:00","0","35.5400","-4.05","17375307"
"2005-12-12 15:27:18","LONG","15","XRAY","DENTSPLY SIRONA INC","54.9300","15","2005-12-13 15:34:49","55.3700","-0.03","-0.09","2005-12-13 10:39:00","0","54.3300","6.95","17359456"
"2005-12-08 15:03:29","LONG","25","SINT","SINTX TECHNOLOGIES INC","25.6900","25","2005-12-12 11:31:56","26.2300","-0.08","-0.22","2005-12-09 10:36:00","0","24.8000","13.95","17298395"
"2005-12-09 15:33:55","LONG","25","SKYW","SKYWEST","27.9300","25","2005-12-12 10:05:08","28.3900","0.00","0.00","2005-12-09 15:30:00","0","27.8800","11.95","17315626"
"2005-12-08 15:38:04","LONG","25","ISLE","ISLEWORTH HEALTHCARE ACQUISITION CORPORATION","24.4900","25","2005-12-09 15:33:26","24.1900","-0.29","-0.75","2005-12-09 10:33:00","0","23.9500","-8.05","17298772"
"2005-12-08 14:02:06","LONG","25","USPI","","32.7900","25","2005-12-09 10:25:07","33.6100","-0.00","-0.01","2005-12-08 14:13:00","0","32.7500","20.95","17297486"
"2005-12-08 14:36:40","LONG","25","UNFI","UNITED NATURAL FOODS","25.1600","25","2005-12-09 09:52:11","26.0400","-0.05","-0.14","2005-12-08 14:42:00","0","24.6000","21.95","17298151"
"2005-12-06 15:34:40","LONG","30","CTRP","CTRIP.COM INTERNATIONAL","27.1700","30","2005-12-08 15:34:56","27.1100","-0.07","-0.18","2005-12-08 09:31:00","0","53.5000","-2.05","17263334"
"2005-12-07 15:15:41","LONG","17","JCOM","J2 GLOBAL INC. COMMON STOCK","44.4400","17","2005-12-08 11:13:45","45.0000","-0.06","-0.16","2005-12-08 09:38:00","0","43.4800","9.95","17280528"
"2005-12-07 15:19:52","LONG","25","RECN","RESOURCES CONNECTION","27.5500","25","2005-12-08 10:41:34","27.9800","-0.01","-0.03","2005-12-07 15:20:00","0","27.4200","10.95","17280563"
"2005-12-07 11:34:21","LONG","40","NTMD","","13.3300","40","2005-12-08 10:01:01","14.6000","0.00","0.00","2005-12-07 11:32:00","0","13.2400","50.95","17278083"
"2005-12-06 15:34:19","LONG","15","HDI","","51.9700","15","2005-12-07 15:15:17","51.3200","-0.39","-0.98","2005-12-07 09:49:00","0","51.0800","-10.05","17263327"
"2005-12-06 15:41:45","LONG","25","AVCT","AMERICAN VIRTUAL CLOUD TECHNOLOGIES INC","28.4200","25","2005-12-07 10:48:33","28.7100","-0.02","-0.05","2005-12-07 10:00:00","0","28.2300","6.95","17263439"
"2005-12-05 14:49:58","LONG","15","ANT","","41.9600","15","2005-12-06 10:12:27","42.4400","-0.02","-0.04","2005-12-06 09:31:00","0","41.7000","6.95","17245146"
"2005-12-02 10:10:33","LONG","25","HR","HEALTHCARE REALTY TRUST INC","34.2500","25","2005-12-06 10:09:22","34.0100","-0.34","-0.81","2005-12-05 11:05:00","0","31.0100","-6.05","17194511"
"2005-12-05 15:24:32","LONG","30","EEFT","EURONET WORLDWIDE","25.9500","30","2005-12-06 10:05:47","26.2900","0.00","0.00","2005-12-05 15:21:00","0","25.9100","9.95","17245543"
"2005-12-05 14:44:11","LONG","30","TSRA","TESSERA TECHNOLOGIES","25.4400","30","2005-12-06 09:50:15","26.4900","0.00","0.00","2005-12-05 14:41:00","0","25.3500","31.95","17245082"
"2005-12-01 10:54:40","LONG","16","AFFX","AFFYMETRIX INC","47.4800","16","2005-12-05 15:52:04","45.8200","-1.11","-2.66","2005-12-05 09:36:00","0","44.8600","-27.05","17180396"
"2005-12-01 14:27:16","LONG","37.740000000","APPX","TRADR 2X LONG APP DAILY ETF","19.2600","37.740000000","2005-12-05 13:37:31","19.0850","-0.33","-0.82","2005-12-02 10:07:00","0","32.2500","-7.05","17182624"
"2005-12-01 15:01:54","LONG","35","AEOS","","20.8100","35","2005-12-02 10:51:38","21.4100","-0.02","-0.05","2005-12-01 15:13:00","0","20.6700","20.95","17182965"
"2005-11-30 15:13:29","LONG","30","SVC","SERVICE PROPERTIES TRUST","20.5700","30","2005-12-01 09:47:32","20.9400","-0.03","-0.06","2005-11-30 15:18:00","0","20.3600","10.95","17169464"
"2005-11-30 15:18:21","LONG","20","NDAQ","NASDAQ INC COMMON STOCK","38.4600","20","2005-12-01 09:36:03","40.1600","0.00","0.00","2005-11-30 15:18:00","0","38.4500","33.95","17169503"
"2005-11-30 12:13:18","LONG","15","GRMN","GARMIN","54.4000","15","2005-12-01 09:35:30","55.9200","-0.02","-0.04","2005-11-30 12:18:00","0","54.1200","22.95","17167932"
"2005-11-29 14:53:46","LONG","15","RYAAY","RYANAIR HOLDINGS","49.6200","15","2005-11-30 15:03:04","49.9300","-0.01","-0.02","2005-11-30 09:31:00","0","49.4800","4.95","17152658"
"2005-11-29 12:09:57","LONG","37.740000000","APPX","TRADR 2X LONG APP DAILY ETF","19.8110","37.740000000","2005-11-30 13:58:21","19.9330","-0.03","-0.06","2005-11-30 09:54:00","0","37.0600","4.95","17150313"
"2005-11-30 10:12:23","LONG","30","CKCM","","22.1700","30","2005-11-30 12:55:55","23.4700","0.00","0.00","2005-11-30 10:10:00","0","21.0000","38.95","17166227"
"2005-11-28 15:29:05","LONG","120","ALXN","ALEXION PHARMACEUTICALS","4.9900","120","2005-11-30 11:31:51","4.8720","-0.60","-1.42","2005-11-29 15:00:00","0","18.3700","-14.05","17136644"
"2005-11-29 15:52:10","LONG","15","ERTS","","56.3300","15","2005-11-30 10:03:47","56.9500","-0.01","-0.03","2005-11-30 09:31:00","0","56.1200","8.95","17153374"
"2005-11-28 15:28:19","LONG","20","SMTS","SIERRA METALS INC","29.8000","20","2005-11-29 10:25:01","30.5900","0.00","0.00","2005-11-28 15:27:00","0","29.7000","15.95","17136638"
"2005-11-28 15:32:29","LONG","40","BFAM","BRIGHT HORIZONS FAMILY SOLUTIO","34.7600","40","2005-11-29 09:52:40","35.3700","0.00","0.00","2005-11-28 15:32:00","0","34.7300","23.93","17136673"
"2005-11-22 14:52:24","LONG","20","USNA","USANA HEALTH SCIENCES","40.7700","20","2005-11-28 15:16:10","39.9800","-0.68","-1.58","2005-11-25 11:07:00","0","39.4400","-16.05","17041197"
"2005-11-23 12:32:58","LONG","30","FLSH","","28.5000","30","2005-11-25 10:01:47","29.7200","-0.01","-0.03","2005-11-23 12:39:00","0","28.4000","36.95","17054785"
"2005-11-21 15:08:47","LONG","40","SYMC","SYMANTEC","17.8800","40","2005-11-22 15:38:22","17.7200","-0.28","-0.64","2005-11-22 13:58:00","0","17.3700","-6.05","17026904"
"2005-11-21 11:37:21","LONG","40","FORD","FORWARD INDUSTRIES","17.3500","40","2005-11-22 11:37:07","17.6800","-0.13","-0.30","2005-11-22 09:37:00","0","16.6000","12.95","17024347"
"2005-11-17 14:26:53","LONG","25","TRID","Trident Microsystems, Inc.","32.1500","25","2005-11-18 10:43:29","32.1600","-0.04","-0.10","2005-11-18 10:02:00","0","31.7300","-0.05","16963803"
"2005-11-17 13:35:00","LONG","15","HSY","HERSHEY COMPANY","53.0600","15","2005-11-18 09:43:44","53.6500","-0.01","-0.03","2005-11-17 14:08:00","0","52.8500","8.95","16962865"
"2005-11-16 11:12:14","LONG","25","MATK","Martek Biosciences Corp.","27.5500","25","2005-11-17 13:17:55","27.0400","-0.55","-1.28","2005-11-16 15:20:00","0","26.5100","-13.05","16944392"
"2005-11-16 15:29:30","LONG","30","NTGR","NETGEAR","18.0000","30","2005-11-17 11:44:45","18.4300","-0.00","-0.01","2005-11-16 15:52:00","0","17.9600","12.95","16947378"
"2005-11-16 11:42:30","LONG","25","AVL","DIREXION DAILY AVGO BULL 2X ETF","29.2200","25","2005-11-17 10:15:51","29.4400","-0.07","-0.16","2005-11-16 14:04:00","0","28.5800","5.95","16944948"
"2005-11-15 14:18:48","LONG","30","CTRP","CTRIP.COM INTERNATIONAL","26.1250","30","2005-11-16 15:51:06","25.9700","-0.20","-0.47","2005-11-16 14:26:00","0","51.1500","-5.05","16927940"
"2005-11-15 15:32:18","LONG","15","NTLI","","56.4200","15","2005-11-16 15:50:46","55.8900","-0.35","-0.80","2005-11-16 12:47:00","0","55.5200","-8.05","16928929"
"2005-11-15 14:28:00","LONG","30","ASFI","ASTA FUNDING","23.4500","30","2005-11-16 14:19:00","23.7900","-0.03","-0.06","2005-11-15 15:21:00","0","23.2532","9.95","16928061"
"2005-11-14 14:31:14","LONG","15","WYE","","43.0900","15","2005-11-15 15:33:29","43.1200","-0.01","-0.03","2005-11-15 15:01:00","0","42.9000","-0.05","16910256"
"2005-11-14 15:41:56","LONG","30","DRIV","GLOBAL X AUTONOMOUS & ELECTRIC VEHICLES ETF","24.3200","30","2005-11-15 12:02:28","24.6800","-0.03","-0.06","2005-11-15 10:39:00","0","24.1100","10.95","16911020"
"2005-11-14 14:32:38","LONG","20","BFAM","BRIGHT HORIZONS FAMILY SOLUTIO","35.5000","20","2005-11-15 11:38:00","36.1200","0.00","0.00","2005-11-14 14:32:00","0","35.4300","11.95","16910273"
"2005-11-10 14:34:56","LONG","20","COGN","","34.9400","20","2005-11-14 13:04:00","34.7700","n/a","","","","","-3.05","16851463"
"2005-11-10 14:27:36","LONG","55.700000000","FLO","FLOWERS FOODS","11.6450","55.700000000","2005-11-11 15:35:03","11.6670","n/a","","","","","0.95","16851332"
"2005-11-09 15:23:16","LONG","30","GM","GENERAL MOTORS","24.8500","30","2005-11-11 15:31:36","24.3700","n/a","","","","","-14.05","16836145"
"2005-11-09 15:21:30","LONG","15","LAF","","53.9300","15","2005-11-10 15:29:56","53.7600","n/a","","","","","-3.05","16836123"
"2005-11-08 15:24:09","LONG","10","MLM","MARTIN MARIETTA","72.7900","10","2005-11-09 15:51:11","71.7800","n/a","","","","","-10.05","16818373"
"2005-11-08 15:26:00","LONG","35","LFUS","LITTELFUSE","21.6000","35","2005-11-09 13:52:58","22.0200","n/a","","","","","14.95","16818402"
"2005-11-07 15:22:00","LONG","50","RCCC","","12.2500","50","2005-11-08 14:22:00","12.6000","n/a","","","","","17.95","16802312"
"2005-11-04 15:17:54","LONG","40","LYTS","LSI INDUSTRIES","16.3700","40","2005-11-07 10:46:00","16.7300","n/a","","","","","13.95","16755875"
"2005-11-04 15:49:21","LONG","15","LMT","LOCKHEED MARTIN","58.9300","15","2005-11-07 09:43:16","59.3800","n/a","","","","","6.95","16756244"
"2005-11-02 13:57:00","LONG","35","MNTA","MOMENTA PHARMACEUTICALS","19.4500","35","2005-11-03 15:37:00","18.3300","n/a","","","","","-39.05","16719480"
"2005-11-01 15:31:00","LONG","25","SYY","SYSCO","30.7100","25","2005-11-02 14:42:38","30.5500","n/a","","","","","-4.05","16701552"
"2005-11-01 15:44:00","LONG","27","ASFI","ASTA FUNDING","25.3100","27","2005-11-02 14:41:52","25.1600","n/a","","","","","-4.05","16701815"
"2005-11-01 15:34:00","LONG","48","GR","Goodrich Corp.","34.7050","48","2005-11-02 14:00:00","35.2800","n/a","","","","","27.93","16701631"
"2005-10-28 12:59:00","LONG","20","KCI","Kinetic Concepts Inc.","35.1800","20","2005-10-31 10:09:00","36.2000","n/a","","","","","19.95","16591116"
"2005-10-28 15:48:00","LONG","50","JILL","J.JILL  INC","12.4000","50","2005-10-31 09:38:00","12.9000","n/a","","","","","24.95","16592726"
"2005-10-27 15:38:00","LONG","10","LLL","JX LUXVENTURE LIMITED COMMON STOCK","76.1600","10","2005-10-28 12:05:19","77.3600","n/a","","","","","11.95","16575217"
"2005-10-27 10:39:00","LONG","25","TSAI","","25.9300","25","2005-10-28 11:52:00","26.2800","n/a","","","","","8.95","16572043"
"2005-10-27 10:26:00","LONG","25","URBN","URBAN OUTFITTERS","26.8900","25","2005-10-28 09:54:00","27.7400","n/a","","","","","20.95","16571805"
"2005-10-27 11:48:00","LONG","30","PARL","Parlux Fragrances Inc.","22.2300","30","2005-10-28 09:39:00","22.7700","n/a","","","","","15.95","16572841"
"2005-10-27 15:45:00","LONG","30","KNDL","Kendle International Inc.","23.8800","30","2005-10-28 09:34:00","25.2700","n/a","","","","","41.95","16575284"
"2005-10-26 11:43:00","LONG","38","NTMD","","15.5700","38","2005-10-27 15:22:00","15.8800","n/a","","","","","11.95","16555967"
"2005-10-26 15:53:00","LONG","24","KELYA","KELLY SERVICES","26.8400","24","2005-10-27 10:23:16","27.1800","n/a","","","","","7.95","16558427"
"2005-10-25 15:16:00","LONG","40","EL","ESTEE LAUDER COS","16.4600","40","2005-10-26 15:57:15","15.2350","n/a","","","","","-49.05","16542020"
"2005-10-25 15:15:00","LONG","15","LPNT","LIFEPOINT HEALTH INC COMMON","42.0000","15","2005-10-26 15:22:00","40.6200","n/a","","","","","-21.05","16542005"
"2005-10-25 14:16:00","LONG","24","URBN","URBAN OUTFITTERS","28.5000","24","2005-10-26 15:19:00","28.1900","n/a","","","","","-7.05","16541225"
"2005-10-25 15:35:00","LONG","40","TRMS","Trimeris Inc.","13.0700","40","2005-10-26 15:17:00","13.4000","n/a","","","","","12.95","16542236"
"2005-10-24 10:47:00","LONG","36","FISV","FISERV INC.","20.7000","36","2005-10-25 09:39:00","21.3200","n/a","","","","","21.95","16524137"
"2005-10-21 13:30:00","LONG","17","NVT","NVENT ELECTRIC PLC WHEN ISS","41.4700","17","2005-10-25 09:38:00","41.1300","n/a","","","","","-6.05","16470641"
"2005-10-21 12:01:00","LONG","5.670000000","SSP","E.W. SCRIPPS","136.8600","5.670000000","2005-10-24 10:12:00","137.9400","n/a","","","","","5.95","16469282"
"2005-10-21 14:08:00","LONG","25","TRW","TRW AUTOMOTIVE HOLDINGS","24.7400","25","2005-10-24 10:07:00","25.4200","n/a","","","","","16.95","16471234"
"2005-10-21 15:31:00","LONG","30","SAH","SONIC AUTOMOTIVE","20.0400","30","2005-10-24 09:48:00","20.4600","n/a","","","","","12.95","16472342"
"2005-10-21 15:20:00","LONG","25","UAG","UBS E-TRACS CMCI AGRICULTURE T","31.4400","25","2005-10-24 09:38:00","31.9000","n/a","","","","","11.95","16472158"
"2005-10-20 15:46:00","LONG","20","AVCT","AMERICAN VIRTUAL CLOUD TECHNOLOGIES INC","30.2100","20","2005-10-21 10:22:00","30.8000","n/a","","","","","11.95","16453967"
"2005-10-20 15:33:00","LONG","16","PXD","PIONEER NATURAL RESOURCES","45.7000","16","2005-10-21 10:06:00","46.4700","n/a","","","","","11.95","16453752"
"2005-10-20 15:42:00","LONG","28","AACC","Asset Acceptance Capital Corp.","24.7300","28","2005-10-21 10:01:00","25.1000","n/a","","","","","9.95","16453893"
"2005-10-20 16:01:00","LONG","40","SLGN","SILGAN HOLDINGS","15.2500","40","2005-10-21 09:46:00","15.5000","n/a","","","","","9.95","16454340"
"2005-10-19 15:47:00","LONG","28","AACC","Asset Acceptance Capital Corp.","25.4600","28","2005-10-20 09:55:00","25.5300","n/a","","","","","1.95","16437112"
"2005-10-19 10:00:00","LONG","24","XMSR","","29.4200","24","2005-10-20 09:44:00","31.2600","n/a","","","","","43.95","16432056"
"2005-10-18 15:10:00","LONG","6","SSP","E.W. SCRIPPS","141.4200","6","2005-10-19 15:24:00","140.8200","n/a","","","","","-4.05","16419047"
"2005-10-18 15:52:00","LONG","36.400000000","MTL","MECHEL PAO","18.5860","36.400000000","2005-10-19 15:23:00","18.4140","n/a","","","","","-6.05","16419519"
"2005-10-18 15:09:00","LONG","30","SWY","SAFEWAY","23.2900","30","2005-10-19 15:20:00","23.3500","n/a","","","","","1.95","16419041"
"2005-10-18 15:24:00","LONG","27.780000000","DISH","DISH NETWORK","24.1200","27.780000000","2005-10-19 15:16:00","24.3270","n/a","","","","","5.95","16419189"
"2005-10-17 15:08:00","LONG","35","RCII","RENT-A-CENTER","16.5600","35","2005-10-18 15:49:00","16.0000","n/a","","","","","-20.05","16407292"
"2005-10-17 14:08:00","LONG","30","GSIC","GSI Commerce Inc.","18.5900","30","2005-10-18 15:38:00","18.5100","n/a","","","","","-2.05","16406786"
"2005-10-14 15:05:00","LONG","25","POOL","POOL","32.6300","25","2005-10-17 15:44:00","32.5800","n/a","","","","","-1.05","16366697"
"2005-10-13 15:34:00","LONG","15","EXC","EXELON","47.1700","15","2005-10-14 11:34:00","47.8300","n/a","","","","","9.95","16352667"
"2005-10-13 12:41:00","LONG","23","ASFI","ASTA FUNDING","28.8700","23","2005-10-14 11:08:00","29.5600","n/a","","","","","15.95","16350896"
"2005-10-11 14:29:40","LONG","20","XMSR","","32.3000","20","2005-10-13 15:57:31","30.8200","n/a","","","","","-30.05","16333186"
"2005-10-11 15:45:00","LONG","20","NAV","NAVISTAR INTERNATIONAL","27.9000","20","2005-10-13 15:46:00","26.6500","n/a","","","","","-25.05","16334007"
"2005-10-12 15:15:00","LONG","20","SCHL","SCHOLASTIC","32.4400","20","2005-10-13 12:55:00","33.0500","n/a","","","","","11.95","16342462"
"2005-10-11 12:27:00","LONG","22","NFI","","27.1000","22","2005-10-13 11:25:00","27.4000","n/a","","","","","6.95","16332526"
"2005-10-12 10:40:00","LONG","25","CVTX","","23.9700","25","2005-10-13 09:50:00","24.2300","n/a","","","","","6.95","16340262"
"2005-10-11 14:49:00","LONG","20","ELOS","SYNERON MEDICAL","30.9000","20","2005-10-12 15:05:00","31.0500","n/a","","","","","2.95","16333562"
"2005-10-11 11:54:00","LONG","30","TNH","TERRA NITROGEN COMPANY","19.0000","30","2005-10-12 10:09:00","20.2000","n/a","","","","","35.95","16332557"
"2005-10-10 14:28:00","LONG","2.700000000","RAS","RAIT FINANCIAL","236.6100","2.700000000","2005-10-11 15:43:00","233.4600","n/a","","","","","-9.05","16324760"
"2005-10-10 17:18:03","LONG","15","MGM","MGM RESORTS INTERNATIONAL","40.2600","15","2005-10-11 14:43:00","40.0100","n/a","","","","","-4.05","16325611"
"2005-10-10 14:56:32","LONG","14","ALEX","ALEXANDER & BALDWIN","47.7400","14","2005-10-11 10:53:49","48.3100","n/a","","","","","7.95","16324868"
"2005-10-10 14:08:00","LONG","2.400000000","BZH","BEAZER HOMES USA","268.4500","2.400000000","2005-10-11 10:03:00","273.6500","n/a","","","","","11.95","16325504"
"2005-10-07 14:32:00","LONG","40","CKCM","","15.1500","40","2005-10-10 15:11:21","15.5000","n/a","","","","","13.95","16301361"
"2005-10-05 10:18:00","LONG","32","OMG","OM GROUP INC","17.0900","32","2005-10-07 15:05:00","15.8600","n/a","","","","","-39.05","16280713"
"2005-10-04 15:13:00","LONG","10","XOM","EXXON MOBIL","60.9400","10","2005-10-07 15:04:00","59.3100","n/a","","","","","-16.05","16273205"
"2005-10-06 15:52:00","LONG","24","ENER","ACCRETION ACQUISITION CORP.","36.3300","24","2005-10-07 09:48:00","38.1500","n/a","","","","","43.95","16293599"
"2005-10-06 15:18:00","LONG","30","NTGR","NETGEAR","20.5300","30","2005-10-07 09:41:00","21.6500","n/a","","","","","33.95","16293261"
"2005-10-06 15:25:00","LONG","10","NTLI","","61.2100","10","2005-10-07 09:37:00","64.0600","n/a","","","","","28.95","16293319"
"2005-10-05 15:37:00","LONG","30","OI","O-I GLASS INC","19.1700","30","2005-10-06 15:40:03","18.6500","n/a","","","","","-16.05","16283676"
"2005-10-05 15:37:00","LONG","18","AIV","APARTMENT INVESTMENT","37.1000","18","2005-10-06 15:24:00","36.6100","n/a","","","","","-9.05","16283762"
"2005-10-05 15:42:00","LONG","10","APOL","APOLLO EDUCATION GROUP INC. C","62.6600","10","2005-10-06 10:09:00","63.6000","n/a","","","","","8.95","16283735"
"2005-10-04 15:18:00","LONG","14","USNA","USANA HEALTH SCIENCES","45.4000","14","2005-10-05 15:30:00","45.1200","n/a","","","","","-4.05","16273459"
"2005-10-03 15:32:00","LONG","30","NCTY","THE9 LTD","17.4900","30","2005-10-05 15:10:00","16.9000","n/a","","","","","-18.05","16263782"
"2005-10-04 14:51:00","LONG","15","RWT","REDWOOD TRUST","46.5000","15","2005-10-05 13:32:00","46.4900","n/a","","","","","-0.05","16272837"
"2005-10-04 10:48:00","LONG","30.300000000","RIMM","","21.6280","30.300000000","2005-10-05 11:55:00","22.0340","n/a","","","","","11.95","16270316"
"2005-09-29 15:48:00","LONG","20","SONO","SONOS INC. COMMON STOCK","30.6600","20","2005-10-03 15:32:00","29.6500","n/a","","","","","-20.05","16233237"
"2005-09-30 14:33:00","LONG","20","CYBX","CYBERONICS INC","29.5000","20","2005-10-03 12:40:00","29.9900","n/a","","","","","9.95","16241358"
"2005-09-29 15:52:00","LONG","20","MGLN","MAGELLAN HEALTH INC. COMMON S","34.3300","20","2005-09-30 10:14:00","34.8000","n/a","","","","","8.95","16233275"
"2005-09-28 14:15:00","LONG","40","PXR","INVESCO EMERG MKS INFRASTR","16.6500","40","2005-09-29 15:34:00","16.7400","n/a","","","","","3.95","16217481"
"2005-09-28 14:26:00","LONG","12","MDT","MEDTRONIC PLC","54.0500","12","2005-09-29 15:34:00","53.9300","n/a","","","","","-1.05","16217603"
"2005-09-28 14:42:00","LONG","22","STE","STERIS  PLC","23.7600","22","2005-09-29 14:19:00","23.6300","n/a","","","","","-3.05","16217887"
"2005-09-28 15:55:00","LONG","24","DW","LCI INDUSTRIES","24.0800","24","2005-09-29 09:35:00","24.6100","n/a","","","","","12.95","16219100"
"2005-09-27 13:58:00","LONG","40","FCS","FAIRCHILD SEMICONDUCTOR INTERN","14.3900","40","2005-09-28 15:49:00","14.2200","n/a","","","","","-7.05","16207611"
"2005-09-27 13:57:00","LONG","14","LANC","LANCASTER COLONY","42.3600","14","2005-09-28 15:47:00","42.8400","n/a","","","","","6.95","16207583"
"2005-09-26 15:46:00","LONG","12","TECH","BIO-TECHNE CORP COMMON STOCK","55.4000","12","2005-09-27 15:24:00","54.7500","n/a","","","","","-8.05","16197457"
"2005-09-26 15:36:00","LONG","40","CYPB","Cypress Bioscience, Inc.","11.8800","40","2005-09-27 10:29:00","12.2000","n/a","","","","","12.95","16197157"
"2005-09-22 15:32:00","LONG","20","MSO","MARTHA STEWART LIVING OMNIMEDIA INC","27.0900","20","2005-09-26 15:43:00","25.7800","n/a","","","","","-26.05","16156988"
"2005-09-22 15:29:00","LONG","24","LPMA","","25.9000","24","2005-09-26 09:36:00","25.9600","n/a","","","","","0.95","16156964"
"2005-09-22 15:47:00","LONG","35","BXG","BLUEGREEN VACATIONS CORP","15.8000","35","2005-09-23 14:54:00","16.0200","n/a","","","","","7.95","16157262"
"2005-09-22 15:27:00","LONG","15","ITRI","ITRON","44.7400","15","2005-09-23 14:05:00","44.9700","n/a","","","","","2.95","16156949"
"2005-09-21 15:38:00","LONG","24","SHFL","SHFL ENTERTAINMENT","25.1300","24","2005-09-22 15:36:12","25.0200","n/a","","","","","-3.05","16143787"
"2005-09-21 10:26:00","LONG","20","IPCR","","35.4900","20","2005-09-22 15:14:00","32.6700","n/a","","","","","-56.05","16140120"
"2005-09-22 12:18:00","LONG","25","STGS","","24.1000","25","2005-09-22 15:09:00","25.8100","n/a","","","","","42.95","16154521"
"2005-09-21 15:51:00","LONG","14","RRGB","RED ROBIN GOURMET BURGERS","42.2100","14","2005-09-22 14:53:00","43.1000","n/a","","","","","11.95","16143934"
"2005-09-21 15:57:00","LONG","10","JOE","ST. JOE","62.0900","10","2005-09-22 13:49:00","63.3000","n/a","","","","","11.95","16144041"
"2005-09-21 15:49:00","LONG","14","WYNN","WYNN RESORTS","43.7600","14","2005-09-22 10:54:00","44.3700","n/a","","","","","8.95","16143914"
"2005-09-20 15:04:00","LONG","25","SMMX","","25.1700","25","2005-09-21 15:50:00","25.0300","n/a","","","","","-4.05","16130306"
"2005-09-21 10:45:00","LONG","14","USNA","USANA HEALTH SCIENCES","48.6300","14","2005-09-21 15:36:00","49.3000","n/a","","","","","8.95","16140491"
"2005-09-21 10:44:00","LONG","20","TXRH","TEXAS ROADHOUSE","27.3600","20","2005-09-21 15:33:00","27.6600","n/a","","","","","5.95","16140470"
"2005-09-20 15:02:00","LONG","30","DBRN","Dress Barn Inc.","21.9200","30","2005-09-21 15:15:00","22.0800","n/a","","","","","4.95","16130270"
"2005-09-20 15:55:00","LONG","18","DHI","DR HORTON","34.4400","18","2005-09-21 10:18:00","34.6200","n/a","","","","","2.95","16130776"
"2005-09-20 14:58:00","LONG","24","SGMS","SCIENTIFIC GAMES","28.0700","24","2005-09-21 10:12:00","28.3200","n/a","","","","","5.95","16130235"
"2005-09-20 13:04:00","LONG","10","LEN","LENNAR","55.9600","10","2005-09-21 09:45:00","55.9900","n/a","","","","","-0.05","16128828"
"2005-09-19 12:51:00","LONG","17","FRX","FOREST ROAD ACQUISITION CORP","42.2000","17","2005-09-20 14:49:00","42.4700","n/a","","","","","4.95","16117150"
"2005-09-19 11:05:00","LONG","17","GR","Goodrich Corp.","43.0000","17","2005-09-20 14:46:00","42.9300","n/a","","","","","-1.05","16115955"
"2005-09-19 15:51:00","LONG","35","AGYS","AGILYSYS","17.0300","35","2005-09-20 10:36:00","17.3400","n/a","","","","","10.95","16118977"
"2005-09-15 15:34:00","LONG","32","CYT","CYTEIR THERAPEUTICS INC. COMMON STOCK","21.6750","32","2005-09-19 15:50:00","21.0350","n/a","","","","","-20.05","16071911"
"2005-09-16 12:21:00","LONG","18","CYBX","CYBERONICS INC","35.1000","18","2005-09-19 09:51:00","35.8300","n/a","","","","","12.95","16080999"
"2005-09-16 13:07:00","LONG","24","FORM","FORMFACTOR","24.8000","24","2005-09-19 09:50:00","25.2600","n/a","","","","","10.95","16081281"
"2005-09-14 13:09:00","LONG","35","XXIA","IXIA","16.5400","35","2005-09-16 15:17:00","16.3400","n/a","","","","","-7.05","16060367"
"2005-09-14 14:32:00","LONG","15","MATK","Martek Biosciences Corp.","40.9000","15","2005-09-16 10:53:00","39.8000","n/a","","","","","-17.05","16061262"
"2005-09-15 15:54:00","LONG","16","HANS","","44.4000","16","2005-09-16 10:04:00","45.6000","n/a","","","","","18.95","16072170"
"2005-09-15 13:56:00","LONG","36","APH","AMPHENOL","19.9850","36","2005-09-16 09:54:00","20.3500","n/a","","","","","12.95","16070981"
"2005-09-14 14:26:00","LONG","20","PENN","PENN ENTERTAINMENT INC","31.4000","20","2005-09-15 15:43:00","31.1500","n/a","","","","","-5.05","16060944"
"2005-09-13 15:29:00","LONG","18","IPCR","","38.0500","18","2005-09-15 15:23:00","37.4500","n/a","","","","","-11.05","16053045"
"2005-09-14 15:46:00","LONG","12","WAT","WATERS","43.9300","12","2005-09-15 09:52:00","43.9800","n/a","","","","","0.95","16062139"
"2005-09-13 13:12:00","LONG","26","TECUA","TECUMSEH PRODUCTS","23.9200","26","2005-09-14 15:09:00","23.8800","n/a","","","","","-1.05","16051744"
"2005-09-13 15:50:00","LONG","30","OPMR","Optimal Group Inc.","17.5000","30","2005-09-14 10:27:00","17.6400","n/a","","","","","3.95","16053245"
"2005-09-13 14:21:00","LONG","20","MLHR","HERMAN MILLER","28.7100","20","2005-09-14 09:47:00","28.9300","n/a","","","","","3.95","16052387"
"2005-09-13 15:28:00","LONG","44.600000000","ODFL","OLD DOMINION FREIGHT LNS","13.2430","44.600000000","2005-09-14 09:36:00","13.5120","n/a","","","","","11.95","16053025"
"2005-09-09 15:24:00","LONG","40","TRMB","TRIMBLE INC","16.6250","40","2005-09-13 15:08:00","16.3250","n/a","","","","","-12.05","16002871"
"2005-09-09 13:53:00","LONG","40","NCR","NCR","15.9850","40","2005-09-13 14:26:00","16.0750","n/a","","","","","3.95","16001923"
"2005-09-09 15:09:00","LONG","30","TTWO","TAKE-TWO INTERACTIVE SFTW","21.9200","30","2005-09-12 10:09:00","22.1700","n/a","","","","","7.95","16002756"
"2005-09-08 14:03:00","LONG","28","HRB","H&R BLOCK","24.9000","28","2005-09-09 15:23:00","24.9500","n/a","","","","","0.95","15989901"
"2005-09-08 15:51:00","LONG","40","MOVI","","15.3700","40","2005-09-09 14:48:00","15.5100","n/a","","","","","5.95","15990987"
"2005-09-08 14:02:00","LONG","13","LH","LABORATORY CORPORATION","47.7500","13","2005-09-09 10:06:00","48.3000","n/a","","","","","6.95","15989899"
"2005-09-07 11:01:00","LONG","20","GOL","GOL INTELLIGENT AIRLINES","30.7000","20","2005-09-08 15:58:49","30.7800","n/a","","","","","1.95","15975871"
"2005-09-02 13:13:00","LONG","22","TUES","TUESDAY MORNING","27.7300","22","2005-09-06 14:35:00","27.7500","n/a","","","","","-0.05","15919441"
"2005-09-02 14:58:00","LONG","35","CAO","","15.5200","35","2005-09-06 14:34:00","15.6400","n/a","","","","","3.95","15920179"
"2005-09-02 13:29:00","LONG","20","SONC","SONIC","28.2300","20","2005-09-06 09:45:00","29.3500","n/a","","","","","21.95","15919501"
"2005-09-01 10:02:00","LONG","25","RARE","ULTRAGENYX PHARMACEUTICAL INC.","25.7100","25","2005-09-02 15:03:00","25.0700","n/a","","","","","-16.05","15905189"
"2005-09-01 15:19:00","LONG","36","LEA","LEAR","18.0400","36","2005-09-02 14:01:00","18.2950","n/a","","","","","8.95","15909116"
"2005-09-01 10:42:00","LONG","20","CAKE","CHEESECAKE FACTORY","30.5000","20","2005-09-02 13:01:00","31.0100","n/a","","","","","9.95","15905803"
"2005-09-01 14:33:00","LONG","15","JCP","J.C. PENNEY","46.7000","15","2005-09-02 09:39:00","47.5000","n/a","","","","","11.95","15908700"
"2005-08-31 15:22:00","LONG","18","CBRL","CRACKER BARREL OLD","36.1600","18","2005-09-01 15:17:00","35.8300","n/a","","","","","-6.05","15895514"
"2005-08-30 12:25:00","LONG","18","WGO","WINNEBAGO INDUSTRIES","30.9000","18","2005-09-01 14:32:00","30.3500","n/a","","","","","-10.05","15883657"
"2005-08-31 13:39:00","LONG","30","ISLE","ISLEWORTH HEALTHCARE ACQUISITION CORPORATION","21.5600","30","2005-09-01 09:58:00","22.4900","n/a","","","","","27.95","15894449"
"2005-08-30 11:32:00","LONG","14","YUM","YUM BRANDS","47.5100","14","2005-08-31 15:42:00","47.2400","n/a","","","","","-4.05","15883228"
"2005-08-30 15:33:00","LONG","20","TUES","TUESDAY MORNING","29.0700","20","2005-08-31 15:41:00","28.9000","n/a","","","","","-3.05","15885350"
"2005-08-30 15:22:00","LONG","20","CAKE","CHEESECAKE FACTORY","31.2200","20","2005-08-31 12:02:00","31.5000","n/a","","","","","5.95","15885299"
"2005-08-30 15:53:00","LONG","24","RARE","ULTRAGENYX PHARMACEUTICAL INC.","26.7300","24","2005-08-31 11:57:00","26.8800","n/a","","","","","3.95","15885607"
"2005-08-29 13:07:00","LONG","25","ADRX","","18.0500","25","2005-08-30 15:50:00","18.1600","n/a","","","","","2.95","15869131"
"2005-08-29 11:11:00","LONG","22","ORLY","O'REILLY AUTOMOTIVE","27.4800","22","2005-08-30 15:32:00","27.5600","n/a","","","","","1.95","15867983"
"2005-08-25 16:04:34","LONG","12","XRAY","DENTSPLY SIRONA INC","51.6100","12","2005-08-29 16:06:12","51.5200","n/a","","","","","-1.05","15820179"
"2005-08-25 14:48:19","LONG","25","PMTI","Palomar Medical Technologies Inc.","24.4500","25","2005-08-29 15:54:00","24.2600","n/a","","","","","-5.05","15819636"
"2005-08-25 14:28:53","LONG","14","DOW","DOW INC","44.4900","14","2005-08-29 15:53:00","44.1600","n/a","","","","","-5.05","15819479"
"2005-08-26 13:49:00","LONG","15","WM","WASTE MANAGEMENT","40.6000","15","2005-08-29 10:39:00","41.0100","n/a","","","","","5.95","15830522"
"2005-08-25 13:04:54","LONG","22","BWLD","BUFFALO WILD WINGS","28.7800","22","2005-08-26 13:49:00","28.8000","n/a","","","","","-0.05","15818955"
"2005-08-25 10:16:00","LONG","10","HSY","HERSHEY COMPANY","57.7000","10","2005-08-26 09:51:00","58.3600","n/a","","","","","6.95","15817267"
"2005-08-24 15:36:00","LONG","18","DRI","DARDEN RESTAURANTS","30.9600","18","2005-08-25 13:44:00","31.2400","n/a","","","","","4.95","15806685"
"2005-08-24 15:45:00","LONG","26","DVA","DAVITA INC","22.5900","26","2005-08-25 11:29:10","22.7250","n/a","","","","","3.95","15806824"
"2005-08-24 15:40:00","LONG","40","STLD","STEEL DYNAMICS","15.0050","40","2005-08-25 11:13:00","15.3750","n/a","","","","","14.95","15806733"
"2005-08-23 11:44:00","LONG","14","YELL","YELLOW CORP","47.9000","14","2005-08-24 14:49:00","48.4000","n/a","","","","","6.95","15791240"
"2005-08-23 13:46:00","LONG","20","PPC","PILGRIMS PRIDE CORPORATION COM","31.0500","20","2005-08-24 14:47:00","31.2700","n/a","","","","","3.95","15792370"
"2005-08-23 15:40:00","LONG","0.800000000","GGC","Georgia Gulf Corp.","705.2500","0.800000000","2005-08-24 14:40:00","723.7500","n/a","","","","","14.98","15793571"
"2005-08-23 14:51:40","LONG","18","PLCE","CHILDRENS PLACE INC.","39.7000","18","2005-08-24 10:53:00","40.4000","n/a","","","","","12.95","15793012"
"2005-08-19 13:40:00","LONG","35","PUMP","PROPETRO HOLDING CORP","17.2400","35","2005-08-23 15:43:00","16.9600","n/a","","","","","-10.05","15740083"
"2005-08-22 15:03:00","LONG","12","BC","BRUNSWICK","42.5000","12","2005-08-23 14:47:00","42.5500","n/a","","","","","0.95","15779302"
"2005-08-19 14:57:00","LONG","35","CAO","","17.0900","35","2005-08-23 14:34:00","17.0900","n/a","","","","","-0.05","15741142"
"2005-08-22 13:40:00","LONG","23","APPB","APPLIED BIOSCIENCES CORP. COMMON STOCK","23.4800","23","2005-08-23 10:04:00","23.8000","n/a","","","","","6.95","15778681"
"2005-08-19 11:00:00","LONG","10","JEC","JACOBS ENGINEERING","56.8000","10","2005-08-22 12:34:00","57.5600","n/a","","","","","7.95","15738612"
"2005-08-18 11:11:00","LONG","18","BKS","BARNES & NOBLE","37.6900","18","2005-08-19 14:53:00","37.1300","n/a","","","","","-10.05","15723265"
"2005-08-17 15:49:00","LONG","40","MVK","","31.4700","40","2005-08-19 14:51:00","31.0000","n/a","","","","","-19.07","15710680"
"2005-08-17 15:48:00","LONG","10","HYDL","","62.3500","10","2005-08-19 09:43:00","62.5000","n/a","","","","","1.95","15710476"
"2005-08-17 13:24:00","LONG","10","BJS","","59.7900","10","2005-08-18 15:48:00","59.3200","n/a","","","","","-5.05","15708927"
"2005-08-17 11:29:00","LONG","30","PUMP","PROPETRO HOLDING CORP","17.8300","30","2005-08-18 11:00:00","18.1000","n/a","","","","","7.95","15707825"
"2005-08-16 11:41:00","LONG","24","BEBE","TGE VALUE CREATIVE SOLUTIONS CORP","24.2700","24","2005-08-17 15:57:00","23.4400","n/a","","","","","-20.05","15693649"
"2005-08-16 11:46:00","LONG","26","CTHR","CHARLES & COLVARD","19.1800","26","2005-08-17 15:51:00","18.5000","n/a","","","","","-18.05","15693691"
"2005-08-15 15:30:00","LONG","20.900000000","CTCO","","27.5440","20.900000000","2005-08-16 15:05:00","27.1820","n/a","","","","","-8.05","15681688"
"2005-08-12 12:09:00","LONG","18","NFI","","35.4700","18","2005-08-15 15:14:00","35.5700","n/a","","","","","1.95","15640487"
"2005-08-12 15:19:00","LONG","12","PFCB","P.F. Chang's China Bistro, Inc.","50.6000","12","2005-08-15 10:29:00","51.2400","n/a","","","","","7.95","15642280"
"2005-08-12 11:56:00","LONG","18","CWCO","CONSOLIDATED WATER","35.9000","18","2005-08-15 10:23:00","36.9900","n/a","","","","","19.95","15640363"
"2005-08-12 10:24:00","LONG","14","WSO","WATSCO","44.6800","14","2005-08-15 09:50:00","45.3000","n/a","","","","","8.95","15639522"
"2005-08-11 12:49:00","LONG","56","SWM","SCHWEITZER-MAUDUIT INTL","11.6150","56","2005-08-12 15:06:00","11.5800","n/a","","","","","-2.05","15627108"
"2005-08-11 14:07:42","LONG","14","NDE","","41.5600","14","2005-08-12 13:00:12","41.5300","n/a","","","","","-0.05","15627957"
"2005-08-10 14:43:00","LONG","26","USTR","UNITED STATIONERS INC","22.7250","26","2005-08-11 15:53:00","22.6500","n/a","","","","","-2.05","15613654"
"2005-08-10 15:25:00","LONG","12","FNM","Federal National Mortgage Association","52.2000","12","2005-08-11 15:41:00","52.0900","n/a","","","","","-1.05","15614286"
"2005-08-10 15:22:00","LONG","25","AACE","","22.1000","25","2005-08-11 11:17:00","22.8100","n/a","","","","","17.95","15614278"
"2005-08-10 14:54:41","LONG","20","JCOM","J2 GLOBAL INC. COMMON STOCK","35.9700","20","2005-08-11 09:43:00","36.3000","n/a","","","","","6.95","15613610"
"2005-08-10 14:46:00","LONG","30","CUB","LIONHEART HOLDINGS CLASS A","16.9600","30","2005-08-11 09:39:00","17.5000","n/a","","","","","15.95","15613667"
"2005-08-09 13:43:10","LONG","30","MOVI","","20.9100","30","2005-08-10 15:08:00","21.0300","n/a","","","","","3.95","15594852"
"2005-08-09 12:43:00","LONG","40","INPC","","12.9500","40","2005-08-10 15:05:00","12.8000","n/a","","","","","-6.05","15594203"
"2005-08-09 16:05:31","LONG","13","ATU","ACTUANT","44.6400","13","2005-08-10 10:24:00","44.9100","n/a","","","","","3.95","15596606"
"2005-08-08 15:47:00","LONG","15","GAS","AGL RESOURCES","39.5600","15","2005-08-09 15:10:00","39.6900","n/a","","","","","1.95","15580286"
"2005-08-08 10:55:00","LONG","30","JUPM","","15.6000","30","2005-08-09 15:09:00","15.8000","n/a","","","","","5.95","15577176"
"2005-08-08 15:00:00","LONG","18","AIV","APARTMENT INVESTMENT","39.2100","18","2005-08-09 15:06:00","39.4900","n/a","","","","","4.95","15579779"
"2005-08-08 15:53:00","LONG","30","OPWV","Openwave Systems Inc.","16.6400","30","2005-08-09 10:31:00","17.0400","n/a","","","","","11.95","15580375"
"2005-08-05 15:52:00","LONG","13","LEND","SEI HIGH YIELD BOND & ALTERNATIVE CREDIT ETF","43.4000","13","2005-08-08 15:48:00","43.0500","n/a","","","","","-5.05","15534594"
"2005-08-05 14:47:00","LONG","15","BIIB","BIOGEN INC. COMMON STOCK","38.2500","15","2005-08-08 10:17:00","38.3200","n/a","","","","","0.95","15534247"
"2005-08-05 15:32:00","LONG","12","YUM","YUM BRANDS","50.0800","12","2005-08-08 10:16:00","50.6000","n/a","","","","","5.95","15534489"
"2005-08-05 15:08:32","LONG","15","SAFM","SANDERSON FARMS","38.4100","15","2005-08-08 10:13:00","39.1600","n/a","","","","","10.95","15534073"
"2005-08-03 14:57:00","LONG","30","FFIV","F5 INC","19.3700","30","2005-08-05 15:48:00","18.5950","n/a","","","","","-23.05","15503702"
"2005-08-04 15:41:00","LONG","18","ICUI","ICU MEDICAL","31.0100","18","2005-08-05 15:11:17","30.0200","n/a","","","","","-18.05","15520415"
"2005-08-04 14:53:00","LONG","17","CGX","CONSOLIDATED GRAPHICS","39.2700","17","2005-08-05 15:08:46","39.4200","n/a","","","","","2.95","15520351"
"2005-08-04 15:44:00","LONG","17","MACR","","36.7300","17","2005-08-05 15:03:43","36.8300","n/a","","","","","1.95","15520646"
"2005-08-03 15:23:00","LONG","8","BCR","C.R. BARD","64.3200","8","2005-08-04 15:55:00","63.5700","n/a","","","","","-6.05","15503969"
"2005-08-04 10:19:00","LONG","20","WTS","WATTS WATER TECHNOLOGIES","31.3400","20","2005-08-04 14:30:00","32.5000","n/a","","","","","22.95","15516951"
"2005-08-03 15:09:00","LONG","15","R","RYDER SYSTEM","37.4100","15","2005-08-04 10:47:00","37.3300","n/a","","","","","-1.05","15503821"
"2005-08-03 15:33:39","LONG","22","CPWM","Cost Plus Inc.","21.5200","22","2005-08-04 10:03:00","22.2600","n/a","","","","","15.95","15504018"
"2005-08-02 11:23:42","LONG","17","MW","TAILORED BRANDS INC","33.2300","17","2005-08-03 15:47:00","32.7500","n/a","","","","","-8.05","15485047"
"2005-08-02 15:47:00","LONG","16","XMSR","","34.4000","16","2005-08-03 12:30:00","34.9500","n/a","","","","","8.95","15488620"
"2005-08-01 15:15:00","LONG","20","SHFL","SHFL ENTERTAINMENT","26.0000","20","2005-08-02 15:45:00","25.6400","n/a","","","","","-7.05","15473038"
"2005-08-01 16:03:02","LONG","30","IRIS","IRIS International Inc.","14.7700","30","2005-08-02 10:32:53","15.1900","n/a","","","","","12.95","15473543"
"2005-08-01 15:48:00","LONG","12","DTE","DTE ENERGY HOLDING","46.5300","12","2005-08-02 10:04:00","46.6000","n/a","","","","","0.95","15473500"
"2005-07-29 13:47:00","LONG","22","NCOG","","21.1800","22","2005-08-01 15:19:16","20.3900","n/a","","","","","-17.05","15424893"
"2005-08-01 13:42:00","LONG","26","DTSI","DTS","17.5900","26","2005-08-01 15:12:00","17.7900","n/a","","","","","4.95","15471948"
"2005-07-28 11:33:00","LONG","25","ALDN","","18.9000","25","2005-07-29 15:50:00","19.0000","n/a","","","","","2.95","15408063"
"2005-07-28 11:40:00","LONG","15","UHT","UNIVERSAL HEALTH REALTY","33.6000","15","2005-07-29 09:42:00","34.3000","n/a","","","","","10.95","15408102"
"2005-07-27 15:37:00","LONG","62.400000000","HCSG","HEALTHCARE SERVICES GROUP","8.3050","62.400000000","2005-07-28 15:36:00","8.4080","n/a","","","","","5.95","15395020"
"2005-07-27 15:03:33","LONG","10","FNM","Federal National Mortgage Association","56.4200","10","2005-07-28 10:15:00","57.1200","n/a","","","","","6.95","15394491"
"2005-07-27 14:11:00","LONG","20","UTHR","UNITED THERAPEUTICS","25.0750","20","2005-07-28 09:39:00","25.5500","n/a","","","","","9.95","15394092"
"2005-07-26 15:21:00","LONG","20","BLUD","Immucor Inc.","27.1200","20","2005-07-27 15:51:00","26.0900","n/a","","","","","-21.05","15379832"
"2005-07-26 13:49:00","LONG","22","ANGO","ANGIODYNAMICS","21.2700","22","2005-07-27 14:24:00","22.1000","n/a","","","","","17.95","15379088"
"2005-07-26 11:50:00","LONG","16","PEET","Peet's Coffee & Tea, Inc.","32.6100","16","2005-07-27 09:41:00","33.5900","n/a","","","","","15.95","15377825"
"2005-07-25 14:11:00","LONG","16","CEY","VICTORYSHARES EM HIGH DIV VLT WTD ETF","35.5200","16","2005-07-26 15:14:00","35.4300","n/a","","","","","-1.05","15364670"
"2005-07-25 14:59:00","LONG","18","TRMK","TRUSTMARK","28.1400","18","2005-07-26 13:52:00","28.4500","n/a","","","","","5.95","15365304"
"2005-07-22 11:41:00","LONG","10","SEPR","","54.7400","10","2005-07-26 10:20:00","53.9800","n/a","","","","","-8.05","15313262"
"2005-07-25 15:02:00","LONG","20","JNPR","JUNIPER NETWORKS","22.9900","20","2005-07-26 10:06:00","23.1900","n/a","","","","","3.95","15365316"
"2005-07-25 14:13:00","LONG","28","GILD","GILEAD SCIENCES","21.3700","28","2005-07-26 09:56:36","21.8850","n/a","","","","","13.95","15364703"
"2005-07-22 12:53:00","LONG","28","DVA","DAVITA INC","21.6000","28","2005-07-25 12:30:00","21.8000","n/a","","","","","5.95","15314170"
"2005-07-21 15:58:00","LONG","20","HMA","HEARTLAND MEDIA ACQUISITION CORP","24.4600","20","2005-07-22 09:48:00","24.6100","n/a","","","","","2.95","15299728"
"2005-07-21 12:43:00","LONG","14","PGN","PARAGON OFFSHORE PLC","44.0500","14","2005-07-22 09:47:00","44.1000","n/a","","","","","0.95","15297473"
"2005-07-21 13:01:00","LONG","40","WST","WEST PHARMACEUTICAL","13.0000","40","2005-07-22 09:44:00","13.2100","n/a","","","","","7.95","15297769"
"2005-07-21 11:55:00","LONG","25","JAKK","JAKKS PACIFIC","17.8500","25","2005-07-22 09:43:00","17.9200","n/a","","","","","1.95","15297165"
"2005-07-20 14:53:00","LONG","25","HOTT","Hot Topic Inc.","17.6000","25","2005-07-21 14:32:00","17.4600","n/a","","","","","-4.05","15284480"
"2005-07-20 10:36:00","LONG","12","SAFM","SANDERSON FARMS","42.9100","12","2005-07-21 09:44:00","43.9000","n/a","","","","","11.95","15281534"
"2005-07-19 10:27:00","LONG","17","SNDA","SONIDA SENIOR LIVING INC","33.0800","17","2005-07-20 10:33:00","33.8500","n/a","","","","","12.95","15267265"
"2005-07-19 12:37:00","LONG","20","TARO","TARO PHARMACEUTICAL","24.8700","20","2005-07-20 09:42:00","26.8000","n/a","","","","","38.95","15268764"
"2005-07-18 13:59:00","LONG","50","DUSA","DAVIS SELECT U.S. EQUITY ETF","8.6200","50","2005-07-19 11:25:18","8.7600","n/a","","","","","6.95","15253783"
"2005-07-18 13:56:00","LONG","18","UTI","UNIVERSAL TECHNICAL INST","31.0000","18","2005-07-19 10:18:00","31.1400","n/a","","","","","2.95","15253747"
"2005-07-15 14:36:00","LONG","20","ETM","ENTERCOM COMMUNICATIONS","31.6500","20","2005-07-18 10:54:00","31.6700","n/a","","","","","-0.05","15207745"
"2005-07-15 15:53:00","LONG","26","EW","EDWARDS LIFESCIENCES","20.4450","26","2005-07-18 10:54:00","20.5000","n/a","","","","","0.95","15208756"
"2005-07-15 15:01:00","LONG","16","SCHL","SCHOLASTIC","37.1300","16","2005-07-18 09:37:00","37.5400","n/a","","","","","6.95","15208019"
"2005-07-14 15:28:00","LONG","12","EPR","EPR PROPERTIES","43.9500","12","2005-07-15 15:47:00","43.3000","n/a","","","","","-8.05","15194210"
"2005-07-14 15:22:00","LONG","16","HIBB","HIBBETT INC","35.8600","16","2005-07-15 15:35:52","36.3000","n/a","","","","","6.95","15194117"
"2005-07-14 15:29:00","LONG","18","SONC","SONIC","29.3000","18","2005-07-15 09:37:00","29.9100","n/a","","","","","10.95","15194192"
"2005-07-13 14:22:00","LONG","18","SONC","SONIC","29.8600","18","2005-07-14 11:27:00","29.7400","n/a","","","","","-2.05","15179340"
"2005-07-13 14:29:16","LONG","25","ANST","","21.5000","25","2005-07-14 10:14:00","21.7000","n/a","","","","","4.95","15179358"
"2005-07-08 15:08:00","LONG","25","ADEX","ADIT EDTECH ACQUISITION CORP","21.6500","25","2005-07-11 10:11:00","22.0000","n/a","","","","","8.95","15097852"
"2005-07-07 15:08:00","LONG","10","APD","AIR PRODUCTS & CHEMICALS","58.0000","10","2005-07-08 10:56:22","58.2300","n/a","","","","","1.95","15080305"
"2005-07-07 15:34:00","LONG","8","GYI","","71.4000","8","2005-07-08 10:19:00","71.6300","n/a","","","","","1.95","15080604"
"2005-07-07 13:45:00","LONG","13","COL","ROCKWELL COLLINS","45.4000","13","2005-07-08 09:45:00","46.5200","n/a","","","","","14.95","15079229"
"2005-07-06 15:06:00","LONG","20","IMA","IMAGENEBIO INC.","25.7000","20","2005-07-07 14:55:00","25.2000","n/a","","","","","-10.05","15064950"
"2005-07-06 15:46:00","LONG","20","STAR","ISTAR CORP","28.7500","20","2005-07-07 14:08:00","28.8500","n/a","","","","","1.95","15065386"
"2005-07-06 14:46:00","LONG","20","ADBE","ADOBE INC","26.4700","20","2005-07-07 09:51:00","27.0200","n/a","","","","","10.95","15064702"
"2005-07-06 11:33:00","LONG","20","BWLD","BUFFALO WILD WINGS","27.8000","20","2005-07-07 09:50:00","28.4200","n/a","","","","","11.95","15062816"
"2005-07-06 15:27:00","LONG","14","WSO","WATSCO","40.6900","14","2005-07-07 09:48:00","41.0000","n/a","","","","","3.95","15065156"
"2005-07-01 14:13:00","LONG","10","TGIC","TRIAD GUARANTY INC. COMMON STOCK","48.8000","10","2005-07-05 15:37:47","48.1900","n/a","","","","","-6.05","14993017"
"2005-07-01 14:14:00","LONG","20","WNC","WABASH NATIONAL","23.2500","20","2005-07-05 15:24:00","23.4900","n/a","","","","","4.95","14993036"
"2005-06-30 15:04:00","LONG","18","VRSN","VERISIGN","28.8200","18","2005-07-01 15:58:12","28.5800","n/a","","","","","-4.05","14980769"
"2005-06-30 15:33:00","LONG","15","DD","DU PONT DE NEMOURS & CO","43.3900","15","2005-07-01 15:56:19","42.8900","n/a","","","","","-8.05","14980999"
"2005-06-29 14:41:00","LONG","40","TER","TERADYNE","12.2800","40","2005-06-30 15:52:00","12.0000","n/a","","","","","-11.05","14966730"
"2005-06-29 15:23:00","LONG","18","MINI","MOBILE MINI","33.9000","18","2005-06-30 11:40:00","34.2900","n/a","","","","","6.95","14967086"
"2005-06-28 14:52:00","LONG","15","CNT","","42.3900","15","2005-06-29 13:56:00","42.8500","n/a","","","","","6.95","14954584"
"2005-06-27 15:58:00","LONG","20","SFA","Merrill Lynch & Co., Inc. Strat","32.0500","20","2005-06-28 15:52:00","32.4100","n/a","","","","","6.95","14943097"
"2005-06-24 12:04:00","LONG","50","PLCM","POLYCOM","8.1250","50","2005-06-28 15:51:00","7.4800","n/a","","","","","-32.05","14899966"
"2005-06-27 15:13:00","LONG","15","VRSN","VERISIGN","29.9600","15","2005-06-28 10:10:00","30.3000","n/a","","","","","4.95","14942703"
"2005-06-27 14:40:00","LONG","20","ALTR","ALTAIR ENGINEERING INC. CLASS A","19.6700","20","2005-06-28 10:09:00","19.6800","n/a","","","","","-0.05","14942414"
"2005-06-24 12:16:00","LONG","13","GPC","GENUINE PARTS","41.1300","13","2005-06-27 15:53:00","41.0000","n/a","","","","","-2.05","14900053"
"2005-06-24 15:55:00","LONG","12","BNI","","46.7200","12","2005-06-27 15:48:00","46.5000","n/a","","","","","-3.05","14902021"
"2005-06-27 13:36:00","LONG","40","NEWP","NEW PACIFIC METALS CORP","12.4500","40","2005-06-27 15:05:00","13.5300","n/a","","","","","42.95","14941881"
"2005-06-23 13:56:00","LONG","10","NUE","NUCOR","48.0000","10","2005-06-27 14:32:00","46.8000","n/a","","","","","-12.05","14887106"
"2005-06-24 15:04:00","LONG","20","CKFR","","32.9000","20","2005-06-27 13:29:00","33.2000","n/a","","","","","5.95","14901536"
"2005-06-22 15:54:00","LONG","10","PIXR","","51.4000","10","2005-06-24 15:53:00","50.1000","n/a","","","","","-13.05","14873857"
"2005-06-23 14:24:00","LONG","10","MTD","METTLER-TOLEDO INTL","45.7400","10","2005-06-24 15:01:00","45.3500","n/a","","","","","-4.05","14887331"
"2005-06-23 14:02:00","LONG","10","BCR","C.R. BARD","65.6000","10","2005-06-24 12:08:00","66.0500","n/a","","","","","4.95","14887269"
"2005-06-23 13:55:00","LONG","24","GILD","GILEAD SCIENCES","20.5500","24","2005-06-24 09:35:00","21.3250","n/a","","","","","18.95","14887092"
"2005-06-21 14:34:00","LONG","25","MEOH","METHANEX","17.6900","25","2005-06-22 10:40:00","16.3000","n/a","","","","","-35.05","14856263"
"2005-06-21 15:25:00","LONG","15","CTAS","CINTAS","38.5200","15","2005-06-22 10:39:00","38.8600","n/a","","","","","4.95","14856809"
"2005-06-20 15:30:00","LONG","25","CYTC","","21.9600","25","2005-06-21 15:49:00","22.1700","n/a","","","","","4.95","14840616"
"2005-06-20 15:20:00","LONG","30","DGII","DIGI INTERNATIONAL","10.8500","30","2005-06-21 11:30:00","11.0500","n/a","","","","","5.95","14840516"
"2005-06-20 15:48:24","LONG","10","DADE","","63.5700","10","2005-06-21 11:27:00","63.3300","n/a","","","","","-2.05","14840788"
"2005-06-17 15:27:00","LONG","30","CKXE","CKX Inc.","15.0000","30","2005-06-20 15:58:00","14.3000","n/a","","","","","-21.05","14796281"
"2005-06-17 15:23:00","LONG","10","BDX","BECTON DICKINSON","53.7600","10","2005-06-20 15:49:00","53.9000","n/a","","","","","0.95","14796306"
"2005-06-17 15:22:00","LONG","30","WDC","WESTERN DIGITAL","13.4500","30","2005-06-20 12:23:00","13.7400","n/a","","","","","8.95","14796221"
"2005-06-16 15:38:00","LONG","10","BDX","BECTON DICKINSON","54.3100","10","2005-06-17 09:50:00","54.4800","n/a","","","","","1.95","14780543"
"2005-06-16 15:13:00","LONG","18","HR","HEALTHCARE REALTY TRUST INC","37.2500","18","2005-06-17 09:47:00","37.7500","n/a","","","","","8.95","14780419"
"2005-06-15 12:29:00","LONG","12","CSC","COMPUTER SCIENCES","43.5600","12","2005-06-16 12:12:00","43.2900","n/a","","","","","-3.05","14761819"
"2005-06-15 12:08:00","LONG","18","LLTC","LINEAR TECHNOLOGY","37.0000","18","2005-06-16 11:02:00","37.7000","n/a","","","","","12.95","14761557"
"2005-06-15 12:34:00","LONG","18","CKFR","","35.1700","18","2005-06-16 09:47:00","36.2000","n/a","","","","","18.95","14761860"
"2005-06-14 13:50:00","LONG","25","EFD","","17.8200","25","2005-06-15 15:56:00","17.3800","n/a","","","","","-11.05","14745601"
"2005-06-14 13:49:00","LONG","15","BLUD","Immucor Inc.","30.9300","15","2005-06-15 15:55:00","30.0500","n/a","","","","","-13.05","14745605"
"2005-06-14 15:25:00","LONG","15","QCOM","QUALCOMM","35.0600","15","2005-06-15 10:00:00","35.1600","n/a","","","","","1.95","14746320"
"2005-06-13 15:39:00","LONG","20","FARO","FARO TECHNOLOGIES","25.4700","20","2005-06-14 15:58:00","25.1300","n/a","","","","","-7.05","14729282"
"2005-06-10 15:16:00","LONG","44.600000000","ODFL","OLD DOMINION FREIGHT LNS","12.3680","44.600000000","2005-06-13 15:54:00","12.2330","n/a","","","","","-6.05","14677212"
"2005-06-10 14:39:00","LONG","29.900000000","UGI","UGI CORP","16.6160","29.900000000","2005-06-13 09:59:00","16.9640","n/a","","","","","9.95","14676782"
"2005-06-10 14:36:00","LONG","107.100000000","AAPL","APPLE","4.9880","107.100000000","2005-06-13 09:39:00","5.0600","n/a","","","","","7.95","14676756"
"2005-06-09 15:20:00","LONG","20","PBKS","","30.2100","20","2005-06-10 15:58:00","29.9600","n/a","","","","","-5.05","14657157"
"2005-06-09 15:17:00","LONG","25","INTL","MAIN INTL ETF","18.6000","25","2005-06-10 15:55:00","18.3000","n/a","","","","","-8.05","14657160"
"2005-06-09 15:42:00","LONG","10","SIAL","SIGMA-ALDRICH","58.4400","10","2005-06-10 14:47:00","58.3200","n/a","","","","","-1.05","14657306"
"2005-06-09 15:37:00","LONG","3.330000000","SSP","E.W. SCRIPPS","146.1600","3.330000000","2005-06-10 13:52:00","147.6600","n/a","","","","","4.93","14657274"
"2005-06-08 15:09:00","LONG","25","ABI","VICTORYSHARES PIONEER ASSET-BASED INCOME ETF","20.6800","25","2005-06-09 15:30:00","20.6900","n/a","","","","","-0.05","14639069"
"2005-06-08 15:49:00","LONG","20","ISSX","","20.9700","20","2005-06-09 10:53:00","20.9900","n/a","","","","","-0.05","14639591"
"2005-06-08 14:10:00","LONG","25","EEFT","EURONET WORLDWIDE","25.2800","25","2005-06-09 10:36:00","25.5500","n/a","","","","","6.95","14638463"
"2005-06-08 14:46:00","LONG","10","CRAI","CRA INTERNATIONAL","50.6000","10","2005-06-09 09:32:00","53.0000","n/a","","","","","23.95","14638961"
"2005-06-07 15:01:00","LONG","25","ENER","ACCRETION ACQUISITION CORP.","16.7600","25","2005-06-08 10:35:00","16.6000","n/a","","","","","-4.05","14619471"
"2005-06-07 14:59:00","LONG","0.100000000","BTRX","","2566.0000","0.100000000","2005-06-08 10:34:00","2590.0000","n/a","","","","","2.00","14619457"
"2005-06-06 11:35:00","LONG","18","IMCL","","29.9500","18","2005-06-07 10:31:00","30.5000","n/a","","","","","9.95","14600573"
"2005-06-06 14:29:00","LONG","20","PMTI","Palomar Medical Technologies Inc.","21.2500","20","2005-06-07 10:26:00","21.5000","n/a","","","","","4.95","14602187"
"2005-06-03 15:17:00","LONG","20","VTIV","inVentiv Health, Inc.","18.5400","20","2005-06-06 15:57:00","18.4800","n/a","","","","","-1.05","14553652"
"2005-06-03 15:20:00","LONG","15","BIIB","BIOGEN INC. COMMON STOCK","36.3500","15","2005-06-06 15:54:00","35.2400","n/a","","","","","-17.05","14553668"
"2005-06-03 12:47:00","LONG","15","ISSC","INNOVATIVE SOLUTIONS","32.0700","15","2005-06-06 11:49:00","32.7500","n/a","","","","","9.95","14552553"
"2005-06-02 15:29:00","LONG","15","IMCL","","31.7400","15","2005-06-03 09:52:00","31.9300","n/a","","","","","2.95","14537352"
"2005-05-31 15:15:00","LONG","10","GPRO","GOPRO INC. CLASS A COMMON STO","38.1000","10","2005-06-01 10:38:00","39.3600","n/a","","","","","12.95","14503298"
"2005-05-27 15:16:00","LONG","20","UTHR","UNITED THERAPEUTICS","24.2500","20","2005-05-31 10:32:00","25.1000","n/a","","","","","16.95","14436484"
"2005-05-26 12:16:00","LONG","20","MSS","MAISON SOLUTIONS INC. CLASS A","19.6800","20","2005-05-27 15:24:00","19.5700","n/a","","","","","-2.05","14417651"
"2005-05-26 14:40:00","LONG","20","PMTI","Palomar Medical Technologies Inc.","22.2000","20","2005-05-27 15:15:04","22.6000","n/a","","","","","7.95","14418999"
"2005-05-26 15:06:00","LONG","20","BSX","BOSTON SCIENTIFIC","28.1000","20","2005-05-27 10:30:00","28.4000","n/a","","","","","5.95","14419065"
"2005-05-25 14:58:00","LONG","25","IM","INGRAM MICRO","16.0800","25","2005-05-26 15:49:00","16.1800","n/a","","","","","2.95","14400584"
"2005-05-25 15:47:00","LONG","25","NEU","NEWMARKET","13.5400","25","2005-05-26 15:45:37","13.3700","n/a","","","","","-4.05","14400886"
"2005-05-25 13:48:00","LONG","20","CDI","CDI","21.1600","20","2005-05-26 10:43:00","21.4200","n/a","","","","","4.95","14399898"
"2005-05-24 15:19:00","LONG","0.100000000","BTRX","","3302.0000","0.100000000","2005-05-25 15:54:00","3060.0000","n/a","","","","","-24.00","14382273"
"2005-05-24 12:24:00","LONG","30","PDFS","PDF SOLUTIONS","11.2900","30","2005-05-25 14:27:00","11.8400","n/a","","","","","16.95","14380623"
"2005-05-20 15:33:00","LONG","20","MSS","MAISON SOLUTIONS INC. CLASS A","21.0000","20","2005-05-23 15:17:00","21.0000","n/a","","","","","-0.05","14322042"
"2005-05-18 14:40:00","LONG","30","LACOE","","12.8500","30","2005-05-19 09:38:00","13.1500","n/a","","","","","8.95","14280182"
"2005-05-17 14:22:00","LONG","29.900000000","SCVL","SHOE CARNIVAL","12.2210","29.900000000","2005-05-18 11:40:00","12.6900","n/a","","","","","13.95","14259765"
"2005-05-17 13:30:00","LONG","20","ASTE","ASTEC INDUSTRIES","20.5800","20","2005-05-18 09:34:00","21.1900","n/a","","","","","11.95","14259187"
"2005-05-16 14:35:00","LONG","14","TSO","TESORO","36.5000","14","2005-05-17 09:42:00","37.2000","n/a","","","","","9.95","14238028"
"2005-05-13 14:14:00","LONG","20","PEG","PUBLIC SERVICE ENTERPRISE","26.8500","20","2005-05-16 15:47:00","26.6300","n/a","","","","","-4.05","14179109"
"2005-05-13 15:33:00","LONG","30.300000000","PCU","","14.6190","30.300000000","2005-05-16 15:45:00","14.5200","n/a","","","","","-3.05","14179977"
"2005-05-13 14:28:00","LONG","13","BOW","BOWHEAD SPECIALTY HOLDINGS INC","29.2700","13","2005-05-16 09:56:00","30.5100","n/a","","","","","15.95","14179214"
"2005-05-13 13:32:00","LONG","17","KMX","CARMAX","26.1600","17","2005-05-16 09:36:00","27.0000","n/a","","","","","13.95","14178854"
"2005-05-11 15:27:00","LONG","15","DRIV","GLOBAL X AUTONOMOUS & ELECTRIC VEHICLES ETF","23.8700","15","2005-05-13 15:47:00","22.5800","n/a","","","","","-19.05","14137782"
"2005-05-12 15:43:00","LONG","15","CENX","CENTURY ALUMINUM","20.8900","15","2005-05-13 10:36:00","20.8500","n/a","","","","","-1.05","14159238"
"2005-05-12 13:02:00","LONG","30","JBX","","17.5700","30","2005-05-13 09:44:00","17.8350","n/a","","","","","7.95","14157100"
"2005-05-11 12:23:00","LONG","12","ADS","ALLIANCE DATA SYSTEMS","35.8700","12","2005-05-12 15:56:00","35.3000","n/a","","","","","-7.05","14135512"
"2005-05-11 14:11:00","LONG","20","KMT","KENNAMETAL","21.9000","20","2005-05-12 09:48:00","22.4100","n/a","","","","","9.95","14137053"
"2005-05-10 12:50:00","LONG","12","RHB","Rehabcare Group Inc.","27.9100","12","2005-05-11 15:52:00","27.6000","n/a","","","","","-4.05","14121583"
"2005-05-10 13:34:00","LONG","4","DUK","DUKE ENERGY","83.7000","4","2005-05-11 15:47:00","82.9200","n/a","","","","","-3.08","14122174"
"2005-05-09 15:36:00","LONG","20","CYT","CYTEIR THERAPEUTICS INC. COMMON STOCK","21.6000","20","2005-05-10 15:34:00","20.7500","n/a","","","","","-17.05","14113525"
"2005-05-09 13:23:00","LONG","25","IFOX","","13.7600","25","2005-05-10 10:13:00","14.1000","n/a","","","","","8.95","14112398"
"2005-05-05 15:09:00","LONG","16","GBX","GREENBRIER COMPANIES","28.1000","16","2005-05-06 20:26:13","27.4100","n/a","","","","","-11.05","14078692"
"2005-05-05 15:47:00","LONG","26","CHD","CHURCH & DWIGHT COMPANY","17.0500","26","2005-05-06 15:31:00","16.9050","n/a","","","","","-4.05","14078831"
"2005-05-04 14:59:00","LONG","13","ESI","ELEMENT SOLUTIONS INC","42.7300","13","2005-05-05 09:49:00","43.4000","n/a","","","","","8.95","14068525"
"2005-05-03 14:38:00","LONG","13","PXD","PIONEER NATURAL RESOURCES","39.4400","13","2005-05-04 15:25:00","38.5100","n/a","","","","","-12.05","14058918"
"2005-05-03 14:39:00","LONG","40","VVTV","VALUEVISION MEDIA","9.1000","40","2005-05-04 09:34:00","9.4000","n/a","","","","","11.95","14058916"
"2005-05-02 12:40:00","LONG","8","HOT","STARWOOD HOTELS & RESORTS","52.1000","8","2005-05-03 10:00:00","53.3100","n/a","","","","","9.95","14049233"
"2005-05-02 12:39:00","LONG","15","WSTC","WEST CORPORATION COMMON STOCK","30.5900","15","2005-05-03 09:55:00","31.4000","n/a","","","","","11.95","14049225"
"2005-05-02 14:49:00","LONG","18","ACMR","ACM RESEARCH INC. CLASS A COMMON STOCK","25.0300","18","2005-05-03 09:43:00","25.5000","n/a","","","","","7.95","14049806"
"2005-05-02 12:52:00","LONG","13","AVO","MISSION PRODUCE INC. COMMON STOCK","36.0000","13","2005-05-03 09:37:00","36.4100","n/a","","","","","4.95","14049774"
"2005-04-29 14:29:00","LONG","13","NRG","NRG ENERGY","30.7500","13","2005-05-02 10:13:00","31.1000","n/a","","","","","4.95","14028283"
"2005-04-29 15:10:00","LONG","15","RMK","","24.4400","15","2005-05-02 09:45:00","25.0400","n/a","","","","","8.95","14028717"
"2005-04-29 12:44:00","LONG","15","WRNC","","21.8200","15","2005-05-02 09:42:00","22.5000","n/a","","","","","9.95","14027199"
"2005-04-29 15:05:00","LONG","18","RI","","22.2000","18","2005-05-02 09:41:00","22.8000","n/a","","","","","10.95","14028668"
"2005-04-28 12:37:00","LONG","10","JEC","JACOBS ENGINEERING","47.8600","10","2005-04-29 14:12:00","48.5100","n/a","","","","","6.95","14016904"
"2005-04-28 14:41:00","LONG","18","CENX","CENTURY ALUMINUM","23.2900","18","2005-04-29 10:06:00","23.1000","n/a","","","","","-3.05","14017504"
"2005-04-28 15:38:00","LONG","15","SAFT","SAFETY INSURANCE GROUP","26.4000","15","2005-04-29 09:55:00","28.1000","n/a","","","","","25.95","14017796"
"2005-04-27 12:02:00","LONG","40","AXL","AMERICAN AXLE & MFG HLDGS","20.0200","40","2005-04-28 15:50:00","19.8250","n/a","","","","","-8.10","14005631"
"2005-04-27 15:47:00","LONG","10","EAT","BRINKER INTERNATIONAL","34.4600","10","2005-04-28 15:47:00","33.5800","n/a","","","","","-9.05","14006999"
"2005-04-27 15:57:00","LONG","8","VAL","VALARIS LTD","41.6400","8","2005-04-28 13:34:35","41.6100","n/a","","","","","-0.05","14007040"
"2005-04-26 13:50:52","LONG","15","CINF","CINCINNATI FINANCIAL CORP","39.3600","15","2005-04-27 15:36:00","39.7900","n/a","","","","","5.95","13994671"
"2005-04-26 14:19:00","LONG","12","PHC","PHC Inc.","29.2000","12","2005-04-27 12:16:00","29.9000","n/a","","","","","7.95","13994862"
"2005-04-26 13:49:00","LONG","20","HCR","HI-CRUSH PARTNERS INC","31.3800","20","2005-04-27 10:58:00","31.6000","n/a","","","","","3.95","13994662"
"2005-04-25 15:32:00","LONG","20","NIKU","","16.0000","20","2005-04-26 15:59:00","15.6000","n/a","","","","","-8.05","13987393"
"2005-04-22 12:37:00","LONG","20","TSG","THE STARS GROUP INC","19.8400","20","2005-04-25 14:52:00","20.0000","n/a","","","","","2.95","13962242"
"2005-04-22 15:12:03","LONG","14","KFT","","30.3500","14","2005-04-25 09:38:00","30.7000","n/a","","","","","4.95","13963123"
"2005-04-21 12:10:00","LONG","30","MPX","MARINE PRODUCTS","13.8000","30","2005-04-22 11:34:00","13.9700","n/a","","","","","4.95","13953588"
"2005-04-20 13:35:00","LONG","20","EL","ESTEE LAUDER COS","21.1150","20","2005-04-21 15:12:00","21.2000","n/a","","","","","1.95","13948689"
"2005-04-20 12:09:00","LONG","14","LVS","LAS VEGAS SANDS","37.9800","14","2005-04-21 09:37:00","38.5000","n/a","","","","","6.95","13948267"
"2005-04-20 15:25:00","LONG","20","CSTR","CAPSTAR FINANCIAL HOLDINGS INC.","17.8000","20","2005-04-21 09:36:00","18.2000","n/a","","","","","7.95","13948994"
"2005-04-19 12:44:00","LONG","7","KRI","","64.1800","7","2005-04-20 15:42:00","63.5000","n/a","","","","","-5.05","13943044"
"2005-04-19 13:44:00","LONG","30","TTEC","TELETECH HOLDINGS","11.0000","30","2005-04-20 09:44:00","11.3400","n/a","","","","","9.95","13943268"
"2005-04-19 11:00:00","LONG","10","TGT","TARGET","46.8900","10","2005-04-20 09:43:00","47.8700","n/a","","","","","9.95","13942685"
"2005-04-18 13:05:00","LONG","15","ANST","","23.2900","15","2005-04-19 10:35:00","23.7500","n/a","","","","","6.95","13937533"
"2005-04-18 15:26:00","LONG","15","SFCC","","28.4000","15","2005-04-19 10:15:00","28.7400","n/a","","","","","4.95","13938070"
"2005-04-18 13:06:00","LONG","12","LAMR","LAMAR ADVERTISING COMPANY CLAS","38.4000","12","2005-04-19 09:43:00","38.8300","n/a","","","","","4.95","13937537"
"2005-04-18 15:28:00","LONG","15","ELOS","SYNERON MEDICAL","25.7300","15","2005-04-19 09:34:00","26.5000","n/a","","","","","11.95","13938081"
"2005-04-13 15:31:00","LONG","25","NSC","NORFOLK SOUTHERN","32.7740","25","2005-04-15 15:57:50","31.1260","n/a","","","","","-41.10","13898874"
"2005-04-14 12:38:00","LONG","8","DOW","DOW INC","44.8600","8","2005-04-15 15:57:38","44.3100","n/a","","","","","-4.05","13919571"
"2005-04-14 10:50:00","LONG","18","CENX","CENTURY ALUMINUM","27.4600","18","2005-04-15 15:55:52","26.8400","n/a","","","","","-11.05","13918974"
"2005-04-13 13:54:00","LONG","30","FCX","FREEPORT-MCMORAN INC","18.1350","30","2005-04-14 15:40:00","17.4900","n/a","","","","","-19.05","13896390"
"2005-04-13 15:35:00","LONG","60","FTI","TECHNICFMC PLC","7.7000","60","2005-04-14 12:12:00","7.7820","n/a","","","","","4.95","13898980"
"2005-04-13 13:34:00","LONG","14","UNT","UNIT","41.7000","14","2005-04-14 09:39:00","42.1300","n/a","","","","","5.95","13895890"
"2005-04-12 12:55:00","LONG","10","DOW","DOW INC","47.5800","10","2005-04-13 15:33:00","46.5900","n/a","","","","","-10.05","13883967"
"2005-04-12 14:17:00","LONG","8","TROW","T. ROWE PRICE","57.2400","8","2005-04-13 09:54:00","57.5300","n/a","","","","","1.95","13884773"
"2005-04-12 12:29:00","LONG","40","BWA","BORGWARNER","11.3030","40","2005-04-13 09:52:00","11.7750","n/a","","","","","18.95","13883788"
"2005-04-11 11:41:00","LONG","12","ALEX","ALEXANDER & BALDWIN","39.1700","12","2005-04-12 15:23:00","39.0100","n/a","","","","","-2.05","13869629"
"2005-04-11 14:05:00","LONG","16","MSM","MSC INDUSTRIAL DIRECT CO","27.6500","16","2005-04-12 15:22:00","27.8600","n/a","","","","","2.95","13871420"
"2005-04-11 11:07:00","LONG","24","BLL","BALL CORP","19.7900","24","2005-04-12 09:32:00","20.0000","n/a","","","","","4.95","13869279"
"2005-04-08 14:37:00","LONG","15","PETD","Petroleum Development Corporation","32.6800","15","2005-04-11 15:58:53","32.2300","n/a","","","","","-7.05","13840085"
"2005-04-08 14:48:00","LONG","9","LOW","LOWE'S COMPANIES","54.8700","9","2005-04-11 15:56:58","54.4400","n/a","","","","","-4.05","13840218"
"2005-04-07 10:55:00","LONG","8","EXPD","EXPEDITORS INTERNATIONAL","52.0300","8","2005-04-08 10:06:00","51.6200","n/a","","","","","-3.05","13820326"
"2005-04-07 14:19:00","LONG","15","SFNT","","27.5600","15","2005-04-08 09:43:00","27.7400","n/a","","","","","2.95","13823788"
"2005-04-07 11:08:00","LONG","18","EAGL","EAGLE CAPITAL SELECT EQUITY ETF","21.5000","18","2005-04-08 09:38:00","21.9000","n/a","","","","","6.95","13820538"
"2005-04-05 12:13:00","LONG","12","FDC","FIRST DATA CORP","38.0000","12","2005-04-06 12:06:10","37.9900","n/a","","","","","-0.05","13786076"
"2005-04-05 14:41:00","LONG","30","DGII","DIGI INTERNATIONAL","12.4500","30","2005-04-06 09:46:00","12.8000","n/a","","","","","10.95","13789522"
"2005-04-05 13:13:00","LONG","30","QSFT","Quest Software Inc.","12.6400","30","2005-04-06 09:39:00","12.5700","n/a","","","","","-2.05","13787180"
"2005-04-04 14:01:00","LONG","17","BDN","BRANDYWINE REALTY TRUST","27.2100","17","2005-04-05 09:51:00","27.6000","n/a","","","","","6.95","13770491"
"2005-04-04 12:49:00","LONG","17","CFB","CROSSFIRST BANKSHARES INC","26.0300","17","2005-04-05 09:34:00","26.4400","n/a","","","","","6.95","13769294"
"2005-04-04 12:06:00","LONG","10","MAN","MANPOWERGROUP","42.2500","10","2005-04-05 09:33:00","42.8100","n/a","","","","","5.95","13768647"
"2005-04-01 12:50:00","LONG","50","ARRY","ARRAY TECHNOLOGIES INC. COMMON STOCK","6.4000","50","2005-04-04 15:49:00","6.2900","n/a","","","","","-6.05","13729221"
"2005-04-01 11:11:00","LONG","10","CLI","MACK-CALI REALTY","41.3300","10","2005-04-04 15:43:00","41.5800","n/a","","","","","2.95","13727168"
"2005-04-01 14:20:00","LONG","15","IPCC","INFINITY PROPERTY","30.4000","15","2005-04-04 12:45:00","30.7200","n/a","","","","","4.95","13730441"
"2005-04-01 11:11:00","LONG","12","STJ","ST JUDE MEDICAL","34.9700","12","2005-04-04 09:44:00","35.2800","n/a","","","","","3.95","13727160"
"2005-03-31 12:06:00","LONG","14","ETH","GRAYSCALE ETHEREUM STAKING MINI ETF","32.2000","14","2005-04-01 15:31:26","31.7100","n/a","","","","","-7.05","13709135"
"2005-03-31 13:46:00","LONG","40","ALO","ALIO GOLD CORP","12.1200","40","2005-04-01 09:40:47","11.4400","n/a","","","","","-27.05","13711558"
"2005-03-31 12:04:49","LONG","25","DTSI","DTS","18.0800","25","2005-04-01 09:40:00","18.5000","n/a","","","","","10.95","13709101"
"2005-03-30 12:15:47","LONG","7.500000000","FRK","","57.6400","7.500000000","2005-03-31 09:48:00","58.7500","n/a","","","","","7.95","13693699"
"2005-03-30 14:07:00","LONG","10","MAN","MANPOWERGROUP","43.0500","10","2005-03-31 09:42:47","43.3600","n/a","","","","","2.95","13695421"
"2005-03-30 13:33:25","LONG","15","WCI","","29.0400","15","2005-03-31 09:38:00","29.9000","n/a","","","","","12.95","13694958"
"2005-03-30 12:18:00","LONG","10","CRL","CHARLES RIVER","45.4900","10","2005-03-31 09:37:00","46.6200","n/a","","","","","10.95","13693761"
"2005-03-29 12:03:29","LONG","20","SWFT","SWIFT TRANSPORTATION","22.8700","20","2005-03-30 10:35:30","22.4800","n/a","","","","","-8.05","13675366"
"2005-03-29 14:33:56","LONG","13","PRX","Par Pharmaceutical Companies Inc.","33.8000","13","2005-03-30 09:52:00","33.8800","n/a","","","","","0.95","13678112"
"2005-03-29 13:51:36","LONG","13","GHL","GREENHILL & CO","34.6000","13","2005-03-30 09:51:00","35.2500","n/a","","","","","7.95","13677208"
"2005-03-29 14:32:38","LONG","30","HXL","HEXCEL","15.0600","30","2005-03-30 09:50:00","15.3000","n/a","","","","","6.95","13678062"
"2005-03-28 14:22:00","LONG","30","PCR","SIMPLIFY VETTAFI PRIVATE CREDIT STRATEGY ETF","13.8500","30","2005-03-29 15:46:19","13.5500","n/a","","","","","-9.05","13659755"
"2005-03-28 14:29:30","LONG","334.200000000","DECK","DECKERS OUTDOOR CORP","1.2890","334.200000000","2005-03-29 10:38:00","1.3120","n/a","","","","","7.95","13659855"
"2005-03-28 14:25:00","LONG","70","UPCS","","6.2700","70","2005-03-29 10:09:00","6.4000","n/a","","","","","8.95","13659811"
"2005-03-23 13:48:59","LONG","16","NXL","NEXALIN TECHNOLOGY INC.","25.3200","16","2005-03-24 09:39:00","25.4300","n/a","","","","","1.95","13596750"
"2005-03-23 11:07:33","LONG","14","LPX","LOUISIANA-PACIFIC","25.2500","14","2005-03-24 09:35:00","25.7500","n/a","","","","","6.95","13593903"
"2005-03-22 15:11:00","LONG","10","DDR","DDR","40.4400","10","2005-03-23 15:32:36","39.4400","n/a","","","","","-10.05","13581600"
"2005-03-22 13:15:06","LONG","7","KCI","Kinetic Concepts Inc.","58.2300","7","2005-03-23 14:48:13","57.7400","n/a","","","","","-3.05","13579617"
"2005-03-22 14:47:52","LONG","10","CLI","MACK-CALI REALTY","43.1600","10","2005-03-23 11:12:00","43.2000","n/a","","","","","-0.05","13581181"
"2005-03-22 12:16:52","LONG","14","UVN","","27.2200","14","2005-03-23 10:19:04","27.2900","n/a","","","","","0.95","13578537"
"2005-03-22 14:49:00","LONG","8","SAFC","","47.0000","8","2005-03-23 09:34:51","47.1200","n/a","","","","","0.95","13581535"
"2005-03-21 12:22:25","LONG","1.700000000","BPOP","POPULAR","243.8000","1.700000000","2005-03-22 09:48:00","245.0000","n/a","","","","","1.97","13563326"
"2005-03-21 12:14:46","LONG","0.800000000","FMD","THE FIRST MARBLEHEAD","562.6000","0.800000000","2005-03-22 09:47:17","589.0000","n/a","","","","","20.98","13563198"
"2005-03-21 14:41:33","LONG","9","ORLY","O'REILLY AUTOMOTIVE","48.5700","9","2005-03-22 09:44:00","48.8400","n/a","","","","","1.95","13565733"
"2005-03-21 14:12:18","LONG","35","AV","","11.9800","35","2005-03-22 09:37:00","12.1300","n/a","","","","","4.95","13565275"
"2005-03-18 13:30:52","LONG","16","AJG","ARTHUR J. GALLAGHER","29.2500","16","2005-03-21 12:57:49","28.9200","n/a","","","","","-5.05","13526874"
"2005-03-18 13:08:00","LONG","8","MCY","MERCURY GENERAL","52.4100","8","2005-03-21 12:21:04","52.4900","n/a","","","","","0.95","13526491"
"2005-03-18 13:36:47","LONG","28","NDSN","NORDSON","17.8900","28","2005-03-21 09:55:00","18.4250","n/a","","","","","14.95","13526969"
"2005-03-17 10:48:00","LONG","12","NCC","","34.3500","12","2005-03-18 13:05:43","34.1500","n/a","","","","","-2.05","13508094"
"2005-03-17 13:38:24","LONG","1.500000000","BPOP","POPULAR","256.8000","1.500000000","2005-03-18 13:04:30","251.9000","n/a","","","","","-7.03","13510690"
"2005-03-17 12:37:13","LONG","18","ACXM","ACXIOM","21.4000","18","2005-03-18 10:45:41","21.2700","n/a","","","","","-2.05","13509603"
"2005-03-17 10:51:00","LONG","50","AW","","7.3400","50","2005-03-18 09:34:50","7.3600","n/a","","","","","0.95","13508172"
"2005-03-17 12:41:41","LONG","10","IMCL","","38.3800","10","2005-03-18 09:34:00","38.5000","n/a","","","","","0.95","13509696"
"2005-03-16 11:39:38","LONG","10","LYO","","30.1900","10","2005-03-17 10:41:06","29.9000","n/a","","","","","-3.05","13494664"
"2005-03-16 11:31:14","LONG","7.500000000","CHRW","CH ROBINSON WORLDWIDE","52.8200","7.500000000","2005-03-17 09:55:00","52.9000","n/a","","","","","0.95","13494554"
"2005-03-16 11:12:57","LONG","10","LH","LABORATORY CORPORATION","44.6900","10","2005-03-17 09:47:22","45.0000","n/a","","","","","2.95","13494296"
"2005-03-16 11:35:10","LONG","11","CBT","CABOT","34.3400","11","2005-03-17 09:37:25","34.5300","n/a","","","","","1.95","13494607"
"2005-03-15 13:55:00","LONG","7","XRAY","DENTSPLY SIRONA INC","53.1800","7","2005-03-16 10:34:09","53.0300","n/a","","","","","-1.05","13482229"
"2005-03-15 13:59:00","LONG","14","RHI","ROBERT HALF INC","27.5400","14","2005-03-16 10:19:04","27.5400","n/a","","","","","-0.05","13482266"
"2005-03-15 13:49:00","LONG","7","HB","","55.4400","7","2005-03-16 09:37:00","55.6800","n/a","","","","","1.95","13482152"
"2005-03-14 11:41:31","LONG","32","AV","","13.0000","32","2005-03-15 09:59:40","12.8700","n/a","","","","","-4.05","13463621"
"2005-03-14 13:27:00","LONG","7","LLY","ELI LILLY","53.8300","7","2005-03-15 09:48:55","53.8100","n/a","","","","","-0.05","13465395"
"2005-03-14 14:13:00","LONG","12","FRX","FOREST ROAD ACQUISITION CORP","38.5500","12","2005-03-15 09:48:08","39.4000","n/a","","","","","9.95","13466109"
"2005-03-14 14:09:00","LONG","7","DOW","DOW INC","53.3400","7","2005-03-15 09:34:47","54.0000","n/a","","","","","4.95","13465992"
"2005-03-14 14:11:00","LONG","10","EBAY","EBAY","36.4500","10","2005-03-15 09:33:29","37.1100","n/a","","","","","6.95","13466037"
"2005-03-11 12:29:21","LONG","12","JNC","","37.0000","12","2005-03-14 09:50:27","37.6000","n/a","","","","","6.95","13429623"
"2005-03-11 11:44:00","LONG","24","FRX","FOREST ROAD ACQUISITION CORP","39.6100","24","2005-03-14 09:41:23","39.5400","n/a","","","","","-2.08","13428861"
"2005-03-11 12:37:32","LONG","14","IGT","INTERNATIONAL GAME TECH","28.4500","14","2005-03-14 09:39:15","28.4600","n/a","","","","","-0.05","13429737"
"2005-03-11 11:19:43","LONG","12","BMET","","39.5200","12","2005-03-14 09:36:09","39.5300","n/a","","","","","-0.05","13428447"
"2005-03-10 11:22:11","LONG","10","BHI","BAKER HUGHES","44.0900","10","2005-03-11 09:47:00","44.6300","n/a","","","","","4.95","13413534"
"2005-03-10 10:56:00","LONG","7","CVX","CHEVRON","58.2700","7","2005-03-11 09:37:00","58.5400","n/a","","","","","1.95","13413040"
"2005-03-10 15:09:24","LONG","9","DNA","GINKGO BIOWORKS HOLDINGS INC","44.2200","9","2005-03-11 09:35:00","44.5000","n/a","","","","","2.95","13417255"
"2005-03-10 11:20:50","LONG","0.700000000","FMD","THE FIRST MARBLEHEAD","616.0000","0.700000000","2005-03-10 15:04:43","648.0000","n/a","","","","","21.99","13413510"
"2005-03-09 14:53:30","LONG","30","ROIAK","RADIO ONE","13.3200","30","2005-03-10 09:41:26","13.2300","n/a","","","","","-3.05","13401882"
"2005-03-09 13:45:50","LONG","8","CEPH","Cephalon Inc.","46.7500","8","2005-03-10 09:37:16","47.3400","n/a","","","","","4.95","13400643"
"2005-03-09 13:23:32","LONG","142.800000000","AAPL","APPLE","5.5455","142.800000000","2005-03-10 09:36:31","5.6250","n/a","","","","","10.93","13400290"
"2005-03-09 15:11:27","LONG","8","LH","LABORATORY CORPORATION","45.9600","8","2005-03-10 09:35:46","46.2600","n/a","","","","","1.95","13402214"
"2005-03-09 14:55:48","LONG","16","ATRS","ANTARES PHARMA","25.1600","16","2005-03-10 09:34:34","25.4700","n/a","","","","","4.95","13401933"
"2005-03-08 12:24:32","LONG","5","ZMH","ZIMMER HOLDINGS","82.9500","5","2005-03-09 09:51:00","82.0100","n/a","","","","","-5.10","13384990"
"2005-03-08 11:14:54","LONG","50","MLNM","","7.9000","50","2005-03-09 09:46:04","8.0800","n/a","","","","","8.95","13384019"
"2005-03-08 13:51:58","LONG","8","SYK","STRYKER","48.4500","8","2005-03-09 09:45:00","48.5700","n/a","","","","","0.95","13386082"
"2005-03-04 14:04:43","LONG","22","SGP","SPYGLASS PHARMA INC.","18.5000","22","2005-03-07 09:41:04","18.6000","n/a","","","","","1.95","13333473"
"2005-03-04 13:03:12","LONG","12","MRX","MAREX GROUP PLC","32.7900","12","2005-03-07 09:39:59","33.3100","n/a","","","","","5.95","13332588"
"2005-03-03 11:40:46","LONG","14","EV","MAST GLOBAL BATTERY RECYCLING & PRODUCTION ETF","24.7500","14","2005-03-04 09:48:01","24.9500","n/a","","","","","2.95","13318360"
"2005-03-03 13:58:58","LONG","20","ICST","","18.7200","20","2005-03-04 09:36:31","19.2900","n/a","","","","","10.95","13319990"
"2005-03-03 14:00:02","LONG","18","CYTC","","22.3000","18","2005-03-04 09:34:18","22.7600","n/a","","","","","7.95","13320017"
"2005-03-01 15:05:15","LONG","40","FNLY","","11.1400","40","2005-03-03 11:39:26","12.2300","n/a","","","","","43.95","13297495"
"2005-03-01 11:41:56","LONG","20","AMLN","Amylin Pharmaceuticals, Inc.","20.3600","20","2005-03-02 10:34:19","20.4300","n/a","","","","","0.95","13294802"
"2005-02-28 13:26:48","LONG","18","ICOS","","22.2100","18","2005-03-01 09:41:02","22.3500","n/a","","","","","2.95","13283490"
"2005-02-28 13:01:42","LONG","70","SANM","SANMINA","5.4800","70","2005-03-01 09:37:18","5.5200","n/a","","","","","2.95","13283218"
"2005-02-28 14:35:36","LONG","6","NTLI","","64.2800","6","2005-03-01 09:36:17","65.1000","n/a","","","","","4.95","13284471"
"2005-02-24 12:21:01","LONG","16","IBOC","INTERNATIONAL BANCSHARES","36.6450","16","2005-02-28 10:02:13","36.5200","n/a","","","","","-2.10","13255060"
"2005-02-24 12:25:18","LONG","14","FULT","FULTON FINANCIAL","21.2100","14","2005-02-25 12:41:00","21.4200","n/a","","","","","2.95","13255160"
"2005-02-24 12:24:14","LONG","6","ISCA","INTERNATIONAL SPEEDWAY","53.3900","6","2005-02-25 10:55:00","53.4200","n/a","","","","","-0.05","13255119"
"2005-02-18 14:08:34","LONG","4.410000000","FITB","FIFTH THIRD BANCORP","45.8000","4.410000000","2005-02-25 10:11:14","45.2300","n/a","","","","","-3.09","13212898"
"2005-02-24 12:24:38","LONG","10","MIK","THE MICHAELS COMPANIES INC. C","31.3600","10","2005-02-25 10:04:28","31.8400","n/a","","","","","4.95","13255137"
"2005-02-23 11:38:30","LONG","28","CAG","CONAGRA BRANDS INC","26.6200","28","2005-02-24 10:46:31","26.9600","n/a","","","","","9.93","13244739"
"2005-02-23 13:15:45","LONG","10","LAMR","LAMAR ADVERTISING COMPANY CLAS","37.9600","10","2005-02-24 09:46:15","39.4600","n/a","","","","","14.95","13245960"
"2005-02-18 14:09:35","LONG","5.330000000","BBBY","BED BATH & BEYOND INC","37.6900","5.330000000","2005-02-23 13:16:12","37.3400","n/a","","","","","-2.05","13212910"
"2005-02-22 11:46:06","LONG","16","PSD","","23.1100","16","2005-02-23 12:34:16","22.9500","n/a","","","","","-3.05","13233888"
"2005-02-18 11:02:36","LONG","4.450000000","BAC","BANK OF AMERICA CORPORATION","45.9300","4.450000000","2005-02-23 09:50:27","45.5400","n/a","","","","","-2.09","13210584"
"2005-02-18 10:48:36","LONG","8.040000000","HCP","HASHICORP INC.","25.2100","8.040000000","2005-02-23 09:35:01","25.3600","n/a","","","","","0.95","13210333"
"2005-02-18 11:10:12","LONG","0.200000000","DRL","DORAL FINANCIAL","847.8000","0.200000000","2005-02-22 10:07:17","807.8000","n/a","","","","","-8.00","13210683"
"2005-02-18 11:36:55","LONG","3.440000000","FNM","Federal National Mortgage Association","58.5800","3.440000000","2005-02-22 10:06:00","58.7000","n/a","","","","","-0.07","13211026"
"2005-02-17 13:55:14","LONG","138.400000000","NFLX","NETFLIX","1.4800","138.400000000","2005-02-18 10:06:00","1.4940","n/a","","","","","1.95","13202872"
"2005-02-17 13:49:12","LONG","22.800000000","DLTR","DOLLAR TREE STORES","8.7370","22.800000000","2005-02-18 09:50:46","8.6830","n/a","","","","","-1.05","13202771"
"2005-02-17 14:18:51","LONG","7.450000000","TCB","TCF FINANCIAL","27.3500","7.450000000","2005-02-18 09:50:00","27.0000","n/a","","","","","-3.05","13203317"
"2005-02-17 14:17:33","LONG","13.280000000","DCN","","15.4400","13.280000000","2005-02-18 09:46:00","15.5500","n/a","","","","","0.95","13203286"
"2005-02-17 13:52:39","LONG","7.470000000","IRM","IRON MOUNTAIN INC REIT","27.4500","7.470000000","2005-02-18 09:43:00","27.4500","n/a","","","","","-0.05","13202841"
